OID_;UIDENTSTLAE;ULAND;UREGBEZ;UKREIS;UGEMEINDE;UJAHR;UMONAT;USTUNDE;UWOCHENTAG;UKATEGORIE;UART;UTYP1;ULICHTVERH;IstStrassenzustand;IstRad;IstPKW;IstFuss;IstKrad;IstGkfz;IstSonstige;LINREFX;LINREFY;XGCSWGS84;YGCSWGS84;PLST
84351;08230321121500879360;08;1;25;096;2023;03;10;3;3;2;6;0;0;1;0;0;0;1;0;514712,095999999903142;5450788,773000000044703;9,201992320000045;49,209714196000050;1
84361;08230321111500921780;08;1;11;000;2023;03;12;3;2;6;4;0;0;0;1;1;0;0;0;512934,804800000041723;5406472,751000000163913;9,176178610000022;48,811106973000051;1
84372;08230320327200863910;08;3;27;049;2023;03;09;2;3;5;7;0;0;1;1;0;0;0;0;473715,354899999685585;5324819,592700000852346;8,647118096000042;48,076107994000040;1
84384;08230320221300865950;08;2;21;000;2023;03;16;2;3;3;2;0;0;1;0;0;0;0;1;477681,529799999669194;5473510,004399999976158;8,692305620000070;49,413861819000033;1
84389;08230320212702880640;08;2;15;017;2023;03;10;2;3;0;2;0;0;1;1;0;0;0;0;457263,329900000244379;5420877,105699999257922;8,416413884000065;48,939344151000057;1
84414;08230319212302910330;08;2;12;000;2023;03;19;1;3;5;2;2;0;1;1;0;0;0;0;455179,242999999783933;5428434,866000000387430;8,387123714000040;49,007179801000063;1
84420;08230319126100893160;08;1;26;046;2023;03;15;1;2;6;4;0;0;0;1;1;0;0;0;550223,809100000187755;5458544,318199999630451;9,690504690000068;49,277590539000073;1
84423;08230319119010860350;08;1;19;067;2023;03;13;1;2;4;2;0;0;1;1;0;0;0;0;538659,205400000326335;5404236,083599999547005;9,526337130000059;48,789918971000077;1
84431;08230318437100871180;08;4;37;100;2023;03;12;7;3;5;3;0;0;1;1;0;0;0;0;537229,877500000409782;5317630,533999999985099;9,499195771000075;48,010884434000047;1
84435;08230318436400859520;08;4;36;009;2023;03;13;7;2;0;1;0;0;1;0;0;0;0;0;556536,533300000242889;5308311,683100000023842;9,756823204000057;47,925631351000050;1
84437;08230318435200858170;08;4;35;052;2023;03;15;7;3;0;1;0;0;1;0;0;0;0;0;522151,462600000202656;5291528,593000000342727;9,295681035000030;47,776739806000080;1
84445;08230318336300873700;08;3;36;081;2023;03;14;7;3;8;1;0;0;1;0;0;0;0;0;410703,431200000457466;5281451,035099999979138;7,810247501000049;47,680278227000031;1
84446;08230318327100858050;08;3;27;018;2023;03;15;7;2;0;1;0;0;1;0;0;0;0;0;471754,678799999877810;5310306,826300000771880;8,621751846000052;47,945453167000039;1
84448;08230328226400890450;08;2;26;084;2023;03;07;3;3;3;2;0;0;1;1;0;0;0;0;466966,424999999813735;5471532,328999999910593;8,544750057000044;49,395585794000056;1
84454;08230318235200888530;08;2;35;020;2023;03;16;7;3;8;1;0;0;1;0;0;0;0;0;478406,756799999624491;5383271,664499999955297;8,707104096000023;48,602150397000059;1
84457;08230318235100871050;08;2;35;029;2023;03;14;7;2;8;1;0;0;1;0;0;0;0;0;486165,312599999830127;5393006,989399999380112;8,812017025000046;48,689950148000037;1
84463;08230318212010913530;08;2;12;000;2023;03;19;7;3;5;3;2;0;1;1;0;0;0;0;453031,361999999731779;5428872,100600000470877;8,357705021000072;49,010953011000026;1
84467;08230318127100887810;08;1;27;062;2023;03;21;7;2;0;7;2;0;1;0;0;0;0;0;550326,639800000004470;5427315,060000000521541;9,688019245000021;48,996682752000027;1
84475;08230329231102912080;08;2;36;075;2023;03;21;4;2;8;1;2;0;1;0;0;0;0;0;481348,510999999940395;5426561,924000000581145;8,745040376000077;48,991677496000079;1
84478;08230318118010885470;08;1;15;003;2023;03;19;7;3;6;4;2;0;0;1;1;0;0;0;500112,664200000464916;5392193,563400000333786;9,001530641000045;48,682785830000057;1
84479;08230321311010864920;08;3;11;000;2023;03;09;3;3;0;1;0;0;1;0;0;0;0;0;413142,450699999928474;5315457,867100000381470;7,835914437000042;47,986522434000051;1
84483;08230318111130246890;08;1;11;000;2023;03;15;7;3;5;2;0;0;1;1;0;0;0;0;512211,349899999797344;5396614,659399999305606;9,166032219000044;48,722438768000075;1
84489;08230323311100899900;08;3;15;132;2023;03;08;5;3;2;6;0;0;1;1;0;0;0;0;410861,566700000315905;5324962,549699999392033;7,803374471000041;48,071704943000043;1
84510;08230317136300854830;08;1;36;034;2023;03;10;6;2;0;1;0;0;1;0;0;0;0;0;563135,691300000064075;5409399,636299999430776;9,860342204000062;48,834361306000062;1
84513;08230318317600859100;08;3;17;129;2023;03;12;7;3;3;6;0;0;1;1;0;0;0;0;426730,993200000375509;5345145,886700000613928;8,012897291000058;48,255287062000036;1
84520;08230317119300888150;08;1;19;067;2023;03;13;6;3;5;3;0;0;1;1;0;0;0;0;536566,821100000292063;5409730,151900000870228;9,498340524000071;48,839467790000072;1
84521;08230317119300856660;08;1;19;067;2023;03;16;6;2;0;7;0;0;1;0;0;0;0;0;536615,276600000448525;5401901,849099999293685;9,498302697000042;48,769044791000056;1
84528;08230317116500857070;08;1;16;049;2023;03;15;6;3;9;1;0;0;1;0;0;0;0;0;525966,255900000222027;5387304,890000000596046;9,352463942000043;48,638267329000030;1
84534;08230316435100849500;08;4;35;029;2023;03;01;5;2;7;7;2;0;1;0;0;0;0;0;545790,753600000403821;5270302,718800000846386;9,608981546000052;47,584520274000056;1
84538;08230316417300866890;08;4;17;031;2023;03;16;5;3;6;4;0;0;0;1;1;0;0;0;497141,535000000149012;5356554,355000000447035;8,961409601000071;48,362156012000071;1
84541;08230316335100867430;08;3;35;043;2023;03;08;5;3;5;3;0;0;1;1;0;0;0;0;511969,174399999901652;5280957,370600000023842;9,159476478000045;47,681894052000075;1
84545;08230316311400877490;08;3;15;074;2023;03;06;5;3;5;3;0;0;1;1;0;0;0;0;396789,226400000043213;5298271,407600000500679;7,620918938000045;47,829505286000028;1
84547;08230316311010899430;08;3;11;000;2023;03;15;5;3;0;7;0;0;1;1;0;0;0;0;414692,296699999831617;5318832,787599999457598;7,856010406000053;48,017089762000069;1
84557;08230316136300879520;08;1;36;065;2023;03;13;5;2;6;7;0;0;0;1;1;0;0;0;559078,932500000111759;5406056,611400000751019;9,804585696000061;48,804690028000039;1
84567;08230316118200850340;08;1;18;019;2023;03;06;5;3;5;3;0;0;1;1;0;0;0;0;504634,555300000123680;5405025,845499999821186;9,063108799000076;48,798208076000037;1
84571;08230316116500881940;08;1;16;049;2023;03;14;5;3;0;6;0;0;1;0;0;0;0;0;523227,059999999590218;5382894,186200000345707;9,315035930000022;48,598696066000059;1
84573;08230316115200910970;08;1;15;021;2023;03;13;5;3;5;3;0;0;1;1;0;0;0;0;489755,509800000116229;5382653,392500000074506;8,861055812000075;48,596876913000074;1
84578;08230315435200850100;08;4;35;015;2023;03;12;4;2;6;4;0;0;0;1;1;0;0;0;520250,440499999560416;5296020,676599999889731;9,270515924000051;47,817219470000055;1
84580;08230315435100877060;08;4;35;016;2023;03;15;4;3;0;2;0;0;1;1;0;0;0;0;532658,588499999605119;5280512,545299999415874;9,435101963000022;47,677177522000079;1
84582;08230315435100862450;08;4;35;016;2023;03;07;4;3;3;6;0;0;1;1;0;0;0;0;536931,236999999731779;5278843,140499999746680;9,491882164000060;47,661927293000076;1
84587;08230315335300896270;08;3;35;075;2023;03;18;4;3;3;6;2;0;1;1;0;0;0;0;490708,798700000159442;5294935,273700000718236;8,875906001000033;47,807705230000067;1
84596;08230315311010848710;08;3;15;047;2023;03;19;4;3;5;3;2;0;1;1;0;0;0;0;415346,236999999731779;5321036,720599999651313;7,864342561000058;48,037001951000036;1
84604;08230315222014873760;08;2;22;000;2023;03;14;4;2;4;6;0;0;1;1;0;0;0;0;463074,950899999588728;5486313,778999999165535;8,489743390000058;49,528314506000072;1
84617;08230315121400909820;08;1;25;013;2023;03;16;4;3;3;7;0;0;1;0;0;0;0;1;504441,182000000029802;5436363,327999999746680;9,060817162000035;49,080112295000049;1
84620;08230315118300861290;08;1;18;003;2023;03;15;4;3;0;1;0;1;1;0;0;0;0;0;509468,006000000052154;5416481,929999999701977;9,129190686000072;48,901210233000029;1
84627;08230315117100884520;08;1;17;042;2023;03;19;4;3;6;4;2;0;0;1;1;0;0;0;554415,967699999921024;5393476,166099999099970;9,739425067000070;48,691951407000033;1
84632;08230314435100864170;08;4;35;035;2023;03;13;3;3;4;6;0;1;1;1;0;0;0;0;541736,867399999871850;5281449,292300000786781;9,556133862000024;47,685083323000072;1
84637;08230314311010874490;08;3;11;000;2023;03;13;3;2;4;6;0;1;1;1;0;0;0;0;414998,049100000411272;5315997,875000000000000;7,860671539000066;47,991629347000071;1
84641;08230314222600851040;08;2;22;000;2023;03;19;3;3;2;6;2;0;1;0;0;0;0;1;464070,532300000078976;5480695,178700000047684;8,504011589000072;49,477837904000069;1
84642;08230314221011860370;08;2;21;000;2023;03;07;3;3;3;6;1;0;1;1;0;0;0;0;477461,177000000141561;5474327,648800000548363;8,689221329000077;49,421208269000033;1
84645;08230314212010847480;08;2;12;000;2023;03;08;3;3;5;2;0;0;1;1;0;0;0;0;460140,941499999724329;5427836,420199999585748;8,455025007000074;49,002137072000039;1
84651;08230314127100862620;08;1;27;043;2023;03;13;3;2;6;7;0;1;0;1;1;0;0;0;568277,046799999661744;5444900,086799999698997;9,936359206000077;49,153123601000061;1
84663;08230313436200846090;08;4;36;064;2023;03;16;2;2;0;1;0;0;1;0;0;0;0;0;543436,559999999590218;5287849,251000000163913;9,579418674000067;47,742552890000070;1
84664;08230313435200842230;08;4;35;036;2023;03;15;2;3;0;7;0;0;1;0;0;0;0;1;520126,408499999903142;5282409,769400000572205;9,268228933000046;47,694759598000076;1
84668;08230318316100882830;08;3;16;049;2023;03;19;7;2;0;1;1;0;1;0;0;0;0;0;403476,883000000379980;5341353,778999999165535;7,700548538000021;48,218063293000057;1
84671;08230313317600869910;08;3;17;088;2023;03;19;2;3;6;4;2;1;0;1;1;0;0;0;435086,635599999688566;5358173,740100000053644;8,123447340000041;48,373392127000045;1
84674;08230313235100903880;08;2;35;085;2023;03;19;2;2;5;3;2;1;1;1;0;0;0;0;480336,696000000461936;5398180,757999999448657;8,732573155000068;48,736336763000054;1
84679;08230313222014847030;08;2;22;000;2023;03;17;2;3;3;2;0;1;1;1;0;0;0;0;462040,351599999703467;5481735,451600000262260;8,475887296000053;49,487071064000077;1
84683;08230313215402857550;08;2;15;009;2023;03;17;2;3;5;2;0;0;1;1;0;0;0;0;470694,926199999637902;5441643,708799999207258;8,598320716000046;49,126929009000037;1
84697;08230313118400872570;08;1;18;048;2023;03;20;2;3;5;2;2;1;1;1;0;0;0;0;515293,010999999940395;5415172,818299999460578;9,208623267000064;48,889317403000064;1
84702;08230313118000870640;08;1;18;046;2023;03;14;2;2;6;4;0;0;0;1;1;0;0;0;513145,832999999634922;5412120,084000000730157;9,179234054000062;48,861904986000070;1
84708;08230313111500920990;08;1;11;000;2023;03;16;2;3;5;3;0;0;1;1;0;0;0;0;509463,672500000335276;5402924,034399999305606;9,128818412000044;48,779245582000044;1
84714;08230312335300871650;08;3;35;022;2023;03;12;1;3;5;3;0;0;1;1;0;0;0;0;482688,316700000315905;5299941,441899999976158;8,768584367000074;47,852581855000039;1
84716;08230312317500841570;08;3;17;034;2023;03;15;1;3;0;7;0;0;1;0;0;0;0;0;428524,036000000312924;5360019,301999999210238;8,034528335000061;48,389284265000072;1
84726;08230312125102850910;08;1;26;069;2023;03;09;1;1;2;6;0;1;1;1;0;0;0;0;536663,034099999815226;5448280,882600000128150;9,503134177000049;49,186235637000038;1
84742;08230311421200837990;08;4;21;000;2023;03;08;7;3;5;3;0;0;1;1;0;0;0;0;574245,735199999995530;5362345,591499999165535;10,003290324000034;48,409889646000067;1
84749;08230311311010854700;08;3;11;000;2023;03;12;7;3;5;3;0;0;1;1;0;0;0;0;411628,591599999926984;5319282,046499999240041;7,814841960000024;48,020714523000038;1
84760;08230311121300865200;08;1;21;000;2023;03;10;7;3;2;6;0;0;1;1;0;0;0;0;513459,037399999797344;5443704,232300000265241;9,184551239000029;49,146015494000039;1
84774;08230316426010853750;08;4;21;000;2023;03;16;5;3;0;1;0;0;1;0;0;0;0;0;572508,084999999962747;5361446,970000000670552;9,979657622000047;48,402008668000065;1
84779;08230310317300866050;08;3;17;065;2023;03;09;6;3;5;2;0;1;1;0;0;0;1;0;413578,973100000061095;5355038,005000000819564;7,833719138000049;48,342607873000077;1
84789;08230310222400835900;08;2;26;028;2023;03;06;6;3;5;3;2;0;1;1;0;0;0;0;471314,167799999937415;5483995,032800000160933;8,603764016000071;49,507904397000061;1
84790;08230312121200840890;08;1;21;000;2023;03;13;1;3;5;3;0;0;1;1;0;0;0;0;513856,940999999642372;5440792,963999999687076;9,189907230000074;49,119818741000074;1
84794;08230310216100848670;08;2;16;043;2023;03;11;6;3;5;2;0;1;1;1;0;0;0;0;440688,960400000214577;5412691,139200000092387;8,191293569000038;48,864345366000066;1
84802;08230310121200865160;08;1;21;000;2023;03;17;6;3;0;7;0;1;1;0;0;0;0;0;516770,380900000222027;5445617,461699999868870;9,230035939000061;49,163144072000080;1
84803;08230310119200859940;08;1;19;093;2023;03;06;6;3;5;3;1;0;1;1;0;0;0;0;523598,178299999795854;5406215,570699999108911;9,321402536000051;48,808479970000064;1
84810;08230310116500834810;08;1;16;071;2023;03;06;6;3;5;3;1;1;1;1;0;0;0;0;527340,133000000379980;5391261,687999999150634;9,371373802000051;48,673803978000080;1
84811;08230310116200864890;08;1;16;077;2023;03;16;6;2;6;4;0;1;0;1;1;0;0;0;517140,423000000417233;5388828,471000000834465;9,232727123000075;48,652277908000030;1
84818;08230309435100834920;08;4;35;016;2023;03;11;5;3;4;2;0;1;1;1;0;0;0;0;535098,031700000166893;5277771,284199999645352;9,467380738000031;47,652385417000062;1
84824;08230309337100862380;08;3;37;066;2023;03;19;5;3;5;2;2;0;1;1;0;0;0;0;431234,702300000004470;5268673,649100000038743;8,085763402000055;47,567835083000034;1
84831;08230309316100857430;08;3;16;043;2023;03;06;5;3;5;3;0;0;1;1;0;0;0;0;411555,367600000463426;5331178,155999999493361;7,811397936000049;48,127711512000076;1
84833;08230309311010833420;08;3;11;000;2023;03;13;5;2;6;4;0;0;0;0;1;0;0;1;413101,099499999545515;5317537,690700000151992;7,834939202000044;48,005225521000057;1
84836;08230309222014859890;08;2;22;000;2023;03;08;5;3;5;3;0;1;1;1;0;0;0;0;462405,707600000314415;5485633,109400000423193;8,480560572000059;49,522151124000061;1
84844;08230309136300858160;08;1;36;028;2023;03;08;5;3;5;3;0;0;1;1;0;0;0;0;568658,137000000104308;5404378,948999999091029;9,934745902000031;48,788615558000060;1
84848;08230309118500848880;08;1;18;021;2023;03;15;5;3;5;3;0;0;0;1;1;0;0;0;519218,890499999746680;5429965,049900000914931;9,262876827000071;49,022272952000037;1
84854;08230321212702904820;08;2;15;110;2023;03;16;3;3;5;3;0;0;1;0;0;0;0;1;462072,374200000427663;5419452,744000000879169;8,482212820000029;48,926845061000051;1
84855;08230309311010858280;08;3;15;056;2023;03;16;5;2;6;4;0;0;0;1;1;0;0;0;414679,678399999625981;5310128,979599999263883;7,857570014000032;47,938793595000050;1
84863;08230308426100832690;08;4;26;021;2023;03;14;4;3;5;3;0;0;1;1;0;0;0;0;557252,182199999690056;5327539,228199999779463;9,768969854000034;48,098545733000037;1
84865;08230308426010833360;08;4;21;000;2023;03;18;4;2;4;6;2;1;1;0;0;0;0;0;573416,401100000366569;5362612,743000000715256;9,992131956000037;48,412389889000053;1
84868;08230308311100832650;08;3;15;059;2023;03;08;4;3;5;3;0;0;1;1;0;0;0;0;399197,688000000081956;5321966,513000000268221;7,647543186000064;48,043019761000039;1
84874;08230308231000847590;08;2;31;000;2023;03;16;4;3;4;1;0;1;1;1;0;0;0;0;475777,479199999943376;5415015,716800000518560;8,669573729000035;48,887619468000025;1
84877;08230308226500875150;08;2;26;085;2023;03;17;4;3;6;4;0;1;0;1;1;0;0;0;491179,854199999943376;5455567,312000000849366;8,878796887000021;49,252811409000060;1
84881;08230308221011852850;08;2;21;000;2023;03;18;4;2;6;4;2;1;0;1;1;0;0;0;482567,890999999828637;5473722,461500000208616;8,759661570000048;49,415932478000059;1
84886;08230317121300867270;08;1;21;000;2023;03;16;6;3;0;7;0;0;1;0;0;0;0;0;514636,932099999859929;5444366,691700000315905;9,200726583000062;49,151947589000031;1
84900;08230308127202841360;08;1;27;014;2023;03;20;4;3;6;2;2;1;0;1;1;0;0;0;575437,403900000266731;5443671,423499999567866;10,034311106000075;49,141235133000066;1
84910;08230310211100845090;08;2;11;000;2023;03;19;6;3;6;2;2;1;0;1;1;0;0;0;442488,799399999901652;5403095,440999999642372;8,217177365000055;48,778201039000066;1
84930;08230307311010835550;08;3;15;109;2023;03;01;3;3;0;1;2;0;1;0;0;0;0;0;427187,391300000250340;5318318,362999999895692;8,023631583000054;48,014008362000027;1
84931;08230307311010831900;08;3;11;000;2023;03;13;3;2;3;3;0;0;1;0;0;0;1;0;412042,799999999813735;5315276,519300000742078;7,821217015000059;47,984740871000042;1
84934;08230307212702843170;08;2;15;096;2023;03;07;3;3;0;4;0;0;0;1;1;0;0;0;461403,721499999985099;5415819,303999999538064;8,473428369000032;48,894119561000082;1
84936;08230307212402842560;08;2;12;000;2023;03;17;3;3;5;3;0;0;1;1;0;0;0;0;456205,391599999740720;5426688,052600000053644;8,401342744000033;48,991540669000074;1
84938;08230307211000850710;08;2;16;024;2023;03;06;3;1;6;4;2;0;0;1;1;0;0;0;445896,176199999637902;5408620,338999999687076;8,262825241000030;48,828204160000041;1
84941;08230307135200828340;08;1;35;019;2023;03;01;3;2;0;7;2;0;1;0;0;0;0;0;585189,794700000435114;5392966,201700000092387;10,157413543000075;48,683922358000075;1
84944;08230307127100854480;08;1;27;100;2023;03;07;3;3;6;4;0;0;0;0;1;0;0;1;552977,594899999909103;5435300,660299999639392;9,725301174000037;49,068290198000057;1
84948;08230307121200832400;08;1;21;000;2023;03;12;3;3;5;3;0;0;1;1;0;0;0;0;515547,334499999880791;5444199,627299999818206;9,213205037000023;49,150422414000047;1
84958;08230307111130921140;08;1;11;000;2023;03;11;3;3;6;4;0;0;0;1;1;0;0;0;509602,218700000084937;5402928,948200000450015;9,130704397000045;48,779287663000048;1
84963;08230306416200880340;08;4;16;026;2023;03;07;2;3;5;3;0;0;1;1;0;0;0;0;504936,627999999560416;5363561,134999999776483;9,066728775000058;48,425180111000032;1
84965;08230306335300828920;08;3;35;100;2023;03;14;2;3;0;1;0;0;1;0;0;0;0;0;488699,012099999934435;5286922,101700000464916;8,849271704000046;47,735574434000057;1
84970;08230306311010840770;08;3;11;000;2023;03;13;2;3;5;3;0;0;1;1;0;0;0;0;414434,021999999880791;5316723,380000000819564;7,852968483000041;47,998080323000067;1
84977;08230306225200847990;08;2;25;001;2023;03;06;2;3;3;2;0;0;1;1;0;0;0;0;528324,036000000312924;5473783,314999999478459;9,390508020000027;49,416070232000038;1
84980;08230306216100828050;08;2;16;009;2023;03;19;2;3;8;1;2;0;1;0;0;0;0;0;446778,904799999669194;5420519,095100000500679;8,273302531000070;48,935310688000072;1
84993;08230306111500920890;08;1;11;000;2023;03;15;2;2;6;4;0;0;0;1;1;0;0;0;512619,234400000423193;5402114,230000000447035;9,171746527000039;48,771904630000051;1
84995;08230306111240828680;08;1;11;000;2023;03;14;2;3;5;3;0;0;1;1;0;0;0;0;518375,276800000108778;5403114,805800000205636;9,250129749000052;48,780762331000062;1
85000;08230320435100864230;08;4;35;016;2023;03;14;2;3;5;3;0;0;1;0;0;0;0;0;530097,308199999853969;5282124,365399999544024;9,401090741000075;47,691804134000051;1
85007;08230305221011844400;08;2;26;018;2023;03;22;1;1;6;4;2;0;0;0;1;0;0;1;473525,803100000135601;5472454,063100000843406;8,635084081000059;49,404197202000034;1
85010;08230305212010848980;08;2;15;059;2023;03;07;1;3;0;6;0;0;1;1;0;0;0;0;483899,634399999864399;5437109,759500000625849;8,779494049000050;49,086632221000059;1
85015;08230304435100826340;08;4;35;016;2023;03;18;7;3;0;1;1;0;1;0;0;0;0;0;536148,168899999931455;5278479,125299999490380;9,481422859000077;47,658696338000027;1
85018;08230304426010845310;08;4;26;035;2023;03;15;7;3;5;3;0;0;1;1;0;0;0;0;539228,347000000067055;5332019,695000000298023;9,527312167000048;48,140219662000050;1
85022;08230304335100842020;08;3;35;043;2023;03;10;7;3;0;7;0;0;1;0;0;0;0;0;513113,315600000321865;5280492,107499999925494;9,174706893000064;47,677685578000080;1
85039;08230304117200833660;08;1;17;033;2023;03;10;7;3;5;3;0;0;1;1;0;0;0;0;558514,934100000187755;5387578,802899999544024;9,794283892000067;48,638532081000051;1
85042;08230304115200826950;08;1;15;016;2023;03;18;7;3;6;4;2;0;0;1;1;0;0;0;487125,032100000418723;5377738,308900000527501;8,825531474000059;48,552611061000050;1
85051;08230303311010825590;08;3;15;109;2023;03;13;6;3;1;7;0;0;1;1;0;0;0;0;422648,491399999707937;5314733,597799999639392;7,963424204000034;47,981227472000057;1
85052;08230303311010825070;08;3;11;000;2023;03;20;6;2;2;6;2;0;1;1;0;0;0;0;414631,404199999757111;5318649,091700000688434;7,855230580000068;48,015429217000076;1
85055;08230303231000837460;08;2;31;000;2023;03;06;6;3;5;3;1;0;1;1;0;0;0;0;481018,365000000223517;5414829,949999999254942;8,741073897000035;48,886131053000042;1
85060;08230303225100831070;08;2;25;115;2023;03;13;6;2;6;4;0;0;0;1;1;0;0;0;521261,615299999713898;5474092,517500000074506;9,293155424000076;49,419139287000064;1
85061;08230303222800825970;08;2;22;000;2023;03;17;6;3;0;7;0;0;1;0;0;0;0;0;460219,127700000070035;5488697,708599999547005;8,450040858000023;49,549575670000081;1
85070;08230316311010867560;08;3;36;091;2023;03;18;5;3;5;3;0;0;1;1;0;0;0;0;395862,448300000280142;5275216,350800000131130;7,614052424000022;47,621976265000058;1
85078;08230303119400842730;08;1;19;091;2023;03;08;6;3;0;3;0;0;1;1;0;0;0;0;527442,698900000192225;5406873,035399999469519;9,373807030000023;48,814236456000060;1
85080;08230303119200824730;08;1;19;093;2023;03;14;6;3;2;6;0;0;1;0;0;0;0;1;523148,954099999740720;5406192,706399999558926;9,315283000000022;48,808291184000041;1
85090;08230303111500888250;08;1;11;000;2023;03;08;6;3;4;6;0;0;1;0;0;0;0;0;513949,355999999679625;5403685,763000000268221;9,189902572000051;48,786013608000076;1
85099;08230302421300832320;08;4;25;039;2023;03;16;5;3;6;4;0;0;0;1;1;0;0;0;566381,845999999903142;5353192,494999999180436;9,895594091000021;48,328430385000047;1
85101;08230302417100836730;08;4;17;079;2023;03;12;5;3;5;3;0;0;1;1;0;0;0;0;500923,702899999916553;5345500,233100000768900;9,012446144000023;48,262711239000055;1
85107;08230302327100824340;08;3;27;018;2023;03;15;5;3;0;1;0;0;1;0;0;0;0;0;470895,829699999652803;5307181,900399999693036;8,610462013000074;47,917299484000068;1
85110;08230302311010830260;08;3;11;000;2023;03;16;5;3;5;2;0;0;1;0;0;0;0;1;413441,135400000028312;5317231,918099999427795;7,839558823000061;48,002521136000041;1
85114;08230302231000834490;08;2;36;030;2023;03;15;5;2;6;2;0;0;0;1;1;0;0;0;475458,952999999746680;5418362,279999999329448;8,665027571000053;48,917711331000078;1
85139;08230302116010838030;08;1;16;014;2023;03;17;5;3;6;4;0;0;0;1;1;0;0;0;528594,113199999555945;5395785,257600000128150;9,388719953000077;48,714441340000064;1
85150;08230301335000837540;08;3;35;075;2023;03;15;4;2;5;3;0;0;1;1;0;0;0;0;487069,290500000119209;5289762,844499999657273;8,827450730000066;47,761103532000050;1
85155;08230301311300830100;08;3;11;000;2023;03;17;4;3;5;3;1;0;1;1;0;0;0;0;404447,608000000007451;5317063,882999999448657;7,719055328000024;47,999728577000042;1
85159;08230301225200829430;08;2;25;014;2023;03;14;4;3;5;3;0;0;1;1;0;0;0;0;523586,122999999672174;5485675,976999999955297;9,325895730000070;49,523243729000058;1
85177;08230319111320935200;08;1;11;000;2023;03;16;1;3;0;7;0;0;1;0;0;0;0;0;515781,438900000415742;5405468,309699999168515;9,214912337000044;48,802005386000076;1
85180;08230301115200836640;08;1;15;016;2023;03;20;4;2;8;1;2;0;1;0;0;0;0;0;486647,452800000086427;5379402,442700000479817;8,819006434000073;48,567572056000074;1
85185;08230228436400802140;08;4;36;082;2023;02;11;3;3;0;7;0;0;0;1;1;0;0;0;547684,196999999694526;5294847,184100000187755;9,636844554000049;47,805213172000038;1
85206;08230228216100810340;08;2;16;043;2023;02;14;3;3;5;3;0;0;1;1;0;0;0;0;443028,743499999865890;5412260,838099999353290;8,223253301000057;48,860694139000032;1
85209;08230228212010806860;08;2;12;000;2023;02;07;3;3;6;2;0;0;0;1;1;0;0;0;455194,212500000372529;5428611,543800000101328;8,387308895000047;49,008770121000055;1
85212;08230228211100816220;08;2;11;000;2023;02;15;3;3;6;4;0;0;0;1;1;0;0;0;442007,187800000421703;5403701,714099999517202;8,210536954000077;48,783609820000038;1
85213;08230228127202817000;08;1;27;014;2023;02;15;3;3;3;2;0;0;1;1;0;0;0;0;578457,163399999961257;5442711,513399999588728;10,075520251000057;49,132223603000057;1
85222;08230228116500809660;08;1;16;071;2023;02;10;3;3;5;3;0;0;1;1;0;0;0;0;528013,645399999804795;5391075,456000000238419;9,380509611000036;48,672098793000032;1
85227;08230228115300816670;08;1;15;028;2023;02;14;3;3;0;7;0;0;1;0;0;0;0;1;499711,328099999576807;5404982,579099999740720;8,996069180000063;48,797836063000034;1
85239;08230227317500814740;08;3;17;096;2023;02;12;2;3;5;3;0;0;1;1;0;0;0;0;422386,414699999615550;5371058,834699999541044;7,949592035000023;48,487859224000033;1
85240;08230227317000820500;08;3;17;031;2023;02;23;2;2;6;7;2;0;0;1;1;0;0;0;415279,618999999947846;5361727,485200000926852;7,855317065000065;48,403008827000065;1
85260;08230227118500817020;08;1;18;054;2023;02;21;2;3;6;2;2;0;0;1;1;0;0;0;518125,728000000119209;5422692,484999999403954;9,247600276000071;48,956885334000049;1
85270;08230227111210822470;08;1;11;000;2023;02;17;2;3;0;7;0;0;1;0;0;0;0;0;507831,448699999600649;5396200,423699999228120;9,106472949000022;48,718782707000059;1
85271;08230305225100841400;08;2;25;002;2023;03;11;1;3;3;6;0;0;1;0;0;0;0;1;499381,041600000113249;5467170,976600000634789;8,991476513000066;49,357251244000054;1
85280;08230226317600795670;08;3;17;146;2023;02;08;1;3;6;1;0;1;0;0;1;1;0;0;430419,418499999679625;5355055,373099999502301;8,060948175000021;48,344843721000075;1
85287;08230226222400817240;08;2;22;000;2023;02;11;1;2;0;7;0;0;1;0;0;0;0;0;467989,150399999693036;5479764,991299999877810;8,558179627000072;49,469690526000079;1
85288;08230226136100794960;08;1;36;088;2023;02;12;1;3;0;7;0;0;1;0;0;0;0;0;577274,193699999712408;5415917,195399999618530;10,054205504000038;48,891383646000065;1
85299;08230225417100816590;08;4;17;044;2023;02;09;7;3;3;6;0;0;1;1;0;0;0;0;494681,277800000272691;5335017,750800000503659;8,928466071000059;48,168380353000032;1
85309;08230329135010908760;08;1;35;019;2023;03;14;4;2;5;3;0;0;1;1;0;0;0;0;583035,979899999685585;5392478,663200000301003;10,128059239000038;48,679827501000034;1
85310;08230225311010810700;08;3;11;000;2023;02;10;7;3;2;2;0;0;1;1;0;0;0;0;413053,550200000405312;5315029,972100000828505;7,834809868000036;47,982661290000067;1
85316;08230225126100809130;08;1;26;020;2023;02;23;7;3;4;6;2;1;1;1;0;0;0;0;554992,369199999608099;5466498,588099999353290;9,757155557000033;49,348723593000045;1
85318;08230225119400793090;08;1;19;041;2023;02;09;7;3;5;2;0;0;1;1;0;0;0;0;525200,020299999974668;5409763,332399999722838;9,343436917000076;48,840331784000057;1