OID_;UIDENTSTLAE;ULAND;UREGBEZ;UKREIS;UGEMEINDE;UJAHR;UMONAT;USTUNDE;UWOCHENTAG;UKATEGORIE;UART;UTYP1;ULICHTVERH;IstStrassenzustand;IstRad;IstPKW;IstFuss;IstKrad;IstGkfz;IstSonstige;LINREFX;LINREFY;XGCSWGS84;YGCSWGS84;PLST
85328;08230224336400803750;08;3;36;091;2023;02;20;6;3;0;7;2;1;1;0;0;0;0;0;395828,931499999947846;5275443,142599999904633;7,613552541000047;47,624010901000077;1
85337;08230224311500812180;08;3;15;016;2023;02;14;6;2;6;7;0;0;1;0;1;0;0;0;432101,384300000034273;5309989,499900000169873;8,090832498000054;47,939622280000037;1
85338;08230224311010791400;08;3;16;011;2023;02;21;6;1;0;7;2;1;0;1;1;0;0;0;413340,389999999664724;5330853,039000000804663;7,835447673000033;48,125032607000037;1
85343;08230224221201806890;08;2;21;000;2023;02;08;6;3;3;2;0;0;1;1;0;0;0;0;476595,024600000120699;5472421,442600000649691;8,677390889000037;49,404029559000037;1
85350;08230224118010815420;08;1;18;050;2023;02;09;6;3;3;6;0;0;1;1;0;0;0;0;506624,156000000424683;5416877,956000000238419;9,090392916000042;48,904809727000043;1
85357;08230223437200818210;08;4;37;078;2023;02;09;5;3;6;6;0;0;0;1;1;0;0;0;508155,036399999633431;5315693,625099999830127;9,109311799000068;47,994490300000052;1
85365;08230223317200789160;08;3;17;153;2023;02;12;5;3;5;3;0;0;1;1;0;0;0;0;421803,622600000351667;5390494,557399999350309;7,938050642000064;48,662606275000030;1
85366;08230223311010786120;08;3;11;000;2023;02;08;5;3;0;1;0;1;1;0;0;0;0;0;414533,289300000295043;5313161,778500000014901;7,855007700000044;47,966055516000040;1
85370;08230223221011816420;08;2;26;105;2023;02;19;5;2;6;4;2;0;0;1;1;0;0;0;470168,019999999552965;5478147,882200000807643;8,588373851000028;49,455256137000049;1
85391;08230223118000807370;08;1;18;001;2023;02;17;5;3;6;4;0;1;0;1;1;0;0;0;523697,375099999830127;5418985,976700000464916;9,323493176000056;48,923354726000071;1
85398;08230222435100797990;08;4;35;016;2023;02;19;4;3;0;1;2;0;1;0;0;0;0;0;536585,066100000403821;5279248,859500000253320;9,487305706000029;47,665597378000029;1
85401;08230222417200783440;08;4;17;002;2023;02;07;4;3;6;4;0;0;0;1;1;0;0;0;494159,021700000390410;5344497,391799999400973;8,921311461000073;48,253662645000077;1
85408;08230318317100886340;08;3;17;001;2023;03;16;7;3;5;3;0;0;1;1;0;0;0;0;433145,748900000005960;5383153,429199999198318;8,093245048000028;48,597889284000075;1
85409;08230222335000807250;08;3;35;043;2023;02;06;4;3;5;3;2;0;1;1;0;0;0;0;511848,074699999764562;5281085,166500000283122;9,157866429000023;47,683046147000027;1
85411;08230222311010809010;08;3;11;000;2023;02;13;4;3;1;5;0;0;1;1;0;0;0;0;414618,286700000055134;5317616,250700000673532;7,855260376000047;48,006136675000050;1
85413;08230222311010788050;08;3;11;000;2023;02;17;4;3;5;3;0;0;1;0;0;0;0;1;413192,627000000327826;5315230,047000000253320;7,836632826000027;47,984479925000073;1
85429;08230222117400796540;08;1;17;051;2023;02;09;4;3;5;3;0;0;1;1;0;0;0;0;543063,274799999780953;5395003,897199999541044;9,585329144000070;48,706581073000052;1
85437;08230221436500806400;08;4;36;018;2023;02;19;3;3;3;6;2;0;1;1;0;0;0;0;552665,387000000104308;5287485,277000000700355;9,702473133000069;47,738590728000077;1
85440;08230221436100805870;08;4;36;055;2023;02;20;3;3;8;1;2;0;1;0;0;0;0;0;577437,442099999636412;5297182,384299999102950;10,034576110000046;47,823328676000074;1
85443;08230221436100783110;08;4;36;052;2023;02;14;3;3;8;1;0;0;1;0;0;0;0;0;570183,661000000312924;5291828,250000000000000;9,936812186000054;47,775993711000069;1
85452;08230221326100809370;08;3;26;006;2023;02;15;3;3;0;6;0;0;1;0;0;1;0;0;459822,025700000114739;5308659,691199999302626;8,462115267000058;47,929996663000054;1
85454;08230221311010799030;08;3;11;000;2023;02;12;3;2;6;4;0;0;0;1;1;0;0;0;414541,798999999649823;5315883,964999999850988;7,854580105000025;47,990543869000078;1
85457;08230221311010780940;08;3;36;050;2023;02;13;3;3;3;2;0;0;0;1;1;0;0;0;400007,668600000441074;5273792,740199999883771;7,669529682000075;47,609823529000039;1
85459;08230221226600797800;08;2;26;040;2023;02;08;3;3;0;7;0;0;1;0;0;0;0;0;475049,457799999974668;5495366,328700000420213;8,654637767000054;49,610349605000067;1
85462;08230221225100817270;08;2;25;118;2023;02;17;3;2;4;2;0;0;1;1;0;0;0;0;505457,457799999974668;5476055,966099999845028;9,075274999000044;49,437147494000044;1
85465;08230221221200805750;08;2;21;000;2023;02;16;3;3;4;6;0;0;1;0;0;0;0;0;476767,778800000436604;5472171,640000000596046;8,679786668000077;49,401789242000063;1
85472;08230221212010814490;08;2;15;106;2023;02;13;3;2;5;3;0;0;1;1;0;0;0;0;468120,941300000064075;5454665,688799999654293;8,562007969000035;49,243934416000059;1
85473;08230221212010800200;08;2;12;000;2023;02;12;3;3;5;3;0;0;1;1;0;0;0;0;452781,858799999579787;5429572,285700000822544;8,354211833000022;49,017232149000051;1
85474;08230303222301919810;08;2;22;000;2023;03;13;6;3;5;2;0;0;1;0;0;0;0;1;464215,137199999764562;5483921,283900000154972;8,505715601000077;49,506863685000042;1
85480;08230221121600806460;08;1;25;107;2023;02;16;3;2;8;7;0;0;1;0;0;0;0;0;536039,564399999566376;5437549,177200000733137;9,493618949000052;49,089740200000051;1
85485;08230302118400839020;08;1;18;048;2023;03;11;5;3;6;2;0;0;0;1;1;0;0;0;512487,455000000074506;5415274,040599999949336;9,170353894000073;48,890290861000040;1
85486;08230221118000808920;08;1;18;051;2023;02;10;3;3;4;6;0;0;1;0;0;0;0;0;508820,919900000095367;5415163,497099999338388;9,120332766000047;48,889359479000063;1
85489;08230221116500784610;08;1;16;049;2023;02;16;3;3;6;4;0;0;0;0;1;0;0;1;525233,079599999822676;5385900,412799999117851;9,342426545000023;48,625662630000079;1
85493;08230221115300806160;08;1;15;028;2023;02;08;3;3;0;7;0;0;1;1;0;0;0;0;500670,658800000324845;5405398,569399999454618;9,009132981000050;48,801577988000076;1
85498;08230220436300795390;08;4;36;049;2023;02;17;2;3;5;3;1;0;1;1;0;0;0;0;578679,669099999591708;5283649,113600000739098;10,048719580000068;47,701431957000068;1
85500;08230220435200779900;08;4;35;034;2023;02;18;2;3;0;1;2;0;1;0;0;0;0;0;532121,611700000241399;5284986,054700000211596;9,428277653000066;47,717454436000025;1
85506;08230220421200795310;08;4;25;072;2023;02;17;2;3;5;3;0;0;1;1;0;0;0;0;582644,065600000321865;5371724,515499999746680;10,118608165000069;48,493205451000051;1
85508;08230220335400821170;08;3;35;098;2023;02;07;2;3;0;7;0;0;1;0;0;0;0;0;504675,610999999567866;5296853,163000000640750;9,062468571000068;47,825011471000039;1
85512;08230220316200807800;08;3;16;009;2023;02;16;2;3;6;7;0;0;1;0;1;0;0;0;416895,519299999810755;5324320,094299999997020;7,884484782000072;48,066740755000069;1
85513;08230220316200778580;08;3;16;056;2023;02;11;2;2;5;3;0;0;1;1;0;0;0;0;418991,637000000104308;5325818,990000000223517;7,912331597000048;48,080493683000043;1
85519;08230220216300777430;08;2;16;015;2023;02;05;2;3;6;2;2;0;0;1;1;0;0;0;450323,043100000359118;5405347,175799999386072;8,323533793000024;48,799131039000031;1
85523;08230220211000812000;08;2;16;039;2023;02;13;2;2;0;7;0;0;1;0;0;0;0;0;443725,226999999955297;5415531,812100000679493;8,232298163000053;48,890180138000062;1
85528;08230220121200780110;08;1;21;000;2023;02;15;2;3;0;1;0;0;1;0;0;0;0;0;513822,332200000062585;5440776,133300000801682;9,189432348000025;49,119668122000064;1
85533;08230220118000789850;08;1;15;034;2023;02;15;2;2;0;7;0;0;1;0;0;0;0;0;483339,342000000178814;5375859,525000000372529;8,774307164000049;48,535619866000047;1
85539;08230322311010869580;08;3;11;000;2023;03;17;4;3;3;3;0;0;1;1;0;0;0;0;412820,510900000110269;5314695,884700000286102;7,831755339000040;47,979624340000044;1
85546;08230219335300793420;08;3;35;075;2023;02;13;1;3;5;3;0;0;1;0;0;0;0;0;492055,285000000149012;5284932,796099999919534;8,894072601000062;47,717725514000051;1
85547;08230219335100793400;08;3;35;043;2023;02;12;1;3;6;4;0;0;1;0;1;0;0;0;513093,715200000442564;5280492,822699999436736;9,174445782000021;47,677692411000066;1
85553;08230331116010911410;08;1;16;072;2023;03;10;6;3;6;4;0;1;0;1;1;0;0;0;530850,796799999661744;5393083,226299999281764;9,419195493000075;48,690026713000066;1
85557;08230219128100790810;08;1;28;020;2023;02;10;1;3;0;2;0;1;1;0;0;0;0;0;574743,837000000290573;5480044,317999999970198;10,031610805000071;49,468446421000067;1
85561;08230219121600779300;08;1;25;057;2023;02;14;1;3;5;3;0;0;1;1;0;0;0;0;524472,664699999615550;5442370,951099999248981;9,335487782000030;49,133682180000051;1
85571;08230218416200784450;08;4;16;041;2023;02;11;7;3;5;3;0;0;1;1;0;0;0;0;505409,563299999572337;5373345,830900000408292;9,073248049000028;48,513203677000035;1
85578;08230218317500801660;08;3;17;096;2023;02;20;7;3;6;6;2;0;1;0;1;0;0;0;421126,495000000111759;5371845,259099999442697;7,932395068000062;48,494776136000041;1
85582;08230218222200797250;08;2;22;000;2023;02;22;7;3;3;6;2;0;1;1;0;0;0;0;462061,657700000330806;5481753,971799999475479;8,476179681000076;49,487238976000071;1
85584;08230218212010817610;08;2;15;017;2023;02;23;7;1;2;2;2;0;1;1;0;0;0;0;455475,691300000064075;5422833,086300000548363;8,391790573000037;48,956812486000047;1
85588;08230218128200773580;08;1;28;128;2023;02;12;7;3;0;7;0;0;1;0;0;0;0;0;546590,688099999912083;5501581,251199999824166;9,645625605000021;49,664965810000069;1
85589;08230218128100774310;08;1;28;082;2023;02;10;7;3;6;2;0;0;0;1;1;0;0;0;566580,237900000065565;5472538,942700000479817;9,917693013000076;49,401894709000032;1
85596;08230218118300783470;08;1;18;003;2023;02;00;7;3;8;1;2;0;1;0;0;0;0;0;509466,927000000141561;5416500,392999999225140;9,129176392000034;48,901376338000034;1
85604;08230217421200774080;08;4;21;000;2023;02;17;6;3;6;4;1;0;0;1;1;0;0;0;572439,090800000354648;5361861,513699999079108;9,978797133000057;48,405745520000039;1
85607;08230217415100809450;08;4;15;050;2023;02;12;6;3;3;6;0;0;1;0;0;0;0;0;520152,166699999943376;5376995,130899999290705;9,273044827000035;48,545733610000070;1
85610;08230217316100785500;08;3;16;011;2023;02;11;6;3;5;3;0;0;1;1;0;0;0;0;415529,062800000421703;5329291,716000000014901;7,865162894000036;48,111282377000066;1
85619;08230217211000796300;08;2;16;043;2023;02;09;6;2;6;4;0;1;0;1;1;0;0;0;441945,145100000314415;5412020,193700000643730;8,208515101000046;48,858429081000054;1
85620;08230217135200785080;08;1;35;019;2023;02;09;6;3;5;3;0;0;1;1;0;0;0;0;584507,382000000216067;5392592,480000000447035;10,148067627000046;48,680653755000037;1
85630;08230217117300796580;08;1;17;026;2023;02;06;6;3;4;6;2;0;1;0;0;0;0;0;548222,127799999900162;5394112,733300000429153;9,655341227000065;48,698187064000081;1
85632;08230217116500799930;08;1;16;049;2023;02;15;6;3;5;3;0;0;1;1;0;0;0;0;525099,696999999694526;5385791,263199999928474;9,340609897000036;48,624686082000039;1
85645;08230216336300792450;08;3;36;081;2023;02;07;5;3;5;3;0;0;1;1;0;0;0;0;412225,015399999916553;5278005,818700000643730;7,831208238000045;47,649494013000037;1
85649;08230216231000769500;08;2;31;000;2023;02;11;5;2;0;1;0;0;1;0;0;0;0;0;477916,679999999701977;5414436,801000000908971;8,698786010000049;48,882491653000045;1
85651;08230216221400772040;08;2;21;000;2023;02;18;5;3;0;7;1;0;1;0;0;0;0;0;477317,305800000205636;5469392,570800000801682;8,687519354000074;49,376812595000047;1
85654;08230323326200875210;08;3;26;074;2023;03;14;5;3;3;6;0;0;1;0;0;0;0;0;462808,283200000412762;5323347,141400000080466;8,500819328000034;48,062317762000077;1
85659;08230216212102778020;08;2;12;000;2023;02;08;5;3;5;2;1;0;1;1;0;0;0;0;458879,719399999827147;5428185,053600000217557;8,437746436000054;49,005190358000050;1
85674;08230216118200788830;08;1;18;019;2023;02;12;5;3;0;1;0;1;1;0;0;0;0;1;504568,235999999567866;5404080,212999999523163;9,062195212000063;48,789701719000050;1
85679;08230216117300768210;08;1;17;026;2023;02;10;5;3;3;6;0;0;1;0;0;0;1;0;547739,179100000299513;5395543,667400000616908;9,648943847000055;48,711096179000037;1
85686;08230215435100795140;08;4;35;016;2023;02;16;4;3;0;3;0;0;1;1;0;0;0;0;532596,959200000390410;5279750,280200000852346;9,434224015000041;47,670322197000075;1
85701;08230522121100087870;08;1;25;006;2023;05;15;2;2;6;4;0;0;0;1;1;0;0;0;508279,071000000461936;5455513,550000000745058;9,113766772000076;49,252335370000026;1
85710;08230522111500107910;08;1;11;000;2023;05;18;2;1;3;1;0;0;1;0;0;0;0;1;517964,469100000336766;5404176,961999999359250;9,244584194000026;48,790329351000025;1
85715;08230521436100103390;08;4;36;055;2023;05;15;1;3;3;2;0;0;1;0;0;1;0;0;573939,142199999652803;5295620,126199999824166;9,987579067000070;47,809686048000060;1
85716;08230521435200071300;08;4;35;067;2023;05;15;1;3;4;2;0;0;1;1;0;0;0;0;530335,063699999824166;5296108,002599999308586;9,405234780000058;47,817608677000067;1
85717;08230521435100092750;08;4;35;035;2023;05;02;1;3;6;4;2;0;0;1;1;0;0;0;541633,399000000208616;5281173,759999999776483;9,554728953000051;47,682610960000034;1
85719;08230521435100066490;08;4;35;016;2023;05;20;1;3;2;6;1;0;0;0;1;0;0;1;535890,724999999627471;5277719,440999999642372;9,477931957000067;47,651875477000033;1
85720;08230521425000067990;08;4;25;020;2023;05;17;1;3;0;7;0;0;1;0;0;0;0;0;559979,732699999585748;5362914,243599999696016;9,810616123000045;48,416524387000038;1
85724;08230521415100067770;08;4;15;050;2023;05;14;1;3;0;7;0;0;1;0;0;0;0;0;520380,716099999845028;5376513,564300000667572;9,276117874000022;48,541393942000070;1
85725;08230522222700125540;08;2;22;000;2023;05;20;2;3;6;4;0;1;1;0;1;0;0;0;462002,304999999701977;5481523,485099999234080;8,475382378000063;49,485162155000069;1
85728;08230521335300079740;08;3;35;026;2023;05;15;1;3;0;1;0;0;1;0;0;0;0;0;483255,224299999885261;5282793,447000000625849;8,776823689000025;47,698308270000041;1
85729;08230521335300069470;08;3;35;028;2023;05;12;1;3;0;1;0;0;1;0;0;0;0;0;481710,540400000289083;5288015,463099999353290;8,756016862000024;47,745251702000076;1
85732;08230521326300087480;08;3;26;052;2023;05;17;1;2;0;7;0;0;1;0;0;0;0;0;449274,422600000165403;5331245,554400000721216;8,318242952000048;48,132442331000050;1
85735;08230521316100088730;08;3;16;049;2023;05;13;1;2;5;2;0;0;1;0;0;1;0;0;402216,690100000239909;5340330,200099999085069;7,683823698000026;48,208663761000025;1
85745;08230521221011096880;08;2;26;056;2023;05;10;1;3;4;6;0;0;1;0;0;1;0;0;484013,294599999673665;5471701,514399999752641;8,779670710000062;49,397793936000028;1
85748;08230521136300096530;08;1;36;034;2023;05;10;1;2;5;2;0;0;1;1;0;0;0;0;564342,978099999949336;5408964,720300000160933;9,876723492000053;48,830325375000029;1
85749;08230521135200103020;08;1;35;025;2023;05;12;1;3;0;7;0;0;1;0;0;0;0;0;580716,065999999642372;5397775,250900000333786;10,097584431000030;48,727771557000040;1
85752;08230521121200100300;08;1;21;000;2023;05;17;1;3;0;7;0;0;1;0;0;0;0;0;516745,384700000286102;5442977,209799999371171;9,229583303000027;49,139394878000076;1
85753;08230521119300111260;08;1;19;086;2023;05;10;1;2;0;7;0;0;1;0;0;0;0;0;534621,037999999709427;5402460,239299999549985;9,471210799000062;48,774182029000031;1
85757;08230521118200132730;08;1;18;019;2023;05;18;1;3;6;7;0;0;0;1;1;0;0;0;506074,157399999909103;5405510,940700000151992;9,082719035000025;48,802559554000027;1
85758;08230521118000107250;08;1;15;041;2023;05;12;1;2;8;1;0;0;1;0;0;0;0;0;493168,058000000193715;5402054,524800000712276;8,907018786000037;48,771457982000072;1
85763;08230521115300099440;08;1;15;028;2023;05;21;1;3;3;2;1;0;1;1;0;0;0;0;501219,098000000230968;5405294,035000000149012;9,016601274000038;48,800636771000029;1
85768;08230520426300066620;08;4;26;097;2023;05;16;7;3;0;1;0;0;1;0;0;0;0;0;537295,331199999898672;5338977,236099999397993;9,501939898000046;48,202929951000044;1
85769;08230520426010099240;08;4;26;073;2023;05;14;7;1;5;3;0;0;1;1;0;0;0;0;568728,813900000415742;5336037,669900000095367;9,924468140000045;48,173861280000040;1
85775;08230520336400063680;08;3;36;091;2023;05;18;7;3;0;1;0;0;1;0;0;0;0;0;394488,255499999970198;5273004,755999999120831;7,596301714000049;47,601860383000030;1
85782;08230520311010106820;08;3;11;000;2023;05;16;7;3;0;5;0;0;1;0;0;0;0;0;411454,307000000029802;5319622,292600000277162;7,812434827000061;48,023750977000077;1
85788;08230520231000095480;08;2;37;045;2023;05;14;7;3;0;7;0;0;1;0;0;0;0;0;458913,971699999645352;5362928,982499999925494;8,444712362000075;48,418172460000051;1
85798;08230520118500065180;08;1;18;078;2023;05;13;7;2;0;1;0;0;1;0;0;0;0;0;513598,718200000002980;5420805,073100000619888;9,185697996000044;48,940022992000081;1
85811;08230519435100095350;08;4;35;016;2023;05;16;6;3;3;2;0;0;1;1;0;0;0;0;536191,478600000031292;5278324,092100000008941;9,481986800000072;47,657299020000039;1
85813;08230519337010065300;08;3;37;126;2023;05;15;6;3;0;6;0;0;1;0;0;0;0;0;446681,760599999688566;5275961,923599999397993;8,290227496000057;47,634861626000031;1
85814;08230519336100085780;08;3;36;050;2023;05;14;6;3;0;7;0;0;1;0;0;0;0;0;400893,014000000432134;5276670,950899999588728;7,680655225000066;47,635850174000041;1
85815;08230519325302063010;08;3;25;053;2023;05;15;6;3;5;3;0;0;1;1;0;0;0;0;454445,275299999862909;5341802,834499999880791;8,386603347000062;48,227810937000072;1
85817;08230519317500110710;08;3;17;096;2023;05;13;6;3;4;6;0;0;1;0;0;0;0;0;421517,816700000315905;5368816,488299999386072;7,938259695000056;48,467581698000060;1
85826;08230519221011070000;08;2;21;000;2023;05;12;6;3;0;7;0;0;1;1;0;0;0;0;477274,409900000318885;5470101,904799999669194;8,686887888000058;49,383191376000070;1
85841;08230518436200087910;08;4;36;095;2023;05;21;5;2;0;1;2;0;1;0;0;0;0;0;539669,236999999731779;5297362,195199999958277;9,530036506000044;47,828384886000038;1
85846;08230518417300073280;08;4;17;025;2023;05;12;5;3;0;1;0;0;1;0;0;0;0;0;484559,486299999989569;5359162,052600000053644;8,791451914000049;48,385433887000033;1
85850;08230518336100111130;08;3;36;050;2023;05;05;5;3;0;7;2;0;1;0;0;0;0;0;398624,158800000324845;5272898,196599999442697;7,651333198000032;47,601561875000073;1
85856;08230518317300084820;08;3;17;150;2023;05;19;5;3;8;1;0;0;1;0;0;0;0;0;408177,742399999871850;5355478,132099999114871;7,760748937000074;48,345804573000066;1
85860;08230518237100087920;08;2;37;045;2023;05;11;5;2;0;7;0;0;1;0;0;0;0;0;458495,619900000281632;5362051,724199999123812;8,439145323000048;48,410253130000058;1
85864;08230518216300058360;08;2;16;015;2023;05;17;5;3;0;7;0;0;1;0;0;0;0;0;450334,467400000430644;5405306,365100000053644;8,323694285000045;48,798764847000029;1
85865;08230518215202077740;08;2;15;097;2023;05;16;5;3;4;6;0;0;1;0;0;0;0;0;478431,714200000278652;5441559,764200000092387;8,704370196000070;49,126494139000044;1
85866;08230518212702118810;08;2;15;108;2023;05;18;5;2;4;6;0;0;1;0;0;0;0;0;451038,439899999648333;5424063,495600000023842;8,331033096000056;48,967544603000078;1
85870;08230518128100121810;08;1;28;020;2023;05;12;5;2;5;3;0;0;1;0;0;1;0;0;575872,609500000253320;5473328,254499999806285;10,045901947000061;49,407906000000025;1
85874;08230518119100090620;08;1;19;087;2023;05;17;5;3;0;7;0;0;1;0;0;0;0;0;529685,998599999584258;5426373,547499999403954;9,405780698000058;48,989551063000079;1
85875;08230518119100058400;08;1;19;008;2023;05;18;5;3;0;7;0;0;1;0;0;0;0;0;531579,458100000396371;5418137,859899999573827;9,431023155000048;48,915373534000025;1
85877;08230518118400077360;08;1;18;048;2023;05;15;5;3;0;7;0;0;1;0;0;0;0;0;514775,800499999895692;5414942,164000000804663;9,201559323000026;48,887255046000064;1
85878;08230518118100092540;08;1;18;015;2023;05;17;5;3;0;7;0;0;1;0;0;0;0;0;507203,387500000186265;5429608,418299999088049;9,098522384000034;49,019322207000073;1
85880;08230518118000096640;08;1;15;045;2023;05;18;5;2;8;1;0;0;1;0;0;1;0;0;495006,066700000315905;5392201,764399999752641;8,932152996000070;48,682839640000054;1
85892;08230517417300079210;08;4;17;008;2023;05;07;4;3;6;4;0;0;0;1;1;0;0;0;493768,423999999649823;5351142,337999999523163;8,915951387000064;48,313441721000061;1
85893;08230517417200120140;08;4;17;002;2023;05;06;4;3;3;2;0;0;1;0;0;0;0;1;489043,824199999682605;5345621,514699999243021;8,852371569000070;48,263708295000072;1
85901;08230517311010057420;08;3;11;000;2023;05;17;4;3;0;1;0;0;1;0;0;0;0;0;415054,445000000298023;5320042,728000000119209;7,860626026000034;48,028021878000061;1
85906;08230517226600129000;08;2;26;107;2023;05;00;4;2;0;7;2;0;1;0;0;0;0;0;475035,183199999853969;5485494,521999999880791;8,655066327000043;49,521556385000054;1
85911;08230517212402056120;08;2;12;000;2023;05;06;4;3;2;6;0;0;1;0;0;0;0;1;455712,013799999840558;5428161,333599999547005;8,394438197000056;49,004757813000026;1
85916;08230517127202065730;08;1;27;014;2023;05;11;4;3;5;3;0;0;1;1;0;0;0;0;576973,550400000065565;5442011,618499999865890;10,055052389000025;49,126116472000035;1
85919;08230517119400059110;08;1;19;041;2023;05;11;4;3;0;7;0;0;1;0;0;0;0;0;526696,601999999955297;5411963,386900000274181;9,363975992000064;48,860060188000034;1
85925;08230517117300116660;08;1;17;026;2023;05;11;4;3;5;3;0;0;1;1;0;0;0;0;549471,718000000342727;5394126,303200000897050;9,672323643000027;48,698211289000028;1
85926;08230517116400120180;08;1;16;033;2023;05;11;4;3;6;4;0;0;0;1;1;0;0;0;533943,846300000324845;5389004,425100000575185;9,460887204000073;48,653173886000047;1
85935;08230516335200071000;08;3;35;061;2023;05;18;3;3;0;3;0;0;1;1;0;0;0;0;492497,321999999694526;5281731,547100000083447;8,900021390000063;47,688927115000070;1
85937;08230516335100088390;08;3;35;043;2023;05;14;3;3;5;3;0;1;1;1;0;0;0;0;514340,967899999581277;5279840,079500000923872;9,191041230000053;47,671792790000040;1
85938;08230516311010084060;08;3;11;000;2023;05;09;3;3;4;2;0;1;1;1;0;0;0;0;414600,969999999739230;5317825,573000000789762;7,854986573000076;48,008017295000059;1
85939;08230516311010072070;08;3;11;000;2023;05;17;3;3;5;2;0;0;1;1;0;0;0;0;412038,466099999845028;5315275,099999999627471;7,821159237000074;47,984727508000049;1
85950;08230516127100085910;08;1;27;076;2023;05;11;3;3;5;3;0;0;1;1;0;0;0;0;548444,657300000078976;5436126,104100000113249;9,663345427000024;49,076088262000042;1
85953;08230516121200052070;08;1;21;000;2023;05;09;3;3;6;3;0;1;0;1;1;0;0;0;516233,656700000166893;5441274,663799999281764;9,222498896000047;49,124093631000051;1
85954;08230516119500051490;08;1;19;068;2023;05;11;3;3;5;3;0;0;1;1;0;0;0;0;526470,023000000044703;5414164,672000000253320;9,361029365000036;48,879871870000045;1
85958;08230516116200080140;08;1;16;080;2023;05;07;3;3;3;6;0;0;1;1;0;0;0;0;518938,821600000374019;5397191,119699999690056;9,257528302000026;48,727456475000054;1
85961;08230516111500066130;08;1;11;000;2023;05;18;3;2;5;2;0;0;1;1;0;0;0;0;517691,720999999903142;5406139,491200000047684;9,240955341000074;48,807991793000042;1
85962;08230515437100077200;08;4;37;118;2023;05;19;2;3;0;1;0;1;1;0;0;0;0;0;513004,962399999611080;5309424,210899999365211;9,174131262000060;47,938002877000031;1
85967;08230515421300052210;08;4;21;000;2023;05;18;2;3;5;3;0;0;1;1;0;0;0;0;571631,742700000293553;5361277,660700000822544;9,967790225000044;48,400585880000051;1
85973;08230515335100072160;08;3;35;002;2023;05;11;2;3;6;4;0;0;0;1;1;0;0;0;505417,708800000138581;5285027,476900000125170;9,072235873000068;47,718603571000074;1
85980;08230515311010047600;08;3;11;000;2023;05;13;2;3;2;6;0;0;1;0;0;0;0;1;414817,091300000436604;5316010,621200000867248;7,858244030000037;47,991719924000051;1
85984;08230515226500129060;08;2;26;085;2023;05;09;2;3;0;7;0;0;1;0;0;0;0;0;489850,262099999934435;5456137,437999999150634;8,860511737000024;49,257919189000063;1
85987;08230515222600083540;08;2;22;000;2023;05;13;2;2;6;4;0;0;0;0;1;0;1;0;461629,934000000357628;5484342,802500000223517;8,469967644000064;49,510496942000032;1
85993;08230515212502050450;08;2;12;000;2023;05;14;2;3;0;1;0;1;1;0;0;0;0;0;454313,353699999861419;5428262,459300000220537;8,375303727000073;49,005565496000031;1
86008;08230515116010069480;08;1;16;033;2023;05;16;2;3;6;4;0;0;0;1;1;0;0;0;531069,869300000369549;5389777,351900000125170;9,421923718000073;48,660276588000045;1
86012;08230515111500132290;08;1;11;000;2023;05;07;2;3;5;3;0;0;1;1;0;0;0;0;517639,706000000238419;5407223,597999999299645;9,240293522000059;48,817745713000079;1
86017;08230514436400044770;08;4;36;009;2023;05;11;1;3;8;1;0;0;1;0;0;0;0;0;560334,312099999748170;5303753,797299999743700;9,807019232000073;47,884280326000066;1
86025;08230514311400078460;08;3;15;006;2023;05;21;1;3;5;2;2;0;1;1;0;0;0;0;401281,041000000201166;5306004,640000000596046;7,679154505000042;47,899771003000069;1
86028;08230514231000053940;08;2;31;000;2023;05;14;1;3;5;3;0;0;1;1;0;0;0;0;476285,990899999625981;5413707,524199999868870;8,676586250000071;48,875871082000060;1
86030;08230514226500048750;08;2;26;055;2023;05;18;1;3;5;5;0;0;1;1;0;0;0;0;499499,916600000113249;5458659,517999999225140;8,993124171000034;49,280689787000028;1
86031;08230514222014044290;08;2;26;063;2023;05;09;1;1;5;3;0;0;1;1;0;0;0;0;471198,207700000144541;5472025,160199999809265;8,603032771000073;49,400233617000026;1
86033;08230514212010132670;08;2;12;000;2023;05;15;1;3;0;3;0;0;1;1;0;0;0;0;460859,317200000397861;5425416,626599999144673;8,465079665000076;48,980416426000033;1
86037;08230514127100063870;08;1;27;056;2023;05;13;1;3;8;1;0;0;1;0;0;0;0;0;554720,091699999757111;5435070,157700000330806;9,749123928000074;49,066064519000065;1
86040;08230514118400093520;08;1;18;048;2023;05;21;1;3;0;1;1;0;1;0;0;0;0;0;519322,475599999539554;5416710,687899999320507;9,263664373000040;48,903039048000039;1
86042;08230514118300062510;08;1;18;046;2023;05;19;1;3;3;2;0;0;1;1;0;0;0;0;513625,189600000157952;5412476,269300000742078;9,185781564000024;48,865098807000038;1
86048;08230513327200044410;08;3;27;046;2023;05;13;7;3;5;3;0;0;1;0;0;0;0;1;480022,689000000245869;5325593,964999999850988;8,731759257000022;48,083303835000038;1
86054;08230513235100075110;08;2;35;073;2023;05;14;7;3;3;6;0;0;1;0;0;0;0;1;479287,392099999822676;5406839,181099999696016;8,717866357000048;48,814192723000076;1
86058;08230513221011059890;08;2;21;000;2023;05;14;7;3;5;3;0;0;1;0;0;1;0;0;477707,077600000426173;5472759,533299999311566;8,692699970000035;49,407112385000062;1
86063;08230513136300078390;08;1;36;007;2023;05;19;7;3;0;7;0;0;1;0;0;0;0;0;572668,466000000014901;5401119,622999999672174;9,988760334000062;48,758843450000029;1