OID_;UIDENTSTLAE;ULAND;UREGBEZ;UKREIS;UGEMEINDE;UJAHR;UMONAT;USTUNDE;UWOCHENTAG;UKATEGORIE;UART;UTYP1;ULICHTVERH;IstStrassenzustand;IstRad;IstPKW;IstFuss;IstKrad;IstGkfz;IstSonstige;LINREFX;LINREFY;XGCSWGS84;YGCSWGS84;PLST
86082;08230512317600070750;08;3;17;041;2023;05;15;6;3;5;2;0;0;1;1;0;0;0;0;439811,606200000271201;5348304,584400000050664;8,188653309000074;48,285079938000081;1
86083;08230513117200061320;08;1;17;024;2023;05;17;7;2;6;4;0;0;0;0;1;0;0;1;560979,356599999591708;5386073,103299999609590;9,827510965000045;48,624752401000080;1
86087;08230512311010072010;08;3;11;000;2023;05;13;6;3;0;1;0;0;1;0;0;0;0;0;414944,464499999769032;5316000,872199999168515;7,859952868000050;47,991649182000060;1
86090;08230512231102112520;08;2;36;068;2023;05;17;6;2;6;4;0;0;0;1;1;0;0;0;485389,889100000262260;5414137,500499999150634;8,800729624000041;48,880020427000034;1
86099;08230512212010067730;08;2;12;000;2023;05;19;6;3;5;3;0;0;1;1;0;0;0;0;459099,031999999657273;5428748,108599999919534;8,440688306000027;49,010269710000046;1
86102;08230512121200057080;08;1;21;000;2023;05;19;6;3;5;7;0;1;1;1;0;0;0;0;515672,712899999693036;5444161,552600000053644;9,214922893000050;49,150076733000049;1
86121;08230519118600132910;08;1;18;073;2023;05;19;6;3;6;6;0;0;0;1;1;0;0;0;494090,149799999780953;5420567,231000000610948;8,919301006000069;48,938004680000063;1
86126;08230511311010039780;08;3;11;000;2023;05;17;5;3;5;3;0;0;1;1;0;0;0;0;415166,592000000178814;5315634,036000000312924;7,863002054000049;47,988378841000042;1
86137;08230511211100114960;08;2;11;000;2023;05;20;5;3;6;4;1;0;0;1;1;0;0;0;445563,891800000332296;5399280,186400000005960;8,259535370000037;48,744158597000080;1
86138;08230515117300050130;08;1;17;026;2023;05;18;2;3;4;2;0;0;1;1;0;0;0;0;547785,036600000225008;5395062,789599999785423;9,649511494000024;48,706766933000040;1
86140;08230511135010051120;08;1;35;019;2023;05;17;5;2;6;2;0;1;0;0;1;0;1;0;585413,654000000096858;5390166,825600000098348;10,159876189000045;48,658713377000026;1
86153;08230511111120132190;08;1;11;000;2023;05;19;5;3;0;1;0;0;1;0;0;0;0;0;513325,709999999962747;5404390,414999999105930;9,181435331000046;48,792366264000066;1
86162;08230510317000036430;08;3;17;151;2023;05;17;4;3;5;3;0;1;1;1;0;0;0;0;412073,468799999915063;5365030,776599999517202;7,811314750000065;48,432281519000071;1
86163;08230510311010064000;08;3;11;000;2023;05;09;4;3;0;1;0;1;1;0;0;0;0;0;418592,011099999770522;5314477,696000000461936;7,909122380000042;47,978422108000075;1
86167;08230510221200034180;08;2;21;000;2023;05;09;4;3;3;2;0;1;1;1;0;0;0;0;476327,207499999552965;5471751,654400000348687;8,673739335000050;49,397994561000075;1
86168;08230510221011069710;08;2;21;000;2023;05;21;4;3;4;6;1;0;1;0;0;0;0;0;482501,669999999925494;5473734,299399999901652;8,758748061000063;49,416037058000029;1
86170;08230510216200034090;08;2;11;000;2023;05;19;4;3;5;3;0;0;1;0;0;1;0;0;438442,152999999932945;5397753,671000000089407;8,162900454000066;48,729764348000060;1
86191;08230509436400060630;08;4;36;082;2023;05;16;3;3;6;4;0;0;0;1;1;0;0;0;547706,037100000306964;5295151,553300000727177;9,637169711000070;47,807949944000029;1
86192;08230509436000068950;08;4;36;064;2023;05;18;3;1;5;3;0;0;1;1;0;0;0;0;540016,614400000311434;5292420,466700000688434;9,534221637000030;47,783902135000062;1
86204;08230509317100062720;08;3;17;001;2023;05;16;3;3;3;3;0;0;1;1;0;0;0;0;432703,244599999859929;5387248,369799999520183;8,086579774000029;48,634676170000034;1
86205;08230509311010063480;08;3;36;050;2023;05;13;3;3;0;3;0;0;1;1;0;0;0;0;399802,028599999845028;5274657,987999999895692;7,666596380000044;47,617574978000050;1
86209;08230509225200045440;08;2;25;075;2023;05;07;3;3;6;4;0;0;0;0;1;0;0;1;530952,633000000379980;5475448,326999999582767;9,426877798000021;49,430918458000065;1
86214;08230509136100041490;08;1;36;088;2023;05;21;3;3;5;3;2;1;1;1;0;0;0;0;580533,399100000038743;5413201,903400000184774;10,098125723000067;48,866546895000056;1
86218;08230509127100033010;08;1;27;089;2023;05;14;3;3;0;7;0;0;1;0;0;0;0;0;564271,429499999620020;5437545,724099999293685;9,880261203000032;49,087408154000059;1
86222;08230509121400075320;08;1;25;086;2023;05;07;3;3;6;4;0;0;0;1;1;0;0;0;504182,120299999602139;5443189,173900000751019;9,057340314000044;49,141515586000025;1
86223;08230509121200032800;08;1;21;000;2023;05;16;3;3;0;7;0;0;1;0;0;0;0;0;515951,255599999800324;5442402,052300000563264;9,218672924000032;49,134242278000045;1
86225;08230509119300045110;08;1;19;067;2023;05;20;3;3;6;4;1;1;0;1;1;0;0;0;538739,070600000210106;5405361,866800000891089;9,527530602000070;48,800041047000036;1
86227;08230517117100085000;08;1;17;042;2023;05;07;4;2;6;4;0;0;0;1;1;0;0;0;554408,277700000442564;5393297,771600000560284;9,739297087000068;48,690347357000064;1
86228;08230509119100061010;08;1;19;008;2023;05;17;3;3;0;7;0;1;1;0;0;0;0;0;530886,988800000399351;5421246,770999999716878;9,421807527000055;48,943374626000036;1
86230;08230509119100031650;08;1;19;024;2023;05;12;3;3;6;6;0;0;0;1;1;0;0;0;539040,026100000366569;5432349,848099999129772;9,534211624000022;49,042788561000066;1
86231;08230509118500035130;08;1;18;001;2023;05;14;3;2;6;6;0;0;1;0;1;0;0;0;524611,099999999627471;5418851,287799999117851;9,335958100000028;48,922107462000042;1
86232;08230509118500031840;08;1;18;060;2023;05;07;3;3;5;3;0;0;1;1;0;0;0;0;523635,910400000400841;5430165,708300000056624;9,323303798000040;49,023924517000069;1
86244;08230508425000032060;08;4;25;002;2023;05;18;2;3;3;6;0;0;1;0;0;0;0;0;554958,030199999921024;5352517,710400000214577;9,741395911000041;48,323456810000039;1
86245;08230508416010051020;08;4;15;028;2023;05;06;2;2;5;3;1;1;1;1;0;0;0;0;534648,212600000202656;5372626,263399999588728;9,469085464000045;48,505797715000028;1
86247;08230508337101030200;08;3;37;108;2023;05;10;2;3;0;7;0;0;1;0;0;0;0;0;423476,450299999676645;5288872,740399999544024;7,979096618000028;47,748683732000075;1
86248;08230508337010051180;08;3;37;062;2023;05;13;2;2;5;3;0;0;1;1;0;0;0;0;456497,763000000268221;5278551,746999999508262;8,420632849000071;47,658896987000048;1
86249;08230508336400031240;08;3;36;091;2023;05;17;2;3;4;6;0;0;1;0;0;0;0;0;395374,718799999915063;5271857,617399999871850;7,608365050000032;47,591685369000061;1
86250;08230508336300098800;08;3;36;103;2023;05;16;2;3;4;7;0;1;1;1;0;0;0;0;413697,006900000385940;5284055,824899999424815;7,849609007000026;47,704117141000040;1
86253;08230508317300098770;08;3;17;065;2023;05;15;2;3;5;2;0;1;1;1;0;0;0;0;415857,064100000075996;5354420,130100000649691;7,864579825000021;48,337357729000075;1
86254;08230508317200040480;08;3;17;057;2023;05;18;2;3;5;3;0;0;1;1;0;0;0;0;412683,564299999736249;5381008,486099999397993;7,816218428000070;48,576077559000055;1
86256;08230508316100031900;08;3;16;017;2023;05;18;2;3;5;3;0;0;1;1;0;0;0;0;409252,849999999627471;5340467,875000000000000;7,778478678000056;48,210947249000071;1
86264;08230508222600029400;08;2;22;000;2023;05;22;2;3;3;2;2;0;1;1;0;0;0;0;463171,193900000303984;5483125,909499999135733;8,491370713000038;49,499647208000056;1
86269;08230509135010044840;08;1;35;025;2023;05;07;3;2;0;1;0;0;1;0;0;0;0;0;582369,353000000119209;5398917,164000000804663;10,120289728000046;48,737825966000059;1
86283;08230508116010040880;08;4;15;028;2023;05;07;2;3;6;7;0;1;0;0;1;0;1;0;534782,712000000290573;5372567,552999999374151;9,470901429000037;48,505262117000029;1
86287;08230508111210131740;08;1;11;000;2023;05;08;2;3;0;4;0;1;0;0;1;0;0;1;512423,800200000405312;5398136,725400000810623;9,168966667000063;48,736127078000038;1
86289;08230507436000047430;08;4;36;096;2023;05;11;1;2;2;2;0;0;1;0;0;0;0;0;538087,948099999688566;5300919,877199999988079;9,509222343000033;47,860489225000038;1
86290;08230507426200027850;08;4;26;073;2023;05;17;1;3;0;7;0;0;1;0;0;0;0;0;566921,834099999628961;5337007,446499999612570;9,900318438000056;48,182778080000048;1
86305;08230507119100074320;08;1;19;044;2023;05;13;1;2;6;4;0;0;0;0;1;1;0;0;542868,650200000032783;5424927,349700000137091;9,585814754000069;48,975767825000048;1
86308;08230507116010052510;08;1;16;080;2023;05;02;1;2;6;4;2;0;1;0;1;0;0;0;520623,217799999751151;5396495,249900000169873;9,280397485000037;48,721143007000080;1
86313;08230506417010047500;08;4;17;063;2023;05;18;7;2;2;6;0;0;1;1;0;0;0;0;507405,933299999684095;5334853,102800000458956;9,099602881000067;48,166878133000068;1
86314;08230506416010031070;08;4;15;060;2023;05;14;7;2;4;6;0;0;1;0;0;1;0;0;513052,459499999880791;5377591,413499999791384;9,176869095000029;48,551285880000080;1
86322;08230506317500026940;08;3;17;096;2023;05;15;7;3;5;3;0;0;1;1;0;0;0;0;420727,822499999776483;5365755,677600000053644;7,928153966000025;48,439950942000053;1
86323;08230506311010054000;08;3;15;109;2023;05;14;7;2;3;6;0;0;1;1;0;0;0;0;422388,666000000201166;5313652,378000000491738;7,960138253000025;47,971469628000079;1
86327;08230506215402036900;08;2;15;009;2023;05;10;7;2;5;3;0;0;1;1;0;0;0;0;470726,315000000409782;5441441,640300000086427;8,598765611000033;49,125112859000069;1
86336;08230505436300030150;08;4;36;069;2023;05;13;6;3;0;1;0;0;1;0;0;0;0;0;553264,664699999615550;5291672,346999999135733;9,710978955000030;47,776212075000046;1
86337;08230505436000041060;08;4;35;016;2023;05;15;6;2;6;4;0;0;1;1;1;0;0;0;530681,946299999952316;5279712,434100000187755;9,408712165000054;47,670075380000071;1
86341;08230508336400091700;08;3;36;091;2023;05;15;2;3;6;6;0;0;1;0;1;0;0;0;396056,733900000341237;5273531,328800000250340;7,617037129000039;47,606850413000075;1
86342;08230505415400089760;08;4;15;061;2023;05;07;6;3;5;3;0;0;1;1;0;0;0;0;515652,921400000341237;5371992,482799999415874;9,211896540000055;48,500856705000047;1
86345;08230505326400023970;08;3;26;074;2023;05;14;6;3;5;3;0;0;1;1;0;0;0;0;460639,963899999856949;5323073,762000000104308;8,471742939000023;48,059728131000043;1
86347;08230505317500051960;08;3;17;096;2023;05;14;6;3;6;4;0;0;0;1;1;0;0;0;422066,342299999669194;5369805,745999999344349;7,945494685000028;48,476548203000050;1
86353;08230506426300025890;08;4;26;013;2023;05;23;7;2;6;4;2;0;0;1;1;0;0;0;546919,625500000081956;5321351,122199999168515;9,629520705000061;48,043719065000062;1
86354;08230505311010028320;08;3;36;091;2023;05;19;6;3;0;6;0;1;1;1;0;0;0;0;396299,918999999761581;5275332,175699999555945;7,619845469000040;47,623088313000039;1
86356;08230505231000051110;08;2;31;000;2023;05;21;6;3;3;6;2;1;1;1;0;0;0;0;480204,281600000336766;5414801,770400000736117;8,729970578000064;48,885852089000082;1
86371;08230505216200029810;08;2;16;063;2023;05;10;6;3;1;5;0;0;1;1;0;0;0;0;426757,173899999819696;5400258,682399999350309;8,003579059000060;48,751032291000058;1
86376;08230505119200060460;08;1;19;020;2023;05;10;6;3;6;4;0;0;0;1;1;0;0;0;518936,967400000430644;5408819,653799999505281;9,258038739000028;48,832065321000073;1
86377;08230505118600033760;08;1;18;076;2023;05;14;6;2;1;5;0;0;1;1;0;0;0;0;501542,324500000104308;5427003,984200000762939;9,021084847000054;48,995933880000052;1
86400;08230504421200044130;08;4;21;000;2023;05;16;5;3;5;3;0;0;1;1;0;0;0;0;571752,146099999547005;5364784,089600000530481;9,970016595000061;48,432113365000077;1
86407;08230504335400032080;08;3;35;079;2023;05;09;5;3;5;2;0;0;1;1;0;0;0;0;501558,907999999821186;5299751,942999999970198;9,020838260000062;47,851108182000075;1
86410;08230504335200086580;08;3;35;063;2023;05;13;5;3;5;2;0;0;1;1;0;0;0;0;497883,434299999848008;5287966,748600000515580;8,971764918000076;47,745069251000075;1
86411;08230504335200022410;08;3;35;055;2023;05;14;5;3;0;6;0;0;1;0;0;0;0;0;495094,905799999833107;5286235,853700000792742;8,934585350000077;47,729480180000053;1
86412;08230504335100237660;08;3;35;043;2023;05;18;5;3;6;4;0;0;0;1;1;0;0;0;508698,797000000253320;5286792,287000000476837;9,116018749000034;47,734446749000028;1
86413;08230517121600088910;08;1;25;008;2023;05;07;4;3;5;3;0;0;1;1;0;0;0;0;523132,641400000080466;5431349,414499999955297;9,316487472000063;49,034591548000037;1
86416;08230504326100028250;08;3;26;005;2023;05;13;5;3;6;4;0;0;0;1;1;0;0;0;465474,344399999827147;5298563,004399999976158;8,538590694000050;47,839485480000064;1
86417;08230504317300023370;08;3;17;150;2023;05;07;5;3;4;2;0;0;1;1;0;0;0;0;409456,006599999964237;5358162,663000000640750;7,777418832000023;48,370135327000071;1
86418;08230504317010033140;08;3;17;126;2023;05;16;5;2;0;7;0;0;1;0;0;0;0;0;441491,825100000016391;5379395,028899999335408;8,206961185000068;48,564916579000055;1
86420;08230504316200044050;08;3;16;009;2023;05;18;5;3;5;3;0;0;1;1;0;0;0;0;416355,462000000290573;5325032,343000000342727;7,877097620000029;48,073077080000076;1
86421;08230504316100043590;08;3;16;043;2023;05;07;5;3;5;3;0;0;1;1;0;0;0;0;411722,010300000198185;5331553,252900000661612;7,813559215000055;48,131108665000056;1
86425;08230504311010032160;08;3;11;000;2023;05;13;5;3;0;7;0;0;1;0;0;0;0;0;414634,963999999687076;5318662,489000000059605;7,855275639000070;48,015550206000057;1
86426;08230504311010031970;08;3;15;048;2023;05;07;5;2;5;3;0;0;1;1;0;0;0;0;399016,062199999578297;5311197,431600000709295;7,647640950000039;47,946126594000077;1
86427;08230504311010030590;08;3;15;041;2023;05;14;5;2;0;1;0;0;1;0;0;0;0;0;420485,214999999850988;5322537,599999999627471;7,932991988000026;48,051163924000036;1
86436;08230519121500062460;08;1;25;005;2023;05;18;6;3;0;1;0;0;1;0;0;0;0;0;513462,389600000344217;5453671,306900000199676;9,184931084000027;49,235671955000043;1
86442;08230504222600086670;08;2;22;000;2023;05;16;5;3;3;2;0;0;1;1;0;0;0;0;461618,648699999786913;5484330,538200000301003;8,469812951000051;49,510385917000065;1
86443;08230504222600043220;08;2;22;000;2023;05;19;5;3;5;3;0;0;1;1;0;0;0;0;462360,283699999563396;5482622,445800000801682;8,480219969000075;49,495069042000068;1
86445;08230504222014022260;08;2;22;000;2023;05;07;5;2;5;3;0;0;1;1;0;0;0;0;462502,533999999985099;5486036,708100000396371;8,481860003000065;49,525787262000051;1
86450;08230504212010039040;08;2;12;000;2023;05;07;5;3;2;2;0;0;1;1;0;0;0;0;455671,939399999566376;5427569,745699999853969;8,393954855000061;48,999433538000062;1
86456;08230504127100049670;08;1;27;076;2023;05;15;5;3;6;3;0;0;0;1;1;0;0;0;553835,510300000198185;5440432,549699999392033;9,737729305000073;49,114375744000029;1
86460;08230504127100022720;08;1;27;062;2023;05;08;5;2;8;1;0;0;1;0;0;0;0;0;551628,855299999937415;5432432,443399999290705;9,706471740000040;49,042605586000036;1
86463;08230504126100029850;08;1;26;047;2023;05;20;5;3;3;2;0;0;1;1;0;0;0;0;550960,659199999645352;5452483,122800000011921;9,699863415000038;49,223011821000057;1
86466;08230504121400041770;08;1;25;056;2023;05;10;5;3;5;3;0;0;1;1;0;0;0;0;511357,722000000067055;5435591,999700000509620;9,155509748000043;49,073085078000076;1
86468;08230504121400023440;08;1;25;056;2023;05;16;5;3;0;7;0;0;1;0;0;0;0;0;511321,157499999739230;5435964,191199999302626;9,155019527000036;49,076433788000031;1
86471;08230504118400048370;08;1;18;048;2023;05;13;5;3;8;7;0;0;1;0;0;0;0;0;514875,742600000463426;5417442,150200000032783;9,203013697000074;48,909741829000041;1
86482;08230504115200045570;08;1;15;021;2023;05;10;5;3;3;6;0;0;1;1;0;0;0;0;490353,397300000302494;5382423,752900000661612;8,869170165000071;48,594820521000031;1
86485;08230503436100028520;08;4;36;055;2023;05;18;4;3;9;1;0;0;1;0;0;0;0;0;570571,500699999742210;5300085,403500000014901;9,943332854000062;47,850234863000026;1
86489;08230503416100051530;08;4;16;048;2023;05;07;4;3;6;4;0;0;0;0;1;0;0;1;492850,876299999654293;5378093,475199999287724;8,903116054000066;48,555897674000050;1
86493;08230503335300021110;08;3;35;075;2023;05;09;4;3;5;2;0;0;1;1;0;0;0;0;488716,596300000324845;5287912,372099999338388;8,849480555000071;47,744484764000049;1
86498;08230503317500040960;08;3;17;021;2023;05;11;4;3;5;3;0;0;1;1;0;0;0;0;424853,726300000213087;5373196,192800000309944;7,982593938000036;48,507384591000061;1
86499;08230503316100021070;08;3;16;011;2023;05;07;4;3;5;3;0;0;1;1;0;0;0;0;416113,009999999776483;5328714,461699999868870;7,873119974000076;48,106167010000036;1
86502;08230514426200069760;08;4;26;001;2023;05;01;1;3;0;1;2;1;1;0;0;0;0;0;567305,101999999955297;5347543,820000000298023;9,907147739000038;48,277519621000067;1
86511;08230503216100041710;08;2;16;043;2023;05;13;4;3;4;6;0;0;1;1;0;0;0;0;442327,827700000256300;5411947,016899999231100;8,213742159000049;48,857806551000067;1
86512;08230503216100028790;08;2;16;009;2023;05;16;4;3;5;3;0;0;1;1;0;0;0;0;446896,785699999891222;5421006,945199999958277;8,274848414000076;48,939709026000060;1
86516;08230503212502247050;08;2;12;000;2023;05;15;4;3;6;7;0;0;1;0;1;0;0;0;453994,465699999593198;5426665,272800000384450;8,371124586000064;48,991174993000072;1
86530;08230503121200041450;08;1;21;000;2023;05;14;4;3;5;3;0;0;1;1;0;0;0;0;516759,341000000014901;5443320,513000000268221;9,229788922000068;49,142482621000056;1
86537;08230503117400021900;08;1;17;029;2023;05;17;4;3;6;4;0;0;0;1;1;0;0;0;542014,677500000223517;5390590,300499999895692;9,570628279000061;48,666949378000027;1
86540;08230503116200078160;08;1;16;077;2023;05;07;4;3;5;3;0;0;1;0;0;0;0;1;516314,101999999955297;5389682,809499999508262;9,221541366000054;48,659985733000042;1
86544;08230502437200019680;08;4;37;031;2023;05;07;3;3;6;4;0;0;0;1;1;0;0;0;516047,953099999576807;5344125,096799999475479;9,216180134000069;48,250136899000040;1
86547;08230503116500042980;08;1;16;049;2023;05;15;4;3;5;7;0;0;1;1;0;0;0;0;523083,431099999696016;5385066,754100000485778;9,313208722000070;48,618246009000075;1
86548;08230502436200020540;08;4;36;064;2023;05;14;3;3;0;1;0;1;1;0;0;0;0;0;546507,695899999700487;5291300,960400000214577;9,620752751000055;47,773393926000040;1
86554;08230502337010041870;08;3;37;126;2023;05;13;3;3;5;7;0;1;1;1;0;0;0;0;441388,951000000350177;5274343,035599999129772;8,219992775000037;47,619839074000026;1
86561;08230502311010021060;08;3;11;000;2023;05;14;3;3;1;5;0;0;1;1;0;0;0;0;412932,079900000244379;5314890,076999999582767;7,833210726000061;47,981386363000070;1
86563;08230502231102057590;08;2;36;028;2023;05;18;3;3;6;4;0;0;0;0;1;0;0;1;494082,450199999846518;5422544,297900000587106;8,919167146000063;48,955789689000028;1
86565;08230502222600053270;08;2;22;000;2023;05;21;3;3;3;6;0;0;1;1;0;0;0;0;462946,296299999579787;5482579,686100000515580;8,488316089000023;49,494720516000029;1
86569;08230502136100041020;08;1;36;088;2023;05;14;3;3;0;7;0;0;1;0;0;0;0;0;577735,919300000183284;5411130,636099999770522;10,059593882000058;48,848274245000027;1
86570;08230502127100020490;08;1;27;100;2023;05;16;3;3;5;3;0;0;1;0;0;0;0;0;553659,622399999760091;5437868,303500000387430;9,734978544000057;49,091326458000026;1
86587;08230502111500131440;08;1;11;000;2023;05;15;3;3;6;4;0;0;1;0;1;0;0;0;516241,700199999846518;5405705,190300000831485;9,221189519000063;48,804124474000048;1
86593;08230501415100033730;08;4;15;039;2023;05;11;2;3;5;3;0;0;1;1;0;0;0;0;530044,365000000223517;5374275,521999999880791;9,406876730000022;48,520871811000063;1
86594;08230501336100020200;08;3;36;084;2023;05;13;2;3;5;3;0;0;1;1;0;0;0;0;405690,435899999924004;5278905,050400000065565;7,744022104000067;47,656663797000078;1
86595;08230501335100045630;08;3;35;043;2023;05;03;2;3;2;2;2;1;1;0;0;0;0;1;512292,787899999879301;5280784,642899999395013;9,163783401000046;47,680333835000056;1
86600;08230501317010019860;08;3;17;089;2023;05;13;2;2;5;3;0;0;1;1;0;0;0;0;426721,679999999701977;5377312,594000000506639;8,007156626000040;48,544632385000057;1
86601;08230501316100027240;08;3;16;039;2023;05;15;2;3;0;7;0;0;1;0;0;0;0;0;418333,527999999932945;5331798,356899999082088;7,902352270000051;48,134196312000029;1
86615;08230501119100026370;08;1;19;087;2023;05;18;2;3;1;1;0;0;1;1;0;0;0;0;526401,641999999992549;5426512,984600000083447;9,360896569000033;48,990954520000059;1
86627;08230430435100994070;08;4;35;035;2023;04;12;1;3;3;2;0;0;1;1;0;0;0;0;539217,087500000372529;5279956,160900000482798;9,522425751000071;47,671806958000047;1
86632;08230430421200012910;08;4;25;075;2023;04;12;1;3;1;7;0;0;1;1;0;0;0;0;568216,939000000245869;5379351,992000000551343;9,924610914000027;48,563547973000027;1
86639;08230430316100011050;08;3;16;011;2023;04;02;1;3;0;4;2;0;0;1;1;0;0;0;415094,652999999932945;5329602,691999999806285;7,859266030000072;48,114021902000047;1
86646;08230430222014998840;08;2;22;000;2023;04;16;1;2;4;6;0;0;1;0;0;0;0;0;465123,043700000271201;5484991,773199999704957;8,518161168000063;49,516545095000026;1
86649;08230430216200991280;08;2;16;007;2023;04;14;1;3;8;1;0;0;1;0;0;0;0;0;436648,604100000113249;5394526,984400000423193;8,139009017000035;48,700560403000054;1
86654;08230430136200010200;08;1;36;046;2023;04;02;1;2;6;6;2;0;0;1;1;0;0;0;576481,771999999880791;5418838,031199999153614;10,043943966000029;48,917752749000044;1
86656;08230430128300004260;08;1;28;131;2023;04;16;1;3;7;7;0;0;1;0;0;0;0;1;537723,255699999630451;5508517,714999999850988;9,523421785000039;49,727973304000045;1
86659;08230430121600992970;08;1;25;046;2023;04;13;1;3;9;1;0;0;1;0;0;0;0;0;516582,928999999538064;5433245,782899999991059;9,226956576000021;49,051861247000033;1
86661;08230430117400010050;08;1;17;051;2023;04;09;1;3;0;7;0;0;1;0;0;0;0;0;541028,370799999684095;5396112,160099999979138;9,557781701000067;48,716687798000066;1
86666;08230504235100047370;08;2;35;065;2023;05;16;5;2;6;4;0;0;0;1;1;0;0;0;473219,493900000117719;5405201,544700000435114;8,635321793000060;48,799229061000062;1
86667;08230429426300990430;08;4;26;097;2023;04;15;7;3;5;3;0;0;1;1;0;0;0;0;538398,529299999587238;5340311,652699999511242;9,516907492000030;48,214869239000052;1
86669;08230429426010992960;08;4;25;141;2023;04;20;7;2;6;6;0;0;1;0;1;0;0;0;568427,199599999934435;5362200,880100000649691;9,924651353000058;48,409246585000062;1
86673;08230504222400078760;08;2;26;105;2023;05;11;5;3;0;7;0;0;1;0;0;0;0;0;471342,714999999850988;5479074,610999999567866;8,604514980000033;49,463648317000036;1
86680;08230429316200014670;08;3;16;056;2023;04;12;7;3;0;6;0;0;1;0;0;0;0;1;424596,357200000435114;5326478,074599999934435;7,987455040000043;48,087110185000029;1
86681;08230429316100990040;08;3;15;030;2023;04;17;7;3;4;6;0;0;1;1;0;0;0;0;406300,680200000293553;5330041,037900000810623;7,741047689000027;48,116731412000036;1
86685;08230429311010006150;08;3;36;105;2023;04;11;7;3;5;3;0;0;1;0;0;0;0;1;397572,895499999634922;5268397,659399999305606;7,638401926000029;47,560912928000050;1
86689;08230429222700017450;08;2;22;000;2023;04;19;7;2;5;3;0;0;1;1;0;0;0;0;461880,783400000073016;5481363,278999999165535;8,473720102000073;49,483713564000027;1
86700;08230429119300008750;08;1;19;090;2023;04;22;7;2;0;7;2;0;0;1;1;0;0;0;534223,566899999976158;5406130,099400000646710;9,466106881000030;48,807216785000037;1
86704;08230429118600011760;08;1;18;076;2023;04;20;7;3;8;7;0;0;1;0;0;0;0;0;501538,769299999810755;5425756,622400000691414;9,021031522000044;48,984713082000042;1
86712;08230519437200062230;08;4;37;107;2023;05;09;6;3;5;3;0;0;1;1;0;0;0;0;503102,315499999560416;5329460,700699999928474;9,041683973000033;48,118398485000057;1
86720;08230428416200016400;08;4;16;041;2023;04;19;6;3;0;7;0;0;1;1;0;0;0;0;505021,848799999803305;5373492,355299999937415;9,067999979000035;48,514525086000049;1
86725;08230503118010048050;08;1;15;002;2023;05;12;4;3;0;2;0;0;1;1;0;0;0;0;499684,045699999667704;5386436,993599999696016;8,995711880000044;48,630998768000040;1
86728;08230510117400106120;08;1;17;051;2023;05;12;4;3;6;2;0;0;0;0;1;0;0;1;543563,885200000368059;5395062,532500000670552;9,592139404000022;48,707073764000029;1
86743;08230509317010051610;08;3;17;065;2023;05;22;3;2;3;6;2;1;1;0;0;0;1;0;413505,054999999701977;5354857,646999999880791;7,832758847000036;48,340975475000050;1
86757;08230503212010020790;08;2;12;000;2023;05;10;4;3;1;5;0;0;1;1;0;0;0;0;455178,703300000168383;5428428,176100000739098;8,387117074000059;49,007119586000044;1
86759;08230515118010082090;08;1;15;028;2023;05;07;2;3;6;4;0;0;0;0;1;0;0;1;501856,943799999542534;5407103,446299999952316;9,025295433000053;48,816912503000026;1
86768;08230428121500020720;08;1;25;005;2023;04;21;6;2;6;4;2;1;0;1;1;0;0;0;516310,839200000278652;5453714,417700000107288;9,224061331000030;49,235990480000055;1
86769;08230428119200988140;08;1;19;093;2023;04;14;6;3;1;5;0;0;1;1;0;0;0;0;523528,905500000342727;5406220,349999999627471;9,320459344000028;48,808525590000045;1
86776;08230427436400984930;08;4;36;082;2023;04;12;5;3;0;1;0;0;1;0;0;0;0;0;548461,603000000119209;5295091,940999999642372;9,647253850000027;47,807357162000073;1
86779;08230427435200995330;08;4;35;067;2023;04;08;5;3;5;3;0;0;1;1;0;0;0;0;530377,042700000107288;5291227,608500000089407;9,405453800000032;47,773696408000035;1
86780;08230427426100987060;08;4;26;021;2023;04;12;5;3;5;3;0;0;1;1;0;0;0;0;557951,588999999687076;5323685,168999999761581;9,777839991000064;48,063810494000052;1
86782;08230427421200983460;08;4;21;000;2023;04;08;5;3;6;6;0;0;0;0;1;0;0;1;573680,475700000301003;5361935,269500000402331;9,995581066000057;48,406265068000039;1
86787;08230427336300984560;08;3;36;087;2023;04;17;5;3;3;6;0;0;1;0;0;0;0;0;424875,691399999894202;5300352,043899999931455;7,995772589000069;47,852117449000048;1
86792;08230427317300992490;08;3;17;065;2023;04;21;5;2;5;2;2;0;1;1;0;0;0;0;416892,571200000122190;5355105,259700000286102;7,878414901000042;48,343657483000072;1
86794;08230427316100006140;08;3;16;051;2023;04;09;5;3;0;1;0;0;1;0;0;0;0;0;399212,562599999830127;5335188,961600000038743;7,644619278000050;48,161951572000078;1
86796;08230427311010006360;08;3;11;000;2023;04;13;5;3;5;3;0;0;1;0;0;0;0;0;410018,244699999690056;5316456,999800000339746;7,793843086000038;47,995077924000043;1
86800;08230427231000016540;08;2;36;040;2023;04;15;5;2;0;7;0;0;1;1;0;0;0;0;489781,785600000061095;5424309,697599999606609;8,860376522000024;48,971614478000049;1
86810;08230427136200006780;08;1;36;018;2023;04;21;5;2;0;1;2;0;1;0;0;0;0;0;588835,834300000220537;5429569,451500000432134;10,214877459000036;49,012617991000070;1
86816;08230427121200984330;08;1;21;000;2023;04;13;5;3;8;7;0;0;1;0;0;0;0;0;515902,505400000140071;5442068,065199999138713;9,217991448000021;49,131239213000072;1