OID_;UIDENTSTLAE;ULAND;UREGBEZ;UKREIS;UGEMEINDE;UJAHR;UMONAT;USTUNDE;UWOCHENTAG;UKATEGORIE;UART;UTYP1;ULICHTVERH;IstStrassenzustand;IstRad;IstPKW;IstFuss;IstKrad;IstGkfz;IstSonstige;LINREFX;LINREFY;XGCSWGS84;YGCSWGS84;PLST
87664;08230410317100949690;08;3;17;089;2023;04;13;2;2;5;2;0;0;1;1;0;0;0;0;427781,184399999678135;5376280,371899999678135;8,021688539000024;48,535470410000073;1
87670;08230410237200963690;08;2;37;019;2023;04;22;2;3;9;1;2;0;1;0;0;0;0;0;465665,890899999998510;5369104,907199999317527;8,535456333000070;48,474136420000036;1
87672;08230410231400970860;08;2;36;062;2023;04;12;2;3;3;6;0;0;1;1;0;0;0;0;485482,294900000095367;5406872,597500000149012;8,802247465000050;48,814668968000035;1
87674;08230506336100057050;08;3;36;084;2023;05;21;7;2;4;6;2;0;1;0;0;0;0;0;406477,578099999576807;5277305,192500000819564;7,754844558000059;47,642386363000071;1
87680;08230510311500065330;08;3;15;070;2023;05;15;4;3;6;7;0;0;1;0;1;0;0;0;451206,736899999901652;5302906,422199999913573;8,347435612000027;47,877637830000026;1
87683;08230410136100977820;08;1;36;002;2023;04;13;2;3;0;7;0;0;1;0;0;0;0;0;571521,503899999894202;5417324,367699999362230;9,975983792000022;48,904731105000053;1
87690;08230430435100011640;08;4;35;029;2023;04;16;1;2;4;6;0;0;1;0;0;0;0;0;542560,398599999956787;5271457,163300000131130;9,566134577000071;47,595127297000033;1
87694;08230426311010993430;08;3;11;000;2023;04;13;4;3;5;2;0;0;1;1;0;0;0;0;415102,066999999806285;5315672,003000000491738;7,862129912000057;47,988711808000062;1
87696;08230507116100094980;08;1;16;056;2023;05;11;1;3;5;3;0;0;1;1;0;0;0;0;530993,212600000202656;5395013,246899999678135;9,421275416000071;48,707381823000048;1
87697;08230410117010964090;08;1;17;053;2023;04;14;2;3;6;4;0;0;0;0;1;1;0;0;551627,242499999701977;5401065,497899999842048;9,702484104000064;48,760457219000045;1
87702;08230409435100959490;08;4;35;016;2023;04;15;1;3;6;7;0;0;0;0;1;0;0;1;536822,336600000038743;5278251,301000000908971;9,490381923000029;47,656608488000074;1
87703;08230409426100943410;08;4;26;087;2023;04;19;1;3;1;5;0;0;1;1;0;0;0;0;571136,679499999620020;5324349,247700000181794;9,954900800000075;48,068450220000045;1
87707;08230409415200954430;08;4;15;048;2023;04;20;1;2;0;1;1;0;1;0;0;0;0;0;542261,968700000084937;5358407,341800000518560;9,570724766000069;48,377417473000037;1
87709;08230409335100957720;08;3;35;043;2023;04;19;1;2;1;7;0;0;1;1;0;0;0;0;513713,900399999693036;5282753,626199999824166;9,182779438000068;47,698021432000075;1
87713;08230409311300942500;08;3;11;000;2023;04;00;1;3;3;3;2;0;1;1;0;0;0;0;411459,808100000023842;5316096,340099999681115;7,813236540000048;47,992034946000047;1
87724;08230424221011977080;08;2;21;000;2023;04;09;2;3;2;6;0;0;1;1;0;0;0;0;478955,375099999830127;5473667,211999999359250;8,709858955000072;49,415321275000053;1
87728;08230409215302959430;08;2;15;089;2023;04;12;1;3;5;2;0;0;1;1;0;0;0;0;468126,155000000260770;5430187,079199999570847;8,564014911000072;49,023746045000053;1
87741;08230421118600995250;08;1;18;050;2023;04;17;6;2;6;4;0;0;0;1;1;0;0;0;506475,739199999719858;5416897,435599999502301;9,088367939000022;48,904986531000077;1
87747;08230510116100033190;08;1;16;019;2023;05;07;4;3;5;2;0;1;1;1;0;0;0;0;524644,576700000092387;5397654,066600000485778;9,335141070000077;48,731421578000038;1
87756;08230408311010931700;08;3;11;000;2023;04;14;7;3;4;2;0;0;1;1;0;0;0;0;411886,287899999879301;5317715,514900000765920;7,818619151000064;48,006658777000041;1
87760;08230408211100942310;08;2;11;000;2023;04;15;7;3;6;7;0;0;0;1;1;0;0;0;446224,327700000256300;5399020,368899999186397;8,268552066000041;48,741878835000080;1
87770;08230408116400954170;08;1;16;027;2023;04;14;7;2;6;4;0;0;0;1;1;0;0;0;533634,812699999660254;5393119,739499999210238;9,457026006000035;48,690211329000078;1
87773;08230408115300018620;08;1;15;041;2023;04;03;7;3;0;7;2;0;1;0;0;0;0;0;494261,198499999940395;5402184,527899999171495;8,921894355000063;48,772638527000026;1
87785;08230516317300110080;08;3;17;065;2023;05;22;3;3;3;6;2;0;1;1;0;0;0;0;412021,119699999690056;5352863,819000000134110;7,813154023000038;48,322836600000073;1
87787;08230509212010035860;08;2;12;000;2023;05;13;3;3;6;2;0;1;0;0;1;0;1;0;458072,581500000320375;5427691,440600000321865;8,426761663000036;49,000695925000059;1
87790;08230511117010070370;08;1;17;051;2023;05;17;5;3;6;4;0;1;0;1;1;0;0;0;539951,662800000049174;5398830,305900000035763;9,543407937000040;48,741209179000066;1
87792;08230407317300932440;08;3;17;065;2023;04;18;6;3;5;3;0;0;1;1;0;0;0;0;414181,861800000071526;5354838,689099999144673;7,841894207000053;48,340897261000066;1
87795;08230407222014979140;08;2;26;085;2023;04;13;6;3;3;6;0;0;1;1;0;0;0;0;492981,971400000154972;5454833,596699999645352;8,903573714000061;49,246234809000043;1
87807;08230504115200046420;08;1;15;037;2023;05;17;5;2;8;7;0;0;0;0;1;0;1;0;492205,733400000259280;5385651,180900000035763;8,894231379000075;48,623880954000072;1
87810;08230522212010080720;08;2;12;000;2023;05;11;2;3;5;3;0;0;1;1;0;0;0;0;460738,169999999925494;5425576,750000000000000;8,463408607000076;48,981849088000047;1
87817;08230406436300929500;08;4;36;094;2023;04;13;5;3;3;2;0;0;1;1;0;0;0;0;571676,998999999836087;5280485,327999999746680;9,954875503000039;47,673784213000033;1
87818;08230406435200948470;08;4;35;047;2023;04;15;5;2;5;2;0;0;1;1;0;0;0;0;512327,470700000412762;5295361,001299999654293;9,164658602000031;47,811484693000068;1
87827;08230406335000928570;08;3;35;043;2023;04;08;5;2;5;3;0;0;1;1;0;0;0;0;512059,567999999970198;5280892,822000000625849;9,160679088000052;47,681311586000049;1
87831;08230406325102980740;08;3;25;057;2023;04;16;5;2;5;3;0;0;1;1;0;0;0;0;472964,474000000394881;5355062,319000000134110;8,635109456000066;48,348160479000057;1
87835;08230406317500939270;08;3;17;096;2023;04;16;5;3;0;7;0;0;1;0;0;0;0;0;420863,838600000366569;5371985,893899999558926;7,928813836000074;48,496008096000025;1
87840;08230406231302960310;08;2;31;000;2023;04;09;5;3;1;6;0;0;1;1;0;0;0;0;478338,650000000372529;5415623,961300000548363;8,704478627000071;48,893185849000076;1
87842;08230406231202937050;08;2;36;071;2023;04;11;5;3;5;3;0;0;1;1;0;0;0;0;469176,688900000415742;5422637,404799999669194;8,578956817000062;48,955887183000073;1
87845;08230406231102952870;08;2;36;033;2023;04;13;5;3;0;7;0;0;1;0;0;0;0;0;483079,640999999828637;5430612,571000000461936;8,768535287000077;49,028165067000032;1
87856;08230406221011954660;08;2;26;105;2023;04;14;5;3;1;7;0;0;1;1;0;0;0;0;470939,964599999599159;5478924,217399999499321;8,598968004000028;49,462276438000060;1
87857;08230519231000097220;08;2;31;000;2023;05;13;6;3;6;7;0;0;0;1;1;0;0;0;478222,533400000073016;5415649,934200000017881;8,702893110000048;48,893415422000032;1
87858;08230406221011941540;08;2;21;000;2023;04;08;5;3;3;6;0;0;1;1;0;0;0;0;477662,826100000180304;5473804,050899999216199;8,692031217000022;49,416506033000076;1
87861;08230406216100939480;08;2;16;043;2023;04;09;5;3;5;2;0;0;1;1;0;0;0;0;441759,685999999754131;5411133,213999999687076;8,206113087000062;48,850433333000069;1
87865;08230507336400044520;08;3;36;045;2023;05;13;1;2;0;7;0;0;1;0;0;0;0;0;396262,947200000286102;5285401,306500000879169;7,616962426000043;47,713655123000080;1
87870;08230406136100935630;08;1;36;088;2023;04;19;5;3;5;3;0;0;1;1;0;0;0;0;580754,227400000207126;5411941,926300000399351;10,100887688000057;48,855185731000063;1
87886;08230503311010021290;08;3;15;095;2023;05;10;4;3;0;7;0;0;1;0;0;0;0;0;426660,258999999612570;5318130,532999999821186;8,016596297000035;48,012258385000052;1
87891;08230405437100927300;08;4;37;053;2023;04;06;4;3;5;3;1;0;1;1;0;0;0;0;527698,223000000230968;5320462,718000000342727;9,371577198000068;48,036849742000072;1
87903;08230515117010064700;08;1;17;043;2023;05;11;2;3;3;2;0;0;1;1;0;0;0;0;551889,878299999982119;5386651,876599999144673;9,704246612000077;48,630778923000037;1
87904;08230429116500014100;08;1;16;071;2023;04;21;7;3;0;1;2;0;1;0;0;0;0;0;527099,568900000303984;5391161,021700000390410;9,368099581000024;48,672908877000054;1
87914;08230405311010934060;08;3;11;000;2023;04;09;4;3;3;6;0;0;1;1;0;0;0;0;413430,435999999754131;5317247,915999999269843;7,839412185000072;48,002663593000079;1
87928;08230405215502944380;08;2;15;009;2023;04;21;4;3;5;3;2;0;1;1;0;0;0;0;468803,543899999931455;5442659,621500000357628;8,572318018000033;49,135974204000036;1
87930;08230405212502929250;08;2;12;000;2023;04;14;4;3;2;6;0;0;1;0;0;0;0;0;449200,545900000259280;5431781,601999999955297;8,304958205000048;49,036820253000030;1
87931;08230405212102927020;08;2;15;101;2023;04;14;4;3;6;7;0;0;0;1;1;0;0;0;465887,576299999840558;5427149,352299999445677;8,533650911000052;48,996301024000047;1
87933;08230405212010935870;08;2;12;000;2023;04;15;4;3;5;2;0;0;1;1;0;0;0;0;455671,639100000262260;5427565,892100000753999;8,393951171000026;48,999398853000059;1
87947;08230405111500130130;08;1;11;000;2023;04;21;4;2;0;7;2;0;1;0;0;0;0;1;515583,079699999652803;5408534,555400000885129;9,212327550000055;48,829593857000077;1
87950;08230404436300941610;08;4;36;081;2023;04;12;3;3;5;3;0;0;1;1;0;0;0;0;562013,804600000381470;5281467,417300000786781;9,826297559000068;47,683618892000027;1
87954;08230404435100925840;08;4;35;035;2023;04;15;3;3;3;6;0;0;1;0;0;0;0;0;543753,111100000329316;5284048,758500000461936;9,583259203000068;47,708337884000059;1
87957;08230404415400957980;08;4;15;061;2023;04;06;3;3;3;2;2;0;1;1;0;0;0;0;514306,069299999624491;5371179,712700000032783;9,193636215000026;48,493576856000061;1
87960;08230404337010938660;08;3;37;060;2023;04;16;3;3;6;7;0;0;0;1;1;0;0;0;467602,027999999932945;5277556,096999999135733;8,568589289000045;47,650590107000028;1
87961;08230414225100005940;08;2;25;115;2023;04;19;6;3;9;6;1;0;1;0;0;1;0;0;521874,390599999576807;5470032,023800000548363;9,301380655000060;49,382593970000073;1
87963;08230404335200928260;08;3;35;025;2023;04;11;3;2;0;1;0;0;1;0;0;0;0;0;496578,076799999922514;5279769,510800000280142;8,954415751000056;47,671307819000049;1
87964;08230404335000940320;08;3;35;063;2023;04;15;3;2;5;3;0;0;1;1;0;0;0;0;496587,073900000192225;5288548,038499999791384;8,954466855000021;47,750293897000063;1
87966;08230404317100928550;08;3;17;089;2023;04;06;3;3;5;3;1;0;1;1;0;0;0;0;431947,195000000298023;5375936,694000000134110;8,078171643000076;48,532844667000063;1
87970;08230404311010945640;08;3;11;000;2023;04;18;3;2;4;6;0;0;1;0;0;0;0;0;412962,964399999938905;5316211,315700000151992;7,833356672000036;47,993275557000061;1
87971;08230519311200058860;08;3;11;000;2023;05;00;6;3;0;1;2;0;1;0;0;0;0;0;415053,265899999998510;5320029,648199999704957;7,860612808000042;48,027904064000040;1
87974;08230404311010925080;08;3;36;091;2023;04;08;3;3;0;1;0;0;1;0;0;0;0;0;395419,536899999715388;5271965,470000000670552;7,608935286000076;47,592662752000081;1
87975;08230430212102005460;08;2;12;000;2023;04;18;1;3;0;7;0;0;1;0;0;0;0;0;463695,963700000196695;5424163,997500000521541;8,503957229000036;48,969321858000058;1
87977;08230404231000937720;08;2;31;000;2023;04;16;3;2;6;6;0;0;0;1;1;0;0;0;478514,956199999898672;5415938,032500000670552;8,706867385000066;48,896017266000058;1
87980;08230404221011930400;08;2;21;000;2023;04;15;3;3;6;4;0;0;1;0;1;0;0;0;477702,711600000038743;5473000,311300000175834;8,692626267000037;49,409277987000053;1
87981;08230404221011926850;08;2;21;000;2023;04;18;3;3;5;2;0;0;1;1;0;0;0;0;477664,843000000342727;5473211,800799999386072;8,692092349000063;49,411178913000072;1
87986;08230518211100107450;08;2;11;000;2023;05;16;5;3;0;2;0;0;1;0;0;0;0;1;440935,337399999611080;5407254,608500000089407;8,195436221000023;48,815467399000056;1
87996;08230404127100933700;08;1;27;076;2023;04;07;3;3;5;2;0;0;1;1;0;0;0;0;551896,912800000049174;5439432,996600000187755;9,711037624000028;49,105551705000039;1
87997;08230516317500067290;08;3;17;096;2023;05;07;3;3;1;5;0;0;1;1;0;0;0;0;421765,875400000251830;5370110,611400000751019;7,941372786000045;48,479253119000077;1
88005;08230404119010946320;08;1;19;042;2023;04;06;3;1;5;3;0;0;1;1;0;0;0;0;529284,901200000196695;5418102,591700000688434;9,399703399000032;48,915169066000033;1
88014;08230403435100924660;08;4;35;057;2023;04;22;2;3;5;3;2;0;1;1;0;0;0;0;544050,423999999649823;5280746,084000000730157;9,586888862000023;47,678602858000033;1
88027;08230403316100932950;08;3;16;017;2023;04;18;2;3;0;7;0;0;1;0;0;0;0;0;410890,352599999867380;5340037,141599999740720;7,800606055000060;48,207304907000037;1
88028;08230403316100924920;08;3;16;038;2023;04;17;2;3;0;1;0;0;1;0;0;0;0;0;397360,678000000305474;5333073,358999999240041;7,620233033000034;48,142626821000079;1
88038;08230427335400003500;08;3;35;079;2023;04;18;5;3;5;2;0;0;1;1;0;0;0;0;502440,992100000381470;5302139,630999999120831;9,032642752000072;47,872588428000029;1
88045;08230403136100943100;08;1;36;088;2023;04;15;2;2;5;3;0;0;1;1;0;0;0;0;580616,533999999985099;5413275,574999999254942;10,099273619000030;48,867198709000036;1
88046;08230427221011010430;08;2;21;000;2023;04;15;5;3;4;6;0;0;1;0;0;0;0;0;477687,706399999558926;5472942,377499999478459;8,692422675000046;49,408756331000063;1
88052;08230403125102924470;08;1;26;066;2023;04;20;2;3;6;4;2;0;0;1;1;0;0;0;538629,606700000353158;5451090,944700000807643;9,530390888000056;49,211391199000047;1
88055;08230515212010079340;08;2;12;000;2023;05;07;2;3;5;3;0;0;1;0;0;0;0;1;455146,127899999730289;5428124,058599999174476;8,386705263000067;49,004381654000042;1
88063;08230425435100981580;08;4;35;030;2023;04;06;3;3;6;4;1;1;0;1;1;0;0;0;540783,062300000339746;5271932,967800000682473;9,542537981000066;47,599522551000064;1
88066;08230403111500019090;08;1;11;000;2023;04;16;2;3;5;2;0;0;1;1;0;0;0;0;513896,478400000371039;5406101,389900000765920;9,189264447000028;48,807745496000052;1
88071;08230402335300939410;08;3;35;075;2023;04;11;1;3;5;3;0;0;1;1;0;0;0;0;487636,497999999672174;5289610,651000000536442;8,835023926000076;47,759745296000062;1
88089;08230612127100186580;08;1;27;076;2023;06;07;2;2;4;6;0;0;1;1;0;0;0;0;544910,686800000257790;5434222,945199999958277;9,614747103000070;49,059237306000057;1
88091;08230612119400162540;08;1;19;091;2023;06;08;2;3;0;1;0;0;1;0;0;0;0;0;530950,769000000320375;5401288,379000000655651;9,421169801000076;48,763833689000080;1
88092;08230612118300167670;08;1;18;046;2023;06;06;2;3;6;4;0;0;0;1;1;0;0;0;513143,940899999812245;5412140,115399999544024;9,179208900000049;48,862085224000054;1
88095;08230612117400171660;08;1;17;051;2023;06;20;2;2;4;2;0;0;1;1;0;0;0;0;543660,111399999819696;5395054,126399999484420;9,593446391000043;48,706991417000040;1
88099;08230612116200155680;08;1;16;077;2023;06;19;2;3;5;3;0;0;1;0;0;0;0;0;516035,146200000308454;5391729,766300000250340;9,217832603000033;48,678407524000079;1
88101;08230612116010190390;08;1;16;071;2023;06;18;2;3;0;6;0;0;1;0;0;1;0;0;529780,859100000001490;5390249,371099999174476;9,404453610000076;48,664585620000025;1
88104;08230612111310153280;08;1;11;000;2023;06;21;2;3;0;1;2;0;1;0;0;0;0;0;516589,754200000315905;5404541,783500000834465;9,225882498000033;48,793649435000077;1
88106;08230612111120165510;08;1;11;000;2023;06;20;2;3;5;2;0;0;1;1;0;0;0;0;516121,880099999718368;5405665,554899999871850;9,219556191000038;48,803771039000026;1
88113;08230611417200150290;08;4;17;002;2023;06;19;1;3;0;7;0;0;1;0;0;0;0;0;491666,350300000049174;5343036,946399999782443;8,887759480000057;48,240495455000030;1
88118;08230611335400207870;08;3;35;021;2023;06;10;1;3;0;1;0;0;1;0;0;0;0;0;492125,539099999703467;5300464,410700000822544;8,894727492000072;47,857472180000059;1
88119;08230611335100163050;08;3;35;043;2023;06;03;1;3;8;1;2;0;1;0;0;0;0;0;512326,117700000293553;5279848,987900000065565;9,164201055000035;47,671914494000077;1
88120;08230611325202165920;08;3;25;072;2023;06;11;1;3;8;7;0;0;1;0;0;0;0;0;471964,040799999609590;5330140,669199999421835;8,623256888000071;48,123906234000060;1
88121;08230611325102250100;08;3;25;057;2023;06;14;1;3;0;7;0;0;1;0;0;0;0;0;476385,918399999849498;5358980,534299999475479;8,681066877000035;48,383547801000077;1
88125;08230611316100161700;08;3;16;017;2023;06;00;1;3;0;7;2;0;1;0;0;0;0;0;406980,848699999973178;5342425,529200000688434;7,747473881000076;48,228226775000053;1
88129;08230611237100152800;08;2;37;028;2023;06;17;1;3;3;6;0;0;1;1;0;0;0;0;456554,054999999701977;5367862,304199999198318;8,412307487000021;48,462394399000061;1
88133;08230611225200182670;08;2;25;014;2023;06;20;1;3;3;3;0;0;1;1;0;0;0;0;525836,923600000329316;5485159,738399999216199;9,356961229000035;49,518508582000038;1
88144;08230611121600177800;08;1;25;059;2023;06;09;1;3;8;1;0;0;1;0;0;0;0;0;529473,979299999773502;5436784,980000000447035;9,403639733000034;49,083215557000074;1
88148;08230611118600148890;08;1;18;068;2023;06;12;1;3;0;7;0;0;1;0;0;0;0;0;500873,460900000296533;5423137,578299999237061;9,011932626000032;48,961154354000030;1
88149;08230611118500192160;08;1;18;021;2023;06;02;1;2;0;7;2;0;1;0;0;0;0;0;519853,255400000140071;5428970,325699999928474;9,271504926000034;49,013304830000038;1
88152;08230611118010186350;08;1;18;073;2023;06;18;1;2;0;7;0;0;1;0;0;0;0;0;496815,663099999539554;5423923,200300000607967;8,956491625000069;48,968213965000075;1
88155;08230611111000243260;08;1;11;000;2023;06;19;1;3;0;1;0;0;1;0;0;0;0;0;508472,076000000350177;5397649,599999999627471;9,115212395000071;48,731811162000042;1
88157;08230610435200149710;08;4;35;034;2023;06;16;7;3;5;3;0;0;1;1;0;0;0;0;529776,162899999879301;5284669,875299999490380;9,396984966000048;47,714722082000037;1
88160;08230610435100147270;08;4;35;016;2023;06;15;7;3;5;2;0;0;1;1;0;0;0;0;531544,121500000357628;5279568,599300000816584;9,420186441000055;47,668739747000075;1
88163;08230610416200178710;08;4;16;025;2023;06;11;7;3;6;3;0;0;0;1;1;0;0;0;503208,390599999576807;5361599,218699999153614;9,043353059000026;48,407540848000053;1
88168;08230610335400222220;08;3;35;099;2023;06;19;7;3;5;3;0;0;1;1;0;0;0;0;496934,800800000317395;5298810,522399999201298;8,959033494000039;47,842632399000081;1
88169;08230610335200222160;08;3;35;063;2023;06;13;7;2;0;3;0;0;1;0;0;0;0;1;498389,621700000017881;5289278,152899999171495;8,978512624000075;47,756870177000053;1
88170;08230610335100177670;08;3;35;066;2023;06;15;7;2;0;1;0;0;1;0;0;0;0;0;509180,840499999932945;5281716,755200000479817;9,122340980000047;47,688772359000041;1
88182;08230610311400203760;08;3;15;048;2023;06;10;7;3;5;3;0;0;1;1;0;0;0;0;394815,124499999918044;5307006,816800000146031;7,592423240000073;47,907757641000046;1
88185;08230610237100173520;08;2;37;028;2023;06;12;7;3;5;3;0;0;1;1;0;0;0;0;456791,479000000283122;5368076,463999999687076;8,415496822000023;48,464337333000060;1
88187;08230610231402222300;08;2;31;000;2023;06;22;7;3;9;1;2;0;1;0;0;0;0;0;475491,138899999670684;5415144,013000000268221;8,665660055000046;48,888762316000054;1
88192;08230610221200163950;08;2;21;000;2023;06;19;7;3;0;7;0;0;1;0;0;0;0;0;476597,102699999697506;5471965,010399999096990;8,677446425000028;49,399924102000057;1
88194;08230610216300179480;08;2;16;059;2023;06;08;7;3;5;3;0;0;1;1;0;0;0;0;452874,464700000360608;5396842,783299999311566;8,359248786000023;48,722829050000030;1
88195;08230610216200164330;08;2;11;000;2023;06;09;7;3;6;4;0;0;0;1;1;0;0;0;439340,313199999742210;5398249,812400000169873;8,175039817000027;48,734315267000056;1
88202;08230610211000158630;08;3;17;001;2023;06;17;7;2;5;3;0;0;1;1;0;0;0;0;427074,969200000166893;5391025,797900000587106;8,009533194000028;48,668022341000039;1
88207;08230610119300163320;08;1;19;061;2023;06;06;7;2;4;2;0;0;1;1;0;0;0;0;540108,524400000460446;5415804,702600000426173;9,547200905000068;48,893892166000057;1
88211;08230610118100174020;08;1;18;010;2023;06;11;7;3;8;1;0;0;1;0;0;0;0;0;505902,621799999848008;5432053,587999999523163;9,080767130000027;49,041331696000043;1
88215;08230610116500147280;08;1;16;073;2023;06;17;7;3;8;1;0;0;1;0;0;0;0;0;521702,655899999663234;5388744,701899999752641;9,294666490000054;48,651382512000055;1
88217;08230610115100187450;08;1;15;003;2023;06;21;7;3;4;6;2;0;1;0;0;0;0;1;500253,751699999906123;5393362,872199999168515;9,003448156000047;48,693305015000078;1
88219;08230609435200151380;08;4;35;034;2023;06;13;6;3;8;1;0;0;1;0;0;0;0;0;527274,960699999704957;5283813,790400000289083;9,363585315000023;47,707130003000032;1
88221;08230609435100145230;08;4;35;029;2023;06;13;6;2;9;1;0;0;1;0;0;0;0;0;543290,057900000363588;5271594,700699999928474;9,575853515000063;47,596316461000072;1
88222;08230609426100154050;08;4;26;071;2023;06;00;6;3;0;1;2;0;1;0;0;0;0;0;563261,585799999535084;5333739,946900000795722;9,850595640000051;48,153758978000042;1
88223;08230609426100145180;08;4;26;135;2023;06;12;6;3;4;6;0;0;1;0;0;0;0;0;574445,554999999701977;5332367,224999999627471;10,000709701000062;48,140199472000063;1
88228;08230609317200147390;08;3;17;057;2023;06;20;6;2;5;2;1;0;1;1;0;0;0;0;412612,161399999633431;5381024,022700000554323;7,815247342000021;48,576207345000057;1
88229;08230609317200146990;08;3;17;057;2023;06;12;6;3;0;1;0;0;1;0;0;0;0;0;411977,880300000309944;5380993,018300000578165;7,806656635000024;48,575839693000034;1
88233;08230609311010176990;08;3;15;131;2023;06;07;6;3;5;3;0;0;1;0;0;0;0;0;404889,352300000376999;5310204,047199999913573;7,726493799000025;47,938090172000045;1
88239;08230609222700219960;08;2;22;000;2023;06;23;6;3;4;6;2;0;1;0;0;0;0;0;462462,153300000354648;5482167,992000000551343;8,481669827000076;49,490987780000069;1
88244;08230609212402145520;08;2;12;000;2023;06;14;6;3;5;3;0;0;1;1;0;0;0;0;456439,916100000031292;5424563,148600000888109;8,404776103000074;48,972443410000039;1
88247;08230609136300173330;08;1;36;034;2023;06;15;6;3;0;7;0;0;1;0;0;0;0;0;563505,383899999782443;5410466,545700000599027;9,865544704000058;48,843920284000035;1
88260;08230609116100158880;08;1;16;037;2023;06;18;6;3;9;7;0;0;1;0;0;0;0;0;536226,875099999830127;5401316,733400000259280;9,492965567000056;48,763804027000049;1
88264;08230608437200143570;08;4;37;078;2023;06;17;5;3;0;1;0;0;1;0;0;0;0;0;510349,201600000262260;5316906,834699999541044;9,138752031000024;48,005373990000066;1
88266;08230608435100167850;08;4;35;016;2023;06;10;5;3;5;3;0;0;1;1;0;0;0;0;536930,110600000247359;5278836,385999999940395;9,491866592000065;47,661866584000052;1
88268;08230608426100144600;08;4;26;021;2023;06;18;5;2;0;1;0;0;1;0;0;0;0;0;558224,464499999769032;5328208,976800000295043;9,782118991000061;48,104482796000070;1
88269;08230608416010166870;08;4;15;061;2023;06;21;5;2;3;7;2;0;1;0;0;0;0;0;517238,622800000011921;5375665,659399999305606;9,233514122000031;48,533860184000048;1
88275;08230608335400147190;08;3;35;021;2023;06;15;5;2;2;6;0;0;1;0;0;0;0;0;492244,830099999904633;5301351,495999999344349;8,896306358000061;47,865455084000075;1
88279;08230609336400173540;08;3;36;091;2023;06;09;6;3;0;7;0;1;1;0;0;0;1;0;395519,009800000116229;5271907,778100000694394;7,610271754000053;47,592159839000033;1
88282;08230608317500142850;08;3;17;151;2023;06;03;5;3;0;7;2;0;1;0;0;0;0;0;412200,707799999974668;5369600,707900000736117;7,812075940000057;48,473403706000056;1
88283;08230608317100145780;08;3;17;153;2023;06;12;5;3;2;6;0;0;1;0;0;0;0;0;425853,835699999704957;5390249,474999999627471;7,993089551000025;48,660895724000056;1
88288;08230608311010169970;08;3;15;064;2023;06;23;5;1;6;6;2;0;1;0;1;0;0;0;422437,152400000020862;5313580,343399999663234;7,960800781000046;47,970827502000077;1
88296;08230608128100144480;08;1;28;007;2023;06;13;5;3;0;7;0;0;1;0;0;0;0;0;552596,256699999794364;5472651,343000000342727;9,724981376000073;49,404274737000037;1
88302;08230608119300171990;08;1;19;001;2023;06;14;5;3;5;2;0;1;1;1;0;0;0;0;552674,420900000259280;5410311,260900000110269;9,717917816000067;48,843537172000026;1
88304;08230608118100169780;08;1;18;074;2023;06;15;5;3;0;7;0;0;1;0;0;0;0;0;510797,577999999746680;5428162,569000000134110;9,147642345000065;49,006263531000059;1
88308;08230608118000178080;08;1;18;049;2023;06;10;5;2;0;1;0;0;1;0;0;0;0;0;522551,003999999724329;5417276,380000000819564;9,307749809000029;48,908018675000051;1
88310;08230608116100225590;08;1;16;004;2023;06;14;5;2;0;7;0;0;1;1;0;0;0;0;528053,200000000186265;5396626,354000000283122;9,381423933000065;48,722032297000055;1
88311;08230608116100162930;08;1;16;058;2023;06;13;5;3;0;1;0;0;1;0;0;0;0;0;534235,895999999716878;5397001,619500000029802;9,465515169000071;48,725099172000057;1
88314;08230607437000147250;08;4;37;100;2023;06;16;4;3;5;3;0;0;1;1;0;0;0;0;537983,831100000068545;5317478,263599999248981;9,509291238000060;48,009470113000077;1
88317;08230607435100141790;08;4;35;016;2023;06;12;4;3;5;3;0;0;1;1;0;0;0;0;539035,189000000245869;5279834,421000000089407;9,519991834000052;47,670722630000057;1
88318;08230607426100143270;08;4;26;066;2023;06;17;4;3;4;6;0;0;1;0;0;0;0;0;583814,985500000417233;5324687,748500000685453;10,125122548000036;48,069954954000082;1
88323;08230607335010170680;08;3;35;022;2023;06;06;4;3;0;1;0;0;1;0;0;0;0;0;482766,152300000190735;5299377,201899999752641;8,769647315000043;47,847507283000027;1
88328;08230607311400170430;08;3;15;076;2023;06;19;4;3;5;3;0;0;1;1;0;0;0;0;392446,360899999737740;5296112,734300000593066;7,563444788000027;47,809377154000060;1
88331;08230607311010141130;08;3;11;000;2023;06;07;4;3;5;2;0;0;1;1;0;0;0;0;413263,833399999886751;5315866,308399999514222;7,837458371000025;47,990212980000081;1
88333;08230607235100170050;08;2;35;079;2023;06;18;4;3;2;6;0;0;1;0;0;0;0;0;467546,657999999821186;5401707,550699999555945;8,558351143000039;48,767527906000055;1
88344;08230607216300141830;08;2;16;024;2023;06;14;4;3;1;5;0;0;1;1;0;0;0;0;445333,153900000266731;5408946,076799999922514;8,255111197000076;48,831084905000068;1
88346;08230607216200143000;08;2;16;007;2023;06;18;4;3;0;1;0;0;1;0;0;0;0;0;436770,135999999940395;5394823,961999999359250;8,140615048000029;48,703244068000060;1
88356;08230607121400157180;08;1;25;061;2023;06;17;4;2;8;1;0;0;1;0;0;0;0;0;503330,907100000418723;5447238,107000000774860;9,045702985000048;49,177942417000054;1
88360;08230607118100142580;08;1;18;071;2023;06;19;4;3;5;2;0;0;1;1;0;0;0;0;509236,402999999932945;5418695,376000000163913;9,126080569000067;48,921125301000075;1