OID_;UIDENTSTLAE;ULAND;UREGBEZ;UKREIS;UGEMEINDE;UJAHR;UMONAT;USTUNDE;UWOCHENTAG;UKATEGORIE;UART;UTYP1;ULICHTVERH;IstStrassenzustand;IstRad;IstPKW;IstFuss;IstKrad;IstGkfz;IstSonstige;LINREFX;LINREFY;XGCSWGS84;YGCSWGS84;PLST
88363;08230607115100156340;08;1;15;003;2023;06;12;4;3;4;6;0;0;1;0;0;0;0;0;503145,088499999605119;5392981,433199999853969;9,042734755000026;48,689865677000057;1
88365;08230607111500165660;08;1;11;000;2023;06;21;4;3;3;6;2;0;1;1;0;0;0;0;515267,730100000277162;5405015,467299999669194;9,207899841000028;48,797944505000032;1
88368;08230606435100161140;08;4;35;016;2023;06;01;3;3;0;1;2;0;1;0;0;0;0;0;534283,925800000317395;5279500,180099999532104;9,456675744000052;47,667984698000055;1
88369;08230606435100141400;08;4;35;057;2023;06;10;3;3;4;2;0;0;1;1;0;0;0;0;544459,053899999707937;5279569,106100000441074;9,592212960000040;47,667985354000052;1
88371;08230606426100140380;08;4;26;038;2023;06;09;3;3;3;6;0;0;1;0;0;0;0;0;562679,070199999958277;5319217,719200000166893;9,840632336000056;48,023173605000068;1
88373;08230606417200150460;08;4;17;054;2023;06;15;3;3;2;6;0;0;1;1;0;0;0;0;479434,574300000444055;5348110,281899999827147;8,722772327000030;48,285859748000064;1
88377;08230606335400157950;08;3;35;099;2023;06;20;3;3;8;1;0;0;1;0;0;0;0;0;498092,646800000220537;5298883,234799999743700;8,974507828000071;47,843291103000070;1
88378;08230606335300145010;08;3;35;100;2023;06;16;3;3;8;1;0;0;1;0;0;0;0;0;490013,568400000222027;5285738,083200000226498;8,866831866000041;47,724942811000062;1
88381;08230606317100165670;08;3;17;001;2023;06;18;3;2;5;3;0;0;1;1;0;0;0;0;431205,055700000375509;5389498,172199999913573;8,065873928000030;48,654750043000035;1
88383;08230606311010149640;08;3;11;000;2023;06;19;3;3;5;2;0;0;1;0;0;0;0;0;408000,875000000000000;5314788,911000000312924;7,767165185000067;47,979786172000047;1
88384;08230606311010140740;08;3;11;000;2023;06;17;3;3;5;2;0;0;1;1;0;0;0;0;413083,564699999988079;5315395,291400000452995;7,835138069000038;47,985951544000045;1
88389;08230606221300204920;08;2;21;000;2023;06;18;3;3;4;2;0;0;1;1;0;0;0;0;477170,145899999886751;5474809,027799999341369;8,685180782000032;49,425527331000069;1
88390;08230606221200209670;08;2;21;000;2023;06;17;3;3;3;6;0;0;1;1;0;0;0;0;477707,581899999640882;5472638,125099999830127;8,692713737000076;49,406020355000067;1
88393;08230606215202152310;08;2;15;100;2023;06;16;3;3;3;6;0;0;1;0;0;0;0;1;474745,441700000315905;5452156,578600000590086;8,653179212000055;49,221673956000075;1
88395;08230606212010166630;08;2;12;000;2023;06;18;3;3;5;3;0;0;1;1;0;0;0;0;458097,451100000180304;5427619,618699999526143;8,427109077000068;49,000051564000046;1
88398;08230606212010139270;08;2;12;000;2023;06;09;3;3;5;2;0;0;1;1;0;0;0;0;455662,849000000394881;5427452,452999999746680;8,393843384000036;48,998377824000045;1
88400;08230606136300245470;08;1;36;065;2023;06;18;3;3;5;3;0;0;1;1;0;0;0;0;558876,735000000335276;5405898,176999999210238;9,801809566000031;48,803284090000034;1
88414;08230606116010158840;08;1;16;058;2023;06;16;3;3;5;3;0;0;1;1;0;0;0;0;533307,504999999888241;5395061,015599999576807;9,452735314000051;48,707692232000056;1
88415;08230606115100149490;08;1;15;051;2023;06;08;3;2;0;7;0;0;1;0;0;0;0;0;504994,736399999819696;5385460,695100000128150;9,067776585000047;48,622195927000064;1
88428;08230605335200138900;08;3;35;025;2023;06;14;2;3;0;1;0;0;1;0;0;0;0;0;499433,177600000053644;5282128,156999999657273;8,992446160000043;47,692538988000081;1
88434;08230605317300138870;08;3;17;059;2023;06;17;2;2;0;7;0;0;1;0;0;0;0;0;413714,036100000143051;5352240,060799999162555;7,836114382000062;48,317459365000047;1
88450;08230605211100139960;08;2;11;000;2023;06;15;2;3;1;6;0;0;1;0;0;0;0;1;442397,973899999633431;5405798,048599999397993;8,215562315000057;48,802502866000054;1
88452;08230605127202166670;08;1;27;014;2023;06;16;2;3;6;4;0;0;0;1;1;0;0;0;578230,972599999979138;5443277,642599999904633;10,072529969000072;49,137344111000061;1
88453;08230605121500138580;08;1;25;069;2023;06;10;2;3;0;7;0;0;1;0;0;0;0;0;524352,153800000436604;5454126,197599999606609;9,334547907000058;49,239427422000063;1
88463;08230605111500205580;08;1;11;000;2023;06;09;2;3;0;7;0;0;1;0;0;0;0;0;512489,991000000387430;5402323,360999999567866;9,169993896000051;48,773788566000064;1
88464;08230605111500148540;08;1;11;000;2023;06;17;2;2;5;2;0;0;1;0;0;0;1;0;516115,575000000186265;5405651,225400000810623;9,219469763000063;48,803642297000067;1
88465;08230604437200138290;08;4;37;065;2023;06;13;1;3;0;1;0;0;1;0;0;0;0;0;518450,327499999664724;5318398,122800000011921;9,247427407000032;48,018608709000034;1
88469;08230604435200145690;08;4;35;066;2023;06;21;1;3;4;1;1;0;1;0;0;0;0;0;517914,683600000105798;5286811,457699999213219;9,238934064000034;47,734429160000047;1
88471;08230604426300158810;08;4;26;045;2023;06;18;1;3;0;1;0;0;1;0;0;0;0;0;531349,077300000004470;5328388,606200000271201;9,421134290000055;48,107988779000038;1
88475;08230604416100154750;08;4;16;050;2023;06;09;1;2;7;7;0;0;1;0;0;0;0;0;484877,916899999603629;5365806,180099999532104;8,795513226000025;48,445215341000051;1
88478;08230604415400147900;08;4;15;061;2023;06;13;1;3;0;7;0;0;1;0;0;0;0;0;514944,618900000117719;5374456,034800000488758;9,202396428000043;48,523036873000081;1
88479;08230604335300145380;08;3;35;080;2023;06;12;1;3;0;7;0;0;1;0;0;0;0;0;474070,101900000125170;5298021,471200000494719;8,653496410000059;47,835017363000077;1
88482;08230604326400162430;08;3;26;074;2023;06;14;1;3;5;2;0;0;1;0;0;0;0;0;459898,300400000065565;5327395,123400000855327;8,461383741000077;48,098559779000027;1
88483;08230604317300154690;08;3;17;152;2023;06;19;1;2;0;1;0;0;1;0;0;0;0;0;409330,818699999712408;5348157,203700000420213;7,777881099000069;48,280122017000053;1
88485;08230604317100137610;08;3;17;110;2023;06;16;1;2;0;1;0;0;1;0;0;0;0;0;425512,902700000442564;5388910,646900000050664;7,988701313000035;48,648812734000046;1
88486;08230604311500161190;08;3;15;052;2023;06;12;1;3;0;7;0;1;1;0;0;0;0;1;433177,691300000064075;5303070,859200000762939;8,106314745000077;47,877493746000027;1
88489;08230604311000454960;08;3;36;081;2023;06;10;1;3;5;7;0;0;1;1;0;0;0;0;409979,650000000372529;5279730,684499999508262;7,800960896000049;47,664702031000047;1
88492;08230611317600181420;08;3;17;040;2023;06;12;1;3;0;1;0;0;1;0;0;0;0;0;432075,643299999646842;5347597,823300000280142;8,084498280000048;48,277939276000041;1
88496;08230604216100162370;08;2;16;009;2023;06;14;1;3;5;3;0;0;1;1;0;0;0;0;447417,443300000391901;5418753,538799999281764;8,282248277000065;48,919484067000042;1
88501;08230604136300136380;08;1;36;065;2023;06;08;1;3;2;5;0;0;1;1;0;0;0;0;564674,237399999983609;5397442,233999999240041;9,879424101000041;48,726647342000035;1
88503;08230604128200185160;08;1;28;139;2023;06;01;1;3;0;1;2;0;1;0;0;0;0;0;550798,612499999813735;5490598,090900000184774;9,702510637000046;49,565843762000043;1
88505;08230604127010147490;08;1;27;100;2023;06;13;1;3;0;1;0;0;1;0;0;0;0;0;552924,109299999661744;5435647,270099999383092;9,724614319000068;49,071412479000060;1
88513;08230604119100146150;08;1;19;003;2023;06;20;1;3;0;7;0;0;1;0;0;0;0;0;534326,434500000439584;5417475,051999999210238;9,468459205000045;48,909265067000035;1
88518;08230604116400136060;08;1;16;033;2023;06;03;1;3;5;6;2;0;1;1;0;0;0;0;532342,806900000199676;5388862,747300000861287;9,439138016000072;48,651984294000044;1
88519;08230604116200138500;08;1;16;078;2023;06;12;1;3;0;1;0;0;1;0;0;0;0;0;510801,322700000368059;5393254,559599999338388;9,146772854000062;48,692237185000067;1
88520;08230604116200138040;08;1;16;078;2023;06;18;1;2;0;1;0;0;1;0;0;0;0;0;512347,741399999707937;5391196,924599999561906;9,167724671000030;48,673697860000061;1
88524;08230604111120176000;08;1;11;000;2023;06;15;1;3;0;7;0;0;1;0;0;0;0;0;513763,890399999916553;5402164,946100000292063;9,187326795000047;48,772336601000063;1
88525;08230603436100141690;08;4;36;055;2023;06;10;7;3;0;6;0;0;1;0;0;0;0;1;570571,999900000169873;5299988,533399999141693;9,943323722000059;47,849363345000029;1
88526;08230603435200135410;08;4;35;059;2023;06;13;7;3;5;3;0;0;1;1;0;0;0;0;512688,189399999566376;5290681,463999999687076;9,169339885000056;47,769373647000066;1
88531;08230603415400155260;08;4;15;061;2023;06;14;7;3;0;6;0;0;1;0;0;0;0;0;514692,562699999660254;5369898,761600000783801;9,198822415000052;48,482044032000033;1
88535;08230603335300454880;08;3;35;100;2023;06;08;7;3;0;1;0;0;1;0;0;0;0;0;487661,133999999612570;5286772,516599999740720;8,835433176000038;47,734209516000078;1
88538;08230603325069138910;08;3;26;074;2023;06;00;7;1;4;6;2;0;1;1;0;0;0;0;460919,117200000211596;5323179,841900000348687;8,475479640000060;48,060699665000072;1
88540;08230603317600143070;08;3;17;129;2023;06;11;7;3;7;7;0;1;1;1;0;0;0;0;429489,398199999704957;5349578,885500000789762;8,049314397000046;48,295477152000046;1
88549;08230603231202149350;08;2;36;004;2023;06;14;7;2;0;7;0;0;1;0;0;0;0;0;473191,624400000087917;5414579,553200000897050;8,634328675000063;48,883589442000073;1
88554;08230603221300137070;08;2;21;000;2023;06;16;7;3;0;7;0;0;1;0;0;0;0;0;477670,874499999918044;5473569,647099999710917;8,692155368000044;49,414397905000044;1
88555;08230603221200154420;08;2;21;000;2023;06;16;7;2;6;4;0;0;1;0;1;0;0;0;477770,972799999639392;5473033,466299999505281;8,693565394000075;49,409578708000026;1
88558;08230603212402136190;08;2;12;000;2023;06;14;7;3;5;3;0;0;1;0;0;0;0;1;455684,028599999845028;5427719,631799999624491;8,394103773000040;49,000782648000040;1
88559;08230603212010168440;08;2;12;000;2023;06;18;7;3;5;3;0;0;1;1;0;0;0;0;453319,519700000062585;5427158,848099999129772;8,361842259000070;48,995564081000055;1
88561;08230603136100135930;08;1;36;088;2023;06;09;7;3;5;3;0;0;1;0;0;0;0;1;580478,581799999810755;5411090,635199999436736;10,096963352000046;48,847564865000038;1
88562;08230603136100135490;08;1;36;045;2023;06;17;7;3;0;7;0;0;1;0;0;0;0;0;594376,820000000298023;5405507,735999999567866;10,285072617000026;48,795396537000045;1
88567;08230603119200160690;08;1;19;020;2023;06;15;7;2;0;7;0;0;1;0;0;0;0;0;519145,420599999837577;5406698,135199999436736;9,260780099000044;48,812974169000029;1
88577;08230603111250136250;08;1;11;000;2023;06;18;7;3;1;5;0;0;1;1;0;0;0;0;514846,595700000412762;5403556,788899999111891;9,202112603000046;48,784832598000037;1
88580;08230603111110155250;08;1;11;000;2023;06;13;7;3;0;1;0;0;1;0;0;0;0;0;512629,445500000379980;5402491,748600000515580;9,171897092000052;48,775300554000069;1
88581;08230602436300153380;08;4;36;081;2023;06;15;6;3;4;6;0;0;1;0;0;0;0;0;560245,110999999567866;5279819,244999999180436;9,802505764000045;47,668957876000036;1
88584;08230602435100150800;08;4;35;035;2023;06;10;6;3;4;2;0;0;1;0;0;0;0;1;542211,680100000463426;5283174,387599999085069;9,562627243000065;47,700573577000057;1
88588;08230602425000141280;08;4;25;071;2023;06;23;6;3;0;7;2;0;1;0;0;0;0;0;550665,128999999724329;5370945,016000000759959;9,685713150000026;48,489585784000042;1
88595;08230602327100194260;08;3;27;054;2023;06;15;6;3;5;6;0;0;1;1;0;0;0;0;483168,079300000332296;5316074,249800000339746;8,774367207000068;47,997745274000067;1
88605;08230602235100194430;08;2;35;079;2023;06;06;6;2;5;3;0;0;1;1;0;0;0;0;467125,614000000059605;5400436,480000000447035;8,552722989000074;48,756071617000032;1
88610;08230602222700156520;08;2;22;000;2023;06;16;6;2;5;3;0;0;1;1;0;0;0;0;462472,425099999643862;5480294,460799999535084;8,481989459000033;49,474136952000038;1
88616;08230602212702197810;08;2;15;110;2023;06;14;6;3;5;3;0;0;1;1;0;0;0;0;460325,114299999549985;5418115,756200000643730;8,458490387000040;48,914708856000061;1
88617;08230602212702135240;08;2;15;108;2023;06;15;6;3;2;6;0;0;1;0;0;0;0;0;451304,278500000014901;5426265,346699999645352;8,334401358000036;48,987371356000040;1
88621;08230602136200154090;08;1;36;019;2023;06;15;6;2;5;3;0;0;1;0;0;0;0;0;582680,670699999667704;5424658,749399999156594;10,129720959000053;48,969307209000078;1
88622;08230602135200152120;08;1;35;019;2023;06;16;6;3;5;3;0;0;1;1;0;0;0;0;584509,623999999836087;5392590,051599999889731;10,148097582000048;48,680631610000034;1
88630;08230603215402136730;08;2;15;109;2023;06;17;7;3;5;3;0;0;1;1;0;0;0;0;465623,760200000368059;5439381,505300000309944;8,529006162000030;49,106317451000052;1
88631;08230602117010135570;08;4;25;141;2023;06;15;6;2;6;7;0;0;1;0;1;0;0;0;566300,257600000128150;5363117,929300000891089;9,896058816000050;48,417723202000047;1
88636;08230601437100136480;08;4;37;124;2023;06;08;5;3;5;3;0;0;1;0;0;0;0;1;512886,742999999783933;5302447,322000000625849;9,172339849000025;47,875232149000055;1
88638;08230601435100134880;08;4;35;029;2023;06;16;5;3;3;2;0;0;1;1;0;0;0;0;544916,641300000250340;5275416,757500000298023;9,597881332000043;47,630594019000057;1
88641;08230601426200152260;08;4;26;001;2023;06;16;5;3;0;7;0;0;1;0;0;0;0;0;567395,513899999670684;5345536,707299999892712;9,908046228000046;48,259454753000057;1
88645;08230607225100180440;08;2;25;058;2023;06;20;4;3;3;6;0;0;1;1;0;0;0;0;513341,189699999988079;5465891,908500000834465;9,183674120000035;49,345600328000046;1
88653;08230601335200148920;08;3;35;061;2023;06;17;5;3;0;1;1;0;1;0;0;0;0;0;495651,378200000151992;5279129,003799999132752;8,942077362000020;47,665539157000069;1
88654;08230601326100137570;08;3;26;005;2023;06;11;5;3;0;1;0;0;1;1;0;0;0;0;465053,302400000393391;5298603,468499999493361;8,532960711000044;47,839826789000028;1
88656;08230601317000145420;08;3;17;150;2023;06;11;5;3;5;3;0;0;1;1;0;0;0;0;409230,072499999776483;5353810,709000000730157;7,775307326000075;48,330958886000076;1
88661;08230601311010133680;08;3;11;000;2023;06;10;5;1;6;4;0;0;0;0;1;0;0;1;412968,020999999716878;5314935,089500000700355;7,833683145000066;47,981796157000076;1
88662;08230601235200171330;08;2;35;080;2023;06;07;5;3;5;3;0;0;1;0;0;0;0;1;484513,339700000360608;5390820,902400000020862;8,789652398000044;48,670245171000033;1
88669;08230603416200197910;08;4;16;041;2023;06;23;7;3;9;1;2;0;1;0;0;0;0;0;505570,416000000201166;5373303,100999999791384;9,075425498000072;48,512817856000026;1
88673;08230601215102153000;08;2;15;090;2023;06;16;5;3;6;4;0;0;0;1;1;0;0;0;465815,841699999757111;5433746,669299999251962;8,532114196000066;49,055641743000081;1
88674;08230601212402133650;08;2;12;000;2023;06;09;5;3;0;7;0;0;1;0;0;0;0;0;455635,314899999648333;5427032,373700000345707;8,393512850000036;48,994597183000053;1
88688;08230606111500167770;08;1;11;000;2023;06;18;3;2;5;2;0;0;1;0;0;0;1;0;519512,458700000308454;5401219,249399999156594;9,265519307000034;48,763675507000073;1
88698;08230531426010116720;08;4;25;093;2023;05;17;4;3;4;6;0;0;1;1;0;0;0;0;559553,570299999788404;5348308,211400000378489;9,802790583000046;48,285172617000057;1
88700;08230531421300105800;08;4;25;039;2023;05;16;4;3;5;3;0;0;1;1;0;0;0;0;565672,404600000008941;5352299,392100000753999;9,885884674000067;48,320470510000064;1
88711;08230531311010125030;08;3;11;000;2023;05;10;4;3;2;6;0;0;1;0;0;0;0;0;411897,200699999928474;5315213,362700000405312;7,819279112000061;47,984152719000065;1
88712;08230531311010122100;08;3;11;000;2023;05;19;4;2;5;6;0;0;1;1;0;0;0;0;413069,580099999904633;5315388,956599999219179;7,834951969000031;47,985892660000047;1
88713;08230531311010122030;08;3;11;000;2023;05;08;4;3;5;3;0;0;1;0;0;0;0;0;410169,814899999648333;5315476,001399999484420;7,796079627000040;47,986274948000073;1
88715;08230531311010113430;08;3;11;000;2023;05;21;4;2;6;7;2;0;0;1;1;0;0;0;412814,759700000286102;5315332,418700000271201;7,831549061000032;47,985349397000050;1
88716;08230531231000124500;08;2;37;028;2023;05;15;4;3;0;1;0;0;1;0;0;0;0;0;455375,098899999633431;5365400,614499999210238;8,396623112000043;48,440166557000055;1
88721;08230531221200127690;08;2;21;000;2023;05;17;4;3;3;2;0;0;1;1;0;0;0;0;476327,961400000378489;5471768,450500000268221;8,673748725000053;49,398145669000030;1
88722;08230531221011120810;08;2;26;056;2023;05;15;4;3;3;5;0;0;1;0;0;0;0;1;486064,433100000023842;5471418,809800000861287;8,807949303000044;49,395301435000079;1
88723;08230531221011103230;08;2;21;000;2023;05;09;4;3;3;2;0;0;1;1;0;0;0;0;476595,633899999782443;5472420,317900000140071;8,677399354000045;49,404019466000079;1
88725;08230531212702123810;08;2;15;017;2023;05;16;4;3;5;3;0;0;1;1;0;0;0;0;458110,466500000096858;5420453,425100000575185;8,428024806000053;48,935590976000071;1
88727;08230531212010112730;08;2;12;000;2023;05;16;4;2;5;3;0;0;1;1;0;0;0;0;458107,234400000423193;5427629,655500000342727;8,427241792000075;49,000142511000035;1
88732;08230531211100105610;08;2;11;000;2023;05;15;4;3;3;6;0;0;1;0;0;0;0;0;441409,472799999639392;5405050,852299999445677;8,202208631000076;48,795689401000061;1
88735;08230607211100142450;08;2;11;000;2023;06;10;4;3;5;3;0;0;1;1;0;0;0;0;441423,128999999724329;5403726,278799999505281;8,202583392000065;48,783776051000075;1
88748;08230603126200155660;08;1;26;085;2023;06;19;7;3;6;4;0;0;0;1;1;0;0;0;546729,526499999687076;5448353,425499999895692;9,641279003000022;49,186203734000060;1
88754;08230531116010122220;08;1;16;078;2023;05;17;4;2;6;4;0;0;0;0;1;1;0;0;508541,911399999633431;5394341,638100000098348;9,116093595000052;48,702051644000051;1
88757;08230531111500140030;08;1;11;000;2023;05;15;4;3;5;2;0;0;1;1;0;0;0;0;513060,088399999774992;5406923,925000000745058;9,177899387000025;48,815163054000038;1
88759;08230530436000120840;08;4;36;009;2023;05;18;3;2;5;3;0;0;1;1;0;0;0;0;551815,286399999633431;5302006,080399999395013;9,692870170000049;47,869300899000052;1
88760;08230530435100114820;08;4;35;016;2023;05;12;3;3;4;6;0;0;1;0;0;0;0;0;535139,667600000277162;5282015,636199999600649;9,468276662000051;47,690571307000027;1
88763;08230530416010120080;08;4;15;059;2023;05;13;3;2;5;3;0;0;1;1;0;0;0;0;511907,881000000052154;5366145,156999999657273;9,161032908000038;48,448333951000052;1
88770;08230530335100120950;08;3;35;043;2023;05;17;3;2;5;3;0;0;1;0;0;0;0;0;514436,853299999609590;5279922,227299999445677;9,192321263000053;47,672529793000081;1
88782;08230530311010122110;08;3;11;000;2023;05;18;3;3;3;2;0;0;1;1;0;0;0;0;413163,512199999764562;5315618,805700000375509;7,836164097000051;47,987972993000028;1
88783;08230601115100148080;08;1;15;051;2023;06;08;5;3;5;3;0;0;1;1;0;0;0;0;505135,203900000080466;5382358,003799999132752;9,069644279000045;48,594282282000052;1
88797;08230530212010124030;08;2;12;000;2023;05;10;3;3;5;2;0;0;1;1;0;0;0;0;452987,849999999627471;5428939,078999999910593;8,357102278000070;49,011552170000073;1
88800;08230530135010117650;08;4;25;085;2023;05;12;3;2;4;2;0;0;1;0;0;1;0;0;581509,638000000268221;5376010,484999999403954;10,104093745000057;48,531904686000075;1
88814;08230529437000104310;08;4;37;107;2023;05;17;2;3;6;4;0;0;0;0;1;1;0;0;502701,545099999755621;5329595,449899999424815;9,036299914000040;48,119612650000079;1
88815;08230529436500119360;08;4;36;055;2023;05;15;2;2;3;2;0;0;1;0;0;1;0;1;580650,593000000342727;5291802,760999999940395;10,076496339000073;47,774539193000066;1
88816;08230529436400094670;08;4;36;082;2023;05;19;2;3;0;1;0;0;1;0;0;0;0;0;547994,255800000391901;5295600,085200000554323;9,641068621000045;47,811963920000039;1
88817;08230529436200098020;08;4;36;064;2023;05;17;2;3;0;7;0;0;1;0;0;0;0;0;545133,101099999621511;5286993,909399999305606;9,601959574000034;47,734740813000030;1
88820;08230529426010093740;08;4;25;039;2023;05;19;2;3;8;1;0;0;1;0;0;0;0;0;564929,662100000306964;5350135,033900000154972;9,875533561000054;48,301077436000071;1
88825;08230529415300110810;08;4;15;073;2023;05;14;2;3;7;7;0;0;1;0;0;0;0;0;515813,901200000196695;5348275,868599999696016;9,213182528000061;48,287486040000033;1
88826;08230529415200093790;08;4;15;053;2023;05;10;2;3;8;1;0;0;1;0;0;0;0;0;534141,053000000305474;5364653,626199999824166;9,461568576000047;48,434102405000033;1
88827;08230529336400114890;08;3;36;084;2023;05;16;2;3;8;1;0;0;1;0;0;0;0;0;402685,261199999600649;5284326,554500000551343;7,702802206000058;47,704987260000053;1
88832;08230529335010095840;08;3;35;035;2023;05;15;2;2;4;6;0;0;1;0;0;0;0;0;484316,880900000222027;5291290,889399999752641;8,790667247000044;47,774791013000026;1
88839;08230529317100093260;08;3;17;089;2023;05;15;2;3;0;1;0;0;1;0;0;0;0;0;431904,796299999579787;5373643,504200000315905;8,077971897000054;48,512212368000064;1
88841;08230529311010121470;08;3;15;084;2023;05;16;2;2;8;1;0;0;1;0;0;0;0;0;417400,414300000295043;5305190,593900000676513;7,894939701000055;47,894726228000081;1
88849;08230529231000117730;08;2;31;000;2023;05;17;2;3;5;3;0;0;1;1;0;0;0;0;476113,764000000432134;5415536,610999999567866;8,674130558000058;48,892318299000067;1
88851;08230529226600112060;08;2;26;031;2023;05;14;2;2;5;3;0;0;1;1;0;0;0;0;472337,848899999633431;5493657,736700000241399;8,617225187000031;49,594863662000080;1
88859;08230529135010094750;08;1;35;019;2023;05;11;2;3;5;3;0;0;1;1;0;0;0;0;585098,234899999573827;5392121,326999999582767;10,155995927000049;48,676335804000075;1
88860;08230529127202119500;08;1;27;086;2023;05;17;2;2;5;2;0;0;1;1;0;0;0;0;553509,457700000144541;5444687,458699999377131;9,733826383000064;49,152675706000082;1
88866;08230529121600111830;08;1;25;059;2023;05;13;2;3;0;7;0;0;1;0;0;0;0;0;528789,898500000126660;5437850,026200000196695;9,394347495000034;49,092828309000026;1
88868;08230529119100097950;08;1;19;018;2023;05;17;2;3;1;5;0;0;1;1;0;0;0;0;527303,126799999736249;5419428,451500000432134;9,372743945000025;48,927186471000027;1
88869;08230529119100094360;08;1;19;044;2023;05;11;2;3;0;1;0;0;1;0;0;0;0;0;541235,210500000044703;5426012,648000000044703;9,563604465000026;48,985641494000049;1
88876;08230529118010121490;08;1;18;007;2023;05;16;2;3;9;7;0;0;1;0;0;0;0;0;510943,831000000238419;5428266,167999999597669;9,149644943000055;49,007192888000077;1
88880;08230529115300125950;08;1;15;050;2023;05;15;2;2;0;7;0;0;1;0;0;0;0;0;488270,440999999642372;5404398,775499999523163;8,840296626000054;48,792473633000043;1
88881;08230529115300109180;08;1;15;042;2023;05;13;2;3;0;6;0;0;1;0;0;0;0;0;493468,707999999634922;5405879,447000000625849;8,911049763000051;48,805869969000071;1
88887;08230528436400119950;08;4;36;011;2023;05;13;1;2;0;7;0;0;1;0;0;0;0;0;548697,078300000168383;5297134,108500000089407;9,650628154000060;47,825712555000052;1
88888;08230528436000104120;08;4;35;029;2023;05;12;1;2;4;7;0;0;1;1;0;0;0;0;544614,073200000450015;5274346,005400000140071;9,593744988000026;47,620981067000059;1
88889;08230528435200124690;08;4;35;034;2023;05;11;1;3;5;2;0;0;1;1;0;0;0;0;532091,601999999955297;5284964,260999999940395;9,427875940000035;47,717259842000033;1
88890;08230528435100124920;08;4;35;029;2023;05;19;1;3;0;1;0;0;1;0;0;0;0;0;544806,109100000001490;5271670,171499999240041;9,596026955000070;47,596892490000073;1
88894;08230607311010166930;08;3;11;000;2023;06;03;4;3;0;7;2;0;1;0;0;0;0;0;414744,962600000202656;5318990,827400000765920;7,856685084000048;48,018518418000042;1
88898;08230528335400111190;08;3;35;098;2023;05;14;1;3;9;1;0;0;1;0;0;0;0;0;499428,861100000329316;5294410,625000000000000;8,992372507000027;47,803051527000036;1
88908;08230528235200093680;08;2;35;060;2023;05;15;1;3;5;3;0;0;1;1;0;0;0;0;477276,055300000123680;5379738,144799999892712;8,691960466000069;48,570322347000058;1
88910;08230528222600123440;08;2;22;000;2023;05;19;1;3;3;6;0;0;1;1;0;0;0;0;462576,072100000455976;5482429,516799999400973;8,483218009000041;49,493347097000026;1
88914;08230528216100104250;08;2;16;022;2023;05;19;1;3;0;7;0;0;1;0;0;0;0;0;434339,873599999584258;5405731,526100000366569;8,105848989000037;48,801105540000037;1
88919;08230528212010099920;08;2;15;097;2023;05;14;1;2;0;7;0;0;1;0;0;0;0;0;480281,560300000011921;5445945,112800000235438;8,729510517000051;49,166003746000058;1
88924;08230528126100093950;08;1;26;045;2023;05;13;1;3;2;6;0;0;1;0;0;0;0;0;545137,166699999943376;5473441,769200000911951;9,622262804000059;49,411983101000033;1
88928;08230528118600127810;08;1;18;076;2023;05;14;1;3;2;6;0;0;1;1;0;1;0;0;505536,450500000268221;5425054,014299999922514;9,075661248000074;48,978369776000079;1
88933;08230528117300091620;08;1;17;026;2023;05;11;1;3;0;1;0;0;1;0;0;0;0;0;551846,398000000044703;5397379,244999999180436;9,705001922000065;48,727279921000047;1
88934;08230528117010094510;08;4;25;071;2023;05;15;1;2;5;3;0;0;1;1;0;0;0;0;546149,875000000000000;5369504,750700000673532;9,624447593000070;48,476977133000048;1
88938;08230527437100090130;08;4;37;100;2023;05;13;7;3;0;3;0;0;1;0;0;1;0;0;539097,778199999593198;5318667,190400000661612;9,524334957000065;48,020099449000043;1
88940;08230527435200106920;08;4;35;036;2023;05;19;7;3;0;1;0;0;1;0;0;0;0;0;522115,507799999788404;5284303,190500000491738;9,294833782000069;47,711730694000039;1
88942;08230527435100087950;08;4;35;035;2023;05;12;7;2;0;1;0;0;1;0;0;0;0;0;543052,033499999903142;5283426,094100000336766;9,573852349000049;47,702782769000066;1
88943;08230527426200090150;08;4;26;108;2023;05;17;7;2;0;1;0;0;1;0;0;0;0;0;570182,207000000402331;5333887,929999999701977;9,943660127000044;48,154363977000060;1
88947;08230527425000107560;08;4;25;020;2023;05;17;7;3;0;1;0;0;1;0;0;0;0;0;560530,577300000004470;5364879,849999999627471;9,818343740000046;48,434153513000069;1
88950;08230527416010088300;08;4;16;022;2023;05;18;7;3;0;1;0;0;1;0;0;0;0;0;510102,160699999891222;5375804,265499999746680;9,136847464000027;48,535262619000036;1
88954;08230527336400106220;08;3;36;091;2023;05;20;7;3;0;7;0;0;1;0;0;0;0;0;394671,033300000242889;5271725,472500000149012;7,599039839000056;47,590382788000056;1
88955;08230527335200088830;08;3;35;061;2023;05;10;7;3;0;1;0;0;1;0;0;0;0;0;494027,212399999611080;5278484,138199999928474;8,920452682000075;47,659723883000026;1
88957;08230527326100089010;08;3;26;027;2023;05;10;7;3;0;7;0;0;1;1;0;0;0;0;461984,893199999816716;5308513,180600000545382;8,491082485000049;47,928810477000070;1
88961;08230527311500088320;08;3;15;113;2023;05;12;7;2;5;3;0;0;1;1;0;0;0;0;439430,878100000321865;5308188,748999999836087;8,189217462000045;47,924156973000038;1
88964;08230527311010090240;08;3;11;000;2023;05;15;7;3;0;6;0;0;1;0;0;0;0;1;417132,365600000135601;5316032,166400000452995;7,889266712000051;47,992217969000080;1