OID_;UIDENTSTLAE;ULAND;UREGBEZ;UKREIS;UGEMEINDE;UJAHR;UMONAT;USTUNDE;UWOCHENTAG;UKATEGORIE;UART;UTYP1;ULICHTVERH;IstStrassenzustand;IstRad;IstPKW;IstFuss;IstKrad;IstGkfz;IstSonstige;LINREFX;LINREFY;XGCSWGS84;YGCSWGS84;PLST
88968;08230527231000099810;08;2;31;000;2023;05;14;7;3;3;2;0;0;1;1;0;0;0;0;479373,124200000427663;5414701,137399999424815;8,718638146000046;48,884919721000074;1
88969;08230527226600118730;08;2;26;082;2023;05;11;7;3;5;3;0;0;1;1;0;0;0;0;477542,641099999658763;5480361,503100000321865;8,690002562000075;49,475484492000078;1
88972;08230527221011113910;08;2;26;082;2023;05;10;7;2;3;2;0;0;1;1;0;0;0;0;475618,857599999755621;5478232,861199999228120;8,663578580000035;49,456263715000034;1
88974;08230527216100104240;08;2;16;002;2023;05;15;7;3;0;7;0;0;1;0;0;0;0;0;444488,234799999743700;5422910,458000000566244;8,241701946000035;48,956619502000081;1
88976;08230527215502090340;08;2;15;066;2023;05;13;7;3;5;3;0;0;1;0;0;0;0;1;455959,888000000268221;5452694,331000000238419;8,395150085000068;49,225448306000033;1
88980;08230527136100097140;08;1;36;088;2023;05;13;7;3;5;3;0;0;1;1;0;0;0;0;580811,301599999889731;5412267,365900000557303;10,101729845000023;48,858105361000071;1
88993;08230527121600091920;08;1;25;110;2023;05;16;7;3;2;6;0;0;1;1;0;0;0;0;525045,734000000171363;5444195,153000000864267;9,343457034000039;49,150068207000061;1
88999;08230527118010120940;08;1;18;071;2023;05;20;7;3;6;7;0;0;0;1;1;0;0;0;508989,994400000199676;5418938,204700000584126;9,122722354000075;48,923313347000033;1
89002;08230527118000104520;08;1;18;007;2023;05;15;7;2;0;1;0;0;1;0;0;0;0;0;511115,787399999797344;5426715,163100000470877;9,151953801000047;48,993237619000070;1
89003;08230527117200103670;08;1;17;058;2023;05;10;7;3;3;6;0;0;1;1;0;0;0;0;546465,384100000374019;5378499,741299999877810;9,629718541000045;48,557871304000059;1
89010;08230527111500140890;08;1;11;000;2023;05;16;7;3;0;7;0;0;1;1;0;0;0;0;511631,126199999824166;5408790,748600000515580;9,158487652000076;48,831985130000078;1
89019;08230526435100100510;08;4;35;016;2023;05;13;6;3;0;2;0;0;1;0;0;0;0;0;536182,067999999970198;5277994,408999999985099;9,481834187000061;47,654333252000072;1
89020;08230526435100100360;08;4;35;035;2023;05;07;6;3;5;3;0;0;1;0;0;1;0;0;542944,611200000159442;5282259,028699999675155;9,572305641000071;47,692289583000047;1
89021;08230526426300089360;08;4;26;097;2023;05;18;6;3;5;3;0;0;1;1;0;0;0;0;534715,660199999809265;5333816,842399999499321;9,466800913000043;48,156650262000028;1
89025;08230526417010087260;08;4;17;002;2023;05;10;6;3;6;4;0;0;0;1;1;0;0;0;488987,180399999953806;5346985,412699999287724;8,851572798000063;48,275977938000040;1
89033;08230526335100102640;08;3;35;043;2023;05;12;6;3;0;7;0;0;1;0;0;0;0;0;512679,254999999888241;5279812,323400000110269;9,168904251000072;47,671577771000045;1
89038;08230526317600089050;08;3;17;146;2023;05;16;6;3;3;3;0;0;1;1;0;0;0;0;429188,766900000162423;5353936,830700000748038;8,044529881000074;48,334645212000055;1
89044;08230526311010112250;08;3;11;000;2023;05;02;6;3;5;3;2;0;1;1;0;0;0;0;413153,751500000245869;5315424,972400000318885;7,836072514000023;47,986228070000038;1
89051;08230611415400166160;08;4;15;061;2023;06;12;1;2;0;7;0;0;1;0;0;0;0;0;510987,588999999687076;5364623,626000000163913;9,148547724000025;48,434662295000066;1
89052;08230602311400153190;08;3;15;006;2023;06;19;6;3;5;3;0;0;1;1;0;0;0;0;400226,823800000362098;5306412,366200000047684;7,664958862000049;47,903275365000070;1
89057;08230526221400127420;08;2;26;018;2023;05;17;6;3;6;7;0;0;0;1;1;0;0;0;473204,400899999774992;5471999,569399999454618;8,630684683000027;49,400095056000055;1
89068;08230526126100127170;08;1;26;046;2023;05;17;6;3;6;4;0;0;0;1;1;0;0;0;550338,942599999718368;5458990,691899999976158;9,692143674000022;49,281595987000060;1
89072;08230526119500089640;08;1;19;085;2023;05;13;6;2;5;3;0;0;1;1;0;0;0;0;528831,535000000149012;5412333,336999999359250;9,393108603000030;48,863292564000062;1
89077;08230526119100098890;08;1;19;042;2023;05;11;6;3;8;1;0;0;1;0;0;0;0;0;528744,763299999758601;5415079,670199999585748;9,392118568000058;48,888001508000059;1
89083;08230604436400136470;08;4;36;096;2023;06;14;1;3;0;1;0;0;1;0;0;0;0;0;538541,541400000452995;5299348,195000000298023;9,515146399000059;47,846321660000058;1
89085;08230526118010102840;08;1;18;073;2023;05;13;6;2;2;6;0;0;0;1;1;0;0;1;497546,697599999606609;5419276,896299999207258;8,966507911000065;48,926420554000060;1
89087;08230526116500097010;08;1;16;049;2023;05;07;6;3;5;3;2;0;1;1;0;0;0;0;525680,263899999670684;5387202,223999999463558;9,348575621000066;48,637355558000081;1
89096;08230526111330132760;08;1;11;000;2023;05;16;6;3;5;3;0;0;1;0;0;0;0;1;511755,652099999599159;5408711,460400000214577;9,160182182000028;48,831269520000035;1
89097;08230526111250148350;08;1;11;000;2023;05;16;6;3;5;3;0;0;1;0;0;0;0;1;517964,132000000216067;5404177,558499999344349;9,244579631000022;48,790334727000072;1
89099;08230605415400205520;08;4;15;060;2023;06;16;2;3;0;1;0;0;1;1;0;0;0;0;515669,027200000360608;5378756,256999999284744;9,212368868000055;48,561705178000068;1
89103;08230525436400084920;08;4;36;083;2023;05;16;5;3;8;1;0;0;1;0;0;0;0;0;530684,256699999794364;5301367,455099999904633;9,410272332000034;47,864912496000045;1
89107;08230525416200083780;08;4;16;022;2023;05;16;5;3;0;1;0;0;1;0;0;0;0;0;511113,363199999555945;5376752,392699999734759;9,150570821000031;48,543775166000046;1
89112;08230530311400125880;08;3;15;074;2023;05;09;3;3;4;6;0;0;1;0;0;0;0;1;396556,302500000223517;5297610,216900000348687;7,617965508000054;47,823520557000052;1
89116;08230525316100081090;08;3;16;043;2023;05;10;5;2;5;3;0;0;1;1;0;0;0;0;410803,966000000014901;5332594,187999999150634;7,801005639000039;48,140343861000076;1
89125;08230525226600108830;08;2;26;096;2023;05;19;5;2;0;7;0;0;1;0;1;0;0;0;478368,802600000053644;5484273,368699999526143;8,701192467000055;49,510700637000070;1
89129;08230605212010150630;08;2;12;000;2023;06;16;2;2;5;3;0;0;1;1;0;0;0;0;458378,865199999883771;5433018,228299999609590;8,430402390000040;49,048631818000047;1
89131;08230525221011114020;08;2;26;012;2023;05;10;5;3;5;3;0;0;1;1;0;0;0;0;475554,360700000077486;5477705,421499999240041;8,662721195000074;49,451516935000029;1
89132;08230525216100085810;08;2;16;043;2023;05;16;5;3;3;6;0;0;1;0;0;0;1;0;441564,683400000445545;5410426,803700000047684;8,203556011000046;48,844060850000062;1
89133;08230525216100085760;08;2;16;043;2023;05;18;5;3;0;7;0;0;1;0;0;0;0;0;436770,178999999538064;5415249,316999999806285;8,137471563000076;48,886968525000043;1
89135;08230602221400167730;08;2;21;000;2023;06;07;6;3;5;3;0;0;1;1;0;0;0;0;474018,000799999572337;5473385,373400000855327;8,641807371000027;49,412595365000072;1
89139;08230525212010107270;08;2;12;000;2023;05;11;5;3;5;3;0;0;1;0;0;0;0;1;453773,172799999825656;5428249,776799999177456;8,367919477000044;49,005411193000043;1
89141;08230525212010096810;08;2;12;000;2023;05;18;5;2;5;2;0;0;1;1;0;0;0;0;455716,788399999961257;5431314,238099999725819;8,394159354000067;49,033118795000064;1
89147;08230525127202108910;08;1;27;014;2023;05;20;5;3;0;7;0;0;1;1;0;0;0;0;577565,179700000211596;5442944,293899999931455;10,063339607000046;49,134430443000042;1
89156;08230525118600114340;08;1;18;076;2023;05;17;5;3;2;3;0;0;1;1;0;0;0;0;506211,481200000271201;5425691,321599999442697;9,084895959000050;48,984096342000043;1
89173;08230524435200079250;08;4;35;059;2023;05;19;4;3;0;1;0;0;1;0;0;0;0;0;515286,882100000046194;5291066,236899999901652;9,204036049000024;47,772779229000037;1
89174;08230524426010077540;08;4;26;097;2023;05;20;4;2;0;1;1;0;1;0;0;0;0;0;536211,580099999904633;5337463,561400000005960;9,487225637000051;48,189374851000025;1
89181;08230524326400126330;08;3;26;074;2023;05;06;4;3;5;3;1;0;1;1;0;0;0;0;460170,015599999576807;5323931,529500000178814;8,465356064000048;48,067416034000075;1
89186;08230524311010121380;08;3;11;000;2023;05;15;4;2;5;3;0;0;1;1;0;0;0;0;412858,856999999843538;5314764,179999999701977;7,832255228000065;47,980243905000066;1
89189;08230524231102092840;08;2;36;028;2023;05;11;4;3;6;4;0;0;0;1;1;0;0;0;494076,210500000044703;5422525,069099999964237;8,919082193000065;48,955616653000050;1
89190;08230524226200097400;08;2;26;059;2023;05;16;4;3;5;3;0;0;1;1;0;0;0;0;466015,921400000341237;5459876,007799999788404;8,532645244000037;49,290687443000081;1
89199;08230524215202082180;08;2;15;064;2023;05;18;4;3;5;3;0;0;1;1;0;0;0;0;478183,057500000111759;5451511,215500000864267;8,700422340000046;49,216000909000059;1
89205;08230524211100090480;08;2;11;000;2023;05;19;4;3;8;1;0;0;1;0;0;0;0;0;442001,855100000277162;5403140,838099999353290;8,210543497000060;48,778564184000061;1
89214;08230525119100109190;08;1;19;083;2023;05;07;5;3;2;6;0;0;1;1;0;0;0;0;535009,888500000350177;5419754,590199999511242;9,477981716000045;48,929732230000070;1
89215;08230524118300082430;08;1;18;003;2023;05;13;4;3;5;3;0;0;1;1;0;0;0;0;509900,024000000208616;5416893,544999999925494;9,135095523000075;48,904906262000054;1
89218;08230524117400122120;08;1;17;051;2023;05;16;4;2;0;1;0;0;1;0;0;0;0;0;542836,753899999894202;5395125,226199999451637;9,582262961000026;48,707688101000031;1
89220;08230528126100116100;08;1;26;047;2023;05;20;1;3;9;7;0;0;1;0;0;0;0;0;548848,931499999947846;5452265,180800000205636;9,670837797000047;49,221223571000053;1
89228;08230523436200108460;08;4;36;064;2023;05;15;3;3;3;2;0;0;1;1;0;0;0;0;546342,795800000429153;5291619,278400000184774;9,618585877000044;47,776269720000073;1
89229;08230607426100153750;08;4;26;021;2023;06;19;4;3;3;2;0;0;1;1;0;0;0;0;558031,559600000269711;5327198,960000000894070;9,779390620000072;48,095414092000055;1
89233;08230523436000120870;08;4;36;064;2023;05;05;3;1;4;6;0;0;1;0;0;0;1;0;546445,283300000242889;5291378,670600000768900;9,619928071000061;47,774097588000075;1
89234;08230523435100074760;08;4;35;016;2023;05;07;3;3;5;2;0;0;1;1;0;0;0;0;533108,339499999769032;5280351,362800000235438;9,441081475000033;47,675704417000077;1
89235;08230523426300132430;08;4;26;121;2023;05;22;3;2;8;1;2;0;1;0;0;0;0;0;537871,623200000263751;5335857,725500000640750;9,509417400000075;48,174831045000076;1
89237;08230611311010186780;08;3;11;000;2023;06;18;1;3;4;6;0;0;1;0;0;0;0;0;407806,739900000393391;5316947,680600000545382;7,764100692000056;47,999176591000037;1
89239;08230523326400108200;08;3;26;074;2023;05;11;3;2;6;4;0;0;0;1;1;0;0;0;459993,303100000135601;5322842,177300000563264;8,463086062000059;48,057604405000063;1
89243;08230523317500076560;08;3;17;034;2023;05;18;3;3;5;2;0;0;1;1;0;0;0;0;425865,644999999552965;5363441,504000000655651;7,998020830000030;48,419760665000069;1
89247;08230523311010090030;08;3;11;000;2023;05;21;3;3;8;7;2;0;1;0;0;0;0;0;403828,863199999555945;5318466,386700000613928;7,710448330000077;48,012251171000059;1
89251;08230523231000126080;08;2;31;000;2023;05;17;3;2;1;5;0;0;1;1;0;0;0;0;476302,961000000126660;5413541,622800000011921;8,676827299000024;48,874379336000061;1
89256;08230523221400109510;08;2;21;000;2023;05;18;3;3;5;3;0;0;1;0;0;0;0;1;476228,137900000438094;5471674,469499999657273;8,672378590000051;49,397296434000054;1
89257;08230531225200125670;08;2;25;032;2023;05;06;4;3;6;4;0;0;0;1;1;0;0;0;534163,882199999876320;5494992,157199999317527;9,472855598000024;49,606533471000034;1
89259;08230523216100129600;08;2;16;022;2023;05;13;3;3;6;4;0;0;0;1;1;0;0;0;434636,701399999670684;5405250,527100000530481;8,109967194000035;48,796810311000058;1
89263;08230609215402146520;08;2;15;103;2023;06;13;6;3;5;2;0;0;1;0;0;1;0;0;465134,224000000394881;5442055,788100000470877;8,522068120000029;49,130345382000030;1
89264;08230523212010074110;08;2;12;000;2023;05;20;3;3;5;3;0;0;1;1;0;0;0;0;454040,609000000171363;5428255,171000000089407;8,371575412000027;49,005479687000047;1
89265;08230523211100075340;08;2;11;000;2023;05;18;3;3;5;3;0;0;1;1;0;0;0;0;443345,784300000406802;5402077,279400000348687;8,228981497000063;48,769121152000025;1
89266;08230523211000104750;08;2;11;000;2023;05;10;3;2;8;1;0;0;1;0;0;0;0;0;448741,146999999880791;5399610,354499999433756;8,302709301000050;48,747398160000046;1
89269;08230523136100104420;08;1;36;045;2023;05;23;3;3;0;1;2;0;1;0;0;0;0;0;597848,539599999785423;5401017,416099999099970;10,331263456000045;48,754476024000041;1
89273;08230523121500103890;08;1;25;007;2023;05;11;3;2;6;7;0;0;0;1;1;0;0;0;511367,564699999988079;5453033,778300000354648;9,156136796000055;49,229979727000057;1
89274;08230523121400087120;08;1;25;081;2023;05;00;3;3;0;7;2;0;1;0;0;0;0;0;497424,506500000134110;5434002,423599999397993;8,964746436000041;49,058885399000076;1
89275;08230609316100173450;08;3;16;012;2023;06;14;6;3;2;6;0;0;1;1;0;0;0;0;401596,773199999704957;5333112,286499999463558;7,677153225000040;48,143646376000049;1
89290;08230522436400103800;08;4;36;012;2023;05;15;2;3;4;6;0;0;1;0;0;0;0;1;549024,169900000095367;5299122,884800000116229;9,655223263000039;47,843580444000054;1
89291;08230523311400126020;08;3;15;050;2023;05;09;3;3;5;3;0;0;1;1;0;0;0;0;399383,233900000341237;5303312,604599999263883;7,654396758000075;47,875261623000029;1
89293;08230522435200068480;08;4;35;005;2023;05;07;2;3;5;3;0;0;1;1;0;0;0;0;525575,441100000403821;5287053,137099999934435;9,341120734000071;47,736345458000073;1
89294;08230522435100123730;08;4;35;016;2023;05;11;2;3;5;3;0;0;1;1;0;0;0;0;536067,344800000078976;5279164,154999999329448;9,480403022000075;47,664864338000029;1
89297;08230611311400225110;08;3;15;048;2023;06;15;1;3;4;6;0;0;1;0;0;0;0;0;395516,536999999545515;5307119,093000000342727;7,601779387000022;47,908882179000045;1
89300;08230522337101124320;08;3;37;066;2023;05;09;2;3;0;6;0;0;1;0;0;0;0;0;429580,083399999886751;5268354,097999999299645;8,063819419000026;47,564782749000074;1
89301;08230522335300115970;08;3;35;075;2023;05;16;2;3;0;1;0;0;1;0;0;0;0;0;490710,239900000393391;5292578,799699999392033;8,875975717000074;47,786502910000081;1
89302;08230522335300104340;08;3;35;075;2023;05;16;2;3;5;2;0;0;1;1;0;0;0;0;486903,665000000037253;5289682,069399999454618;8,825243044000047;47,760373413000082;1
89303;08230522335200126000;08;3;35;063;2023;05;18;2;3;0;1;0;0;1;0;0;0;0;0;494840,875900000333786;5287638,088600000366569;8,931180971000060;47,742094943000041;1
89305;08230522326400105910;08;3;26;074;2023;05;16;2;2;0;1;0;0;1;0;0;0;0;0;461122,598500000312924;5323461,995999999344349;8,478184873000032;48,063250559000039;1
89318;08230711212000278960;08;2;15;017;2023;07;07;3;3;5;2;0;0;1;1;0;0;0;0;457514,427699999883771;5420710,119699999690056;8,419859947000020;48,937859366000055;1
89325;08230711128200279320;08;1;28;115;2023;07;08;3;2;5;3;0;0;1;1;0;0;0;0;548083,060800000093877;5496962,871200000867248;9,665737901000057;49,623310955000079;1
89331;08230711121200268680;08;1;21;000;2023;07;17;3;3;5;7;0;0;1;1;0;0;0;0;514422,309899999760091;5441264,946399999782443;9,197672349000072;49,124051394000048;1
89332;08230711119500281120;08;1;19;089;2023;07;09;3;3;5;3;0;0;1;1;0;0;0;0;534174,881099999882281;5411866,479299999773502;9,465922084000056;48,858821533000025;1
89340;08230711115300264740;08;1;15;042;2023;07;13;3;3;0;7;0;0;1;0;0;0;0;0;494329,832700000144541;5407705,265699999406934;8,922752254000045;48,822303305000048;1
89341;08230711111500307050;08;1;11;000;2023;07;13;3;3;6;7;0;0;0;1;1;0;0;0;512478,404299999587238;5399556,210300000384450;9,169752290000076;48,748895646000051;1
89352;08230710335100358840;08;3;35;043;2023;07;09;2;3;0;1;0;1;1;0;0;0;0;0;513842,706600000150502;5279558,251199999824166;9,184394815000076;47,669267854000054;1
89357;08230710316100293670;08;3;16;017;2023;07;07;2;3;5;3;0;0;1;1;0;0;0;0;407907,316899999976158;5341259,190400000661612;7,760199367000041;48,217871085000070;1
89359;08230710311010294750;08;3;11;000;2023;07;18;2;3;0;6;0;0;1;0;0;0;0;0;414076,232400000095367;5315816,308900000527501;7,848354831000051;47,989872889000026;1
89360;08230710311010261610;08;3;36;050;2023;07;13;2;3;5;3;0;0;1;0;0;0;0;1;399598,275700000114739;5274757,804500000551343;7,663862780000045;47,618441316000030;1
89374;08230710136300294400;08;1;36;065;2023;07;14;2;2;0;1;0;0;1;0;0;0;0;0;563784,669999999925494;5403365,732000000774860;9,868247133000068;48,780020708000052;1
89375;08230710136100308250;08;1;36;088;2023;07;07;2;2;5;2;0;0;1;0;0;0;0;0;580029,491999999620020;5411133,866900000721216;10,090851643000065;48,848011774000042;1
89376;08230710136050276870;08;1;19;067;2023;07;12;2;2;5;2;0;0;1;1;0;0;0;0;538765,418600000441074;5405118,250299999490380;9,527866385000038;48,797847940000054;1
89378;08230710127202266150;08;1;27;046;2023;07;15;2;3;0;7;0;0;1;0;0;0;0;0;570948,555999999865890;5450323,213999999687076;9,973947790000068;49,201596536000068;1
89379;08230710127100300030;08;1;27;076;2023;07;06;2;2;0;3;0;0;1;1;0;0;0;0;553788,950600000098348;5441108,278699999675155;9,737181407000037;49,120457790000046;1
89382;08230710119400296440;08;1;19;079;2023;07;17;2;3;5;3;0;0;1;1;0;0;0;0;523809,614599999971688;5408210,699799999594688;9,324397998000052;48,826419604000080;1
89384;08230710118200293680;08;1;18;080;2023;07;11;2;2;5;3;0;0;1;0;0;0;0;1;509729,495199999772012;5408603,388800000771880;9,132571346000077;48,830332377000047;1
89385;08230710118010333960;08;1;18;012;2023;07;15;2;3;3;6;0;0;1;0;0;0;0;1;500037,254599999636412;5414801,758500000461936;9,000508185000058;48,886168134000059;1
89390;08230710117100261400;08;1;17;019;2023;07;12;2;3;8;1;0;0;1;0;0;0;0;0;554220,126600000075996;5396608,392799999564886;9,737175557000057;48,720143876000066;1
89394;08230710111500262830;08;1;11;000;2023;07;07;2;3;5;2;0;0;1;1;0;0;0;0;518409,487999999895692;5400423,815999999642372;9,250475007000034;48,756553463000046;1
89395;08230710111250263190;08;1;11;000;2023;07;13;2;3;5;3;0;0;1;1;0;0;0;0;517963,765499999746680;5404178,207000000402331;9,244574669000031;48,790340571000058;1
89408;08230709335300340420;08;3;35;035;2023;07;16;1;3;3;6;0;0;1;1;0;0;0;0;484395,763500000350177;5293199,650299999862909;8,791651523000041;47,791966945000070;1
89422;08230709212010294990;08;2;15;096;2023;07;16;1;3;1;5;0;0;1;1;0;0;0;0;463382,250199999660254;5418392,432900000363588;8,500189682000041;48,917386033000071;1
89423;08230709212000275480;08;2;15;009;2023;07;20;1;3;0;7;0;0;1;0;0;0;0;0;470720,831699999980628;5441673,931900000199676;8,598673594000047;49,127202107000073;1
89426;08230709127100290850;08;1;27;100;2023;07;11;1;3;0;1;0;0;1;0;0;0;0;0;553149,073900000192225;5434925,460599999874830;9,727599367000039;49,064900582000064;1
89429;08230709119100259430;08;1;19;008;2023;07;11;1;3;8;7;0;0;1;0;0;0;0;0;534622,713000000454485;5422827,292400000616908;9,472957012000052;48,957394194000074;1
89431;08230709116400262890;08;1;16;072;2023;07;13;1;3;0;7;0;0;1;0;0;0;0;0;531681,673999999649823;5391088,542999999597669;9,430332100000044;48,672041185000069;1
89435;08230708436300263540;08;4;36;049;2023;07;20;7;3;5;3;0;0;1;1;0;0;0;0;578680,348000000230968;5283660,679999999701977;10,048730715000033;47,701535927000066;1
89436;08230708436200269850;08;4;35;057;2023;07;21;7;3;5;3;1;0;1;1;0;0;0;0;543257,854000000283122;5279324,670700000599027;9,576189123000063;47,665867573000071;1
89438;08230708421000273170;08;1;16;043;2023;07;15;7;2;0;1;0;0;1;0;0;0;0;0;543001,348199999891222;5380180,969299999997020;9,582948890000068;48,573242527000048;1
89448;08230708335050268370;08;3;35;075;2023;07;20;7;3;0;1;0;0;1;0;0;0;0;0;487611,199000000022352;5289824,477299999445677;8,834680248000041;47,761668719000056;1
89451;08230708317050286530;08;2;16;015;2023;07;18;7;3;0;1;0;0;1;0;0;0;0;0;448611,274400000460446;5410713,512399999424815;8,299553519000028;48,847263278000071;1
89453;08230708311010333180;08;3;11;000;2023;07;23;7;3;0;7;2;0;1;0;0;0;0;0;414044,020800000056624;5314395,187000000849366;7,848207643000023;47,977085011000042;1
89456;08230708231000266910;08;2;36;075;2023;07;12;7;3;8;7;0;0;1;0;0;0;0;0;481441,629800000227988;5424696,605499999597669;8,746398420000048;48,974900727000033;1
89460;08230708212010329820;08;2;12;000;2023;07;01;7;2;9;1;2;0;1;0;0;0;0;0;459338,529500000178814;5428049,748999999836087;8,444033163000029;49,004003667000063;1
89461;08230708212000271210;08;2;15;109;2023;07;04;7;1;0;7;2;0;1;0;0;0;0;0;464458,956100000068545;5435349,755400000140071;8,513402135000035;49,069985030000055;1
89470;08230708119500260070;08;1;19;042;2023;07;13;7;3;5;3;0;0;1;1;0;0;0;0;528783,538999999873340;5415047,994999999180436;9,392645279000021;48,887714771000049;1
89473;08230708115400267790;08;1;15;054;2023;07;11;7;3;5;3;0;0;1;1;0;0;0;0;491918,500900000333786;5395915,214299999177456;8,890133069000058;48,716213760000073;1
89476;08230708111000269690;08;1;11;000;2023;07;21;7;3;1;5;0;0;1;1;0;0;0;0;512357,840800000354648;5402262,094200000166893;9,168193445000043;48,773240053000052;1
89480;08230707436100257400;08;4;36;055;2023;07;14;6;3;2;6;0;0;1;1;0;0;0;0;580189,966300000436604;5299441,054800000041723;10,071762076000027;47,843310121000059;1
89482;08230707435200288800;08;4;35;010;2023;07;17;6;3;3;3;0;0;1;1;0;0;0;0;519665,694299999624491;5284731,003100000321865;9,262193678000074;47,715659219000031;1
89483;08230707426010269820;08;4;26;134;2023;07;15;6;3;6;4;0;0;0;1;1;0;0;0;558693,763500000350177;5336000,970399999991059;9,789496501000031;48,174537382000040;1
89492;08230707416010261270;08;4;15;061;2023;07;16;6;3;6;4;0;0;0;1;1;0;0;0;515202,393000000156462;5372139,887000000104308;9,205803062000030;48,502193868000063;1
89493;08230707415050285260;08;1;16;014;2023;07;18;6;3;4;7;0;0;1;1;0;0;0;0;526494,632000000216067;5395604,433000000193715;9,360167756000067;48,712907414000028;1
89494;08230707415050284870;08;1;16;041;2023;07;08;6;3;5;3;0;0;1;1;0;0;0;0;518890,508000000379980;5384355,054999999701977;9,256285081000044;48,611984136000046;1
89501;08230707317600258920;08;3;17;145;2023;07;14;6;3;5;2;0;0;1;1;0;0;0;0;442007,167100000195205;5349013,881300000473857;8,218149418000053;48,291665681000040;1
89507;08230707235100259000;08;2;35;079;2023;07;12;6;3;6;4;0;0;0;1;1;0;0;0;468936,567099999636412;5402615,914599999785423;8,577196889000049;48,775770232000070;1
89516;08230707216100257440;08;2;16;022;2023;07;18;6;3;3;2;0;0;1;0;0;0;0;0;434917,290000000037253;5405139,814999999478459;8,113804951000077;48,795843908000052;1
89520;08230707211100298360;08;2;11;000;2023;07;18;6;3;3;6;0;0;1;1;0;0;0;0;445670,953599999658763;5399255,642000000923872;8,260994784000047;48,743947161000051;1
89521;08230707136300266850;08;1;36;028;2023;07;07;6;3;5;3;0;0;1;1;0;0;0;0;568771,655000000260770;5405139,366800000891089;9,936418464000042;48,795442775000026;1
89526;08230707126200282930;08;1;26;011;2023;07;14;6;2;6;4;0;0;0;1;1;0;0;0;532030,440000000409782;5447312,812899999320507;9,439485145000049;49,177787239000054;1
89530;08230707121500256980;08;1;25;005;2023;07;11;6;3;6;4;0;0;0;0;1;1;0;0;517014,277999999932945;5450191,378000000491738;9,233574964000070;49,204280899000025;1
89532;08230707121200258140;08;1;21;000;2023;07;14;6;3;3;2;0;0;1;1;0;0;0;0;515139,605499999597669;5444303,823699999600649;9,207617688000028;49,151369883000029;1
89538;08230707118048286920;08;1;15;001;2023;07;12;6;2;6;4;0;0;0;1;1;0;0;0;491653,291799999773502;5391679,136600000783801;8,886613208000028;48,678102197000044;1
89542;08230707111500298190;08;1;11;000;2023;07;06;6;3;5;3;0;0;1;0;0;0;0;0;515564,844999999739230;5405966,822100000455976;9,211981673000025;48,806495396000059;1
89545;08230706436200281690;08;4;35;035;2023;07;17;5;2;4;6;0;0;1;0;0;0;0;0;541447,251299999654293;5281017,494100000709295;9,552233977000071;47,681216957000061;1
89546;08230706436100278710;08;4;36;010;2023;07;06;5;3;5;3;0;0;1;1;0;0;0;0;572809,400000000372529;5309538,162000000476837;9,974837415000025;47,935022729000082;1
89549;08230706421300260950;08;4;21;000;2023;07;11;5;3;9;1;0;0;1;0;0;0;0;0;569359,158099999651313;5361812,137099999934435;9,937178836000044;48,405647826000063;1
89553;08230706415050282190;08;1;16;049;2023;07;15;5;3;5;2;0;0;1;1;0;0;0;0;525270,428700000047684;5385655,902100000530481;9,342918481000027;48,623461493000036;1
89555;08230707111500258040;08;1;11;000;2023;07;13;6;3;5;3;0;0;1;1;0;0;0;0;513395,787700000219047;5402516,430600000545382;9,182328387000041;48,775506563000079;1
89557;08230706335100263270;08;3;35;043;2023;07;09;5;3;0;1;0;0;1;0;0;0;0;0;514660,807300000451505;5280060,422900000587106;9,195309299000030;47,673768190000033;1
89562;08230706317200256490;08;3;17;057;2023;07;07;5;3;0;7;0;0;1;0;0;0;0;0;415035,191800000146031;5376635,493599999696016;7,848986239000055;48,537068027000032;1
89563;08230706317050281390;08;2;16;043;2023;07;08;5;2;6;6;0;0;1;0;1;0;0;0;443625,553999999538064;5412256,383700000122190;8,231390065000028;48,860708597000041;1
89565;08230706317050268280;08;3;17;096;2023;07;18;5;3;4;6;0;0;1;0;0;0;0;0;421365,211000000126660;5368806,585999999195337;7,936197412000070;48,467473565000034;1
89568;08230707335300264190;08;3;35;028;2023;07;09;6;2;0;1;0;0;1;0;0;0;0;0;483385,708300000056624;5286686,857000000774860;8,778414310000073;47,733342858000071;1
89569;08230706311010254690;08;3;11;000;2023;07;19;5;3;5;3;0;0;1;1;0;0;0;0;413754,748800000175834;5316871,996400000527501;7,843834710000067;47,999325904000045;1
89571;08230706311000277010;08;3;15;003;2023;07;20;5;2;5;2;1;0;1;1;0;0;0;0;412548,655500000342727;5311982,708100000396371;7,828665185000034;47,955181248000031;1
89573;08230706235200269000;08;2;35;080;2023;07;13;5;3;0;7;0;0;1;0;0;0;0;0;481189,597699999809265;5385828,898499999195337;8,744734850000043;48,625245430000064;1
89579;08230706216300257010;08;2;16;017;2023;07;13;5;3;9;7;0;0;1;0;0;0;0;0;456149,411000000312924;5403990,962200000882149;8,403013180000073;48,787369582000053;1
89591;08230706126100283760;08;1;26;072;2023;07;17;5;3;2;6;0;0;1;1;0;0;0;0;536555,406899999827147;5464290,694399999454618;9,503118942000071;49,330248172000040;1
89593;08230706121500284160;08;1;25;065;2023;07;15;5;3;0;7;0;0;1;1;0;0;0;0;515796,386500000022352;5448529,783299999311566;9,216790336000031;49,189367050000044;1
89594;08230706121200255520;08;1;21;000;2023;07;17;5;3;0;7;0;0;1;0;0;0;0;0;515641,544800000265241;5444086,138100000098348;9,214492553000071;49,149399150000079;1