OID_;UIDENTSTLAE;ULAND;UREGBEZ;UKREIS;UGEMEINDE;UJAHR;UMONAT;USTUNDE;UWOCHENTAG;UKATEGORIE;UART;UTYP1;ULICHTVERH;IstStrassenzustand;IstRad;IstPKW;IstFuss;IstKrad;IstGkfz;IstSonstige;LINREFX;LINREFY;XGCSWGS84;YGCSWGS84;PLST
89596;08230706119300256820;08;1;19;061;2023;07;19;5;2;4;2;0;0;1;1;0;0;0;0;538245,508500000461936;5414903,457900000736117;9,521700541000030;48,885902897000051;1
89598;08230706118300264300;08;1;18;046;2023;07;12;5;3;2;3;0;0;1;0;0;0;0;0;513645,862399999983609;5412869,880499999970198;9,186076567000043;48,868639191000057;1
89599;08230706118200265700;08;1;18;080;2023;07;07;5;3;5;3;0;0;1;1;0;0;0;0;506492,379999999888241;5410224,050799999386072;9,088489076000030;48,844953910000072;1
89603;08230706116100264660;08;1;16;019;2023;07;17;5;3;3;2;0;0;1;1;0;0;0;0;526263,800599999725819;5395847,919900000095367;9,357045400000061;48,715107561000082;1
89605;08230706111320255090;08;1;11;000;2023;07;10;5;3;0;7;0;0;1;0;0;0;0;0;513350,379300000146031;5406399,751700000837445;9,181836542000042;48,810441491000063;1
89612;08230705435100262460;08;4;35;035;2023;07;19;4;3;5;3;0;0;1;1;0;0;0;0;541786,986999999731779;5281549,438200000673532;9,556811250000067;47,685981123000033;1
89621;08230705415100262910;08;4;15;062;2023;07;07;4;3;5;2;0;0;1;1;0;0;0;0;519815,137000000104308;5378612,734999999403954;9,268555414000048;48,560296669000081;1
89626;08230705336200265080;08;3;36;105;2023;07;17;4;3;0;1;0;0;1;0;0;0;0;0;399487,961500000208616;5267373,515699999406934;7,664086567000027;47,551999664000050;1
89630;08230705335050269980;08;3;25;057;2023;07;04;4;2;3;6;1;1;1;0;0;0;1;0;470916,209599999710917;5356007,330299999564886;8,607399979000036;48,356571190000068;1
89633;08230705311300253870;08;3;15;064;2023;07;17;4;3;2;6;0;0;1;1;0;0;0;0;422084,786600000225008;5313146,798499999567866;7,956159139000022;47,966884637000078;1
89634;08230705311100253470;08;3;15;115;2023;07;12;4;3;5;3;0;0;1;1;0;0;0;0;408805,477400000207126;5320094,547299999743700;7,776816759000042;48,027626267000073;1
89635;08230705311010263050;08;3;11;000;2023;07;13;4;3;3;2;0;0;1;1;0;0;0;0;412566,725999999791384;5313977,134999999776483;7,828501525000036;47,973124306000045;1
89638;08230705311010253040;08;3;11;000;2023;07;09;4;3;0;1;0;1;1;0;0;0;0;0;414534,561400000005960;5313161,841600000858307;7,855024727000057;47,966056253000033;1
89640;08230705311000278840;08;3;15;050;2023;07;17;4;3;3;6;0;0;1;1;0;0;0;0;400306,828099999576807;5302855,021999999880791;7,666850609000051;47,871289762000060;1
89644;08230705221011253880;08;2;21;000;2023;07;10;4;3;4;7;0;0;1;1;0;0;0;0;482149,581199999898672;5474459,239299999549985;8,753861199000028;49,422547573000031;1
89648;08230705211100259040;08;2;11;000;2023;07;07;4;3;5;3;0;0;1;1;0;0;0;0;443284,028500000014901;5402254,808499999344349;8,228116652000040;48,770712429000071;1
89659;08230705119200323000;08;1;19;093;2023;07;07;4;3;5;3;0;0;1;0;0;0;1;0;523319,396999999880791;5406916,054500000551343;9,317645455000047;48,814791887000069;1
89672;08230705116010267510;08;1;16;056;2023;07;15;4;2;5;3;0;0;1;0;0;0;0;1;531459,751899999566376;5394763,326199999079108;9,427597623000054;48,705110219000062;1
89673;08230705111370253830;08;1;11;000;2023;07;14;4;3;5;2;0;0;1;1;0;0;0;0;507488,872499999590218;5405701,435699999332428;9,101988342000027;48,804257795000069;1
89676;08230705111000273490;08;1;11;000;2023;07;16;4;3;4;2;0;0;1;1;0;0;0;0;515933,288399999961257;5403716,951600000262260;9,216912284000045;48,786246514000027;1
89680;08230704425000250790;08;4;25;071;2023;07;09;3;3;4;2;0;0;1;1;0;0;0;0;550853,577700000256300;5370930,459000000730157;9,688261694000062;48,489439611000080;1
89681;08230704421200260260;08;4;21;000;2023;07;16;3;3;5;3;0;0;1;1;0;0;0;0;573048,763600000180304;5361689,006899999454618;9,987003739000045;48,404123417000051;1
89688;08230704317600253060;08;3;17;040;2023;07;14;3;3;5;3;0;0;1;1;0;0;0;0;432453,150000000372529;5348027,172900000587106;8,089517106000073;48,281841928000063;1
89691;08230704316100251340;08;3;16;054;2023;07;07;3;3;0;1;0;0;1;0;0;0;0;0;419768,274500000290573;5337215,814600000157952;7,920610700000054;48,183110721000048;1
89697;08230704221011266320;08;2;21;000;2023;07;18;3;2;5;3;0;0;1;1;0;0;0;0;476494,669300000183284;5471216,335799999535084;8,676078938000046;49,393185938000045;1
89702;08230704136200258650;08;1;36;087;2023;07;10;3;3;0;6;0;0;1;0;0;0;0;0;603941,245000000111759;5408978,603000000119209;10,416144969000072;48,825085328000057;1
89704;08230704128010287350;08;1;28;061;2023;07;18;3;3;5;3;0;0;1;1;0;0;0;0;542199,624300000257790;5495702,381200000643730;9,584147547000043;49,612413638000078;1
89709;08230704119100275770;08;1;19;008;2023;07;19;3;3;1;3;0;0;1;1;0;0;0;0;532627,191300000064075;5421841,502499999478459;9,445619469000064;48,948635141000068;1
89711;08230704118048287060;08;1;15;003;2023;07;22;3;3;4;6;2;0;1;0;0;0;0;1;502676,790500000119209;5390931,355000000447035;9,036358353000026;48,671425121000027;1
89714;08230704118048270640;08;1;15;051;2023;07;16;3;2;5;3;0;0;1;0;0;0;0;1;503968,214800000190735;5383659,808399999514222;9,053829877000055;48,606002113000045;1
89717;08230707311000269680;08;3;15;074;2023;07;13;6;3;5;2;0;0;1;1;0;0;0;0;397412,813000000081956;5295537,722999999299645;7,629895877000024;47,805015850000075;1
89723;08230704116200291530;08;1;16;080;2023;07;08;3;2;0;7;0;0;1;0;0;0;0;0;517387,291799999773502;5397816,986800000071526;9,236457341000062;48,733131972000081;1
89728;08230703436100257220;08;4;36;055;2023;07;23;2;3;6;1;2;0;1;0;1;0;0;0;576208,435600000433624;5297781,570100000128150;10,018264528000032;47,828865764000057;1
89733;08230703421000271340;08;4;25;134;2023;07;17;2;2;5;3;0;0;1;1;0;0;0;0;545845,618999999947846;5373140,120999999344349;9,620730076000029;48,509702760000039;1
89738;08230703335100249600;08;3;35;043;2023;07;10;2;3;6;6;0;0;1;0;1;0;0;0;514035,964800000190735;5279653,534499999135733;9,186972201000060;47,670121015000063;1
89740;08230703325302305050;08;3;25;051;2023;07;22;2;2;4;6;2;0;1;0;0;0;0;0;448552,832100000232458;5349043,366299999877810;8,306386342000053;48,292496983000035;1
89744;08230703311400267860;08;3;15;006;2023;07;07;2;3;3;6;0;0;1;1;0;0;0;0;398868,937599999830127;5308581,005799999460578;7,646285768000041;47,922569219000081;1
89748;08230703231000275450;08;2;36;013;2023;07;18;2;3;5;2;0;0;1;1;0;0;0;0;475420,060600000433624;5408746,632600000128150;8,665074640000057;48,831210701000032;1
89753;08230703226095362540;08;2;26;032;2023;07;11;2;3;6;7;0;0;0;1;1;0;0;0;468563,256400000303984;5463352,783900000154972;8,567401820000043;49,322096994000049;1
89755;08230703222401318750;08;2;26;036;2023;07;19;2;3;5;3;0;0;1;1;0;0;0;0;468512,985000000335276;5479801,275000000372529;8,565406593000034;49,470044274000031;1
89763;08230703127202250310;08;1;27;014;2023;07;17;2;3;5;3;0;0;1;1;0;0;0;0;578616,417000000365078;5442537,017000000923872;10,077668933000041;49,130633859000056;1
89771;08230703111500251490;08;1;11;000;2023;07;16;2;3;5;2;0;0;1;1;0;0;0;0;512509,801900000311434;5406552,361500000581145;9,170392308000032;48,811831841000071;1
89772;08230703111210259670;08;1;11;000;2023;07;15;2;3;5;3;0;0;1;1;0;0;0;0;511429,956799999810755;5396808,231000000610948;9,155413377000059;48,724194960000034;1
89780;08230702416100249000;08;4;16;050;2023;07;21;1;3;0;7;1;0;1;0;0;0;0;0;483958,282499999739230;5364458,956100000068545;8,783129253000027;48,433072364000054;1
89782;08230710311400340450;08;3;15;130;2023;07;20;2;3;0;1;0;0;1;0;0;0;0;0;408761,819000000134110;5300837,267999999225140;7,780313353000054;47,854396335000047;1
89789;08230702335100249150;08;3;35;002;2023;07;14;1;3;6;6;0;0;1;0;1;0;0;0;502890,848600000143051;5286037,295700000599027;9,038551232000032;47,727705799000034;1
89790;08230702317100257040;08;3;17;089;2023;07;21;1;3;0;7;2;0;1;0;0;0;0;0;430154,498800000175834;5374868,192500000819564;8,054070612000032;48,523036370000057;1
89791;08230702317050269300;08;3;17;151;2023;07;20;1;3;0;7;1;0;1;0;0;0;0;0;412163,689899999648333;5372088,639000000432134;7,811052210000071;48,495776199000034;1
89798;08230702136100267960;08;1;36;088;2023;07;15;1;2;2;2;0;0;1;1;0;0;0;0;582738,321000000461936;5407523,771999999880791;10,127038721000076;48,815186862000076;1
89799;08230702136050270020;08;1;19;079;2023;07;15;1;3;5;3;0;0;1;1;0;0;0;0;523566,665599999949336;5408911,091000000014901;9,321128214000055;48,832729410000070;1
89805;08230702127100255530;08;1;27;076;2023;07;22;1;3;0;7;2;0;1;0;0;0;0;0;554435,581399999558926;5439165,044800000265241;9,745780689000071;49,102922102000036;1
89808;08230702121500255490;08;1;25;039;2023;07;11;1;2;0;1;0;0;1;0;0;0;0;0;514739,204400000162423;5456840,404100000858307;9,202587020000067;49,264149111000052;1
89810;08230702121200274440;08;1;21;000;2023;07;20;1;3;5;3;0;0;1;1;0;0;0;0;516434,674499999731779;5445049,103000000119209;9,225407956000026;49,158040599000060;1
89811;08230703111500251520;08;1;11;000;2023;07;13;2;3;5;2;0;0;1;1;0;0;0;0;513044,450299999676645;5406959,292899999767542;9,177687496000033;48,815481547000047;1
89812;08230702121200268330;08;1;21;000;2023;07;11;1;3;5;3;0;0;1;1;0;0;0;0;516760,005099999718368;5443101,344699999317527;9,229788913000050;49,140511113000059;1
89813;08230702119100249710;08;1;19;053;2023;07;15;1;2;0;1;0;0;1;0;0;0;0;0;533524,006400000303984;5426205,535399999469519;9,458227271000055;48,987843302000044;1
89817;08230702117100305900;08;1;17;019;2023;07;04;1;3;0;1;2;0;1;0;0;0;0;0;550439,527999999932945;5394331,748999999836087;9,685500361000038;48,699981866000030;1
89818;08230702117010261760;08;1;17;049;2023;07;03;1;1;6;7;2;1;0;1;1;0;0;0;553699,608000000007451;5391221,045600000768900;9,729398745000026;48,671727790000034;1
89819;08230702116200305890;08;1;16;077;2023;07;02;1;3;0;1;2;0;1;0;0;0;0;0;515486,461299999617040;5389120,152200000360608;9,210281243000054;48,654945083000030;1
89820;08230702116200249810;08;1;16;078;2023;07;17;1;3;5;3;0;0;1;1;0;0;0;0;512827,252999999560416;5393166,546000000089407;9,174299180000048;48,691407050000066;1
89824;08230701435100248130;08;4;35;057;2023;07;19;7;3;2;6;0;0;1;1;0;0;0;0;544085,936800000257790;5279697,631899999454618;9,587256129000025;47,669167275000063;1
89827;08230701421000281090;08;4;26;071;2023;07;19;7;3;0;1;0;0;1;0;0;0;0;0;564701,695500000379980;5333263,550899999216199;9,869884179000053;48,149328448000063;1
89842;08230701317200265050;08;3;17;153;2023;07;20;7;2;8;7;0;1;1;0;0;0;0;0;422486,282999999821186;5391197,589999999850988;7,947188180000069;48,669014873000037;1
89843;08230701316100263960;08;3;16;049;2023;07;10;7;3;0;1;0;0;1;0;0;0;0;0;400615,018400000408292;5339546,376199999824166;7,662454637000053;48,201364928000032;1
89844;08230701311500267240;08;3;15;113;2023;07;13;7;3;5;3;0;0;1;1;0;0;0;0;439430,219999999739230;5308193,459499999880791;8,189207991000046;47,924199288000068;1
89847;08230701311010248110;08;3;15;073;2023;07;09;7;3;5;2;0;0;1;1;0;0;0;0;412570,611399999819696;5313181,595200000330806;7,828715418000058;47,965968676000045;1
89849;08230701215202248830;08;2;15;039;2023;07;15;7;3;5;3;0;0;1;1;0;0;0;0;473382,252999999560416;5451899,372999999672174;8,634475998000028;49,219302646000074;1
89855;08230701136300269440;08;1;36;065;2023;07;18;7;3;0;1;0;0;1;0;0;0;0;0;558825,339999999850988;5405931,690999999642372;9,801114519000066;48,803590416000077;1
89857;08230701121500261670;08;1;25;069;2023;07;18;7;3;5;3;0;0;1;1;0;0;0;0;522316,097299999557436;5454791,121600000187755;9,306614196000055;49,245486099000061;1
89858;08230701119300257000;08;1;19;086;2023;07;13;7;3;3;2;0;0;1;1;0;0;0;0;535130,867899999953806;5406001,569800000637770;9,478452397000069;48,806009956000025;1
89865;08230701117010253940;08;1;17;026;2023;07;19;7;3;6;4;0;1;0;1;1;0;0;0;548799,276999999769032;5394111,025200000032783;9,663183967000066;48,698126819000038;1
89870;08230630435100215700;08;4;35;035;2023;06;12;6;3;6;4;0;0;0;1;1;0;0;0;542146,325500000268221;5283185,340099999681115;9,561757253000053;47,700676386000055;1
89872;08230630426010236900;08;4;21;000;2023;06;22;6;2;6;4;2;1;0;1;1;0;0;0;572712,273299999535084;5361551,188899999484420;9,982434046000037;48,402922620000027;1
89883;08230630316100217710;08;3;16;049;2023;06;16;6;3;3;6;0;0;1;0;0;0;0;1;402425,178600000217557;5340556,226900000125170;7,686577221000050;48,210728846000052;1
89888;08230630231000229420;08;2;37;028;2023;06;13;6;2;5;3;0;0;1;1;0;0;0;0;456032,513000000268221;5367093,437000000849366;8,405333784000049;48,455441445000076;1
89889;08230630221050242450;08;2;26;105;2023;06;12;6;3;5;3;0;0;1;1;0;0;0;0;470622,346800000406802;5478213,243000000715256;8,594637706000071;49,455866177000075;1
89891;08230630216200216050;08;2;16;007;2023;06;09;6;3;6;4;0;1;0;0;1;0;0;1;436211,036799999885261;5394403,816099999472499;8,133081898000057;48,699407905000044;1
89895;08230630212702238430;08;2;15;110;2023;06;17;6;3;0;7;0;0;1;0;0;0;0;0;461623,050900000147521;5418846,300799999386072;8,476135997000029;48,921362187000057;1
89896;08230630212010296590;08;2;15;108;2023;06;23;6;3;3;6;2;0;1;0;0;0;0;0;451178,893899999558926;5426113,581499999389052;8,332705886000042;48,985996324000041;1
89906;08230630119500219640;08;1;19;085;2023;06;19;6;3;0;7;0;0;1;0;0;0;0;0;528431,583300000056624;5414362,649499999359250;9,387796585000046;48,881565931000068;1
89916;08230630115200216380;08;1;15;016;2023;06;21;6;3;4;2;0;0;1;1;0;0;0;0;486792,539699999615550;5377739,187699999660254;8,821025868000049;48,552612051000040;1
89918;08230630111110261820;08;1;11;000;2023;06;15;6;3;0;7;0;0;1;0;0;0;0;0;512653,898799999617040;5402524,071100000292063;9,172230914000068;48,775590828000077;1
89919;08230629436400216750;08;4;36;096;2023;06;18;5;3;0;1;0;0;1;0;0;0;0;0;542644,911199999973178;5300589,877900000661612;9,570111818000044;47,857233868000037;1
89920;08230629436200241910;08;4;35;059;2023;06;16;5;3;4;6;0;0;1;0;0;0;0;0;513565,986800000071526;5291240,938500000163913;9,181072613000026;47,774389638000059;1
89921;08230629436200225400;08;4;36;064;2023;06;16;5;3;5;3;0;0;1;1;0;0;0;0;543886,631199999712408;5292002,046599999070168;9,585841380000033;47,779885511000032;1
89923;08230709226700259250;08;2;26;046;2023;07;09;1;3;0;7;0;0;1;0;0;0;0;0;474990,945899999700487;5454090,977900000289083;8,656430016000058;49,239084132000073;1
89925;08230629436000229190;08;4;35;035;2023;06;12;5;3;4;6;0;0;1;0;0;0;0;0;542465,674200000241399;5282583,484200000762939;9,565954949000059;47,695240439000031;1
89928;08230629415200244610;08;4;15;053;2023;06;13;5;3;5;3;0;0;1;1;0;0;0;0;537243,724100000225008;5364619,404999999329448;9,503510354000070;48,433618661000025;1
89930;08230629335300245290;08;3;35;035;2023;06;13;5;3;5;2;0;0;1;1;0;0;0;0;483361,203599999658763;5290267,284600000828505;8,777950506000025;47,765557175000026;1
89932;08230629317500211610;08;3;17;096;2023;06;17;5;3;2;2;0;0;1;1;0;0;0;0;421594,468899999745190;5369684,378100000321865;7,939133756000047;48,475397842000064;1
89934;08230629317300212470;08;3;17;150;2023;06;20;5;2;9;1;0;0;1;0;0;0;0;0;408026,269899999722838;5355855,781199999153614;7,758622629000058;48,349179309000078;1
89940;08230709436300295190;08;4;36;081;2023;07;13;1;3;2;3;0;0;1;0;0;1;0;0;558830,671299999579787;5288060,203700000420213;9,784778481000046;47,743230410000081;1
89945;08230629311000242040;08;3;36;078;2023;06;15;5;3;5;3;0;0;1;0;0;0;0;0;397599,581299999728799;5290037,579099999740720;7,633686664000038;47,755571967000037;1
89947;08230629226700235090;08;2;26;095;2023;06;22;5;3;5;2;2;0;1;1;0;0;0;0;473324,398900000378489;5460995,364900000393391;8,633075460000043;49,301118800000040;1
89951;08230629222500245690;08;2;22;000;2023;06;17;5;3;5;5;0;0;1;1;0;0;0;0;465939,134899999946356;5475324,339700000360608;8,530267661000039;49,429637063000030;1
89953;08230629221011211650;08;2;21;000;2023;06;16;5;3;3;5;0;0;1;1;0;0;0;0;477585,684200000017881;5472090,206700000911951;8,691064406000066;49,401087432000054;1
89955;08230629216100212980;08;2;16;043;2023;06;11;5;3;0;1;0;0;1;0;0;0;0;0;444153,836000000126660;5412062,118000000715256;8,238618507000069;48,859008955000036;1
89956;08230629215102236840;08;2;15;090;2023;06;17;5;3;5;3;0;0;1;1;0;0;0;0;465804,025999999605119;5433677,835000000894070;8,531958291000024;49,055021907000025;1
89965;08230629127202229620;08;1;27;046;2023;06;16;5;3;5;3;0;0;1;0;0;0;0;1;571469,156999999657273;5450082,611999999731779;9,981050447000030;49,199372087000029;1
89968;08230629121300226700;08;1;21;000;2023;06;21;5;3;2;7;2;0;1;1;0;0;0;0;514872,947900000028312;5446267,977900000289083;9,204033458000026;49,169044573000065;1
89973;08230629119200237050;08;1;19;020;2023;06;13;5;3;5;3;0;0;1;1;0;0;0;0;519910,597500000149012;5406767,556800000369549;9,271205835000046;48,813574623000079;1
89976;08230629116500238880;08;1;16;073;2023;06;16;5;3;6;6;0;0;0;1;1;0;0;0;520454,387400000356138;5389883,827999999746680;9,277774708000038;48,661672255000042;1
89978;08230629115200237290;08;1;15;021;2023;06;19;5;3;5;2;0;0;1;1;0;0;0;0;490020,680999999865890;5382280,866000000387430;8,864661222000052;48,593529863000072;1
89980;08230629115100225470;08;1;15;003;2023;06;22;5;3;5;3;2;0;1;1;0;0;0;0;501012,243099999614060;5392330,497500000521541;9,013752539000052;48,684016894000081;1
89988;08230628437100222920;08;4;37;076;2023;06;07;4;2;0;1;0;0;1;0;0;0;0;0;524165,634300000034273;5322086,191899999976158;9,324279325000020;48,051599586000066;1
89992;08230711216200324910;08;2;16;007;2023;07;12;3;3;5;3;0;0;1;0;0;0;0;1;437073,701999999582767;5393839,300000000745058;8,144890511000028;48,694417648000069;1
89996;08230628435200210400;08;4;35;034;2023;06;15;4;2;0;1;0;0;1;0;0;0;0;0;528699,946999999694526;5285505,549000000581145;9,382691917000045;47,722289736000050;1
89997;08230628435200209790;08;4;35;034;2023;06;12;4;3;0;1;0;0;1;0;0;0;0;0;528777,482300000265241;5285531,968900000676513;9,383727513000053;47,722523995000074;1
89998;08230628435100232240;08;4;35;016;2023;06;13;4;3;3;2;0;0;1;1;0;0;0;0;536300,076600000262260;5278925,079800000414252;9,483482943000070;47,662700263000033;1
90000;08230628435100210000;08;4;35;016;2023;06;12;4;3;0;7;0;0;1;0;0;0;0;0;534836,602800000458956;5277856,434000000357628;9,463906339000062;47,653165676000071;1
90004;08230628417100235320;08;4;17;079;2023;06;15;4;3;5;3;0;0;1;1;0;0;0;0;499991,846400000154972;5347059,439999999478459;8,999890107000056;48,276739727000063;1
90007;08230628337010222000;08;3;37;053;2023;06;14;4;2;6;4;0;0;0;1;1;0;0;0;457385,217400000430644;5268571,321200000122190;8,433422279000069;47,569158635000065;1
90012;08230628317100233850;08;3;17;102;2023;06;11;4;3;2;6;0;0;1;1;0;0;0;0;437802,030799999833107;5379734,756899999454618;8,156903192000073;48,567617243000029;1
90013;08230628316200227510;08;3;16;045;2023;06;16;4;3;5;3;0;0;1;1;0;0;0;0;412120,283999999985099;5325350,161100000143051;7,820188481000059;48,075366281000072;1
90016;08230628311010208300;08;3;11;000;2023;06;20;4;3;0;7;0;0;1;0;0;0;0;0;410991,559200000017881;5323707,063100000843406;7,805380539000055;48,060429842000076;1
90021;08230628225100236400;08;2;25;074;2023;06;17;4;3;0;2;0;0;1;1;0;0;0;0;506522,576999999582767;5466729,552999999374151;9,089813132000074;49,353246036000030;1
90027;08230628212502237430;08;2;12;000;2023;06;13;4;3;0;7;0;0;1;0;0;0;0;0;455811,391699999570847;5427010,371300000697374;8,395922159000065;48,994411896000031;1
90030;08230628212010207130;08;2;12;000;2023;06;06;4;3;0;3;0;0;1;0;0;0;0;1;460519,178399999625981;5430993,368599999696016;8,459889073000056;49,030558735000056;1
90034;08230628121300238300;08;1;21;000;2023;06;14;4;2;3;2;0;0;1;0;0;0;1;0;514868,946800000034273;5446263,363900000229478;9,203978399000050;49,169003165000049;1
90035;08230628121200210500;08;1;21;000;2023;06;08;4;3;3;2;0;0;1;1;0;0;0;0;516175,048799999989569;5444263,649000000208616;9,221815567000021;49,150982095000074;1
90038;08230628119100235550;08;1;19;008;2023;06;19;4;3;2;6;0;0;1;1;0;0;0;0;532165,322999999858439;5421032,580000000074506;9,439247636000061;48,941382725000039;1
90041;08230628118010231370;08;1;18;079;2023;06;18;4;3;6;6;0;0;1;0;1;0;0;0;508910,476499999873340;5423302,636299999430776;9,121732309000038;48,962575552000033;1
90044;08230628111500251890;08;1;11;000;2023;06;17;4;3;6;7;0;0;0;1;1;0;0;0;511592,107900000177324;5401956,907700000330806;9,157763061000026;48,770509351000044;1
90048;08230628111110224640;08;1;11;000;2023;06;19;4;3;3;6;0;0;1;1;0;0;0;0;512749,564299999736249;5402671,076500000432134;9,173537559000067;48,776911325000071;1
90049;08230627436400233550;08;4;36;082;2023;06;07;3;3;0;1;0;0;1;0;0;0;0;0;547498,162700000219047;5294574,121400000527501;9,634330226000031;47,802770199000065;1
90054;08230627435100203700;08;4;35;016;2023;06;15;3;3;0;7;0;0;1;0;0;0;0;0;534161,203200000338256;5279361,031300000846386;9,455030201000056;47,666739211000049;1
90060;08230627415050240820;08;1;16;071;2023;06;13;3;3;4;6;0;0;1;0;0;0;0;0;528056,033300000242889;5391061,754799999296665;9,381084424000051;48,671973634000040;1
90062;08230627335300234780;08;3;35;075;2023;06;15;3;3;5;3;0;0;1;0;0;0;0;0;488436,819000000134110;5290154,898000000044703;8,845688726000049;47,764657028000045;1
90064;08230627325000232580;08;3;27;002;2023;06;11;3;2;5;3;0;0;1;1;0;0;0;0;476514,867600000463426;5326386,530400000512600;8,684615886000074;48,090314880000051;1
90077;08230627222700244370;08;2;22;000;2023;06;13;3;2;4;6;0;0;1;0;0;0;0;1;462182,345099999569356;5480544,102900000289083;8,477961659000073;49,476364358000069;1
90078;08230627221050241050;08;2;22;000;2023;06;17;3;3;5;3;0;0;1;1;0;0;0;0;463339,572800000198185;5483259,687699999660254;8,493683622000049;49,500860674000080;1
90085;08230627121300233040;08;1;21;000;2023;06;07;3;2;6;7;0;0;0;1;1;0;0;0;511992,186999999918044;5443042,757400000467896;9,164418092000062;49,140095687000041;1
90096;08230627111500256650;08;1;11;000;2023;06;09;3;2;0;7;0;0;1;0;0;0;0;0;518392,287399999797344;5406327,486199999228120;9,250505152000073;48,809662625000044;1
90097;08230627111500247730;08;1;11;000;2023;06;16;3;3;5;3;0;0;1;1;0;0;0;0;513334,047299999743700;5402673,236700000241399;9,181493135000039;48,776918505000026;1
90098;08230704127100250920;08;1;27;025;2023;07;16;3;3;0;7;0;0;1;0;0;0;0;0;555365,335900000296533;5428058,173599999397993;9,756998923000026;49,002935629000035;1
90105;08230626436400245040;08;4;36;005;2023;06;06;2;3;0;6;0;0;1;0;0;0;0;0;540290,929100000299513;5308101,885999999940395;9,539344673000073;47,924971052000046;1
90107;08230626435100205280;08;4;35;016;2023;06;13;2;3;0;3;0;0;1;0;0;0;0;0;536181,600399999879301;5277971,966700000688434;9,481826103000060;47,654131355000061;1
90113;08230626337100238550;08;3;37;096;2023;06;20;2;3;6;4;0;0;0;1;1;0;0;0;420707,441800000146031;5267643,997800000011921;7,946011801000054;47,557371111000066;1
90117;08230626326200239560;08;3;26;074;2023;06;15;2;3;5;2;0;0;1;1;0;0;0;0;465857,655199999921024;5323787,608400000259280;8,541710868000052;48,066451069000038;1
90118;08230626325302232390;08;3;25;001;2023;06;07;2;3;5;3;0;0;1;1;0;0;0;0;455996,040000000037253;5345738,820000000298023;8,407074150000028;48,263329817000056;1
90119;08230626317100231560;08;3;17;116;2023;06;12;2;3;5;3;0;0;1;0;0;0;0;0;432308,560899999924004;5388653,311899999156594;8,080993874000058;48,647271049000040;1
90120;08230627127202206200;08;1;27;014;2023;06;15;3;3;5;3;0;0;1;1;0;0;0;0;578846,323900000192225;5442114,524499999359250;10,080737294000073;49,126804584000070;1
90124;08230626311010200020;08;3;11;000;2023;06;22;2;3;0;7;2;0;1;0;0;0;0;0;412691,559799999929965;5315358,268899999558926;7,829893044000073;47,985565123000072;1
90128;08230626222400219240;08;2;26;028;2023;06;06;2;2;6;7;0;0;0;0;1;0;1;0;471228,991700000129640;5483559,019700000062585;8,602619278000077;49,503978595000035;1
90131;08230626216200226720;08;2;16;008;2023;06;15;2;3;3;6;0;0;1;1;0;0;0;0;439121,502100000157952;5393903,859400000423193;8,172705604000043;48,695201539000038;1
90132;08230626216200200490;08;2;16;041;2023;06;08;2;3;0;1;0;0;1;0;0;0;0;0;435147,089999999850988;5391435,013000000268221;8,119090106000044;48,672593691000031;1
90133;08230626216100200290;08;2;16;002;2023;06;10;2;3;5;3;0;0;1;1;0;0;0;0;444136,265999999828637;5422315,504000000655651;8,236976074000040;48,951236252000058;1
90139;08230626128200239700;08;1;28;115;2023;06;09;2;2;6;2;0;0;0;0;1;0;1;0;547306,738499999977648;5496453,660199999809265;9,654928624000036;49,618792391000056;1
90144;08230626126100232500;08;1;26;020;2023;06;08;2;3;5;3;0;0;1;0;0;0;0;1;551228,248300000093877;5470341,414699999615550;9,705828637000025;49,383615199000076;1
90150;08230626119300242930;08;1;19;067;2023;06;07;2;3;5;3;0;0;1;1;0;0;0;0;539004,351900000125170;5405652,335799999535084;9,531170508000059;48,802637384000036;1
90152;08230626117400204160;08;1;17;051;2023;06;16;2;3;5;3;0;0;1;1;0;0;0;0;543143,101200000382960;5395058,770099999383092;9,586419845000023;48,707069171000057;1
90157;08230626111500256230;08;1;11;000;2023;06;19;2;3;5;3;0;0;1;1;0;0;0;0;507791,050999999977648;5407478,955000000074506;9,106137345000036;48,820244458000047;1
90158;08230626111500252530;08;1;11;000;2023;06;09;2;3;5;3;0;0;1;1;0;0;0;0;507481,840200000442564;5405685,246600000187755;9,101892276000058;48,804112244000066;1
90163;08230625436300195850;08;4;36;081;2023;06;17;1;3;5;3;0;0;1;1;0;1;0;0;557945,093299999833107;5278919,116599999368191;9,771751509000069;47,661069701000031;1
90168;08230625425000217180;08;4;25;033;2023;06;11;1;3;7;1;0;0;1;0;0;0;0;0;553799,290900000371039;5346926,526799999177456;9,725052962000063;48,273258236000061;1
90174;08230625337010198190;08;3;37;128;2023;06;13;1;2;0;1;0;0;1;0;0;0;0;0;450015,580299999564886;5284213,224300000816584;8,333659724000029;47,709365335000030;1
90178;08230625335100229250;08;3;35;002;2023;06;18;1;3;0;7;0;0;1;0;0;0;0;1;505565,966500000096858;5285704,555900000035763;9,074221287000057;47,724694407000072;1
90180;08230625335100196280;08;3;35;043;2023;06;10;1;3;8;1;0;0;1;0;0;0;0;0;510984,988199999555945;5281938,526300000026822;9,146387992000029;47,690739626000038;1
90194;08230707311010261500;08;3;11;000;2023;07;02;6;2;5;3;2;0;1;1;0;0;0;0;412833,593500000424683;5315339,739299999549985;7,831799930000045;47,985417816000052;1
90195;08230625235200196440;08;2;35;032;2023;06;10;1;1;2;7;0;0;1;1;0;0;0;0;474228,167399999685585;5374349,083000000566244;8,650978413000075;48,521723537000071;1