OID_;UIDENTSTLAE;ULAND;UREGBEZ;UKREIS;UGEMEINDE;UJAHR;UMONAT;USTUNDE;UWOCHENTAG;UKATEGORIE;UART;UTYP1;ULICHTVERH;IstStrassenzustand;IstRad;IstPKW;IstFuss;IstKrad;IstGkfz;IstSonstige;LINREFX;LINREFY;XGCSWGS84;YGCSWGS84;PLST
90206;08230625215402363770;08;2;15;009;2023;06;22;1;3;5;3;2;0;1;1;0;0;0;0;473874,287399999797344;5438309,900299999862909;8,642114472000060;49,097083904000044;1
90210;08230625136300232010;08;1;36;027;2023;06;15;1;2;0;7;0;0;1;0;0;0;0;0;553123,479000000283122;5417507,196000000461936;9,724972452000031;48,908226992000039;1
90220;08230625118600229490;08;1;18;073;2023;06;17;1;3;4;6;0;0;1;0;0;1;0;0;498402,562800000421703;5418563,726999999955297;8,978194837000046;48,920007872000042;1
90228;08230625117200229020;08;1;17;024;2023;06;17;1;3;5;3;0;0;1;1;0;0;0;0;560171,929899999871850;5386394,515000000596046;9,816601721000040;48,627721791000056;1
90229;08230625117100221400;08;1;17;019;2023;06;07;1;3;0;2;0;0;1;0;0;0;0;1;553951,786600000225008;5394655,878599999472499;9,733272254000042;48,702603646000057;1
90233;08230625116010223010;08;1;16;033;2023;06;10;1;3;0;1;0;0;1;0;0;0;0;0;535010,940000000409782;5389447,574999999254942;9,475413099000036;48,657101514000033;1
90234;08230625115400239690;08;1;15;045;2023;06;16;1;3;6;4;0;0;0;1;1;0;0;0;497392,760800000280142;5396924,346999999135733;8,964548512000022;48,725338898000075;1
90235;08230625115200228840;08;1;15;015;2023;06;16;1;3;8;1;0;0;1;0;0;0;0;0;494994,675900000147521;5386105,296700000762939;8,932071962000066;48,627994806000061;1
90244;08230624337010192670;08;3;37;126;2023;06;16;7;3;0;7;0;0;1;0;0;0;0;0;443532,807400000281632;5273920,100099999457598;8,248575578000043;47,616224350000039;1
90249;08230624326100229540;08;3;26;006;2023;06;15;7;2;6;4;0;0;0;1;1;0;0;0;459329,167899999767542;5308795,553999999538064;8,455504583000049;47,931187914000077;1
90250;08230624325202226180;08;3;25;069;2023;06;23;7;3;8;1;2;0;1;0;0;0;0;0;465217,019500000402331;5334921,820800000801682;8,532203524000067;48,166587667000044;1
90268;08230624135100207700;08;1;35;016;2023;06;20;7;3;0;7;0;0;1;0;0;0;0;0;591706,895100000314415;5385765,264900000765920;10,244340843000032;48,618233388000078;1
90269;08230624135010226260;08;4;25;072;2023;06;14;7;2;0;1;0;0;1;0;0;0;0;0;581858,788999999873340;5371157,464400000870228;10,107870202000072;48,488207772000067;1
90271;08230624121500210690;08;1;25;063;2023;06;10;7;3;2;6;0;0;1;1;0;0;0;0;526023,794599999673665;5463427,772199999541044;9,358117659000072;49,323026306000031;1
90272;08230624121500194980;08;1;25;065;2023;06;13;7;3;0;1;0;0;1;0;0;0;0;0;515902,027999999932945;5448520,290599999949336;9,218239778000054;49,189278930000057;1
90274;08230624121400193000;08;1;25;013;2023;06;11;7;3;0;1;0;0;1;0;0;0;0;0;508400,782800000160933;5434881,078999999910593;9,115008722000027;49,066737445000058;1
90278;08230624118100451460;08;1;18;079;2023;06;11;7;3;0;4;0;0;1;0;1;0;0;0;509474,497399999760091;5421506,030899999663234;9,129395971000065;48,946405504000040;1
90280;08230710325202262550;08;3;25;001;2023;07;21;2;3;3;6;1;0;1;1;0;0;0;0;456431,154900000430644;5344807,990399999544024;8,413032603000033;48,254985868000063;1
90281;08230624116010227340;08;1;16;049;2023;06;04;7;3;0;1;2;0;1;0;0;0;0;0;522921,632399999536574;5387843,617300000041723;9,311166945000025;48,643232794000028;1
90285;08230623437100247670;08;4;37;088;2023;06;15;6;2;6;4;0;0;0;1;1;0;0;0;515897,112800000235438;5308047,900200000032783;9,212804941000059;47,925554648000059;1
90286;08230623437100193430;08;4;37;100;2023;06;18;6;3;0;1;0;0;1;0;0;0;0;0;536885,000000000000000;5319199,362999999895692;9,494706681000025;48,025018912000064;1
90290;08230623435200193330;08;4;35;067;2023;06;17;6;3;4;6;0;0;1;0;0;0;0;0;528935,239099999889731;5293810,937899999320507;9,386382183000023;47,797005815000034;1
90292;08230623426010221920;08;4;26;038;2023;06;05;6;2;5;3;1;1;1;1;0;0;0;0;564903,562300000339746;5318998,822100000455976;9,870429877000049;48,020982219000075;1
90301;08230623335300223130;08;3;35;100;2023;06;10;6;3;5;7;0;0;1;0;0;0;0;1;489265,264399999752641;5285832,497700000181794;8,856851006000056;47,725780301000043;1
90302;08230623335200193150;08;3;35;055;2023;06;20;6;3;5;3;0;0;1;1;0;0;0;0;495066,766599999740720;5285946,269500000402331;8,934213365000062;47,726874400000042;1
90303;08230623335100223940;08;3;35;043;2023;06;15;6;3;0;1;0;0;1;0;0;0;0;0;508952,057099999859929;5287310,491800000891089;9,119407216000070;47,739105875000064;1
90307;08230623326100227680;08;3;26;005;2023;06;17;6;3;0;7;0;0;1;1;0;0;0;0;465345,781999999657273;5298588,757300000637770;8,536870551000050;47,839710264000075;1
90310;08230623317200206470;08;3;17;153;2023;06;07;6;3;4;2;0;0;1;0;0;0;1;0;421101,944400000385940;5389621,986300000920892;7,928689542000029;48,654669632000036;1
90312;08230623311010210190;08;3;11;000;2023;06;11;6;2;0;1;0;0;1;0;0;0;0;0;416213,827600000426173;5310194,251599999144673;7,878095290000033;47,939583238000068;1
90314;08230623311010191590;08;3;11;000;2023;06;12;6;3;6;4;0;0;0;0;1;0;0;1;414775,053399999625981;5319096,013900000602007;7,857067618000031;48,019468624000069;1
90321;08230623226500216280;08;2;26;085;2023;06;20;6;3;0;7;0;0;1;0;0;0;0;0;496956,700400000438094;5456618,227399999275804;8,958172095000066;49,262320621000072;1
90324;08230623222014222460;08;2;22;000;2023;06;10;6;3;0;7;0;0;1;0;0;0;0;1;462548,632699999958277;5482399,144899999722838;8,482841997000037;49,493072224000059;1
90327;08230623221200206410;08;2;21;000;2023;06;09;6;3;0;7;0;0;1;0;0;0;0;0;477822,321800000034273;5472765,591700000688434;8,694288209000035;49,407171090000077;1
90331;08230623221011226510;08;2;21;000;2023;06;14;6;3;2;6;0;0;1;0;0;0;0;0;477280,605899999849498;5470182,894899999722838;8,686968627000056;49,383920103000037;1
90332;08230623221011214920;08;2;21;000;2023;06;18;6;3;5;2;0;0;1;1;0;0;0;0;476646,890499999746680;5472027,991699999198318;8,678128919000073;49,400492522000036;1
90335;08230623216100191860;08;2;16;043;2023;06;18;6;3;5;3;0;0;1;1;0;0;0;0;444897,550699999555945;5411730,795800000429153;8,248801659000037;48,856095196000069;1
90337;08230623216100191130;08;2;16;043;2023;06;16;6;3;0;7;0;0;1;0;0;0;0;0;444136,630400000140071;5412069,304400000721216;8,238382974000046;48,859072048000030;1
90348;08230623119400228340;08;1;19;079;2023;06;20;6;3;5;3;0;0;1;1;0;0;0;0;524079,267799999564886;5407905,187899999320507;9,328053931000056;48,823660901000039;1
90349;08230623119400196000;08;1;19;093;2023;06;21;6;3;6;7;0;0;0;1;1;0;0;0;525111,944000000134110;5404921,320499999448657;9,341940198000032;48,796777871000074;1
90359;08230623115200229120;08;1;15;021;2023;06;09;6;3;6;7;0;0;0;1;1;0;0;0;490176,416400000452995;5382429,139299999922514;8,866769781000073;48,594866226000079;1
90360;08230623115100237450;08;1;15;003;2023;06;16;6;3;6;3;0;0;0;1;1;0;0;0;500083,742899999953806;5392184,185599999502301;9,001137718000052;48,682701471000030;1
90361;08230623111500247830;08;1;11;000;2023;06;07;6;3;5;3;0;0;1;0;0;0;0;1;513183,675300000235438;5406710,323499999940395;9,179575967000062;48,813238913000077;1
90362;08230623111500247710;08;1;11;000;2023;06;11;6;2;6;4;0;0;0;1;1;0;0;0;509886,145999999716878;5401324,795700000599027;9,134530615000074;48,764852341000051;1
90363;08230623111500247610;08;1;11;000;2023;06;06;6;3;5;3;0;0;1;1;0;0;0;0;517145,866899999789894;5405921,372500000521541;9,233511945000032;48,806044931000031;1
90366;08230622436100235070;08;4;36;004;2023;06;17;5;3;5;3;0;0;1;1;0;0;0;0;582108,982400000095367;5309926,937300000339746;10,099400314000036;47,937395745000060;1
90369;08230622426100187430;08;4;26;087;2023;06;06;5;3;5;3;0;0;1;1;0;0;0;0;570610,848000000230968;5324795,478000000119209;9,947917047000033;48,072522876000050;1
90376;08230622335400240060;08;3;35;021;2023;06;12;5;3;0;1;0;0;1;0;0;0;0;0;492349,700100000016391;5300753,325600000098348;8,897719150000057;47,860074370000063;1
90377;08230622326400208070;08;3;26;074;2023;06;14;5;3;5;3;0;0;1;1;0;0;0;0;458386,763000000268221;5323617,654999999329448;8,441450901000053;48,064478346000044;1
90380;08230622317200223980;08;3;17;005;2023;06;09;5;3;5;3;0;0;1;1;0;0;0;0;424727,315899999812245;5378726,232000000774860;7,979883926000070;48,557111736000081;1
90387;08230622231000195480;08;2;31;000;2023;06;15;5;3;0;7;0;0;1;0;0;1;0;0;478431,153199999593198;5416011,190099999308586;8,705720167000038;48,896672455000044;1
90396;08230624435100223390;08;4;35;057;2023;06;21;7;3;0;1;0;0;1;0;0;0;0;0;543984,186200000345707;5279592,243400000035763;9,585890199000062;47,668225999000072;1
90397;08230622215202219720;08;2;15;084;2023;06;10;5;3;5;3;0;0;1;0;0;0;0;1;472123,251899999566376;5446709,074400000274181;8,617547486000035;49,172559343000046;1
90413;08230622117300204430;08;1;17;026;2023;06;06;5;3;0;6;0;0;1;1;0;0;0;0;547685,389999999664724;5394482,901000000536442;9,648090170000046;48,701558170000055;1
90415;08230622111500247560;08;1;11;000;2023;06;18;5;3;5;3;0;0;1;1;0;0;0;0;512637,282899999991059;5401641,493799999356270;9,171977640000023;48,767651559000058;1
90419;08230621436300185230;08;4;36;052;2023;06;12;4;3;0;1;0;0;1;0;0;0;0;0;567118,697999999858439;5293899,298000000417233;9,896226566000053;47,794952333000026;1
90421;08230621435100184430;08;4;35;016;2023;06;13;4;3;8;1;0;0;1;0;0;0;0;0;536799,711299999617040;5277795,799900000914931;9,490042275000064;47,652511449000031;1
90423;08230621435100183690;08;4;35;057;2023;06;20;4;2;5;3;0;0;1;1;0;0;0;0;547521,239400000311434;5276223,678799999877810;9,632636404000039;47,637668152000060;1
90431;08230621335300183960;08;3;35;075;2023;06;16;4;3;2;3;0;0;1;1;0;0;0;0;488140,997800000011921;5289949,600299999117851;8,841746594000028;47,762804481000046;1
90432;08230621335100186730;08;3;35;043;2023;06;12;4;3;0;7;0;0;1;0;0;0;0;0;509264,348399999551475;5287408,819299999624491;9,123574804000043;47,739986175000070;1
90435;08230621317100230690;08;3;17;001;2023;06;08;4;3;5;3;0;1;1;1;0;0;0;0;431594,906200000084937;5386737,914100000634789;8,071622565000041;48,629964340000072;1
90436;08230621317100226400;08;3;17;089;2023;06;05;4;3;5;3;1;1;1;1;0;0;0;0;431303,489400000311434;5376227,716900000348687;8,069405364000033;48,535392320000028;1
90446;08230706221200260760;08;2;21;000;2023;07;18;5;3;0;4;0;0;1;0;1;0;0;0;478148,868599999696016;5473481,352299999445677;8,698750086000075;49,413621063000051;1
90450;08230621215402226520;08;2;15;009;2023;06;00;4;3;0;7;2;1;1;0;0;0;0;0;470690,957499999552965;5441603,425400000065565;8,598269246000029;49,126566463000074;1
90451;08230621212702204660;08;2;15;017;2023;06;15;4;3;5;3;0;0;1;1;0;0;0;0;454312,041000000201166;5420277,937000000849366;8,376182451000034;48,933743587000038;1
90452;08230621212010206350;08;2;12;000;2023;06;18;4;2;6;4;0;0;0;0;1;0;0;1;456377,997800000011921;5425938,398800000548363;8,403782540000066;48,984809640000037;1
90462;08230708415400282950;08;4;15;061;2023;07;12;7;2;0;1;0;0;1;0;0;0;0;0;513547,138500000350177;5363755,950999999418855;9,183123573000046;48,426806417000080;1
90469;08230621118100220840;08;1;18;079;2023;06;15;4;3;5;3;0;0;1;1;0;0;0;0;509904,733799999579787;5422565,256200000643730;9,135297580000042;48,955927202000055;1
90470;08230621117200220070;08;1;17;033;2023;06;14;4;3;0;1;0;0;1;0;0;0;0;0;559176,088399999774992;5387042,925200000405312;9,803180983000061;48,633649465000076;1
90471;08230621111230248120;08;1;11;000;2023;06;19;4;3;5;2;0;0;1;1;0;0;0;0;507571,893299999646842;5397445,241399999707937;9,102967011000032;48,729984336000030;1
90477;08230620436200189370;08;4;36;064;2023;06;13;3;3;0;1;0;0;1;0;0;0;0;0;546526,108599999919534;5290956,285700000822544;9,620961577000060;47,770291553000050;1
90481;08230620435100178110;08;4;35;035;2023;06;19;3;3;5;3;0;0;1;1;0;0;0;0;539511,621700000017881;5280149,299300000071526;9,526366658000029;47,673526755000069;1
90482;08230620426200200280;08;4;26;070;2023;06;13;3;3;7;7;0;0;1;0;1;0;0;0;565399,601900000125170;5342684,327199999243021;9,880717187000073;48,234004696000056;1
90484;08230620421200178940;08;4;21;000;2023;06;07;3;3;5;2;0;0;1;1;0;0;0;0;572984,833999999798834;5364128,332299999892712;9,986564547000057;48,426073042000041;1
90486;08230620416010182210;08;4;15;059;2023;06;15;3;3;5;2;0;0;1;1;0;0;0;0;516132,768799999728799;5367094,487800000235438;9,218203217000053;48,456780394000077;1
90487;08230620415100217960;08;4;15;050;2023;06;19;3;3;5;3;0;0;1;1;0;0;0;0;518383,260300000198185;5375898,085200000554323;9,249029471000028;48,535918655000046;1
90490;08230620336400199800;08;3;36;091;2023;06;21;3;3;5;2;1;0;1;1;0;0;0;0;394296,379999999888241;5271814,982999999076128;7,594036623000022;47,591126984000027;1
90491;08230620335400217170;08;3;35;079;2023;06;17;3;3;6;4;0;0;0;1;1;0;0;0;503345,543999999761581;5301727,185900000855327;9,044735891000073;47,868873424000071;1
90492;08230620335300180080;08;3;35;022;2023;06;19;3;3;0;1;0;0;1;0;0;0;0;0;483347,724000000394881;5300426,790999999269843;8,777380298000026;47,856966138000075;1
90494;08230620335100898150;08;3;35;043;2023;06;18;3;2;5;2;0;0;1;1;0;0;0;0;511479,103000000119209;5280181,614000000059605;9,152926426000022;47,674922946000038;1
90496;08230620335000184190;08;3;35;028;2023;06;16;3;3;6;4;0;0;0;1;1;0;0;0;482860,797000000253320;5286817,760999999940395;8,771408442000052;47,734506941000063;1
90498;08230620326200217880;08;3;26;074;2023;06;13;3;3;5;3;0;0;1;1;0;0;0;0;465633,493999999947846;5323224,572000000625849;8,538747335000039;48,061373506000052;1
90499;08230620326200176630;08;3;26;074;2023;06;09;3;3;0;7;0;0;1;0;0;0;0;0;463713,142599999904633;5323405,810000000521541;8,512958752000031;48,062897708000037;1
90500;08230706317500254840;08;3;17;096;2023;07;08;5;3;1;5;0;0;1;1;0;0;0;0;421866,079800000414252;5369632,239199999719858;7,942817880000064;48,474962670000082;1
90502;08230620317300185700;08;3;17;114;2023;06;20;3;3;0;1;0;0;1;0;0;0;0;0;406942,469999999739230;5345929,707299999892712;7,746187030000044;48,259739993000039;1
90503;08230620317000198020;08;3;17;057;2023;06;16;3;3;5;3;0;0;1;1;0;0;0;0;414650,411100000143051;5378329,527200000360608;7,843427574000032;48,552252779000071;1
90504;08230620311010229290;08;3;15;073;2023;06;14;3;2;6;4;0;0;0;1;1;0;0;0;412563,790500000119209;5313286,666500000283122;7,828602685000021;47,966912898000032;1
90506;08230620311010178280;08;3;11;000;2023;06;07;3;3;0;2;0;0;1;0;0;0;1;0;413447,785000000149012;5317227,619000000879169;7,839648819000047;48,002483364000057;1
90507;08230620311010177200;08;3;36;069;2023;06;08;3;2;5;3;0;0;1;1;0;0;0;0;406762,188000000081956;5272156,117000000551343;7,759729034000031;47,596108016000073;1
90515;08230620221011209930;08;2;26;076;2023;06;16;3;3;5;2;0;0;1;1;0;0;0;0;475488,026399999856949;5464361,441199999302626;8,662628985000026;49,331487199000037;1
90516;08230620221011206110;08;2;21;000;2023;06;18;3;3;0;6;0;0;1;0;0;0;0;1;476615,080000000074506;5472384,425300000235438;8,677669504000050;49,403697365000028;1
90518;08230620215502211110;08;2;15;107;2023;06;08;3;3;2;6;0;0;1;1;0;0;0;0;463316,686200000345707;5455562,345100000500679;8,495921861000056;49,251730636000048;1
90519;08230620215402226530;08;2;15;009;2023;06;08;3;3;5;7;0;0;1;1;0;0;0;0;465520,534099999815226;5438510,070199999958277;8,527666295000074;49,098472983000079;1
90524;08230706311000279280;08;3;11;000;2023;07;20;5;2;5;3;0;0;1;0;0;1;0;0;402835,191999999806285;5313676,223999999463558;7,698212065000064;47,969013935000078;1
90530;08230625436200215130;08;4;36;095;2023;06;20;1;3;0;1;0;0;1;0;0;0;0;0;536864,982900000177324;5297270,310499999672174;9,492561411000054;47,827725061000081;1
90531;08230620212010181010;08;2;12;000;2023;06;16;3;3;5;3;0;0;1;1;0;0;0;0;455673,259700000286102;5427586,688200000673532;8,393971056000055;48,999586032000082;1
90532;08230620211100178540;08;2;11;000;2023;06;10;3;2;5;2;0;0;1;1;0;0;0;0;441845,223000000230968;5403529,623500000685453;8,208356675000061;48,782046726000033;1
90534;08230620136200210250;08;1;36;019;2023;06;01;3;3;0;1;2;0;1;0;0;0;0;0;585502,678000000305474;5425448,013000000268221;10,168437563000055;48,976021675000027;1
90537;08230704231000255440;08;2;31;000;2023;07;07;3;3;5;3;0;0;1;1;0;0;0;0;475419,114000000059605;5415291,261299999430776;8,664668681000023;48,890084055000045;1
90538;08230620128200195380;08;1;28;128;2023;06;21;3;3;0;7;1;0;1;0;0;0;0;0;545734,941999999806285;5503036,532199999317527;9,633938061000038;49,678120135000029;1
90542;08230620127202197410;08;1;27;014;2023;06;13;3;3;0;1;0;0;1;0;0;0;0;0;578159,650000000372529;5439561,041799999773502;10,070832352000025;49,103926626000032;1
90545;08230620119500218100;08;1;19;042;2023;06;18;3;3;5;3;0;0;1;1;0;0;0;0;528772,650000000372529;5415041,472999999299645;9,392496283000071;48,887656608000043;1
90549;08230620118400241270;08;1;18;048;2023;06;19;3;3;5;3;0;1;1;1;0;0;0;0;514259,298000000417233;5414626,766000000759959;9,194502660000069;48,884429906000037;1
90551;08230620118200187990;08;1;18;067;2023;06;16;3;3;5;2;0;0;1;1;0;0;0;0;507210,140800000168383;5414042,588400000706315;9,098339188000068;48,879296861000057;1
90552;08230620118000215880;08;1;15;050;2023;06;16;3;3;6;4;0;0;0;1;1;0;0;0;490354,940999999642372;5399998,084000000730157;8,868781177000074;48,752921064000077;1
90554;08230628127100237140;08;1;27;059;2023;06;18;4;3;0;5;0;0;1;0;0;0;0;0;549326,760499999858439;5438340,030799999833107;9,675693220000028;49,095932170000026;1
90561;08230619436100210100;08;4;36;010;2023;06;19;2;3;8;6;0;0;1;1;0;0;0;0;570345,183500000275671;5309750,606799999251962;9,941883686000040;47,937209193000058;1
90566;08230619421300226020;08;4;25;039;2023;06;14;2;3;6;4;0;0;0;1;1;0;0;0;566098,851700000464916;5352812,672599999234080;9,891716972000040;48,325043324000035;1
90567;08230619421200179350;08;4;25;031;2023;06;16;2;3;5;3;0;0;1;1;0;0;0;0;569542,943599999882281;5368476,518100000917912;9,940768010000056;48,465575610000030;1
90572;08230619326200226250;08;3;26;003;2023;06;18;2;3;5;2;0;0;1;1;0;0;0;0;468093,486999999731779;5319223,770300000905991;8,572061572000052;48,025506619000055;1
90578;08230619317100198100;08;3;17;089;2023;06;09;2;2;5;2;0;0;1;0;0;0;0;0;431753,052000000141561;5375786,539999999105930;8,075566770000023;48,531472919000066;1
90581;08230619311010213110;08;3;15;109;2023;06;07;2;3;4;6;0;0;1;0;0;0;0;0;422430,529299999587238;5315066,915899999439716;7,960443617000067;47,984199519000072;1
90586;08230624311010230050;08;3;11;000;2023;06;17;7;2;0;7;0;0;1;0;0;0;0;0;419165,767300000414252;5314121,000399999320507;7,916876479000052;47,975286166000046;1
90588;08230710111500294370;08;1;11;000;2023;07;14;2;3;0;6;0;0;1;1;0;0;0;0;509649,783300000242889;5403283,095599999651313;9,131360153000060;48,782472815000062;1
90589;08230619226600206910;08;2;26;096;2023;06;21;2;3;8;7;0;0;1;0;0;0;0;0;475419,235399999655783;5488924,143500000238419;8,660158757000033;49,552420217000076;1
90597;08230701335100251090;08;3;35;002;2023;07;14;7;3;0;7;0;0;1;0;0;0;0;0;505100,241899999789894;5284620,375800000503659;9,067998233000026;47,714943213000026;1
90604;08230619212102178300;08;2;12;000;2023;06;11;2;2;0;1;0;0;1;0;0;0;0;0;460823,312099999748170;5423607,407600000500679;8,464761867000050;48,964139736000050;1
90606;08230619212010213650;08;2;12;000;2023;06;07;2;2;2;6;0;0;1;0;0;0;0;0;455814,576600000262260;5430985,493100000545382;8,395532948000039;49,030168728000035;1
90615;08230619121300189380;08;1;21;000;2023;06;06;2;3;4;6;0;0;1;0;0;0;0;0;514575,161000000312924;5447951,844000000506639;9,200009337000040;49,184198573000060;1
90620;08230619115300211600;08;1;15;028;2023;06;13;2;3;0;7;0;0;1;0;0;0;0;0;500310,147900000214577;5404526,233899999409914;9,004222912000046;48,793730800000048;1
90623;08230618435200175050;08;4;35;036;2023;06;17;1;3;4;6;0;0;1;0;0;0;0;1;519065,959099999628961;5283120,890100000426173;9,254127335000021;47,701190124000050;1
90624;08230618435100173110;08;4;35;029;2023;06;15;1;2;0;1;0;0;1;0;0;0;0;0;545097,929200000129640;5271522,230000000447035;9,599893417000033;47,595541176000040;1
90628;08230618426010180000;08;4;26;070;2023;06;14;1;2;4;6;0;0;1;0;0;0;0;0;565342,002999999560416;5340185,271999999880791;9,879556360000038;48,211529697000060;1
90629;08230618426010172440;08;4;26;134;2023;06;18;1;2;4;6;0;0;1;1;0;0;0;0;559985,040000000037253;5335632,361999999731779;9,806811817000039;48,171100776000060;1
90632;08230618336091203660;08;3;36;091;2023;06;07;1;3;5;2;0;0;1;1;0;0;0;0;395309,372000000439584;5271602,404999999329448;7,607557033000035;47,589379143000031;1
90633;08230618336091171300;08;3;36;091;2023;06;09;1;3;0;6;0;0;0;1;1;0;0;0;395022,603299999609590;5272388,707599999383092;7,603555832000040;47,596405697000080;1
90634;08230618335300207510;08;3;35;100;2023;06;13;1;3;8;1;0;0;1;0;0;0;0;0;487520,940899999812245;5285878,459699999541044;8,833589019000044;47,726162477000059;1
90641;08230618317100212190;08;3;17;001;2023;06;14;1;3;0;1;0;0;1;0;0;0;0;0;427440,272099999710917;5385689,927200000733137;8,015428703000055;48,620069568000076;1
90646;08230618237100223470;08;2;37;073;2023;06;15;1;3;2;2;0;0;1;0;0;1;0;0;464853,730000000447035;5380703,460999999195337;8,523490243000026;48,578432704000079;1
90650;08230618225200170930;08;2;25;014;2023;06;14;1;3;0;3;0;0;1;1;0;0;0;0;522364,142699999734759;5484017,127100000157952;9,308917576000056;49,508369232000064;1
90652;08230618216200209940;08;2;16;007;2023;06;14;1;3;0;1;0;0;1;0;0;0;0;0;436237,945799999870360;5394390,687599999830127;8,133449585000051;48,699292565000064;1
90655;08230618135200193460;08;1;35;025;2023;06;19;1;3;3;6;0;0;1;0;0;0;0;0;582104,095900000073016;5395398,356799999251962;10,115982241000040;48,706211622000069;1
90657;08230618135200192880;08;1;35;019;2023;06;16;1;3;0;1;0;0;1;0;0;0;0;0;590559,735700000077486;5391204,700400000438094;10,229968323000037;48,667323338000074;1
90676;08230617435200223060;08;4;35;066;2023;06;15;7;3;3;1;0;0;1;0;0;0;0;0;518553,050300000235438;5287026,171399999409914;9,247457244000032;47,736343009000052;1
90678;08230617426100181080;08;4;26;113;2023;06;11;7;2;0;7;0;0;1;0;0;0;0;0;572100,576100000180304;5317345,856399999931455;9,966658432000031;48,005340545000081;1
90679;08230617416200171450;08;4;16;015;2023;06;14;7;3;5;2;0;0;1;1;0;0;0;0;506179,237599999643862;5366502,223799999803305;9,083568593000052;48,451628616000050;1
90682;08230625311010236060;08;3;11;000;2023;06;02;1;3;0;1;2;0;1;0;0;0;0;0;414082,650000000372529;5315894,084000000730157;7,848425263000024;47,990573369000060;1
90684;08230617335200187760;08;3;35;055;2023;06;18;7;3;0;1;0;0;1;0;0;0;0;0;497057,548000000417233;5283040,233799999579787;8,960780845000045;47,700739096000063;1
90687;08230617317600201760;08;3;17;145;2023;06;10;7;3;2;6;0;0;1;1;0;0;0;0;446202,377600000239909;5345232,695699999108911;8,275185015000034;48,258020591000047;1
90691;08230617311010199490;08;3;11;000;2023;06;10;7;3;0;1;0;0;1;0;0;0;0;0;413046,957799999974668;5317587,724700000137091;7,834203332000072;48,005668229000037;1
90694;08230617311010177420;08;3;11;000;2023;06;00;7;3;1;7;2;0;1;1;0;0;0;0;411101,621000000275671;5318423,168600000441074;7,807954406000022;48,012915618000079;1
90695;08230617311010169790;08;3;15;056;2023;06;16;7;3;8;1;0;0;1;0;0;0;0;0;416174,446499999612570;5310170,151699999347329;7,877572771000075;47,939361294000037;1
90697;08230617235100220630;08;2;35;084;2023;06;14;7;3;0;2;0;0;1;1;0;0;0;0;476824,874900000169873;5392923,431600000709295;8,685107304000041;48,688921479000044;1
90699;08230617231000207010;08;2;31;000;2023;06;09;7;3;0;7;0;0;1;1;0;0;0;0;477639,622600000351667;5411452,352199999615550;8,695170159000043;48,855634531000078;1
90702;08230617226300212290;08;2;26;048;2023;06;13;7;3;0;7;0;0;1;0;0;0;0;0;484781,843000000342727;5464251,481000000610948;8,790547631000038;49,330800689000057;1
90705;08230621316100186460;08;3;16;043;2023;06;15;4;3;5;3;0;0;1;1;0;0;0;0;411999,415900000371039;5331739,761199999600649;7,817248143000029;48,132824741000036;1
90711;08230617212010199630;08;2;15;039;2023;06;07;7;2;1;5;0;0;1;1;0;0;0;0;473381,923700000159442;5452017,990800000727177;8,634463607000043;49,220369609000045;1
90713;08230617212000454950;08;2;12;000;2023;06;18;7;3;5;7;0;0;1;1;0;0;0;0;459008,909500000067055;5428312,992900000885129;8,439499897000076;49,006349789000069;1
90716;08230617119300200580;08;1;19;001;2023;06;21;7;3;0;7;0;0;1;0;0;0;0;0;552757,370400000363588;5410322,946299999952316;9,719049775000030;48,843635239000037;1
90738;08230616437100165570;08;4;37;076;2023;06;14;6;3;8;1;0;0;1;0;0;0;0;0;523439,401200000196695;5320893,516699999570847;9,314468812000030;48,040896204000035;1
90740;08230616436200201690;08;4;36;064;2023;06;12;6;3;5;2;0;0;1;1;0;0;0;0;545108,389600000344217;5292296,674399999901652;9,602180291000025;47,782451890000061;1
90743;08230616426200165820;08;4;26;001;2023;06;14;6;3;5;3;0;0;1;1;0;0;0;0;566685,915599999949336;5345453,694399999454618;9,898473673000069;48,258783091000055;1
90749;08230616421300199680;08;4;25;141;2023;06;14;6;3;5;3;0;0;1;1;0;0;0;0;567218,983500000089407;5363196,426100000739098;9,908486516000039;48,418331957000078;1
90750;08230616417300195640;08;4;17;013;2023;06;19;6;2;9;7;0;0;1;0;0;0;0;0;510502,523900000378489;5357185,980799999088049;9,141803759000027;48,367757585000049;1
90753;08230616326400168730;08;3;26;074;2023;06;16;6;2;5;3;0;0;1;1;0;0;0;0;460635,968000000342727;5323074,529999999329448;8,471689241000036;48,059734794000065;1
90756;08230616325102187200;08;3;25;057;2023;06;16;6;3;2;6;0;0;1;1;0;0;0;0;472918,281299999915063;5356817,618799999356270;8,634373046000064;48,363949956000056;1
90757;08230616325000178020;08;3;35;043;2023;06;10;6;3;4;6;0;0;1;0;0;0;0;0;513188,470900000073016;5279632,602199999615550;9,175682213000073;47,669950514000050;1
90759;08230616317300166780;08;3;17;031;2023;06;16;6;3;6;4;0;0;0;1;1;0;0;0;414861,514899999834597;5359386,375700000673532;7,850143728000035;48,381894786000032;1
90763;08230616311010165250;08;3;36;050;2023;06;10;6;3;1;6;0;0;1;1;0;0;0;0;399058,037399999797344;5275648,852499999105930;7,656469983000022;47,626372614000047;1
90765;08230616231000197480;08;2;31;000;2023;06;12;6;3;6;2;0;0;0;1;1;0;0;0;477771,983099999837577;5414939,991399999707937;8,696785025000054;48,887013016000026;1