OID_;UIDENTSTLAE;ULAND;UREGBEZ;UKREIS;UGEMEINDE;UJAHR;UMONAT;USTUNDE;UWOCHENTAG;UKATEGORIE;UART;UTYP1;ULICHTVERH;IstStrassenzustand;IstRad;IstPKW;IstFuss;IstKrad;IstGkfz;IstSonstige;LINREFX;LINREFY;XGCSWGS84;YGCSWGS84;PLST
90768;08230616225100237730;08;2;25;052;2023;06;15;6;3;3;6;0;0;1;1;0;0;0;0;512824,739500000141561;5477898,809499999508262;9,176951579000047;49,453612858000042;1
90769;08230616222400183240;08;2;22;000;2023;06;06;6;3;0;7;0;0;1;0;0;0;0;0;469081,191899999976158;5478713,122700000181794;8,573333928000068;49,460285937000037;1
90775;08230616211100198540;08;2;11;000;2023;06;13;6;3;5;3;0;0;1;1;0;0;0;0;443435,779600000008941;5402096,427300000563264;8,230203512000060;48,769301577000078;1
90779;08230616135200187190;08;1;35;019;2023;06;14;6;3;5;3;0;0;1;0;0;0;0;0;585507,917399999685585;5391197,663699999451637;10,161368995000032;48,667972144000032;1
90783;08230616121200224180;08;1;21;000;2023;06;10;6;3;2;7;0;0;1;0;0;0;0;0;514232,031299999915063;5441095,630000000819564;9,195058431000064;49,122532765000074;1
90789;08230621415400218310;08;4;15;061;2023;06;19;4;3;0;1;0;0;1;0;0;0;0;0;514036,644399999640882;5375603,610099999234080;9,190138358000070;48,533381775000066;1
90796;08230616111500218720;08;1;11;000;2023;06;14;6;3;4;6;0;0;1;1;0;0;0;1;518128,679399999789894;5403871,974799999967217;9,246806421000031;48,787580962000050;1
90798;08230616111370169000;08;1;11;000;2023;06;20;6;3;5;3;0;0;1;1;0;0;0;0;513035,487700000405312;5406455,276399999856949;9,177549400000032;48,810947670000076;1
90799;08230616111210247390;08;1;11;000;2023;06;15;6;3;0;1;0;0;1;0;0;0;0;0;509886,270999999716878;5397262,952999999746680;9,134434815000077;48,728312047000031;1
90801;08230615437000165030;08;4;37;008;2023;06;18;5;3;5;3;0;0;1;0;0;0;1;0;520353,322999999858439;5328464,831000000238419;9,273426412000049;48,109120929000028;1
90802;08230615436400162160;08;4;36;008;2023;06;07;5;3;5;3;0;0;1;1;0;0;0;0;547253,717000000178814;5310375,493899999186397;9,632794419000049;47,944950579000079;1
90808;08230615435100196760;08;4;35;016;2023;06;08;5;3;4;2;0;0;1;1;0;0;0;0;537179,325500000268221;5278724,493599999696016;9,495176200000060;47,660845568000070;1
90810;08230615425000166710;08;4;25;033;2023;06;07;5;3;5;3;0;0;1;0;0;0;0;1;553226,947999999858439;5348597,600999999791384;9,717550646000063;48,288339656000062;1
90811;08230615417100203900;08;4;17;079;2023;06;13;5;3;6;4;0;0;0;1;1;0;0;0;501033,231800000183284;5345275,067800000309944;9,013921407000055;48,260685308000063;1
90816;08230615416000164850;08;4;16;025;2023;06;19;5;3;0;2;0;0;1;1;0;0;0;0;508062,573099999688566;5358554,411499999463558;9,108886167000037;48,380104675000041;1
90818;08230615326400161810;08;3;26;074;2023;06;08;5;3;5;3;0;0;1;1;0;0;0;0;460817,277099999599159;5323203,022399999201298;8,474110738000036;48,060901966000074;1
90821;08230615317100183540;08;3;17;116;2023;06;17;5;3;3;6;0;0;1;1;0;0;0;0;433096,531999999657273;5387665,866000000387430;8,091849762000038;48,638473779000037;1
90826;08230615311010161790;08;3;11;000;2023;06;10;5;3;0;7;0;0;1;0;0;0;0;0;413251,561999999918044;5315830,239399999380112;7,837301219000040;47,989886863000038;1
90828;08230615237100203800;08;2;37;004;2023;06;17;5;3;6;7;0;0;0;1;1;0;0;0;453501,530700000002980;5373150,370899999514222;8,370430020000072;48,509746965000033;1
90829;08230711121200265590;08;1;21;000;2023;07;22;3;3;6;4;2;1;0;1;1;0;0;0;514900,661000000312924;5442835,061000000685453;9,204286615000058;49,138163719000033;1
90832;08230627136100220750;08;1;36;002;2023;06;17;3;3;6;3;0;0;0;1;1;0;0;0;573539,155799999833107;5415992,676599999889731;10,003272584000058;48,892517077000036;1
90836;08230615221400199310;08;2;26;018;2023;06;13;5;3;5;3;0;0;1;1;0;0;0;0;473231,376199999824166;5472109,253200000151992;8,631049076000068;49,401082827000039;1
90838;08230615216100197360;08;2;16;039;2023;06;18;5;3;5;3;0;0;1;1;0;0;0;0;443783,179100000299513;5415383,195199999958277;8,233109118000073;48,888848592000045;1
90844;08230615212010163500;08;2;12;000;2023;06;05;5;3;5;3;0;0;1;1;0;0;0;0;460859,585799999535084;5425415,930199999362230;8,465083403000051;48,980410179000046;1
90845;08230615212010162580;08;2;12;000;2023;06;12;5;3;5;2;0;0;1;0;0;0;1;0;458879,528599999845028;5428185,110899999737740;8,437743822000073;49,005190861000074;1
90863;08230615119200176820;08;1;19;093;2023;06;14;5;3;5;3;0;0;0;1;1;0;0;0;524920,446800000034273;5404107,632999999448657;9,339283338000030;48,789465821000078;1
90865;08230707117200258380;08;1;17;024;2023;07;09;6;3;1;2;0;0;1;0;0;0;0;1;561963,140499999746680;5385018,815300000831485;9,840702255000053;48,615172136000069;1
90868;08230615118300161630;08;1;18;046;2023;06;07;5;3;8;7;0;0;1;0;0;0;0;0;515188,193900000303984;5412651,048499999567866;9,207099718000052;48,866634773000044;1
90871;08230615117100164470;08;1;17;042;2023;06;14;5;3;8;1;0;0;1;0;0;0;0;0;554232,281999999657273;5393295,831399999558926;9,736905618000037;48,690345224000055;1
90878;08230627426010233090;08;4;26;021;2023;06;06;3;2;6;4;0;0;0;1;1;0;0;0;565397,673999999649823;5324996,414499999955297;9,877972274000058;48,074886496000033;1
90883;08230615111310234700;08;1;11;000;2023;06;08;5;3;3;2;0;0;1;1;0;0;0;0;517830,404500000178814;5407380,915899999439716;9,242898089000050;48,819155472000034;1
90885;08230615111230200940;08;1;11;000;2023;06;18;5;3;5;3;0;0;1;1;0;0;0;0;511030,353000000119209;5397118,279999999329448;9,149988269000062;48,726991366000050;1
90886;08230615111230183660;08;1;11;000;2023;06;18;5;3;5;7;0;0;1;1;0;0;0;0;507822,470999999903142;5396104,452999999746680;9,106349073000047;48,717919463000044;1
90888;08230614436500189060;08;4;35;057;2023;06;19;4;3;3;2;0;0;1;0;0;1;0;0;549687,026999999769032;5275662,934000000357628;9,661403295000071;47,632460432000073;1
90891;08230614435200232770;08;4;35;054;2023;06;12;4;3;5;3;0;0;1;1;0;0;0;0;523216,987800000235438;5282422,299399999901652;9,309417830000029;47,694768666000073;1
90899;08230614326200192590;08;3;26;074;2023;06;16;4;3;5;3;0;0;1;1;0;0;0;0;465461,059000000357628;5323974,986999999731779;8,536372438000058;48,068115519000060;1
90903;08230614317100199180;08;3;17;067;2023;06;11;4;3;6;7;0;0;0;1;1;0;0;0;435933,888100000098348;5373326,146099999547005;8,132568940000056;48,509781633000046;1
90904;08230628436400240710;08;4;36;082;2023;06;23;4;3;8;7;2;0;1;0;0;0;0;0;549145,707999999634922;5295299,993000000715256;9,656413737000037;47,809177105000060;1
90908;08230706435100263990;08;4;35;016;2023;07;12;5;3;0;1;0;0;1;0;0;0;0;0;536029,548399999737740;5279422,537200000137091;9,479920917000072;47,667191212000034;1
90913;08230614237100160500;08;2;37;004;2023;06;21;4;3;0;7;2;0;1;0;0;0;0;0;447785,456799999810755;5375813,613600000739098;8,292709068000022;48,533255385000075;1
90916;08230614226600227470;08;2;26;096;2023;06;20;4;3;4;7;1;0;1;1;0;0;0;0;475488,796299999579787;5491740,633999999612570;8,660945065000021;49,577756171000033;1
90917;08230614226600212460;08;2;26;082;2023;06;19;4;3;8;1;0;0;1;0;0;0;0;0;480345,376500000245869;5479520,488299999386072;8,728732317000038;49,468016962000036;1
90919;08230619415300173750;08;4;15;089;2023;06;12;2;3;5;3;0;0;1;1;0;0;0;0;521726,415000000037253;5359522,214999999850988;9,293466570000021;48,388488858000073;1
90924;08230614222200192780;08;2;22;000;2023;06;16;4;3;0;7;0;0;1;0;0;0;0;0;462030,711000000126660;5481657,062100000679493;8,475761721000026;49,486365389000071;1
90925;08230614221300170910;08;2;21;000;2023;06;09;4;3;0;1;0;0;1;0;0;0;0;0;482144,530299999751151;5474473,739499999210238;8,753790901000059;49,422677853000039;1
90940;08230706311100265230;08;3;15;059;2023;07;10;5;2;5;3;0;0;1;1;0;0;0;0;399200,516499999910593;5321365,135099999606609;7,647722719000058;48,037611045000062;1
90941;08230617336400171460;08;3;36;091;2023;06;15;7;3;5;3;0;0;1;1;0;0;0;0;396055,961299999617040;5273648,946699999272823;7,616998958000067;47,607908283000029;1
90944;08230614121300174520;08;1;21;000;2023;06;22;4;3;0;7;1;0;1;0;0;0;0;0;513015,708100000396371;5445680,738500000908971;9,178536194000060;49,163804375000041;1
90945;08230614119300225450;08;1;19;067;2023;06;10;4;3;8;1;0;0;1;0;0;0;0;0;540812,703200000338256;5404794,062599999830127;9,555710588000068;48,794800673000054;1
90949;08230614116100195750;08;1;16;019;2023;06;17;4;3;3;6;0;0;1;0;0;0;0;0;522182,553600000217557;5397650,805800000205636;9,301660406000053;48,731484755000054;1
90951;08230614115300198250;08;1;15;052;2023;06;11;4;3;5;3;0;0;1;1;0;0;0;0;493778,943099999800324;5407994,301200000569224;8,915242812000031;48,824898161000078;1
90954;08230613436400193010;08;4;36;008;2023;06;16;3;2;0;1;0;0;1;0;0;0;0;0;545325,330299999564886;5308611,830099999904633;9,606786421000038;47,929222656000036;1
90960;08230613435100157640;08;4;35;016;2023;06;12;3;3;0;1;0;0;1;0;0;0;0;0;533920,942999999970198;5278323,761800000444055;9,451749493000023;47,657419088000040;1
90970;08230613316100170730;08;3;16;043;2023;06;13;3;3;5;3;0;0;1;1;0;0;0;0;410490,011199999600649;5332848,221000000834465;7,796732939000037;48,142584784000064;1
90972;08230614235100180210;08;2;35;050;2023;06;14;4;2;5;3;0;0;1;1;0;0;0;0;470988,736999999731779;5387211,535000000149012;8,606210870000041;48,637293616000079;1
90977;08230613235200157320;08;2;35;046;2023;06;10;3;2;0;7;0;1;1;0;0;0;0;0;479253,718999999575317;5380628,224999999627471;8,718724364000025;48,578398262000064;1
90989;08230613225100189070;08;2;25;115;2023;06;17;3;2;0;1;0;0;1;0;0;0;0;0;519592,542299999855459;5471706,339199999347329;9,270024761000059;49,397731958000065;1
90993;08230613216200167520;08;2;16;041;2023;06;20;3;3;0;3;0;0;1;1;0;0;0;0;435263,176300000399351;5391577,194399999454618;8,120644478000031;48,673884669000074;1
91001;08230613211000157870;08;2;16;017;2023;06;10;3;2;0;7;0;0;1;0;0;0;0;0;448074,942400000058115;5401493,480000000447035;8,293409889000031;48,764282277000063;1
91002;08230623111330233480;08;1;11;000;2023;06;09;6;3;1;5;0;0;1;1;0;0;0;0;511992,094999999739230;5410702,134999999776483;9,163462195000022;48,849172770000052;1
91007;08230613118400158190;08;1;18;048;2023;06;18;3;3;2;6;0;0;1;1;0;0;0;0;512657,063099999912083;5417255,570599999278784;9,172729087000050;48,908112736000078;1
91012;08230613116500189030;08;1;16;049;2023;06;18;3;3;0;1;0;0;1;0;0;0;0;0;523508,132899999618530;5387336,272299999371171;9,319099920000042;48,638646915000038;1
91013;08230613116010190720;08;1;16;019;2023;06;07;3;3;3;6;0;0;1;1;0;0;0;0;524605,024299999698997;5397629,069199999794364;9,334601715000076;48,731198267000082;1
91014;08230613115200188000;08;1;15;021;2023;06;08;3;3;5;2;0;0;1;1;0;0;0;0;490158,151999999769032;5382403,705000000074506;8,866522677000034;48,594637127000055;1
91018;08230613111330159850;08;1;11;000;2023;06;15;3;3;0;7;0;0;1;0;0;0;0;0;515935,183000000193715;5408931,839999999850988;9,217140548000032;48,833158821000040;1
91021;08230613111110168080;08;1;11;000;2023;06;12;3;3;0;7;0;0;1;0;0;0;0;0;510437,694000000134110;5400261,349400000646710;9,142009082000072;48,755276610000067;1
91025;08230705111000282890;08;1;11;000;2023;07;13;4;2;5;3;0;0;1;1;0;0;0;0;519374,811999999918044;5399768,995100000873208;9,263578013000028;48,750633461000064;1
91030;08230612435100154630;08;4;35;057;2023;06;16;2;2;4;6;0;0;1;0;0;0;0;0;544277,113499999977648;5282251,240100000053644;9,590061618000050;47,692129569000031;1
91032;08230612435100154200;08;4;35;030;2023;06;17;2;3;0;1;0;0;1;0;0;0;0;0;541670,324000000022352;5271677,008999999612570;9,554316354000036;47,597163158000058;1
91045;08230613222500175070;08;2;22;000;2023;06;15;3;3;5;3;0;0;1;1;0;0;0;0;465519,118900000117719;5476480,465800000354648;8,524374897000030;49,440012312000079;1
91046;08230612325102152880;08;3;25;045;2023;06;07;2;2;5;3;0;0;1;1;0;0;0;0;468635,744699999690056;5349096,533199999481440;8,577131252000072;48,294289514000070;1
91047;08230612317600185140;08;3;17;029;2023;06;17;2;3;1;7;0;0;1;1;0;0;0;0;434444,869300000369549;5348677,381500000134110;8,116259775000060;48,287900392000040;1
91048;08230612317200190670;08;3;17;057;2023;06;11;2;3;5;3;0;0;1;1;0;0;0;0;416627,057199999690056;5379628,327099999412894;7,869947418000038;48,564200838000033;1
91049;08230614121200173050;08;1;21;000;2023;06;17;4;3;1;5;0;0;1;1;0;0;0;0;515623,097000000067055;5441938,354599999263883;9,214156322000065;49,130079588000058;1
91053;08230623311010212430;08;3;11;000;2023;06;16;6;3;3;2;0;0;1;1;0;0;0;0;412891,672000000253320;5318052,093000000342727;7,832027512000025;48,009824218000063;1
91060;08230620118000215900;08;1;15;044;2023;06;14;3;2;0;7;0;0;1;0;0;0;0;0;503846,901200000196695;5390205,330199999734759;9,052244993000045;48,664887593000060;1
91063;08230612221011177120;08;2;26;012;2023;06;19;2;3;5;3;0;0;1;1;0;0;0;0;475631,805100000463426;5478223,582800000905991;8,663757803000067;49,456180777000043;1
91086;08230825119500434660;08;1;19;042;2023;08;12;6;3;5;2;0;0;1;1;0;0;0;0;528632,999400000087917;5414707,639399999752641;9,390567926000074;48,884660047000068;1
91087;08230825118300443670;08;1;18;046;2023;08;19;6;3;0;3;0;0;1;1;0;0;0;0;513276,519999999552965;5412426,588999999687076;9,181025813000076;48,864659456000027;1
91097;08230824435100414960;08;4;35;016;2023;08;13;5;3;5;3;0;0;1;1;0;0;0;0;536069,766300000250340;5279161,057299999520183;9,480435019000026;47,664836332000050;1
91098;08230824426300414100;08;4;26;097;2023;08;20;5;3;4;6;2;1;1;0;0;0;0;0;536540,283400000073016;5333490,165799999609590;9,491306568000027;48,153609026000026;1
91100;08230824415400445760;08;4;15;080;2023;08;08;5;3;2;6;0;0;1;1;0;0;0;0;510792,440799999982119;5374223,314400000497699;9,146157280000068;48,521028371000057;1
91102;08230824337010414970;08;3;37;066;2023;08;18;5;3;0;1;0;0;1;0;0;0;0;0;432211,803999999538064;5269166,988399999216199;8,098676175000037;47,572376336000048;1
91108;08230824237200413070;08;2;37;040;2023;08;08;5;3;0;1;0;0;1;0;0;0;0;0;474940,058899999596179;5364549,268100000917912;8,661206750000076;48,433590499000047;1
91112;08230824231102485060;08;2;36;038;2023;08;12;5;2;6;4;0;0;1;0;1;0;0;0;486937,652200000360608;5427409,764200000092387;8,821414336000032;48,999447844000031;1
91118;08230824216200440840;08;2;16;007;2023;08;21;5;3;6;6;2;1;0;0;1;1;0;0;436251,117999999783933;5391633,966900000348687;8,134053864000066;48,674496992000059;1
91121;08230824136300439610;08;1;36;007;2023;08;05;5;3;5;3;1;0;1;0;0;0;0;1;572569,412600000388920;5400593,383700000122190;9,987320007000051;48,754121660000067;1
91125;08230824127100415490;08;1;27;063;2023;08;15;5;2;5;3;0;0;1;1;0;0;0;0;565388,413300000131130;5434222,202299999073148;9,895020264000038;49,057397390000062;1
91139;08230823335100409420;08;3;35;002;2023;08;09;4;3;0;1;0;0;1;0;0;0;0;0;505524,890999999828637;5285521,951400000602007;9,073671235000063;47,723051755000029;1
91145;08230823311400410870;08;3;15;074;2023;08;11;4;3;5;3;0;0;1;1;0;0;0;0;396752,605200000107288;5294375,363600000739098;7,621357780000039;47,794454984000026;1
91159;08230823215502424980;08;2;15;106;2023;08;20;4;3;0;7;2;0;1;0;0;0;0;0;465483,732800000347197;5452064,406099999323487;8,526000072000045;49,220392975000038;1
91160;08230823212702438840;08;2;15;046;2023;08;17;4;3;5;2;0;0;1;0;0;0;0;0;454287,228099999949336;5418168,791999999433756;8,376080075000061;48,914769571000079;1
91162;08230823211100436370;08;2;11;000;2023;08;20;4;3;5;3;0;0;1;1;0;0;0;0;442131,062500000000000;5403003,210000000894070;8,212321434000046;48,777338237000038;1
91165;08230823136010436180;08;1;36;088;2023;08;10;4;2;3;2;0;0;1;1;0;0;0;0;580279,251899999566376;5409528,525800000876188;10,093940855000028;48,833540719000041;1
91170;08230823121200423820;08;1;21;000;2023;08;14;4;3;4;7;0;0;1;0;0;0;0;1;515989,080299999564886;5445179,853900000452995;9,219301698000038;49,159228511000038;1
91175;08230823111120424810;08;1;11;000;2023;08;23;4;3;0;6;2;0;1;0;0;0;0;0;511105,662999999709427;5403871,838300000876188;9,151194530000055;48,787744808000070;1
91177;08230822436300433980;08;4;36;081;2023;08;10;3;2;0;2;0;0;1;0;0;0;0;0;562650,755800000391901;5285340,854699999094009;9,835340167000027;47,718405624000070;1
91180;08230822435100438070;08;4;35;016;2023;08;08;3;3;2;2;0;0;1;1;0;0;0;0;536024,214700000360608;5279633,300000000745058;9,479867255000045;47,669087825000076;1
91183;08230822335100437570;08;3;35;043;2023;08;13;3;3;0;1;0;0;1;0;0;0;0;0;513919,146399999968708;5279588,037299999967217;9,185413992000065;47,669534218000081;1
91184;08230822335100437030;08;3;35;043;2023;08;08;3;3;5;3;0;0;1;1;0;0;0;0;513182,661999999545515;5279638,642000000923872;9,175605016000077;47,670004976000030;1
91186;08230822317500424620;08;3;17;096;2023;08;15;3;2;8;1;0;0;1;0;0;0;0;0;422285,723399999551475;5365476,490000000223517;7,949266553000029;48,437633906000030;1
91191;08230822311500422680;08;3;15;094;2023;08;10;3;3;8;1;0;0;1;0;0;0;0;0;432156,527599999681115;5317462,149199999868870;8,090390833000072;48,006852789000050;1
91192;08230822311500407230;08;3;15;113;2023;08;09;3;3;5;3;0;0;1;1;0;0;0;0;439430,593200000002980;5308196,233500000089407;8,189212596000061;47,924224279000043;1
91197;08230822231000414810;08;2;37;074;2023;08;17;3;2;3;2;0;0;1;0;0;1;0;0;467894,051199999637902;5370352,194499999284744;8,565506796000022;48,485474960000033;1
91206;08230822126200435440;08;1;26;066;2023;08;20;3;3;0;7;0;0;1;0;0;0;0;1;536456,162999999709427;5449456,043500000610948;9,500401963000058;49,196818510000071;1
91208;08230822121200423430;08;1;21;000;2023;08;13;3;3;0;7;0;0;1;0;0;0;0;0;515752,111899999901652;5444359,654200000688434;9,216019446000075;49,151856688000066;1
91211;08230822118300433690;08;1;18;046;2023;08;22;3;3;0;7;2;0;1;0;0;0;0;0;513277,269999999552965;5412426,615000000223517;9,181036040000038;48,864659673000062;1
91213;08230822117100425060;08;1;17;042;2023;08;13;3;3;5;7;0;0;1;1;0;0;0;0;554229,550599999725819;5393273,126900000497699;9,736865527000077;48,690141226000037;1
91217;08230821421300427740;08;4;25;141;2023;08;09;2;3;0;1;0;0;1;0;0;0;0;0;567806,332000000402331;5362802,026000000536442;9,916359906000025;48,414721235000059;1
91220;08230821335200404420;08;3;35;061;2023;08;13;2;2;8;1;0;0;1;0;0;0;0;0;493759,246399999596179;5278471,590500000864267;8,916884016000040;47,659608453000033;1
91225;08230821311010430620;08;3;16;011;2023;08;19;2;2;0;1;0;0;1;0;0;0;0;0;417424,187900000251830;5329707,693099999800324;7,890537665000068;48,115272796000056;1
91227;08230821311010421890;08;3;11;000;2023;08;14;2;2;9;7;0;0;1;0;0;0;0;0;414215,579599999822676;5313355,905500000342727;7,850713503000065;47,967759266000030;1
91231;08230821215502437050;08;2;15;107;2023;08;15;2;2;1;5;0;0;1;1;0;0;0;0;463471,187900000251830;5456238,411599999293685;8,497983169000065;49,257821011000033;1
91233;08230821212010415180;08;2;12;000;2023;08;15;2;3;0;7;0;0;1;0;0;0;0;0;457855,603199999779463;5428003,626399999484420;8,423762861000057;49,003489310000077;1
91235;08230821211000426960;08;3;17;056;2023;08;22;2;2;0;1;2;0;1;0;0;0;0;0;433066,848899999633431;5383512,277899999171495;8,092117208000047;48,601108739000040;1
91246;08230821115200408100;08;1;15;021;2023;08;09;2;3;3;2;0;0;1;1;0;0;0;0;490166,650700000114739;5382509,826999999582767;8,866635426000073;48,595591958000057;1
91249;08230820436400402030;08;4;36;096;2023;08;10;1;3;0;1;0;0;1;0;0;0;0;0;541953,100200000219047;5303893,166099999099970;9,561184373000060;47,886998959000039;1
91250;08230820436000406000;08;4;36;009;2023;08;18;1;3;3;2;0;0;1;0;0;0;0;0;557350,627500000409782;5305361,041999999433756;9,767327473000023;47,899013527000079;1
91251;08230820435100402970;08;4;35;016;2023;08;19;1;3;0;1;0;0;1;0;0;0;0;0;536049,437800000421703;5279856,340900000184774;9,480221641000071;47,671093206000080;1
91252;08230820421200405010;08;4;21;000;2023;08;17;1;3;0;1;0;0;1;0;0;0;0;0;575643,002299999818206;5363659,461699999868870;10,022405600000070;48,421541870000055;1
91256;08230820335300418000;08;3;35;077;2023;08;17;1;2;0;1;0;0;1;0;0;0;0;0;492067,122600000351667;5296295,721899999305606;8,894022942000049;47,819963993000044;1
91258;08230820317500402600;08;3;17;034;2023;08;22;1;3;0;1;2;0;1;0;0;0;0;0;428386,013899999670684;5357951,127699999138713;8,033016701000065;48,370664745000056;1
91259;08230820317500401650;08;3;17;096;2023;08;14;1;3;8;1;0;0;1;0;0;0;0;0;423266,402900000102818;5368037,492900000885129;7,962054121000051;48,460790428000053;1
91260;08230820311500430720;08;3;15;052;2023;08;16;1;2;0;1;0;0;1;0;0;0;0;0;432323,758500000461936;5307761,354499999433756;8,094159848000061;47,919601032000060;1
91270;08230820221300430120;08;2;21;000;2023;08;12;1;3;0;7;0;0;1;0;0;0;0;0;480245,639200000092387;5474179,967100000008941;8,727622011000051;49,419976701000053;1
91273;08230820212702417340;08;2;15;108;2023;08;19;1;3;0;7;0;0;1;0;0;0;0;0;448059,407899999991059;5422402,867200000211596;8,290545343000076;48,952364071000034;1
91274;08230820212102415290;08;2;12;000;2023;08;11;1;3;0;1;0;0;1;0;0;0;0;0;463553,701000000350177;5422125,654500000178814;8,502196000000026;48,950977897000030;1
91278;08230820127202404890;08;1;27;073;2023;08;13;1;3;0;2;0;0;1;1;0;0;0;0;578649,594999999739230;5445773,669999999925494;10,078755442000045;49,159739403000060;1
91282;08230820121500428810;08;1;25;007;2023;08;00;1;3;0;7;2;0;1;1;0;0;0;0;511548,935300000011921;5453047,518600000068545;9,158628360000023;49,230099930000051;1
91292;08230819437100400510;08;4;37;100;2023;08;21;7;2;0;1;2;0;1;0;0;0;0;0;541595,278300000354648;5317453,501800000667572;9,557709230000057;48,009022467000079;1
91293;08230819436400409880;08;4;36;009;2023;08;09;7;3;0;1;0;0;1;0;0;0;0;0;556830,094499999657273;5307683,260299999266863;9,760669694000057;47,919951773000037;1
91295;08230819435100401220;08;4;35;030;2023;08;15;7;3;0;1;0;0;1;0;0;0;0;0;542807,975800000131130;5273728,538100000470877;9,569649500000025;47,615547383000035;1
91300;08230819415300424120;08;4;15;019;2023;08;19;7;2;8;7;0;0;1;0;0;0;0;0;519591,514600000344217;5371524,381400000303984;9,265191516000073;48,496535028000039;1
91301;08230822317300428010;08;3;17;065;2023;08;05;3;3;2;6;1;0;1;1;0;0;0;0;414172,715599999763072;5355068,525200000032783;7,841723964000039;48,342963350000048;1
91307;08230819311010402730;08;3;11;000;2023;08;12;7;3;8;1;0;0;1;0;0;0;0;0;414081,441399999894202;5315816,372600000351667;7,848424621000049;47,989874162000035;1
91308;08230819235100438090;08;2;35;079;2023;08;23;7;3;0;7;2;0;1;0;0;0;0;0;467052,259800000116229;5400608,213500000536442;8,551711245000035;48,757612606000066;1
91312;08230819226600452500;08;2;26;082;2023;08;14;7;3;4;6;0;0;1;1;0;0;0;0;481565,284900000318885;5479095,418400000780821;8,745588774000055;49,464231804000065;1
91314;08230819226100424740;08;2;26;081;2023;08;14;7;3;0;1;0;0;1;0;0;0;0;0;498524,238300000317395;5472471,576799999922514;8,979658065000024;49,404928773000051;1
91315;08230819221300427710;08;2;21;000;2023;08;16;7;3;3;6;0;0;1;0;0;0;0;1;477673,917700000107288;5473518,630499999970198;8,692200192000030;49,413939130000074;1
91328;08230818335300407030;08;3;35;075;2023;08;05;6;3;5;3;2;0;1;1;0;0;0;0;487244,824000000022352;5290271,535000000149012;8,829778133000048;47,765683983000031;1
91334;08230818311400426480;08;3;15;004;2023;08;17;6;3;0;6;0;0;1;0;0;1;0;0;394302,888899999670684;5293408,674900000914931;7,588892774000044;47,785362353000039;1
91349;08230818119400425340;08;1;19;079;2023;08;21;6;2;0;7;2;0;0;0;1;1;0;0;524867,393699999898672;5407828,525900000706315;9,338786451000033;48,822940215000074;1
91351;08230818118500421200;08;1;18;078;2023;08;23;6;3;8;7;2;0;1;0;0;0;0;0;512961,462700000032783;5419546,842499999329448;9,176955957000075;48,928718038000056;1
91354;08230818435100405720;08;4;35;057;2023;08;10;6;2;3;6;0;0;1;1;0;0;0;0;546301,912800000049174;5275210,537200000137091;9,616297658000065;47,628641030000040;1
91355;08230818116500448790;08;1;16;035;2023;08;17;6;2;5;3;0;0;1;1;0;0;0;0;528175,655199999921024;5393068,951199999079108;9,382846027000028;48,690024818000040;1
91356;08230818115400425950;08;1;15;045;2023;08;15;6;3;3;6;0;0;1;1;0;0;0;0;500008,769299999810755;5395358,768400000408292;9,000119206000022;48,711260315000061;1
91357;08230818115300428420;08;1;15;028;2023;08;18;6;2;0;1;0;0;1;0;0;0;0;0;503178,616499999538064;5401314,957100000232458;9,043254574000059;48,764834235000080;1
91360;08230817436000394840;08;4;35;016;2023;08;17;5;3;0;1;0;0;1;0;0;0;0;0;534888,672500000335276;5277863,419299999251962;9,464600267000037;47,653225720000080;1
91364;08230817317500424770;08;3;17;096;2023;08;16;5;3;3;2;0;0;1;0;0;0;0;0;420751,230100000277162;5371991,959300000220537;7,927288695000072;48,496048460000054;1
91366;08230817311500394760;08;3;15;037;2023;08;12;5;2;0;7;0;0;1;0;0;0;0;0;433799,119400000199676;5303005,579700000584126;8,114634733000059;47,876970854000035;1
91367;08230817311010420040;08;3;11;000;2023;08;00;5;3;0;7;2;0;1;0;0;0;0;0;413878,102699999697506;5316852,792400000616908;7,845491844000037;47,999169787000028;1
91370;08230817237200437410;08;2;37;040;2023;08;10;5;3;0;1;0;0;1;0;0;0;0;0;475801,139499999582767;5366657,363700000569224;8,672725953000054;48,452589334000038;1
91371;08230817235100416870;08;2;35;008;2023;08;06;5;3;3;6;1;0;1;1;0;0;0;0;480228,209200000390410;5402935,088500000536442;8,730869341000073;48,779102798000054;1
91372;08230817231202542310;08;2;36;072;2023;08;15;5;3;7;7;0;0;0;0;1;1;0;0;466466,342600000090897;5413500,114700000733137;8,542685835000043;48,873551958000064;1
91374;08230817231000409660;08;2;31;000;2023;08;10;5;3;6;4;0;0;0;1;1;0;0;0;477659,266699999570847;5411417,160900000482798;8,695439876000023;48,855318668000052;1
91382;08230817225100408570;08;2;25;118;2023;08;18;5;3;5;3;0;0;1;1;0;0;0;0;504084,589399999938905;5479003,890900000929832;9,056369361000066;49,463674578000052;1
91398;08230817119400396550;08;1;19;091;2023;08;14;5;3;5;3;0;0;1;1;0;0;0;0;527147,531999999657273;5406882,584200000390410;9,369787174000066;48,814335322000034;1
91406;08230816435200395000;08;4;35;059;2023;08;16;4;3;0;1;0;0;1;0;0;0;0;0;513255,405000000260770;5291088,679300000891089;9,176922482000066;47,773026150000078;1
91414;08230816335400395020;08;3;35;021;2023;08;17;4;3;8;1;0;0;1;0;0;0;0;0;490598,329699999652803;5301360,389000000432134;8,874291013000061;47,865513105000048;1