OID_;UIDENTSTLAE;ULAND;UREGBEZ;UKREIS;UGEMEINDE;UJAHR;UMONAT;USTUNDE;UWOCHENTAG;UKATEGORIE;UART;UTYP1;ULICHTVERH;IstStrassenzustand;IstRad;IstPKW;IstFuss;IstKrad;IstGkfz;IstSonstige;LINREFX;LINREFY;XGCSWGS84;YGCSWGS84;PLST
91415;08230816335100391880;08;3;35;043;2023;08;15;4;3;0;1;0;0;1;0;0;0;0;0;514134,649100000038743;5279710,013699999079108;9,188288589000024;47,670627046000050;1
91431;08230816215202401520;08;2;15;100;2023;08;10;4;3;2;6;0;0;1;1;0;0;0;0;474677,666600000113249;5451882,216600000858307;8,652265790000058;49,219203242000049;1
91440;08230816121500405150;08;1;25;111;2023;08;11;4;3;0;1;0;1;1;0;0;0;0;0;528836,955099999904633;5454369,434399999678135;9,396175817000028;49,241420496000046;1
91445;08230816117010405400;08;1;17;024;2023;08;20;4;3;0;1;0;0;1;0;0;0;0;0;561103,877100000157952;5386260,942600000649691;9,829228250000028;48,626429912000049;1
91447;08230816116100437090;08;1;16;007;2023;08;19;4;3;5;3;0;0;1;1;0;0;0;0;533415,319500000216067;5401294,152799999341369;9,454706152000028;48,763758194000047;1
91450;08230815435100402490;08;4;35;016;2023;08;10;3;3;0;1;0;1;1;0;0;0;0;0;532476,807199999690056;5279156,854299999773502;9,432579398000030;47,664988920000042;1
91451;08230815435100390090;08;4;35;016;2023;08;10;3;3;9;1;0;0;1;0;0;0;0;0;535379,983000000007451;5279445,218499999493361;9,471270715000060;47,667431148000048;1
91455;08230815336400404300;08;3;36;104;2023;08;17;3;2;8;1;0;0;1;0;0;0;0;0;401929,819299999624491;5287288,506400000303984;7,692068165000023;47,731516598000042;1
91464;08230815226300418780;08;2;26;056;2023;08;14;3;3;6;4;0;0;0;1;1;0;0;0;486030,025299999862909;5471424,086600000038743;8,807474935000073;49,395348111000033;1
91465;08230815225200419950;08;2;25;075;2023;08;16;3;3;6;4;0;0;0;1;1;0;0;0;530630,258799999952316;5475376,848200000822544;9,422426437000070;49,430291853000028;1
91471;08230815135200405020;08;1;35;019;2023;08;16;3;3;3;2;0;0;1;1;0;0;0;0;584671,485899999737740;5391374,893600000068545;10,150047256000050;48,669680167000081;1
91474;08230815128100390670;08;1;28;058;2023;08;16;3;3;0;1;0;0;1;0;0;0;0;0;561556,921400000341237;5482562,677200000733137;9,850020953000069;49,492576207000070;1
91484;08230815117010416950;08;1;17;026;2023;08;11;3;3;6;4;0;0;0;1;1;0;0;0;548962,353799999691546;5393531,878599999472499;9,665331376000040;48,692904336000026;1
91488;08230814436300388510;08;4;36;081;2023;08;17;2;2;2;2;0;0;1;1;0;0;0;0;557327,934700000099838;5276888,732000000774860;9,763266302000034;47,642857453000033;1
91496;08230814335200393770;08;3;35;025;2023;08;14;2;3;9;7;0;0;1;0;0;0;0;0;497845,270399999804795;5280242,847400000318885;8,971293998000021;47,675572224000064;1
91497;08230814335100387000;08;3;35;043;2023;08;23;2;3;0;1;2;0;1;0;0;0;0;0;512255,009100000374019;5279745,103499999269843;9,163250878000042;47,670981129000040;1
91498;08230814335010397780;08;3;35;063;2023;08;21;2;3;5;3;2;0;1;1;0;0;0;0;495701,126400000415742;5289795,538200000301003;8,942634762000068;47,761513062000063;1
91504;08230817115300406110;08;1;15;028;2023;08;20;5;3;8;1;0;0;1;0;0;0;0;0;503298,217000000178814;5401374,370799999684095;9,044882572000063;48,765368097000078;1
91506;08230814317100390280;08;3;17;102;2023;08;14;2;3;0;7;0;0;1;0;0;0;0;0;438857,223699999973178;5377388,113800000399351;8,171549574000039;48,546612157000027;1
91507;08230814311300397190;08;3;11;000;2023;08;08;2;3;3;2;0;0;1;0;0;0;0;1;412558,955000000074506;5315349,254000000655651;7,828118096000026;47,985465916000066;1
91508;08230814311010401860;08;3;11;000;2023;08;12;2;2;0;7;0;0;1;0;0;0;0;0;411703,984299999661744;5319175,299900000914931;7,815874828000062;48,019764738000049;1
91515;08230821119500416060;08;1;19;068;2023;08;07;2;3;5;3;0;0;1;1;0;0;0;0;525772,668999999761581;5413599,923000000417233;9,351482623000038;48,874820978000059;1
91517;08230814216300387600;08;2;16;059;2023;08;14;2;2;0;1;0;0;1;0;0;0;0;0;452241,052899999544024;5398104,214299999177456;8,350490929000046;48,734127996000041;1
91518;08230814216300386640;08;2;16;015;2023;08;19;2;3;0;7;0;0;1;0;0;0;0;0;451326,143199999816716;5404520,731899999082088;8,337290278000069;48,791776250000055;1
91522;08230814127202414980;08;1;27;014;2023;08;14;2;3;0;7;0;0;1;0;0;0;0;0;575388,769100000150502;5442435,757999999448657;10,033413315000075;49,130127604000052;1
91533;08230814118010396190;08;1;18;079;2023;08;18;2;3;5;2;0;0;1;1;0;0;0;0;508942,466400000266731;5423289,805099999532104;9,122169062000069;48,962459665000040;1
91534;08230814117400402430;08;1;17;038;2023;08;15;2;3;6;2;0;0;0;1;1;0;0;0;547347,066399999894202;5397747,667199999094009;9,643867016000058;48,730952123000066;1
91537;08230814117100401260;08;1;17;042;2023;08;16;2;3;1;5;0;0;1;1;0;0;0;0;553848,445600000210106;5393471,930999999865890;9,731713467000077;48,691962545000081;1
91542;08230814111500402400;08;1;11;000;2023;08;17;2;3;5;2;0;0;1;1;0;0;0;0;511997,099000000394881;5402116,813999999314547;9,163279438000075;48,771940182000037;1
91543;08230813435200385190;08;4;35;047;2023;08;17;1;2;5;3;0;0;1;1;0;0;0;0;514989,856399999931455;5295657,040799999609590;9,200230246000046;47,814091771000051;1
91554;08230813335400428320;08;3;35;098;2023;08;16;1;3;2;6;0;0;1;0;0;0;0;0;502544,570000000298023;5296156,006300000473857;9,033992678000061;47,818750789000035;1
91561;08230813226200423270;08;2;26;059;2023;08;21;1;3;0;7;2;0;1;0;0;0;0;0;465650,276700000278652;5460095,058199999853969;8,527598188000070;49,292637323000065;1
91565;08230813221011387850;08;2;26;028;2023;08;15;1;1;5;3;0;0;1;1;0;0;0;0;472144,752899999730289;5485753,032999999821186;8,615112502000045;49,523755639000058;1
91571;08230813121100410030;08;1;25;049;2023;08;13;1;3;8;7;0;0;1;0;0;0;0;0;498985,858000000007451;5447949,646999999880791;8,986083280000059;49,184351161000052;1
91572;08230813118400399400;08;1;18;048;2023;08;15;1;3;0;7;0;0;1;0;0;0;0;0;515984,538700000382960;5417303,324999999254942;9,218140221000056;48,908465371000034;1
91575;08230822416100423450;08;4;16;036;2023;08;17;3;3;5;3;0;0;1;1;0;0;0;0;497770,225300000049174;5371980,335699999704957;8,969815080000046;48,500938496000060;1
91583;08230812426010394720;08;4;25;039;2023;08;13;7;3;0;1;0;0;1;0;0;0;0;0;565869,946499999612570;5353172,414100000634789;9,888685500000065;48,328303308000045;1
91584;08230812416100406050;08;4;16;036;2023;08;05;7;3;5;3;1;0;1;1;0;0;0;0;496345,953700000420213;5369632,761399999260902;8,950554965000038;48,479812077000076;1
91587;08230812336100381390;08;3;36;050;2023;08;15;7;3;0;1;0;0;1;0;0;0;0;0;398796,369300000369549;5274046,814699999988079;7,653358352000055;47,611920971000075;1
91591;08230812317300406810;08;3;17;114;2023;08;20;7;3;3;6;0;0;1;1;0;0;0;0;405435,504999999888241;5346933,754000000655651;7,725663569000062;48,268547781000052;1
91592;08230812317200413310;08;3;17;153;2023;08;08;7;3;5;3;0;0;1;1;0;0;0;0;421509,475999999791384;5389131,620200000703335;7,934315139000034;48,650310312000045;1
91595;08230812311200381860;08;3;11;000;2023;08;10;7;3;0;7;0;1;1;0;0;0;0;0;414319,155899999663234;5316747,123600000515580;7,851424256000030;47,998278521000032;1
91597;08230812311010384200;08;3;11;000;2023;08;12;7;2;0;7;0;0;1;0;0;0;0;0;414025,945299999788404;5314949,693099999800324;7,847854494000046;47,982070586000077;1
91609;08230812121500381470;08;1;25;063;2023;08;12;7;3;5;3;0;0;1;1;0;0;0;0;525629,251899999566376;5459029,668299999088049;9,352406170000052;49,283482183000046;1
91610;08230812119400382680;08;1;19;091;2023;08;16;7;2;0;1;0;1;1;0;0;0;0;0;529734,383999999612570;5404175,741000000387430;9,404826800000023;48,789866951000079;1
91611;08230812119100410580;08;1;19;008;2023;08;18;7;3;5;3;0;1;1;1;0;0;0;0;532715,998999999836087;5420100,401000000536442;9,446692567000071;48,932968483000082;1
91615;08230812116400440150;08;1;16;054;2023;08;18;7;3;0;1;0;1;1;0;0;0;0;0;533214,717899999581277;5381411,565700000151992;9,450379418000068;48,584908198000051;1
91619;08230811436200378010;08;4;36;064;2023;08;01;6;3;3;6;2;0;1;0;0;0;0;0;538923,608400000259280;5287502,595499999821186;9,519190190000074;47,739722086000029;1
91624;08230811415200380660;08;4;15;027;2023;08;18;6;3;5;2;0;0;1;1;0;0;0;0;531968,544700000435114;5360486,629200000315905;9,431880717000070;48,396728998000071;1
91629;08230811335100379450;08;3;35;025;2023;08;13;6;3;8;1;0;0;1;0;0;0;0;0;499271,247800000011921;5283181,536800000816584;8,990286420000075;47,702016783000033;1
91631;08230811326400404580;08;3;26;074;2023;08;13;6;3;5;2;0;0;1;1;0;0;0;0;459782,971199999563396;5322600,487099999561906;8,460286137000026;48,055416766000064;1
91633;08230811317600379860;08;3;17;039;2023;08;10;6;3;5;3;0;0;1;1;0;0;0;0;440105,266599999740720;5348155,281199999153614;8,192632646000050;48,283764687000030;1
91634;08230811317300379530;08;3;17;152;2023;08;16;6;3;0;1;0;0;1;0;0;0;0;0;404664,626500000245869;5351693,837500000372529;7,714203497000028;48,311246611000058;1
91637;08230811316100392260;08;3;16;039;2023;08;08;6;2;0;7;0;0;1;0;0;0;0;0;417701,553999999538064;5327378,937300000339746;7,894712803000061;48,094360746000064;1
91640;08230811311010388110;08;3;15;050;2023;08;19;6;3;5;3;0;0;1;1;0;0;0;0;399535,103000000119209;5303493,768999999389052;7,656385073000024;47,876914961000068;1
91641;08230824121600438160;08;1;25;098;2023;08;02;5;3;3;6;2;0;1;1;0;0;0;0;520340,635999999940395;5437039,788000000640750;9,278575302000036;49,085877259000029;1
91653;08230811211100391550;08;2;11;000;2023;08;12;6;3;5;3;0;0;1;0;0;0;0;1;442966,890599999576807;5406323,076899999752641;8,223236270000029;48,807278007000036;1
91654;08230811211100380710;08;2;11;000;2023;08;17;6;3;6;6;0;0;1;0;1;0;0;0;440582,737999999895692;5404570,902699999511242;8,191022071000020;48,791293774000053;1
91658;08230823311010433750;08;3;36;081;2023;08;17;4;2;9;6;0;0;1;0;0;0;0;0;419627,026100000366569;5283347,228399999439716;7,928770066000027;47,698507700000050;1
91659;08230811128200398410;08;1;28;139;2023;08;10;6;3;4;2;0;0;1;1;0;0;0;0;553048,596599999815226;5488189,265100000426173;9,733299321000061;49,543985708000037;1
91663;08230811119500395220;08;1;19;085;2023;08;14;6;3;3;2;0;0;1;0;0;0;1;0;528659,111999999731779;5413777,765300000086427;9,390858923000053;48,876294070000029;1
91666;08230811118100388840;08;1;18;071;2023;08;21;6;2;0;7;2;0;1;0;0;0;0;0;509371,743200000375509;5418649,551000000908971;9,127926959000035;48,920711038000036;1
91670;08230817136300421530;08;1;36;027;2023;08;19;5;3;2;6;0;0;1;1;0;0;0;0;556712,516300000250340;5417858,531600000336766;9,773996082000053;48,911068958000044;1
91684;08230810325102402880;08;3;25;015;2023;08;11;5;2;0;7;0;0;1;0;0;0;0;0;470206,561200000345707;5343533,196299999952316;8,598701298000037;48,244314637000059;1
91685;08230810435100391230;08;4;35;024;2023;08;11;5;3;3;6;0;0;1;0;0;0;0;0;525774,383200000040233;5279347,118699999526143;9,343318613000065;47,667002677000028;1
91690;08230810311400399850;08;3;15;022;2023;08;20;5;2;3;6;0;0;1;0;0;0;0;0;399011,624699999578297;5302804,845799999311566;7,649547141000028;47,870636050000030;1
91691;08230810311010399670;08;3;11;000;2023;08;07;5;3;5;3;0;0;1;0;0;0;0;0;412224,032700000330806;5318703,725899999961257;7,822944163000045;48,015594475000057;1
91696;08230810231000409780;08;2;36;013;2023;08;15;5;1;3;6;0;0;1;1;0;0;0;0;474991,036799999885261;5408465,078600000590086;8,659246060000044;48,828660788000036;1
91700;08230810222500388280;08;2;22;000;2023;08;14;5;3;3;2;0;0;1;1;0;0;0;0;466260,624699999578297;5477435,789699999615550;8,534521442000027;49,448646703000065;1
91704;08230810127202397150;08;1;27;014;2023;08;11;5;2;8;1;0;0;1;0;0;0;0;0;572579,708999999798834;5446849,217000000178814;9,995708765000074;49,170160558000077;1
91705;08230810127100378380;08;1;27;025;2023;08;15;5;3;0;7;0;0;1;0;0;0;0;0;558379,349799999967217;5425372,781999999657273;9,797819053000069;48,978503469000032;1
91712;08230810118100455030;08;1;18;016;2023;08;05;5;3;3;6;1;0;1;1;0;0;0;0;504784,312800000421703;5428941,408399999141693;9,065428308000037;49,013345568000034;1
91717;08230810116200390710;08;1;16;078;2023;08;17;5;2;3;6;0;0;1;0;0;0;0;0;513320,040799999609590;5392380,789200000464916;9,180969910000044;48,684328009000069;1
91720;08230809436100375970;08;4;36;055;2023;08;12;4;3;0;1;0;0;1;0;0;0;0;0;572597,842000000178814;5299641,279999999329448;9,970340568000040;47,846013737000078;1
91725;08230823426010426380;08;4;26;070;2023;08;15;4;2;5;3;0;0;1;1;0;0;0;0;565227,612999999895692;5341755,187999999150634;9,878258306000021;48,225664093000034;1
91727;08230809325202375830;08;3;25;069;2023;08;16;4;3;5;3;0;0;1;1;0;0;0;0;467613,309000000357628;5335227,657999999821186;8,564406932000054;48,169465815000081;1
91730;08230818317300409920;08;3;17;026;2023;08;18;6;3;0;1;0;0;1;0;0;0;0;0;411974,734000000171363;5346509,551999999210238;7,813853164000022;48,265674833000048;1
91731;08230809311010388040;08;3;11;000;2023;08;13;4;2;0;7;0;0;1;0;0;0;0;0;409797,189100000075996;5314787,941700000315905;7,791231303000075;47,980033262000063;1
91735;08230809231402375120;08;2;31;000;2023;08;21;4;3;6;4;1;1;0;1;1;0;0;0;477864,163900000043213;5414867,938500000163913;8,698046358000056;48,886368152000045;1
91739;08230809212702377780;08;2;15;046;2023;08;14;4;3;0;7;0;1;1;0;0;0;1;0;450806,663999999873340;5415160,619999999180436;8,328940555000031;48,887443838000081;1
91744;08230809119200385560;08;1;19;020;2023;08;15;4;3;0;7;0;0;1;0;0;0;0;0;519795,021099999547005;5406708,795600000768900;9,269628731000068;48,813049712000065;1
91747;08230809116500425930;08;1;16;041;2023;08;11;4;3;8;1;0;0;1;0;0;0;0;0;518790,358000000007451;5384163,135700000450015;9,254917681000052;48,610260619000030;1
91750;08230808437200375300;08;4;37;104;2023;08;17;3;3;5;3;0;0;1;1;0;0;0;0;515107,754999999888241;5325980,586999999359250;9,202870072000053;48,086916298000062;1
91752;08230808435100409760;08;4;35;016;2023;08;18;3;3;0;4;0;0;1;0;1;0;0;0;535835,881000000052154;5277722,362500000745058;9,477201903000037;47,651904803000036;1
91757;08230814435100387540;08;4;35;016;2023;08;10;2;3;5;3;0;0;1;1;0;0;0;0;536199,498100000433624;5278142,155400000512600;9,482078530000024;47,655661612000074;1
91759;08230808335300374640;08;3;35;022;2023;08;09;3;3;5;3;0;0;1;1;0;0;0;0;482690,773000000044703;5299959,256400000303984;8,768616488000021;47,852742205000027;1
91762;08230808317600381340;08;3;17;146;2023;08;11;3;3;6;4;0;0;0;1;1;0;0;0;431055,178000000305474;5355387,047900000587106;8,069472818000065;48,347897005000050;1
91766;08230808317100399090;08;3;17;116;2023;08;16;3;3;0;7;0;0;1;0;0;0;0;0;432795,474000000394881;5387330,561899999156594;8,087818111000047;48,635425412000075;1
91778;08230808136300384930;08;1;36;027;2023;08;13;3;3;8;2;0;0;1;0;0;0;0;0;560184,771800000220537;5418269,020800000056624;9,821440011000050;48,914433492000057;1
91784;08230808121200400770;08;1;21;000;2023;08;13;3;3;5;3;0;0;1;1;0;0;0;0;516174,931599999777973;5444262,030799999833107;9,221813895000025;49,150967542000046;1
91788;08230808118100414030;08;1;18;079;2023;08;15;3;3;4;6;0;0;1;0;0;0;0;0;506696,960400000214577;5421774,885299999266863;9,091466820000051;48,948860348000039;1
91794;08230808117010374100;08;1;17;014;2023;08;17;3;3;8;1;0;0;1;0;0;0;0;0;552913,955099999904633;5382914,100899999961257;9,717667482000024;48,597069887000032;1
91796;08230808115200374670;08;1;15;021;2023;08;16;3;3;3;2;0;0;1;1;0;0;0;0;489756,722900000400841;5382662,508799999952316;8,861072040000067;48,596958945000040;1
91798;08230813421300411180;08;4;25;039;2023;08;21;1;3;8;1;2;1;1;0;0;0;0;0;565959,250400000251830;5352486,048599999397993;9,889782786000069;48,322119732000033;1
91799;08230808111500381170;08;1;11;000;2023;08;05;3;3;5;3;0;0;1;1;0;0;0;0;516195,221099999733269;5408678,291699999943376;9,220673909000027;48,830871220000063;1
91807;08230807436300371960;08;4;36;081;2023;08;18;2;3;0;1;0;1;1;0;0;0;0;0;562648,769100000150502;5282062,790300000458956;9,834842638000055;47,688914064000073;1
91812;08230807335300410260;08;3;35;075;2023;08;15;2;3;5;3;0;0;1;1;0;0;0;0;488239,322999999858439;5288700,084000000730157;8,843092502000047;47,751563715000032;1
91813;08230807335100398490;08;3;35;043;2023;08;14;2;3;6;4;0;1;1;0;1;0;0;0;513467,535000000149012;5279359,667999999597669;9,179391162000059;47,667488991000027;1
91814;08230807335100371220;08;3;35;002;2023;08;12;2;3;6;7;0;0;0;1;1;0;0;0;505135,917600000277162;5284603,942399999126792;9,068473680000068;47,714795069000047;1
91819;08230807311010372140;08;3;11;000;2023;08;18;2;3;4;6;0;0;1;0;0;0;0;0;413977,703599999658763;5314135,439200000837445;7,847371204000069;47,974739562000082;1
91829;08230807136300563240;08;1;36;066;2023;08;17;2;3;0;1;0;0;1;0;0;0;0;1;555417,850800000131130;5416427,128499999642372;9,756134207000059;48,898310735000052;1
91830;08230808237200423650;08;2;37;027;2023;08;13;3;3;5;3;0;0;1;1;0;0;0;0;484521,550999999977648;5367284,401900000870228;8,790639676000069;48,458505377000051;1
91831;08230807127100394920;08;1;27;043;2023;08;07;2;2;5;3;1;1;1;1;0;0;0;0;567210,996000000275671;5446748,010900000110269;9,922049799000035;49,169861815000047;1
91834;08230807119300394070;08;1;19;076;2023;08;06;2;3;5;3;0;0;1;0;0;0;0;1;541388,566999999806285;5406421,163000000640750;9,563715233000039;48,809399172000042;1
91837;08230807118100380940;08;1;18;010;2023;08;20;2;3;3;5;0;0;1;1;0;0;0;0;507047,713700000196695;5431997,071399999782443;9,096434720000047;49,040811269000073;1
91840;08230807117200372380;08;1;17;024;2023;08;16;2;3;6;7;0;0;0;0;1;0;0;1;561567,452999999746680;5385920,169999999925494;9,835468049000042;48,623319114000026;1
91841;08230807117100372830;08;1;17;019;2023;08;17;2;3;6;4;0;0;0;1;1;0;0;0;551986,444400000385940;5394191,327600000426173;9,706504467000059;48,698591721000071;1
91843;08230807115100396420;08;1;15;003;2023;08;14;2;3;2;6;0;0;1;1;0;0;0;0;500351,059000000357628;5393196,575999999418855;9,004770294000025;48,691808950000052;1
91859;08230806127100382440;08;1;27;012;2023;08;14;1;2;7;4;0;1;0;1;1;0;0;0;566412,459300000220537;5432425,283099999651313;9,908740697000042;49,041125626000053;1
91860;08230806119100370510;08;1;19;006;2023;08;15;1;2;0;1;0;1;1;0;0;0;0;0;538133,821000000461936;5420854,851999999955297;9,520733191000033;48,939444841000068;1
91868;08230805436300369390;08;4;36;081;2023;08;14;7;2;4;2;0;1;1;1;0;0;0;0;559315,339399999938905;5279359,580700000748038;9,790059387000042;47,664908295000032;1
91881;08230805311010370820;08;3;15;131;2023;08;11;7;3;0;1;0;0;1;0;0;0;0;0;404799,631099999882281;5310097,423000000417233;7,725316342000042;47,937117756000077;1
91882;08230805237200394450;08;2;37;024;2023;08;17;7;2;5;3;0;0;1;1;0;0;0;0;478001,447900000028312;5359264,459499999880791;8,702871126000048;48,386160538000070;1
91886;08230805225200388630;08;2;25;091;2023;08;16;7;3;0;2;0;0;1;1;0;0;0;0;524336,150999999605119;5476793,482999999076128;9,335712198000067;49,443318661000035;1
91890;08230805216200385950;08;2;16;007;2023;08;14;7;3;5;3;0;0;1;1;0;0;0;0;434685,824099999852479;5397269,636199999600649;8,111902600000064;48,725028095000027;1
91893;08230805128200377120;08;1;28;139;2023;08;22;7;3;8;1;2;1;1;0;0;0;0;0;551227,958700000308454;5486075,730100000277162;9,707859811000048;49,525133117000053;1
91905;08230804436200367080;08;4;36;064;2023;08;07;6;3;5;3;0;0;1;1;0;0;0;0;538935,480999999679625;5292971,899000000208616;9,519838601000060;47,788929721000045;1
91907;08230804435100372840;08;4;35;016;2023;08;05;6;3;0;1;0;0;1;0;0;0;0;0;536115,320500000379980;5279106,340700000524521;9,481037237000066;47,664341482000054;1
91921;08230804317100367260;08;3;17;001;2023;08;13;6;3;8;1;0;1;1;0;0;0;0;0;432268,672500000335276;5386771,005300000309944;8,080760118000057;48,630335335000041;1
91931;08230804225100374010;08;2;25;058;2023;08;08;6;3;7;7;0;1;1;1;0;0;0;0;510929,195399999618530;5470947,618300000205636;9,150606101000051;49,391124477000062;1
91944;08230804115300411920;08;1;15;028;2023;08;13;6;3;5;3;0;1;1;1;0;0;0;0;500919,207999999634922;5405244,924000000581145;9,012517361000050;48,800195487000053;1
91947;08230804111330390840;08;1;11;000;2023;08;11;6;3;6;7;0;0;0;0;1;0;0;1;511597,336900000460446;5410690,819800000637770;9,158081016000040;48,849078484000074;1
91950;08230803436300366680;08;4;36;094;2023;08;10;5;3;1;7;0;0;0;1;1;0;0;0;574907,214700000360608;5284130,000900000333786;9,998527321000040;47,706206651000059;1
91951;08230803435100366730;08;4;35;016;2023;08;13;5;3;0;1;0;0;1;0;0;0;0;0;532572,948900000192225;5278791,590700000524521;9,433832702000075;47,661697641000046;1
91959;08230803335200383520;08;3;35;061;2023;08;16;5;3;0;1;0;0;1;0;0;0;0;0;493739,219399999827147;5278468,572699999436736;8,916617334000023;47,659581106000076;1
91962;08230803325000370870;08;3;26;005;2023;08;17;5;3;5;3;0;0;1;1;0;0;0;0;465725,212000000290573;5298455,572000000625849;8,541951747000041;47,838532319000080;1
91965;08230803311010366310;08;3;15;020;2023;08;07;5;3;5;3;0;0;1;1;0;0;0;0;426189,187699999660254;5312469,585500000044703;8,011253933000035;47,961279022000042;1
91978;08230803128200373540;08;1;28;139;2023;08;10;5;3;5;3;0;0;1;1;0;0;0;0;553765,491100000217557;5486689,236700000241399;9,743003625000028;49,530431206000060;1
91988;08230803121200383850;08;1;21;000;2023;08;22;5;3;6;2;2;0;0;1;1;0;0;0;515979,048499999567866;5442419,101199999451637;9,219054605000053;49,134394916000076;1
91994;08230803117300365580;08;1;17;026;2023;08;05;5;3;0;5;1;0;1;1;0;0;0;0;545738,003299999982119;5395473,880599999800324;9,621734783000022;48,710618406000037;1
91996;08230803116010378610;08;1;16;007;2023;08;18;5;2;5;3;0;0;1;1;0;0;0;0;532695,614599999971688;5400040,162200000137091;9,444813313000054;48,752515863000042;1
91998;08230802436300365790;08;4;36;081;2023;08;17;4;2;2;6;0;0;1;0;0;0;0;0;566788,517300000414252;5281018,336300000548363;9,889841456000056;47,679102938000028;1
91999;08230802435100381460;08;4;35;029;2023;08;16;4;3;5;3;0;0;1;1;0;0;0;0;544946,629300000146031;5275320,385199999436736;9,598270581000065;47,629724850000059;1
92005;08230802415400391960;08;4;15;061;2023;08;10;4;3;5;3;0;1;1;1;0;0;0;0;515040,268600000068545;5370962,993300000205636;9,203565918000038;48,491610025000057;1
92008;08230802317300366040;08;3;17;073;2023;08;19;4;3;2;6;0;0;1;1;0;0;0;0;410582,101700000464916;5347609,680199999362230;7,794858938000061;48,275375156000052;1
92014;08230802311010365150;08;3;11;000;2023;08;07;4;2;0;1;0;0;1;0;0;0;0;0;414543,927799999713898;5313158,989600000903010;7,855150749000074;47,966031849000046;1
92022;08230802225200392470;08;2;25;001;2023;08;00;4;2;1;5;2;1;1;1;0;0;0;0;528129,042000000365078;5472766,379499999806285;9,387747617000059;49,406932182000048;1
92050;08230801317100384840;08;3;17;089;2023;08;12;3;3;0;7;0;1;1;0;0;0;0;0;430599,202499999664724;5378562,350400000810623;8,059477026000025;48,556315111000060;1
92051;08230801317000374870;08;3;17;040;2023;08;12;3;2;5;3;0;1;1;0;0;0;1;0;432156,481300000101328;5347479,209899999201298;8,085606733000077;48,276880945000073;1
92057;08230801216100364190;08;2;16;043;2023;08;21;3;3;6;6;1;0;0;0;1;0;0;1;442423,652700000442564;5412395,462799999862909;8,214985353000031;48,861849218000032;1
92069;08230801121100376660;08;1;25;087;2023;08;16;3;3;2;2;0;0;1;0;0;0;0;1;507300,216199999675155;5458021,073799999430776;9,100361605000046;49,274903484000049;1
92070;08230802435100369420;08;4;35;057;2023;08;22;4;3;5;3;2;0;1;1;0;0;0;0;543258,889000000432134;5279325,414000000804663;9,576202982000041;47,665874192000047;1
92072;08230801118200364350;08;1;18;019;2023;08;19;3;3;5;2;0;0;1;1;0;0;0;0;506053,511500000022352;5405509,479499999433756;9,082437854000034;48,802546611000025;1
92079;08230731437100335210;08;4;37;056;2023;07;14;2;3;0;1;0;0;1;0;0;0;0;0;524388,537399999797344;5303615,267400000244379;9,326222189000021;47,885406528000033;1
92080;08230731435100334710;08;4;35;024;2023;07;11;2;3;5;3;0;0;1;1;0;0;0;0;526920,150299999862909;5279204,765599999576807;9,358571327000050;47,665675170000043;1
92081;08230731426300338180;08;4;26;097;2023;07;14;2;3;0;1;0;0;1;0;0;0;0;0;534861,286500000394881;5333580,929199999198318;9,468739663000065;48,154519867000033;1
92088;08230731337010340930;08;3;37;022;2023;07;15;2;2;6;4;0;0;0;0;1;0;0;1;450682,130499999970198;5296537,620200000703335;8,341146103000028;47,820298722000075;1
92089;08230822317500409400;08;3;17;097;2023;08;17;3;3;5;3;0;0;1;0;0;1;0;0;425548,041000000201166;5364764,990000000223517;7,993493808000039;48,431628135000039;1
92090;08230815111110412920;08;1;11;000;2023;08;07;3;3;0;7;0;0;1;0;0;0;0;0;512639,866899999789894;5402505,540899999439716;9,172039359000053;48,775424417000067;1
92102;08230807115400373300;08;1;15;001;2023;08;18;2;3;0;7;0;0;1;0;0;0;0;0;493115,656999999657273;5391837,815600000321865;8,906476199000053;48,679547530000036;1
92104;08230731311010335420;08;3;11;000;2023;07;11;2;3;4;2;0;0;1;1;0;0;0;0;412567,249499999918044;5313979,087099999189377;7,828508140000054;47,973141937000037;1
92111;08230731216100334100;08;2;16;023;2023;07;08;2;3;5;2;0;0;1;1;0;0;0;0;437671,434100000187755;5407700,733899999409914;8,150913355000057;48,819161400000041;1
92131;08230730437100342450;08;4;37;124;2023;07;15;1;3;1;3;0;0;1;1;0;0;0;0;515263,245299999602139;5301588,368799999356270;9,204091277000032;47,867451761000041;1
92135;08230730436300331320;08;4;36;081;2023;07;14;1;3;5;3;0;0;1;1;0;0;0;0;562657,360600000247359;5282043,985600000247359;9,834954413000048;47,688744051000072;1
92137;08230730426100358570;08;4;26;021;2023;07;01;1;3;9;1;2;1;1;0;0;0;0;0;560224,348100000061095;5326214,852800000458956;9,808698968000044;48,086357418000034;1
92141;08230730335400353050;08;3;35;098;2023;07;18;1;3;4;6;0;0;1;0;0;0;0;0;504828,970499999821186;5295633,634600000455976;9,064503939000076;47,814037673000030;1
92154;08230730222400347940;08;2;22;000;2023;07;14;1;3;0;1;0;0;1;0;0;0;0;0;469744,381500000134110;5478392,527200000360608;8,582509894000054;49,457435686000053;1
92162;08230730119200336410;08;1;19;093;2023;07;17;1;3;5;3;0;0;1;1;0;0;0;0;523354,703599999658763;5406201,646800000220537;9,318085720000056;48,808363911000072;1
92166;08230730117010336090;08;1;17;024;2023;07;16;1;3;8;1;0;0;1;0;0;0;0;0;561557,269299999810755;5385007,711899999529123;9,835194448000038;48,615112322000073;1