OID_;UIDENTSTLAE;ULAND;UREGBEZ;UKREIS;UGEMEINDE;UJAHR;UMONAT;USTUNDE;UWOCHENTAG;UKATEGORIE;UART;UTYP1;ULICHTVERH;IstStrassenzustand;IstRad;IstPKW;IstFuss;IstKrad;IstGkfz;IstSonstige;LINREFX;LINREFY;XGCSWGS84;YGCSWGS84;PLST
92171;08230730116100355360;08;1;16;076;2023;07;17;1;2;0;1;0;0;1;0;0;0;0;0;528835,185100000351667;5399124,018300000578165;9,392230636000022;48,744465161000051;1
92172;08230730111500362110;08;1;11;000;2023;07;12;1;3;2;6;0;0;1;1;0;0;0;0;509533,530899999663234;5398481,452800000086427;9,129666407000059;48,739279180000040;1
92175;08230730111370346520;08;1;11;000;2023;07;16;1;3;5;3;0;0;1;1;0;0;0;0;512085,741999999620020;5408499,610799999907613;9,164673714000060;48,829357417000040;1
92187;08230729337100328650;08;3;37;090;2023;07;21;7;3;2;2;2;1;1;1;0;0;0;0;423271,897699999623001;5274403,274000000208616;7,978911784000047;47,618488471000035;1
92189;08230729335100332660;08;3;35;043;2023;07;14;7;2;0;1;0;1;1;0;0;0;0;0;510987,559500000439584;5281935,612099999561906;9,146422184000073;47,690713361000064;1
92194;08230729311010332340;08;3;11;000;2023;07;18;7;3;5;3;0;0;1;1;0;0;0;0;411733,331500000320375;5315971,794199999421835;7,816927557000042;47,990952436000043;1
92200;08230729221011363810;08;2;26;066;2023;07;01;7;1;6;4;2;1;0;1;1;0;0;0;496107,760900000110269;5467977,389299999922514;8,946393290000060;49,364492853000058;1
92219;08230728437100333820;08;4;37;076;2023;07;15;6;3;0;1;0;0;1;0;0;0;0;0;525598,620600000023842;5322396,974999999627471;9,343526858000075;48,054339804000051;1
92222;08230728436300327090;08;4;36;018;2023;07;19;6;3;0;1;0;1;1;0;0;0;0;0;550524,936499999836087;5284980,184200000017881;9,673634298000025;47,716223621000040;1
92231;08230821326300426830;08;3;26;003;2023;08;09;2;2;5;3;0;0;1;1;0;0;0;0;469752,338000000454485;5315031,094000000506639;8,594605627000021;47,987866034000035;1
92232;08230728327200363010;08;3;27;046;2023;07;14;6;3;6;4;0;0;1;0;1;0;0;0;480488,366200000047684;5324575,780400000512600;8,738058468000077;48,074157686000035;1
92236;08230810337010376860;08;3;37;062;2023;08;14;5;3;5;3;0;0;1;1;0;0;0;0;453566,325100000016391;5274617,983999999240041;8,382011484000031;47,623300244000063;1
92237;08230728311400352070;08;3;15;008;2023;07;20;6;3;0;7;1;1;1;0;0;0;0;0;401357,427400000393391;5302030,599199999123812;7,681084088000034;47,864036317000057;1
92238;08230728311400351200;08;3;15;074;2023;07;10;6;3;5;3;0;0;1;1;0;0;0;0;395809,876600000075996;5295962,584400000050664;7,608392225000046;47,808579929000075;1
92270;08230728121300352900;08;1;21;000;2023;07;13;6;3;0;7;0;1;0;1;1;0;0;0;507975,286000000312924;5447882,273000000044703;9,109440652000046;49,183694095000078;1
92272;08230728119200357560;08;1;19;020;2023;07;15;6;2;5;3;0;1;1;1;0;0;0;0;518119,714999999850988;5408995,307000000029802;9,246910576000062;48,833669849000046;1
92279;08230728117300325300;08;1;17;026;2023;07;12;6;2;6;4;0;0;0;1;1;0;0;0;545425,705000000074506;5395208,349300000816584;9,617460620000031;48,708252634000075;1
92282;08230728111210352990;08;1;11;000;2023;07;15;6;3;3;6;0;1;1;0;0;0;0;0;508423,381199999712408;5397657,661499999463558;9,114550357000041;48,731884344000036;1
92288;08230727426100341950;08;4;26;021;2023;07;14;5;3;3;6;0;0;1;0;0;0;0;0;560368,043700000271201;5325957,241399999707937;9,810591911000074;48,084026312000049;1
92300;08230727317100354810;08;3;17;089;2023;07;07;5;3;5;2;0;1;1;1;0;0;0;0;432158,446000000461936;5375572,652000000700355;8,081092077000051;48,529592914000034;1
92302;08230727311400360570;08;3;15;074;2023;07;17;5;3;0;1;0;0;1;0;0;0;0;0;400516,912399999797344;5298145,292099999263883;7,670742365000024;47,828958338000064;1
92304;08230727311010322250;08;3;15;098;2023;07;11;5;3;5;2;0;0;1;0;0;0;0;1;407988,388799999840558;5312685,201700000092387;7,767448329000047;47,960861198000032;1
92307;08230814435200409500;08;4;35;036;2023;08;16;2;3;0;1;0;0;1;0;0;0;0;0;520062,677500000223517;5282324,879699999466538;9,267375681000033;47,693997779000028;1
92310;08230727221050353240;08;2;21;000;2023;07;16;5;3;6;4;0;1;0;0;1;0;0;1;482523,774899999611080;5473730,767799999564886;8,759052977000067;49,416005927000072;1
92321;08230727127202322130;08;1;27;073;2023;07;11;5;2;0;1;0;0;1;0;0;0;0;0;583407,889399999752641;5447655,155500000342727;10,144396768000036;49,176032578000047;1
92328;08230804116400384900;08;1;16;033;2023;08;09;6;3;5;3;0;1;1;0;0;0;0;1;533907,351400000043213;5388926,669399999082088;9,460385327000040;48,652476388000082;1
92334;08230727118400322650;08;1;18;048;2023;07;10;5;3;3;2;0;1;1;0;0;0;0;1;514244,324400000274181;5415466,278100000694394;9,194327678000036;48,891982283000061;1
92340;08230727116200360010;08;1;16;080;2023;07;17;5;3;0;7;0;1;1;0;0;0;0;0;519205,221499999985099;5397108,857499999925494;9,261146912000072;48,726708296000027;1
92342;08230727115400358130;08;1;15;045;2023;07;14;5;3;4;2;0;1;1;1;0;0;0;0;500953,978000000119209;5394662,080000000074506;9,012966322000068;48,704992125000047;1
92343;08230727111500350210;08;1;11;000;2023;07;17;5;3;5;3;0;0;1;1;0;0;0;0;516010,474200000055134;5398783,042799999937415;9,217771083000059;48,741859476000059;1
92344;08230727111130321910;08;1;11;000;2023;07;19;5;3;0;7;0;0;1;0;0;0;0;0;509948,267599999904633;5399241,421800000593066;9,135325615000056;48,746109372000035;1
92347;08230726435200323710;08;4;35;066;2023;07;17;4;3;0;1;0;0;1;0;0;0;0;0;518400,398599999956787;5286934,222899999469519;9,245417335000070;47,735520073000032;1
92350;08230726435100357280;08;4;35;016;2023;07;16;4;3;5;3;0;1;1;1;0;0;0;0;536764,487599999643862;5279458,645300000905991;9,489713130000041;47,667474727000069;1
92358;08230726335100334570;08;3;35;043;2023;07;14;4;3;6;2;0;1;0;0;1;0;0;1;513194,271900000050664;5279626,069099999964237;9,175759289000041;47,669891613000061;1
92359;08230726311400348200;08;3;15;074;2023;07;17;4;3;5;3;0;0;1;1;0;0;0;0;397520,224600000306964;5295636,116399999707937;7,631306736000056;47,805918002000055;1
92363;08230726311010339910;08;3;11;000;2023;07;16;4;1;0;7;0;0;1;0;0;0;0;0;413251,198300000280142;5315829,208599999547005;7,837296554000034;47,989877541000055;1
92370;08230726231000341220;08;2;36;076;2023;07;11;4;3;4;6;0;0;1;0;0;0;0;0;473429,099299999885261;5423237,509999999776483;8,637003807000042;48,961482817000046;1
92375;08230726222700352520;08;2;22;000;2023;07;15;4;3;2;6;0;0;1;1;0;0;0;0;461729,241799999959767;5481138,269600000232458;8,471649765000052;49,481680185000073;1
92380;08230726215102324450;08;2;12;000;2023;07;23;4;3;0;7;2;0;1;0;0;0;0;0;455806,119300000369549;5431066,404400000348687;8,395408438000061;49,030895924000049;1
92382;08230726212010324210;08;2;12;000;2023;07;13;4;3;0;7;0;0;1;0;0;0;0;0;455989,254200000315905;5429353,904899999499321;8,398099462000062;49,015504947000068;1
92389;08230818215202448800;08;2;15;100;2023;08;18;6;3;0;7;0;0;1;0;0;0;0;0;473826,597199999727309;5450066,549200000241399;8,640697257000056;49,202835343000061;1
92396;08230726119101320160;08;1;27;023;2023;07;11;4;3;6;4;0;1;0;1;1;0;0;0;552147,309000000357628;5426286,611999999731779;9,712775781000062;48,987280830000032;1
92404;08230726116200346160;08;1;16;078;2023;07;19;4;3;0;1;0;0;1;0;0;0;0;0;512232,888399999588728;5392485,466499999165535;9,166202711000039;48,685291949000032;1
92409;08230725435100314700;08;4;35;016;2023;07;20;3;3;5;3;0;1;1;1;0;0;0;0;535984,070000000298023;5277769,567700000479817;9,479179049000038;47,652321303000065;1
92411;08230725426010346660;08;4;25;108;2023;07;07;3;2;6;4;0;1;0;1;1;0;0;0;554590,754700000397861;5358076,227600000798702;9,737162558000023;48,373492471000077;1
92416;08230725335100347410;08;3;35;043;2023;07;16;3;3;0;1;0;0;1;0;0;0;0;0;512186,261500000022352;5279328,933700000867248;9,162323474000061;47,667237868000029;1
92417;08230725335100331410;08;3;35;043;2023;07;14;3;3;0;1;0;1;1;0;0;0;0;0;515820,072399999946356;5281005,001700000837445;9,210786997000071;47,682239837000054;1
92421;08230725317300343810;08;3;17;065;2023;07;14;3;3;5;3;0;1;1;1;0;0;0;0;415991,657999999821186;5354125,643999999389052;7,866454385000054;48,334726768000053;1
92427;08230725311010331640;08;3;11;000;2023;07;08;3;3;5;3;0;0;1;1;0;0;0;0;409633,497000000439584;5316461,137000000104308;7,788686070000040;47,995060876000025;1
92434;08230725221011344360;08;2;21;000;2023;07;08;3;3;6;6;0;1;1;0;1;0;0;0;476563,145499999634922;5472630,646600000560284;8,676939136000044;49,405910089000031;1
92437;08230725215302358630;08;2;15;059;2023;07;10;3;3;1;6;0;0;1;1;0;0;0;0;486092,468399999663234;5436304,056399999186397;8,809553998000069;49,079438032000041;1
92444;08230725212010315970;08;2;12;000;2023;07;17;3;3;5;2;0;1;1;1;0;0;0;0;455168,750400000251830;5428312,466900000348687;8,386993763000021;49,006078048000063;1
92445;08230823311010425250;08;3;11;000;2023;08;15;4;3;4;2;0;0;1;1;0;0;0;0;414105,459999999962747;5316798,821000000461936;7,848549852000076;47,998714883000048;1
92465;08230725116200353470;08;1;16;015;2023;07;08;3;3;5;3;0;1;1;1;0;0;0;0;523885,435200000181794;5393414,968399999663234;9,324572315000069;48,693316539000080;1
92471;08230724436300341560;08;4;36;081;2023;07;07;2;3;3;6;0;0;1;1;0;0;0;0;562134,205500000156462;5281549,623900000005960;9,827913361000071;47,684346920000053;1
92481;08230724336100360180;08;3;36;105;2023;07;18;2;2;6;4;0;0;0;0;1;0;0;1;401630,845499999821186;5267023,405700000002980;7,692638422000073;47,549178400000073;1
92482;08230724335300343690;08;3;35;075;2023;07;17;2;3;0;1;0;0;1;0;0;0;0;0;488183,979299999773502;5293127,953400000929832;8,842233676000035;47,791402516000062;1
92494;08230724231000323370;08;2;36;004;2023;07;10;2;2;0;1;0;1;1;0;0;0;0;0;472538,956000000238419;5413108,606000000610948;8,625525134000043;48,870328791000077;1
92498;08230724222400344770;08;2;26;036;2023;07;11;2;3;8;7;0;0;1;0;0;0;0;0;467369,646300000138581;5481110,892899999395013;8,549518359000047;49,481763389000037;1
92504;08230724127202341800;08;1;27;073;2023;07;06;2;3;8;1;0;1;1;0;0;0;0;0;577361,258000000379980;5447766,982999999076128;10,061471077000022;49,177830588000063;1
92513;08230724121200390470;08;1;21;000;2023;07;07;2;3;3;6;0;0;1;1;0;0;0;0;515825,863599999807775;5442092,363600000739098;9,216941804000044;49,131459764000056;1
92520;08230811226500395890;08;2;26;102;2023;08;13;6;3;5;2;0;0;1;1;0;0;0;0;483599,022699999623001;5453615,791099999099970;8,774704491000023;49,235100908000049;1
92524;08230724116200347110;08;1;16;015;2023;07;17;2;3;5;3;0;0;1;1;0;0;0;0;524198,383000000379980;5393585,049000000581145;9,328834765000067;48,694834517000061;1
92525;08230724116010339370;08;1;16;019;2023;07;15;2;2;0;1;0;1;1;0;0;0;0;0;523455,731499999761581;5397030,523000000044703;9,318938781000043;48,725858126000048;1
92530;08230724115100325170;08;1;15;044;2023;07;19;2;3;5;3;0;0;1;1;0;0;0;0;504529,506000000052154;5390729,858999999240041;9,061521227000071;48,669601746000069;1
92532;08230729435100328550;08;4;35;029;2023;07;11;7;3;4;2;0;0;1;1;0;1;0;0;545373,154000000096858;5271918,106000000610948;9,603595217000077;47,599083796000059;1
92535;08230723426010324010;08;4;21;000;2023;07;19;1;2;9;1;0;0;1;0;0;0;0;0;571188,258200000040233;5357285,280899999663234;9,961122941000042;48,364723396000045;1
92543;08230723335300305920;08;3;35;077;2023;07;15;1;3;0;1;0;0;1;0;0;0;0;0;494253,586699999868870;5293824,243599999696016;8,923265128000025;47,797750165000082;1
92544;08230723335200305360;08;3;35;061;2023;07;09;1;3;0;7;0;0;1;0;0;0;0;0;491940,614099999889731;5278464,196399999782443;8,892663172000027;47,659521820000066;1
92553;08230723226700302530;08;2;26;103;2023;07;03;1;3;0;7;2;0;1;0;0;0;0;0;474145,877000000327826;5457100,165999999269843;8,644626588000051;49,266116814000043;1
92554;08230802111500388780;08;1;11;000;2023;08;14;4;2;5;3;0;1;1;1;0;0;0;0;513301,970099999569356;5406262,785700000822544;9,181172757000070;48,809210401000030;1
92559;08230723136300304030;08;1;36;065;2023;07;15;1;3;0;1;0;0;1;0;0;0;0;0;564161,456699999980628;5399930,232599999755621;9,872839681000073;48,749079849000054;1
92563;08230723128200327220;08;1;28;139;2023;07;18;1;3;0;6;0;0;1;0;0;0;0;0;552955,758399999700487;5488318,316600000485778;9,732033456000067;49,545154526000033;1
92569;08230723118100304530;08;1;18;071;2023;07;10;1;3;0;7;0;0;1;0;0;0;0;0;508797,055999999865890;5419284,419999999925494;9,120096027000045;48,926430574000051;1
92570;08230723117300321050;08;1;17;026;2023;07;14;1;3;4;1;0;0;1;1;0;0;0;0;553390,501199999824166;5400372,169299999251962;9,726384589000077;48,754071803000045;1
92579;08230722436300303220;08;4;36;081;2023;07;16;7;2;2;6;0;0;1;1;0;0;0;0;556652,802199999801815;5277031,017300000414252;9,754296799000031;47,644197035000047;1
92580;08230722436100301570;08;4;36;055;2023;07;16;7;3;0;1;0;0;1;0;0;0;0;0;576392,059700000099838;5297028,116499999538064;10,020584742000040;47,822065884000040;1
92581;08230722426010321020;08;4;26;021;2023;07;17;7;2;0;1;0;0;1;0;0;0;0;0;558223,323599999770522;5328213,153100000694394;9,782104237000055;48,104520471000058;1
92583;08230722416010334810;08;4;15;091;2023;07;16;7;2;8;1;0;0;1;1;0;0;0;0;513363,858300000429153;5362442,532999999821186;9,180604231000075;48,414994194000030;1
92590;08230722337010306970;08;3;37;002;2023;07;13;7;2;0;6;0;0;1;0;0;0;0;0;432233,110700000077486;5275982,662799999117851;8,097905800000035;47,633697119000033;1
92591;08230731231102339690;08;2;36;040;2023;07;18;2;3;6;3;0;0;0;1;1;0;0;0;488010,499200000427663;5421678,027300000190735;8,836250964000044;48,947909081000034;1
92592;08230722336400325230;08;3;36;078;2023;07;12;7;2;2;6;0;0;1;1;0;0;0;0;397919,910000000149012;5290148,059000000357628;7,637933572000065;47,756616532000066;1
92593;08230722336400323980;08;3;36;091;2023;07;22;7;3;3;2;2;0;1;1;0;0;0;0;394407,663499999791384;5271777,077400000765920;7,595525470000041;47,590804149000064;1
92602;08230722326200334740;08;3;26;010;2023;07;12;7;3;3;6;0;0;1;1;0;0;0;0;466303,425499999895692;5325922,240399999544024;8,547525846000042;48,085679607000031;1
92603;08230722325000358970;08;3;25;053;2023;07;07;7;1;6;7;0;0;0;1;1;0;0;0;454476,731800000183284;5340379,415200000628829;8,387179755000034;48,215007655000079;1
92608;08230722311010303300;08;3;11;000;2023;07;12;7;3;0;7;0;0;1;0;0;0;0;0;416441,771900000050664;5307424,959699999541044;7,881684087000053;47,914701609000076;1
92610;08230722225200335020;08;2;25;014;2023;07;09;7;2;0;1;0;1;1;0;0;0;0;0;520342,496399999596179;5488862,381400000303984;9,281242718000044;49,552021928000045;1
92618;08230823115200438800;08;1;15;021;2023;08;17;4;3;3;6;0;0;1;0;0;0;0;1;490389,613499999977648;5382762,307800000533462;8,869653502000062;48,597866795000073;1
92632;08230722118010337040;08;1;15;021;2023;07;09;7;3;0;7;0;0;1;0;0;0;0;1;491089,725899999961257;5384027,679300000891089;8,879122003000020;48,609260709000068;1
92636;08230722117010304620;08;4;25;031;2023;07;14;7;2;7;1;0;0;1;0;0;0;0;0;562305,876099999994040;5374229,350600000470877;9,843735758000037;48,518083434000062;1
92637;08230722116100357150;08;1;16;004;2023;07;18;7;3;0;1;0;0;1;0;0;0;0;0;528293,264999999664724;5396495,776000000536442;9,384678930000064;48,720846786000038;1
92638;08230721436400300450;08;4;36;011;2023;07;17;6;3;0;7;0;1;1;0;0;0;0;0;548670,469299999997020;5297114,773800000548363;9,650270490000025;47,825540617000058;1
92640;08230721435200316240;08;4;35;059;2023;07;18;6;3;5;3;0;1;1;1;0;0;0;0;512659,172899999655783;5290678,711899999529123;9,168952545000025;47,769349456000043;1
92645;08230721417010310710;08;4;17;002;2023;07;05;6;2;0;1;1;0;1;0;0;0;0;0;487777,013399999588728;5344417,113700000569224;8,835336861000030;48,252849427000058;1
92650;08230721336100310690;08;3;36;084;2023;07;15;6;2;0;7;0;0;1;0;0;0;0;0;405353,969299999997020;5277435,277699999511242;7,739860420000070;47,643393236000065;1
92652;08230721335100314720;08;3;35;043;2023;07;20;6;3;0;1;0;0;1;0;0;0;0;0;511874,784300000406802;5281045,646500000730157;9,158221237000021;47,682690069000046;1
92656;08230721311100297750;08;3;15;132;2023;07;07;6;3;5;3;0;0;1;0;0;1;0;0;410882,887799999676645;5323786,896299999207258;7,803905707000069;48,061132780000037;1
92658;08230721231202336330;08;2;36;004;2023;07;07;6;3;6;2;0;0;0;1;1;0;0;0;473278,853600000031292;5413088,448699999600649;8,635615911000059;48,870179789000076;1
92660;08230721226700332750;08;2;26;060;2023;07;19;6;3;6;7;0;0;1;0;1;0;0;0;475662,793100000359118;5461977,245300000533462;8,665179772000045;49,310048448000032;1
92662;08230721226600301550;08;2;26;096;2023;07;14;6;2;0;7;0;0;1;0;0;0;0;0;475837,661999999545515;5490014,809499999508262;8,665876685000057;49,562247155000080;1
92669;08230721212502311040;08;2;12;000;2023;07;16;6;3;0;3;0;0;1;1;0;0;0;0;452171,933000000193715;5430556,564999999478459;8,345754583000030;49,026038753000080;1
92670;08230721212402332840;08;2;12;000;2023;07;19;6;3;6;3;0;0;0;1;1;0;0;0;457053,388799999840558;5428259,795299999415874;8,412767747000032;49,005738286000053;1
92680;08230721119400296020;08;1;19;091;2023;07;02;6;3;0;7;2;0;1;0;0;0;0;0;528193,474799999967217;5405766,883799999952316;9,383957404000057;48,804252219000034;1
92681;08230721119010333800;08;1;19;087;2023;07;20;6;2;6;7;0;0;0;0;1;0;0;1;526049,683199999853969;5426942,230399999767542;9,356113096000058;48,994830729000057;1
92696;08230802437000366920;08;4;37;088;2023;08;15;4;3;6;4;0;0;0;1;1;0;0;0;518158,847599999979138;5308556,445299999788404;9,243102580000027;47,930070047000072;1
92697;08230720437200297700;08;4;37;031;2023;07;06;5;3;3;6;0;0;1;0;0;0;1;0;515547,366000000387430;5344392,384999999776483;9,209446650000075;48,252554099000065;1
92704;08230720436100313560;08;4;36;055;2023;07;13;5;3;3;2;0;0;1;1;0;0;0;0;575337,756299999542534;5297830,689300000667572;10,006641295000065;47,829410234000079;1
92706;08230720435100315190;08;4;35;030;2023;07;15;5;3;0;1;0;0;1;0;0;0;0;0;541228,205799999646842;5271721,783399999141693;9,548439599000062;47,597594279000077;1
92707;08230720435100294690;08;4;35;016;2023;07;13;5;3;0;7;0;0;1;0;0;0;0;0;533128,578399999998510;5280345,254599999636412;9,441350633000070;47,675648422000052;1
92708;08230720425000339650;08;4;25;020;2023;07;08;5;3;0;7;0;0;1;0;0;0;0;1;558963,989500000141561;5361121,904500000178814;9,796638034000068;48,400496972000042;1
92709;08230720417100327070;08;4;17;079;2023;07;17;5;3;5;3;0;0;1;1;0;0;0;0;497370,298000000417233;5344478,210000000894070;8,964573265000070;48,253511537000065;1
92718;08230814215102406590;08;2;12;000;2023;08;20;2;3;0;7;0;0;1;0;0;0;0;0;455641,944699999876320;5434332,744200000539422;8,392804957000067;49,060264992000043;1
92720;08230720317500300390;08;3;17;096;2023;07;18;5;3;6;4;0;0;0;1;1;0;0;0;422053,422399999573827;5369727,941500000655651;7,945334406000029;48,475846757000056;1
92722;08230720317300346190;08;3;17;026;2023;07;13;5;3;5;2;0;0;1;0;0;0;0;1;411961,413999999873340;5346514,603700000792742;7,813672664000023;48,265718421000031;1
92726;08230720316100293490;08;3;16;043;2023;07;06;5;3;5;3;0;0;1;1;0;0;0;0;411557,530600000172853;5331180,652799999341369;7,811426480000023;48,127734272000055;1
92731;08230720311100338940;08;3;15;074;2023;07;13;5;3;6;6;0;0;1;0;1;0;0;0;397851,424800000153482;5296107,379499999806285;7,635617826000043;47,810209633000056;1
92732;08230720311010347770;08;3;15;098;2023;07;13;5;2;0;7;0;0;1;0;0;0;0;0;406659,730499999597669;5312099,809800000861287;7,749781560000031;47,955403180000076;1
92733;08230808121500382930;08;1;25;065;2023;08;22;3;3;5;3;2;0;1;1;0;0;0;0;516028,144999999552965;5447481,251000000163913;9,219929172000036;49,179929214000026;1
92734;08230720311010312840;08;3;11;000;2023;07;20;5;3;1;5;0;0;1;1;0;0;0;0;413045,752100000157952;5315021,321200000122190;7,834707138000056;47,982582412000056;1
92739;08230720231102299520;08;2;36;028;2023;07;17;5;2;0;7;0;0;1;0;0;0;0;0;495995,752000000327826;5420993,617000000551343;8,945317795000051;48,941855593000071;1
92743;08230720226400303440;08;2;26;037;2023;07;11;5;3;0;6;0;0;1;0;0;0;0;0;467551,161600000225008;5469426,254100000485778;8,552980203000061;49,376673651000033;1
92744;08230720222014293810;08;2;26;096;2023;07;07;5;2;5;3;0;0;1;1;0;0;0;0;475049,654000000096858;5488596,845000000670552;8,655069938000054;49,549461183000062;1
92746;08230720216100333760;08;2;16;043;2023;07;17;5;3;5;2;0;0;1;0;0;1;0;0;441572,264200000092387;5411446,852900000289083;8,203513804000067;48,853236889000073;1
92754;08230720212010325070;08;2;12;000;2023;07;10;5;3;5;2;0;0;1;1;0;0;0;0;458933,348199999891222;5428153,903200000524521;8,438482837000038;49,004913725000051;1
92766;08230720121400324600;08;1;25;038;2023;07;14;5;2;0;7;0;0;0;0;1;1;1;0;499777,901499999687076;5433817,323000000789762;8,996959999000069;49,057225666000079;1
92786;08230804215202400430;08;2;15;039;2023;08;10;6;3;5;2;0;0;1;1;0;0;0;0;473230,071700000204146;5451864,380400000140071;8,632388572000025;49,218981252000049;1
92791;08230719336100331010;08;3;36;050;2023;07;05;4;3;5;3;0;0;1;1;0;0;0;0;399556,804700000211596;5273931,527499999850988;7,663500479000049;47,611002243000030;1
92792;08230719335100344400;08;3;35;002;2023;07;10;4;3;5;3;0;0;1;1;0;0;0;0;505029,076999999582767;5286905,757999999448657;9,067075831000068;47,735506758000042;1
92793;08230719335100325040;08;3;35;066;2023;07;09;4;3;6;6;0;0;1;0;1;0;0;0;507789,984299999661744;5281486,093900000676513;9,103802786000074;47,686715210000045;1
92795;08230719335100295360;08;3;35;043;2023;07;19;4;3;0;1;0;0;1;0;0;0;0;0;510065,241299999877810;5288149,431600000709295;9,134274818000051;47,746637884000052;1
92801;08230719317500291350;08;3;17;047;2023;07;07;4;3;0;7;0;0;1;0;0;0;0;0;419915,819600000046194;5364717,366699999198318;7,917375300000060;48,430508670000052;1
92802;08230719311400328150;08;3;15;074;2023;07;16;4;2;4;6;0;0;1;0;0;0;0;0;398885,326000000350177;5297431,905999999493361;7,649114440000062;47,822286998000038;1
92806;08230719311010290100;08;3;36;091;2023;07;07;4;3;4;6;0;0;1;0;0;0;0;0;395828,666500000283122;5274017,442399999126792;7,613888062000058;47,611186468000028;1
92809;08230719231102344860;08;2;36;025;2023;07;08;4;3;5;3;0;0;1;1;0;0;0;0;489829,516900000162423;5405778,200099999085069;8,861489934000076;48,804910263000068;1
92811;08230719231000341370;08;2;31;000;2023;07;17;4;2;4;6;0;0;1;0;0;0;0;0;477097,573499999940395;5413501,901599999517202;8,687666026000045;48,874051879000035;1
92821;08230719216100312770;08;2;16;009;2023;07;17;4;3;0;7;0;0;1;0;0;0;0;0;446807,106499999761581;5420880,282199999317527;8,273640434000072;48,938561988000060;1
92829;08230719135200313430;08;1;35;019;2023;07;16;4;3;2;6;0;0;0;1;1;0;0;0;585781,926599999889731;5391017,098099999129772;10,165052346000039;48,666310511000063;1
92831;08230719127010330700;08;1;27;073;2023;07;15;4;2;8;1;0;0;1;0;0;0;0;0;577633,241999999620020;5448633,915999999269843;10,065369660000044;49,185593230000052;1
92839;08230722127100320260;08;1;27;052;2023;07;19;7;2;5;3;0;0;1;0;0;1;0;0;539884,771399999968708;5435935,831800000742078;9,546123609000063;49,074990814000046;1
92840;08230719119200295500;08;1;19;020;2023;07;06;4;3;0;2;0;0;1;1;0;0;0;0;519798,088999999687076;5406731,410000000149012;9,269671610000046;48,813253049000082;1
92845;08230719118010324920;08;1;18;048;2023;07;15;4;2;5;3;0;0;1;1;0;0;0;0;514240,253100000321865;5415610,587500000372529;9,194277165000074;48,893280546000028;1
92846;08230719117100290900;08;1;17;019;2023;07;08;4;3;5;3;0;0;1;1;0;0;0;0;551990,220700000412762;5394188,700300000607967;9,706555452000032;48,698567773000036;1
92847;08230825136200432440;08;1;36;019;2023;08;16;6;3;5;7;0;0;1;1;0;0;0;0;579717,718200000002980;5425588,870300000533462;10,089426261000028;48,978062065000074;1
92852;08230719111330335690;08;1;11;000;2023;07;17;4;3;6;6;0;0;1;0;1;0;0;0;511990,769399999640882;5408561,768600000068545;9,163381492000042;48,829918420000070;1
92854;08230719111310295250;08;1;11;000;2023;07;13;4;3;5;3;0;0;1;1;0;0;0;0;516812,929499999620020;5406707,297000000253320;9,229009857000051;48,813124081000069;1
92855;08230718437000316300;08;4;35;052;2023;07;19;3;1;5;3;0;0;1;1;0;0;0;0;524389,488499999977648;5292109,140900000929832;9,325586675000068;47,781882380000070;1
92860;08230718426010301300;08;4;21;000;2023;07;07;3;3;4;6;0;0;1;0;0;0;0;0;573351,015100000426173;5357219,478900000452995;9,990306689000022;48,363883853000061;1
92864;08230718415400301350;08;4;15;061;2023;07;08;3;3;5;3;0;0;1;1;0;0;0;0;516331,985999999567866;5373318,917999999597669;9,221141007000028;48,512772456000050;1
92871;08230718335300311740;08;3;35;077;2023;07;12;3;3;4;6;0;0;1;0;0;0;0;0;495212,673299999907613;5291114,378799999132752;8,936102194000057;47,773375951000048;1
92872;08230718335050289560;08;3;35;015;2023;07;11;3;3;0;1;0;0;1;0;0;0;0;0;477097,814000000245869;5282636,633199999108911;8,694766286000061;47,696708379000029;1
92883;08230718311010292160;08;3;15;095;2023;07;18;3;3;5;2;0;0;1;0;0;1;0;0;427711,639000000432134;5319211,485999999567866;8,030509718000076;48,022102307000068;1
92884;08230718311010291240;08;3;15;084;2023;07;17;3;3;5;2;0;0;1;1;0;0;0;0;416807,340499999932945;5305915,496500000357628;7,886867010000060;47,901170572000069;1
92886;08230718311000288150;08;3;15;064;2023;07;19;3;3;0;7;0;0;1;0;0;0;0;0;425028,766699999570847;5313783,884400000795722;7,995482503000062;47,972967407000056;1
92887;08230718231202323270;08;2;36;072;2023;07;08;3;3;3;2;0;0;1;1;0;0;0;0;465946,260099999606609;5410075,728399999439716;8,535878349000029;48,842719397000053;1
92889;08230815311010403600;08;3;11;000;2023;08;12;3;3;0;1;0;0;1;0;0;0;0;0;406059,923899999819696;5314833,984200000762939;7,741152033000049;47,979909534000058;1
92893;08230718215302305550;08;2;15;007;2023;07;18;3;3;2;6;0;0;1;0;0;0;0;0;479252,356300000101328;5429913,160499999299645;8,716215733000070;49,021756653000068;1
92915;08230825221011423350;08;2;21;000;2023;08;21;6;1;6;6;2;0;0;1;1;0;0;0;472290,981300000101328;5473480,898499999195337;8,617992233000052;49,413378389000059;1
92920;08230717436200285910;08;4;35;053;2023;07;14;2;3;4;6;0;0;1;0;0;0;0;0;509020,823599999770522;5292408,365299999713898;9,120430273000068;47,784973249000075;1
92929;08230717415050288060;08;1;16;063;2023;07;18;2;3;0;7;0;0;1;0;0;0;0;0;516372,245299999602139;5383067,325699999928474;9,222069627000053;48,600470468000026;1
92935;08230717335050285560;08;3;35;075;2023;07;16;2;3;0;1;0;0;1;0;0;0;0;0;488168,643199999816716;5288722,992900000885129;8,842148893000058;47,751768546000051;1