OID_;UIDENTSTLAE;ULAND;UREGBEZ;UKREIS;UGEMEINDE;UJAHR;UMONAT;USTUNDE;UWOCHENTAG;UKATEGORIE;UART;UTYP1;ULICHTVERH;IstStrassenzustand;IstRad;IstPKW;IstFuss;IstKrad;IstGkfz;IstSonstige;LINREFX;LINREFY;XGCSWGS84;YGCSWGS84;PLST
92936;08230719435100304150;08;4;35;035;2023;07;20;4;2;7;7;0;0;1;0;0;0;0;0;541441,298899999819696;5283269,168899999931455;9,552368561000037;47,701476231000072;1
92943;08230717311300319280;08;3;11;000;2023;07;23;2;3;0;7;2;0;1;0;0;0;0;0;412810,522199999541044;5314681,210400000214577;7,831624494000039;47,979490979000047;1
92946;08230717311010301790;08;3;11;000;2023;07;09;2;3;3;2;0;0;1;1;0;0;0;0;414538,067099999636412;5316015,246400000527501;7,854503958000066;47,991724299000055;1
92949;08230717311000288380;08;3;11;000;2023;07;16;2;3;2;6;0;0;1;1;0;0;0;0;414586,567499999888241;5318365,524499999359250;7,854685953000057;48,012872434000030;1
92955;08230808435100385890;08;4;35;029;2023;08;12;3;2;0;1;0;0;1;0;0;0;0;0;542541,619199999608099;5271459,638699999079108;9,565885028000025;47,595150802000035;1
92957;08230717221300301470;08;2;21;000;2023;07;16;2;3;2;6;0;0;1;1;0;0;0;0;477672,373300000093877;5473544,521999999880791;8,692177444000038;49,414171963000058;1
92960;08230717215102337970;08;2;15;105;2023;07;08;2;2;3;6;0;0;1;0;0;0;0;0;458630,939199999906123;5440594,274700000882149;8,433076719000042;49,116795683000078;1
92965;08230717126100324330;08;1;26;046;2023;07;16;2;3;7;7;0;0;1;0;0;0;0;0;549583,572300000116229;5457193,353199999779463;9,681535595000071;49,265491476000079;1
92969;08230717121200329090;08;1;21;000;2023;07;12;2;3;3;6;0;0;1;0;0;0;0;1;514128,032599999569356;5441003,330700000748038;9,193629843000053;49,121704898000075;1
92979;08230717115100375870;08;1;15;003;2023;07;18;2;3;0;7;0;0;1;0;0;0;0;0;500611,710699999704957;5392784,458799999207258;9,008311497000022;48,688101301000074;1
92980;08230717115100359530;08;1;15;003;2023;07;07;2;3;0;4;0;0;0;1;1;0;0;0;500501,278199999593198;5392898,169199999421835;9,006811155000037;48,689124350000043;1
92981;08230717111500316500;08;1;11;000;2023;07;10;2;2;6;4;0;0;0;0;1;0;1;0;506475,155399999581277;5405534,545800000429153;9,088180269000077;48,802767856000060;1
92985;08230718212010311410;08;2;12;000;2023;07;17;3;3;5;3;0;0;1;1;0;0;0;0;461879,970499999821186;5429910,946599999442697;8,478606082000056;49,020907755000053;1
92998;08230716336100321070;08;3;36;084;2023;07;15;1;3;5;3;0;1;1;1;0;0;0;0;405509,689899999648333;5277276,600500000640750;7,741967480000028;47,641988594000054;1
92999;08230716317500296980;08;3;17;151;2023;07;23;1;3;9;1;2;0;1;0;0;0;0;0;413506,962399999611080;5368853,361899999901652;7,829900269000063;48,466862689000038;1
93000;08230716317050286180;08;3;17;146;2023;07;10;1;2;0;6;0;0;1;0;0;1;0;1;429633,907200000248849;5351733,408199999481440;8,050903226000059;48,314874189000079;1
93002;08230716311100299590;08;3;15;043;2023;07;20;1;3;5;3;0;0;1;0;0;1;0;0;405420,407499999739230;5322714,814200000837445;7,730845633000058;48,050703025000075;1
93005;08230716311000284440;08;3;15;015;2023;07;15;1;3;5;3;0;0;1;1;0;0;0;0;400838,211500000208616;5316523,410000000149012;7,670807052000043;47,994317474000070;1
93006;08230716311000282780;08;3;36;050;2023;07;14;1;3;5;3;0;0;1;1;0;0;0;0;400415,066200000233948;5273771,204900000244379;7,674953798000047;47,609692545000030;1
93010;08230716237100300300;08;2;37;028;2023;07;17;1;2;0;7;0;0;1;0;0;0;0;0;455701,298999999649823;5366313,184499999508262;8,400936900000033;48,448399073000076;1
93013;08230716226400336720;08;2;26;003;2023;07;18;1;3;0;7;0;0;1;0;0;0;0;0;467342,884200000204146;5469328,702700000256300;8,550119046000077;49,375785071000053;1
93015;08230716221200308090;08;2;26;041;2023;07;13;1;3;8;1;0;0;1;0;0;0;0;0;482548,893000000156462;5464912,411100000143051;8,759786162000069;49,336685987000067;1
93016;08230816111500422140;08;1;11;000;2023;08;16;4;3;5;3;0;0;1;1;0;0;0;0;518304,360600000247359;5400381,573200000450015;9,249042805000045;48,756176550000077;1
93020;08230716212000284380;08;2;15;110;2023;07;15;1;3;0;7;0;0;1;0;0;0;0;0;461880,855000000447035;5419774,950999999418855;8,479568195000070;48,929731661000062;1
93023;08230716136050284300;08;1;27;032;2023;07;13;1;2;0;7;0;0;1;0;0;0;0;0;563786,338399999774992;5455220,861400000751019;9,876419794000071;49,246434195000063;1
93025;08230716121400279890;08;1;25;038;2023;07;12;1;3;8;1;0;0;1;0;0;0;0;0;501962,411500000394881;5435099,682499999180436;9,026866969000025;49,068758067000033;1
93029;08230804231102389640;08;2;36;046;2023;08;14;6;3;0;7;0;1;1;0;0;0;0;0;484448,501600000075996;5417867,288200000301003;8,787747928000044;48,913549638000063;1
93041;08230716111000283300;08;1;11;000;2023;07;16;1;3;0;1;0;0;1;0;0;0;0;0;512718,655100000090897;5405379,771199999377131;9,173200692000023;48,801279121000050;1
93043;08230815437100419090;08;4;37;088;2023;08;10;3;3;3;2;0;0;1;1;0;0;0;0;514967,428399999625981;5306481,801300000399351;9,200305509000032;47,911486434000039;1
93045;08230715435100303650;08;4;35;016;2023;07;00;7;3;0;1;2;0;1;0;0;0;0;0;537195,559100000187755;5277589,462500000372529;9,495295815000077;47,650632314000063;1
93048;08230715426010296370;08;4;26;108;2023;07;00;7;2;9;1;2;0;1;0;0;0;0;0;571127,803600000217557;5338964,506400000303984;9,957222438000031;48,199926016000063;1
93060;08230715317300313010;08;3;17;114;2023;07;22;7;3;0;1;2;1;1;0;0;0;0;0;405448,548200000077486;5346972,730900000780821;7,725830576000021;48,268900308000070;1
93065;08230715311400307660;08;3;15;033;2023;07;11;7;3;4;6;0;0;1;0;0;0;0;1;396872,447200000286102;5304666,062799999490380;7,620505348000052;47,887037294000038;1
93067;08230715311200307470;08;3;15;041;2023;07;09;7;2;0;7;0;0;1;0;0;0;0;0;422207,012199999764562;5322215,997400000691414;7,956151219000049;48,048483139000041;1
93069;08230715311010324390;08;3;15;064;2023;07;14;7;3;5;3;0;0;1;1;0;0;0;0;421924,200500000268221;5312752,426000000908971;7,954079747000037;47,963317394000057;1
93080;08230725317010312410;08;3;17;065;2023;07;13;3;3;8;1;0;0;1;0;0;0;0;0;415792,243800000287592;5353728,661100000143051;7,863843531000043;48,331129405000070;1
93082;08230820126100430080;08;1;26;072;2023;08;21;1;2;8;7;1;0;1;0;0;0;0;0;536851,793999999761581;5464491,795499999076128;9,507216591000031;49,332039196000039;1
93083;08230715216100286540;08;2;16;012;2023;07;03;7;3;0;1;2;0;1;0;0;0;0;0;442602,978600000031292;5419995,642200000584126;8,216362207000032;48,930228982000074;1
93084;08230715215202296010;08;2;15;064;2023;07;11;7;3;5;3;0;0;1;1;0;0;0;0;478983,411999999545515;5452239,146999999880791;8,711374069000044;49,222576748000051;1
93096;08230715127100289950;08;1;27;056;2023;07;00;7;3;0;7;2;0;1;0;0;0;0;0;555138,027599999681115;5434595,996999999508262;9,754780400000072;49,061762294000062;1
93097;08230725127100316820;08;1;27;025;2023;07;14;3;3;5;3;0;0;1;1;0;0;0;0;556605,054999999701977;5425773,482000000774860;9,773629467000035;48,982272822000027;1
93098;08230715126200311270;08;1;26;085;2023;07;06;7;2;8;7;1;0;1;0;0;0;0;0;544605,163700000382960;5445032,594399999827147;9,611759540000037;49,156491598000059;1
93102;08230720216300296820;08;2;16;015;2023;07;13;5;3;5;3;0;0;1;1;0;0;0;0;450594,817999999970198;5405555,793099999427795;8,327209269000036;48,801029275000076;1
93103;08230715121600311390;08;1;25;110;2023;07;10;7;2;0;7;0;0;1;0;0;0;0;0;529639,606999999843538;5440511,933399999514222;9,406181398000058;49,116732420000062;1
93106;08230715121300279350;08;1;21;000;2023;07;18;7;3;5;3;0;0;1;1;0;0;0;0;513075,722500000149012;5445702,694299999624491;9,179360120000069;49,164000599000076;1
93110;08230715118010295120;08;1;18;019;2023;07;22;7;2;0;1;2;1;1;0;0;0;0;0;504554,660500000230968;5404103,118200000375509;9,062010640000040;48,789907872000072;1
93115;08230715111500311660;08;1;11;000;2023;07;17;7;3;6;2;0;0;0;1;1;0;0;0;515798,740899999625981;5403619,796900000423193;9,215076863000036;48,785375954000074;1
93129;08230716426010293510;08;4;25;141;2023;07;01;1;2;0;7;2;1;1;0;0;0;0;0;565778,807599999941885;5362744,507500000298023;9,888953654000034;48,414418766000040;1
93138;08230714317300290740;08;3;17;150;2023;07;16;6;3;8;1;0;0;1;0;0;0;0;0;410591,131099999882281;5357094,915699999779463;7,792969413000037;48,360693197000046;1
93139;08230714317050284560;08;3;17;057;2023;07;17;6;2;5;3;0;0;1;0;0;0;0;0;414179,071999999694526;5379570,902000000700355;7,836785835000057;48,563353937000045;1
93149;08230714311000274470;08;3;11;000;2023;07;14;6;3;2;6;0;0;1;1;0;0;0;0;414604,744300000369549;5317479,824899999424815;7,855106008000064;48,004907664000029;1
93155;08230715317600314370;08;3;17;029;2023;07;23;7;3;9;1;2;1;1;0;0;0;0;0;433679,193599999882281;5348298,451500000432134;8,105998595000074;48,284411898000030;1
93162;08230726316100334720;08;3;16;024;2023;07;14;4;3;5;3;0;0;1;1;0;0;0;0;409422,743499999865890;5334558,937699999660254;7,782025070000032;48,157821459000047;1
93173;08230714212000280650;08;2;12;000;2023;07;22;6;3;0;2;2;0;1;0;0;0;0;1;452983,741499999538064;5428943,327800000086427;8,357045605000053;49,011590075000072;1
93183;08230714121200291610;08;1;21;000;2023;07;21;6;3;0;7;1;0;1;0;0;0;0;0;516231,308000000193715;5444474,852800000458956;9,222595580000075;49,152880454000069;1
93184;08230714119400327230;08;1;19;079;2023;07;10;6;3;5;3;0;0;1;1;0;0;0;0;521306,102800000458956;5412033,121700000017881;9,290487775000031;48,860896074000038;1
93185;08230714118300331670;08;1;18;081;2023;07;12;6;2;9;1;0;0;1;0;0;0;0;0;519740,446899999864399;5413400,780600000172853;9,269207840000036;48,873250960000064;1
93193;08230714116400362200;08;1;16;033;2023;07;06;6;3;5;3;0;0;1;1;0;0;0;0;533902,904000000096858;5388925,702999999746680;9,460324865000075;48,652467936000050;1
93201;08230713437200291480;08;4;37;105;2023;07;15;5;3;2;6;0;0;1;1;0;0;0;0;519509,592000000178814;5323864,603399999439716;9,261881656000071;48,067759302000070;1
93207;08230713415050274930;08;1;16;078;2023;07;18;5;3;1;7;0;0;1;1;0;0;0;0;512274,278099999763072;5392703,567399999126792;9,166771530000062;48,687253187000067;1
93208;08230714436000311120;08;4;35;034;2023;07;17;6;1;0;1;0;0;1;0;0;0;0;0;528537,082000000402331;5285970,139200000092387;9,380550731000028;47,726477072000080;1
93209;08230713415050273380;08;1;16;071;2023;07;16;5;3;5;2;0;0;1;1;0;0;0;0;528013,937699999660254;5391075,361500000581145;9,380513575000066;48,672097929000074;1
93211;08230803436300365930;08;4;36;049;2023;08;10;5;3;5;3;0;0;1;1;0;0;0;0;577992,264899999834597;5283483,614199999719858;10,039529148000042;47,700026459000071;1
93214;08230713335300306820;08;3;35;035;2023;07;18;5;3;5;3;0;0;1;1;0;0;0;0;483757,929999999701977;5289829,347999999299645;8,783261262000053;47,761626963000026;1
93218;08230713335100342210;08;3;35;043;2023;07;20;5;3;8;6;0;0;1;0;0;0;0;0;512247,627600000239909;5279880,667199999094009;9,163156351000055;47,672201026000039;1
93219;08230713335050282840;08;3;17;145;2023;07;10;5;2;5;3;0;0;1;0;0;0;1;0;446505,735399999655783;5348636,502800000831485;8,278841036000074;48,288667078000060;1
93221;08230713326300294410;08;3;26;060;2023;07;09;5;2;5;3;0;0;1;1;0;0;0;0;442828,093399999663234;5331069,606300000101328;8,231634856000028;48,130312921000041;1
93225;08230722118010334300;08;1;18;050;2023;07;11;7;3;5;3;0;0;1;1;0;0;0;0;506371,070899999700487;5415896,897500000894070;9,086924028000055;48,895987014000070;1
93227;08230713317300291600;08;3;17;065;2023;07;14;5;3;5;3;0;0;1;1;0;0;0;0;416769,670900000259280;5354696,783999999985099;7,876837349000027;48,339967094000031;1
93228;08230713317050287880;08;2;16;015;2023;07;23;5;2;3;6;2;0;1;0;0;0;0;0;450928,816599999554455;5403300,146199999377131;8,332026678000034;48,780765439000049;1
93232;08230713311000289360;08;3;16;051;2023;07;17;5;3;5;3;0;0;1;1;0;0;0;0;399827,296000000089407;5335420,730900000780821;7,652829187000066;48,164133377000041;1
93233;08230726311010331160;08;3;15;064;2023;07;11;4;3;5;3;0;1;1;0;0;0;1;0;420936,013700000010431;5315182,987099999561906;7,940396832000033;47,985060663000070;1
93234;08230713311000285330;08;3;16;011;2023;07;07;5;3;2;5;0;0;1;0;0;0;0;1;413046,893699999898672;5331854,932600000873208;7,831299963000049;48,134004722000043;1
93237;08230713237100272270;08;2;37;019;2023;07;22;5;2;1;5;2;0;1;1;0;0;0;0;463299,476300000213087;5368486,993100000545382;8,503493972000058;48,468443922000063;1
93238;08230713235200301180;08;2;35;046;2023;07;23;5;3;0;1;2;0;1;0;0;0;0;0;479854,051900000311434;5375610,396099999547005;8,727106397000057;48,533276408000063;1
93242;08230713225200283080;08;2;25;032;2023;07;11;5;3;5;3;0;0;1;1;0;0;0;0;534753,683799999766052;5495430,163899999111891;9,481057392000025;49,610439423000059;1
93248;08230713216200312470;08;2;16;008;2023;07;06;5;2;1;5;0;0;1;1;0;0;0;0;439253,359699999913573;5393936,422399999573827;8,174492469000029;48,695507300000031;1
93250;08230713212000283240;08;2;12;000;2023;07;14;5;3;3;6;0;0;1;0;0;0;0;0;460129,156000000424683;5427816,873999999836087;8,454865796000036;49,001960489000055;1
93251;08230713212000272330;08;2;15;109;2023;07;07;5;3;0;7;0;0;1;0;0;0;0;0;463034,523199999704957;5434029,332299999892712;8,494021391000047;49,058023744000081;1
93258;08230713128300309230;08;1;28;131;2023;07;16;5;3;1;6;0;0;1;1;0;0;0;0;535327,504399999976158;5509287,324400000274181;9,490251043000058;49,735040707000053;1
93266;08230713121600292290;08;1;25;057;2023;07;18;5;3;6;7;0;0;1;0;1;0;0;0;523726,717000000178814;5441809,164000000804663;9,325228946000038;49,128658015000042;1
93269;08230713121050289450;08;1;26;066;2023;07;14;5;3;5;3;0;0;1;1;0;0;0;0;536693,508399999700487;5449493,401399999856949;9,503663076000066;49,197140382000043;1
93271;08230713119300347570;08;1;19;086;2023;07;17;5;3;0;3;0;0;1;1;0;0;0;0;535173,629200000315905;5405652,929300000891089;9,479004878000069;48,802871304000064;1
93273;08230713118048285950;08;1;15;003;2023;07;11;5;3;6;7;0;0;0;0;1;0;0;1;500787,691599999554455;5392396,857100000604987;9,010701863000065;48,684614197000030;1
93274;08230713118048278130;08;1;15;028;2023;07;19;5;3;5;3;0;0;1;1;0;0;0;0;501531,670099999755621;5403653,280600000172853;9,020851660000062;48,785875951000037;1
93277;08230817311100425150;08;3;15;015;2023;08;12;5;3;5;3;0;0;1;1;0;0;0;0;394610,712500000372529;5320032,931700000539422;7,586494903000073;48,024887539000076;1
93281;08230712436200270380;08;4;35;016;2023;07;14;4;2;0;7;0;1;1;0;0;0;0;0;537038,455000000074506;5278744,130999999120831;9,493301740000049;47,661030335000078;1
93297;08230712317200298020;08;3;17;153;2023;07;16;4;3;5;3;0;0;1;1;0;0;0;0;424754,234000000171363;5392894,062300000339746;7,977678156000025;48,684551500000055;1
93301;08230712311500345420;08;3;15;113;2023;07;18;4;3;5;3;0;0;1;0;0;0;0;1;439598,114799999631941;5308152,411299999803305;8,191460968000058;47,923845846000063;1
93303;08230712311010323680;08;3;11;000;2023;07;16;4;3;5;3;0;0;1;1;0;0;0;0;410132,044999999925494;5315188,524000000208616;7,795633710000061;47,983683719000055;1
93304;08230712311010316060;08;3;11;000;2023;07;08;4;3;0;7;0;1;1;0;0;0;0;0;415114,975999999791384;5315993,032999999821186;7,862239413000054;47,991601323000054;1
93310;08230712225200315980;08;2;25;014;2023;07;08;4;3;5;3;0;0;1;1;0;0;0;0;522777,945000000298023;5485533,633999999612570;9,314720882000074;49,521994315000029;1
93311;08230712225200301560;08;2;25;109;2023;07;18;4;2;3;2;0;0;1;1;0;0;0;0;526903,786799999885261;5494415,269500000402331;9,372333062000052;49,601711509000040;1
93313;08230712222014345390;08;2;22;000;2023;07;20;4;2;5;7;0;0;1;1;0;0;0;1;467009,309500000439584;5481244,595399999991059;8,544532703000073;49,482946507000065;1
93314;08230712221050284730;08;2;21;000;2023;07;07;4;3;5;2;0;0;1;1;0;0;0;0;476563,035699999891222;5472643,629499999806285;8,676936856000054;49,406026863000079;1
93316;08230718311000287450;08;3;11;000;2023;07;17;3;3;0;7;0;0;1;0;0;0;0;0;414580,137699999846518;5318152,131400000303984;7,854642266000042;48,010952025000051;1
93317;08230712221011292960;08;2;21;000;2023;07;17;4;3;4;6;0;0;1;1;0;0;0;0;477309,113099999725819;5469617,334899999201298;8,687393669000073;49,378834019000067;1
93318;08230712216100298420;08;2;16;052;2023;07;07;4;3;5;3;0;0;1;1;0;0;0;0;441277,764000000432134;5416696,480000000447035;8,198745738000071;48,900429115000065;1
93321;08230712215302302230;08;2;15;007;2023;07;08;4;3;5;2;0;0;1;1;0;0;0;0;478295,585900000296533;5431363,067800000309944;8,703051696000045;49,034766299000069;1
93324;08230712436200284470;08;4;36;081;2023;07;07;4;3;5;3;0;1;1;1;0;0;0;0;562957,201200000010431;5281453,166899999603629;9,838864330000035;47,683399481000038;1
93325;08230712212010312350;08;2;12;000;2023;07;12;4;3;5;2;0;0;1;1;0;0;0;0;461708,802600000053644;5427244,906899999827147;8,476516476000029;48,996915523000041;1
93327;08230712212000311790;08;2;12;000;2023;07;13;4;3;5;3;0;0;1;1;0;0;0;0;455226,922000000253320;5429040,610999999567866;8,387708823000025;49,012631991000035;1
93328;08230712212000284350;08;2;15;096;2023;07;21;4;2;5;3;1;0;1;1;0;0;0;0;463805,186999999918044;5417918,661599999293685;8,506004313000062;48,913149136000072;1
93331;08230712212000270450;08;2;12;000;2023;07;18;4;3;0;6;0;0;1;0;0;0;0;1;455708,345900000073016;5427889,191999999806285;8,394417731000033;49,002309606000040;1
93333;08230712136100284720;08;1;36;088;2023;07;07;4;2;5;3;0;0;1;1;0;0;0;0;580221,433400000445545;5409597,980799999088049;10,093166723000024;48,834172886000033;1
93336;08230813311010389260;08;3;11;000;2023;08;11;1;3;0;7;0;0;0;0;1;0;0;1;417182,945899999700487;5315624,167700000107288;7,890023258000042;47,988554365000027;1
93338;08230712136050284270;08;1;27;014;2023;07;19;4;3;5;3;0;0;1;1;0;0;0;0;577294,985999999567866;5443737,445000000298023;10,059788288000050;49,141597984000043;1
93342;08230712136050272540;08;1;19;020;2023;07;12;4;3;1;5;0;0;1;1;0;0;0;0;519760,668300000019372;5405666,623299999162555;9,269110643000033;48,803675613000053;1
93351;08230712118100272320;08;1;18;071;2023;07;17;4;3;6;4;0;0;0;1;1;0;0;0;510134,461099999956787;5418763,200300000607967;9,138341068000045;48,921721377000040;1
93353;08230814436500443960;08;4;36;010;2023;08;18;2;2;2;6;0;0;1;0;0;0;0;0;575591,536500000394881;5310256,212899999693036;10,012207331000070;47,941160029000059;1
93355;08230712118010345280;08;1;15;003;2023;07;12;4;3;6;7;0;0;1;0;1;0;0;0;502878,892099999822676;5390616,820100000128150;9,039101271000050;48,668594624000036;1
93359;08230712117400324220;08;1;17;003;2023;07;06;4;3;5;3;0;0;1;1;0;0;0;0;541723,956000000238419;5393513,963999999687076;9,566975109000055;48,693269202000067;1
93366;08230711436300266820;08;4;36;081;2023;07;17;3;3;0;1;0;0;1;0;0;0;0;0;561883,489900000393391;5281316,775900000706315;9,824540020000029;47,682276099000035;1
93367;08230814436300424780;08;4;36;081;2023;08;21;2;3;8;1;2;0;1;0;0;0;0;0;562584,338000000454485;5282179,111999999731779;9,834000823000054;47,689966822000031;1
93368;08230711436300264390;08;4;36;049;2023;07;06;3;3;5;3;0;0;1;1;0;0;0;0;581374,148500000126660;5281331,773800000548363;10,084195497000053;47,680251208000072;1
93369;08230801216100364960;08;2;16;022;2023;08;13;3;2;2;6;0;0;1;0;0;0;0;0;434976,406399999745190;5405457,008400000631809;8,114559589000066;48,798703203000059;1
93370;08230728216100343170;08;2;16;043;2023;07;17;6;3;5;2;0;0;1;1;0;0;0;0;442519,779299999587238;5412565,451799999922514;8,216271971000026;48,863387183000043;1
93376;08230711421000281000;08;4;21;000;2023;07;09;3;3;3;2;0;0;1;1;0;0;0;0;571418,344800000078976;5361239,821000000461936;9,964901072000032;48,400269714000046;1
93377;08230807311010381820;08;3;11;000;2023;08;20;2;2;4;6;0;0;1;1;0;0;0;0;412252,829300000332296;5318677,110799999907613;7,823335682000049;48,015359021000052;1
93380;08230711421000280260;08;1;35;021;2023;07;08;3;3;5;3;0;0;1;1;0;0;0;0;592393,635599999688566;5383733,570499999448657;10,253204367000023;48,599859135000031;1
93381;08230720317100314170;08;3;17;001;2023;07;08;5;3;5;3;0;0;1;1;0;0;0;0;432190,163700000382960;5386649,074400000274181;8,079714698000032;48,629230054000061;1
93382;08230711421000269380;08;4;26;074;2023;07;17;3;3;5;3;0;0;1;1;0;0;0;0;556649,502399999648333;5323868,534399999305606;9,760388986000066;48,065577080000025;1
93384;08230723317100325480;08;3;17;056;2023;07;11;1;2;0;1;0;0;1;0;0;0;0;0;433591,718999999575317;5382756,579900000244379;8,099356490000048;48,594367036000051;1
93397;08230801211100365270;08;2;11;000;2023;08;16;3;3;5;3;0;0;1;1;0;0;0;0;445448,852400000207126;5398801,230599999427795;8,258034110000040;48,739840197000035;1
93400;08230803426010370850;08;4;26;038;2023;08;19;5;3;0;1;0;0;1;0;0;0;0;0;566455,017900000326335;5316293,244599999859929;9,890814789000046;47,996483096000077;1
93402;08230715231000312890;08;2;31;000;2023;07;22;7;2;6;2;2;1;0;1;1;0;0;0;478136,670599999837577;5416068,487400000914931;8,701699311000027;48,897177560000046;1
93405;08230711316100265310;08;3;16;049;2023;07;21;3;2;1;5;2;1;1;1;0;0;0;0;401338,806200000457466;5339170,110999999567866;7,672280279000063;48,198093532000030;1
93407;08230711311010296800;08;3;11;000;2023;07;19;3;3;5;3;0;0;1;1;0;0;0;0;413415,580000000074506;5317239,611999999731779;7,839214738000067;48,002586884000038;1
93418;08230917336200523310;08;3;36;069;2023;09;17;1;3;5;3;0;0;1;1;0;0;0;0;408971,423999999649823;5268173,130000000819564;7,789935919000072;47,560591653000074;1
93419;08230917335100493230;08;3;35;066;2023;09;14;1;3;0;1;0;0;1;0;0;0;0;0;506128,807799999602139;5281669,415200000628829;9,081669945000044;47,688382563000062;1
93421;08230917326300493090;08;3;26;052;2023;09;12;1;3;0;1;0;0;1;0;0;0;0;0;450723,386300000362098;5330508,226900000125170;8,337801091000074;48,125922913000068;1
93423;08230917325000527020;08;3;25;014;2023;09;11;1;2;5;3;0;0;1;1;0;0;0;0;462154,713000000454485;5344099,694000000134110;8,490201351000053;48,248981466000032;1
93425;08230917317500528200;08;3;17;034;2023;09;16;1;3;0;1;0;0;1;0;0;0;0;0;425726,032200000248849;5363996,533800000324845;7,996035839000058;48,424736791000043;1
93426;08230917317100524120;08;3;17;118;2023;09;16;1;3;5;3;0;0;1;1;0;0;0;0;434543,054999999701977;5385699,078800000250340;8,111793005000038;48,620935434000046;1
93429;08230917311010519580;08;3;15;131;2023;09;11;1;3;4;6;0;0;1;0;0;0;0;0;404138,202999999746680;5309358,247600000351667;7,716627014000039;47,930370225000047;1
93436;08230917222500556940;08;2;22;000;2023;09;18;1;3;4;6;0;0;1;0;0;0;0;0;465855,042899999767542;5475494,694599999114871;8,529093325000076;49,431164628000033;1
93440;08230917216300487260;08;2;16;017;2023;09;02;1;3;0;7;2;0;1;0;0;0;0;0;452197,284599999897182;5400487,780400000512600;8,349619112000028;48,755565857000079;1
93441;08230917215402507310;08;2;15;009;2023;09;10;1;3;0;7;0;0;1;0;0;0;0;0;470713,363900000229478;5441656,257699999958277;8,598572520000062;49,127042768000081;1
93445;08230917212010489740;08;2;12;000;2023;09;10;1;3;2;6;0;0;1;1;0;0;0;0;458901,905299999751151;5428212,679099999368191;8,438046981000070;49,005440332000035;1
93455;08230917118010506520;08;1;15;021;2023;09;11;1;2;4;6;0;0;1;0;0;0;0;0;487221,030299999751151;5387148,689699999988079;8,826542778000032;48,637270794000074;1
93457;08230917111500489260;08;1;11;000;2023;09;11;1;3;6;4;0;0;1;0;1;0;0;0;516648,728699999861419;5407525,853099999949336;9,226806504000024;48,820492096000066;1
93459;08230916436300504890;08;4;36;001;2023;09;15;7;2;4;6;0;0;1;0;0;0;0;0;554133,514499999582767;5273467,376000000163913;9,720316171000036;47,612350358000072;1
93460;08230916436300490100;08;4;36;081;2023;09;13;7;2;2;6;0;0;1;1;0;0;0;0;556522,679299999959767;5277379,051500000059605;9,752609428000028;47,647339664000071;1
93462;08230916435100496610;08;4;35;057;2023;09;11;7;2;5;2;0;0;1;1;0;0;0;0;541292,966799999587238;5279812,225099999457598;9,550064439000039;47,670382686000039;1
93463;08230916435100489480;08;4;35;016;2023;09;15;7;3;0;1;0;0;1;0;0;0;0;0;537783,958399999886751;5277347,155500000342727;9,503109688000052;47,648418092000043;1
93466;08230916336300554650;08;3;36;103;2023;09;20;7;3;0;1;2;0;1;0;0;0;0;0;414935,438799999654293;5285051,819199999794364;7,865919166000026;47,713241278000055;1
93473;08230916317000494710;08;3;17;057;2023;09;23;7;1;0;7;2;0;1;0;0;0;0;0;419199,196000000461936;5384537,301000000908971;7,903849329000025;48,608692040000051;1
93474;08230916316100505280;08;3;16;011;2023;09;15;7;3;3;3;0;0;1;1;0;0;0;0;415645,218500000424683;5330597,328199999406934;7,866464747000066;48,123042070000054;1
93475;08230916311010519990;08;3;15;003;2023;09;19;7;2;0;1;1;0;1;0;0;0;0;0;412722,070199999958277;5312627,947599999606609;7,830856464000021;47,961009083000079;1
93476;08230916237200515470;08;2;37;040;2023;09;12;7;2;0;7;0;0;1;0;0;0;0;0;478397,934399999678135;5369778,495200000703335;8,707684223000058;48,480762594000055;1
93481;08230916221300522500;08;2;21;000;2023;09;15;7;3;6;4;0;0;1;0;1;0;0;0;477375,071299999952316;5474647,820000000298023;8,688015813000050;49,424084954000080;1
93483;08230916216100518710;08;2;16;022;2023;09;22;7;3;6;7;2;0;0;0;1;0;0;1;434843,236399999819696;5405373,773299999535084;8,112759616000062;48,797940572000073;1
93486;08230916212010576970;08;2;15;109;2023;09;13;7;3;5;3;0;0;1;1;0;0;0;0;463193,236999999731779;5434037,690400000661612;8,496192997000037;49,058108430000061;1
93503;08230916111110517350;08;1;11;000;2023;09;19;7;2;6;4;2;0;0;1;1;0;0;0;512472,045199999585748;5402319,008899999782443;9,169749516000024;48,773749775000056;1
93506;08230915435100485260;08;4;35;016;2023;09;17;6;3;4;6;0;0;1;0;0;0;0;0;535820,790099999867380;5281505,788399999961257;9,477311228000076;47,685946620000038;1
93510;08230915336300557640;08;3;36;103;2023;09;16;6;3;5;3;0;0;1;1;0;0;0;0;415157,587700000032783;5285097,520300000905991;7,868871361000060;47,713681628000074;1
93511;08230915335200510850;08;3;35;063;2023;09;07;6;3;0;7;0;0;1;0;0;0;0;0;496845,372800000011921;5287849,931199999526143;8,957917981000037;47,744013934000066;1
93525;08230915222014490840;08;2;22;000;2023;09;21;6;1;6;4;2;0;0;1;1;0;0;0;463596,924700000323355;5483486,781199999153614;8,497216831000060;49,502918763000082;1
93527;08230915216200486620;08;2;16;008;2023;09;14;6;3;5;3;0;0;1;1;0;0;0;0;440456,758700000122190;5392598,426300000399351;8,191036990000043;48,683587758000044;1