OID_;UIDENTSTLAE;ULAND;UREGBEZ;UKREIS;UGEMEINDE;UJAHR;UMONAT;USTUNDE;UWOCHENTAG;UKATEGORIE;UART;UTYP1;ULICHTVERH;IstStrassenzustand;IstRad;IstPKW;IstFuss;IstKrad;IstGkfz;IstSonstige;LINREFX;LINREFY;XGCSWGS84;YGCSWGS84;PLST
93533;08230915212010504380;08;2;12;000;2023;09;16;6;3;5;3;0;0;1;1;0;0;0;0;453013,497299999929965;5430407,825699999928474;8,357282900000030;49,024765532000060;1
93543;08230915119300514230;08;1;19;067;2023;09;12;6;3;6;4;0;0;0;1;1;0;0;0;538807,900899999774992;5406690,154400000348687;9,528593427000033;48,811985415000038;1
93546;08230915118600503290;08;1;18;073;2023;09;18;6;3;0;1;0;0;1;0;0;0;0;0;497805,903300000354648;5417822,358500000089407;8,970054368000035;48,913336882000067;1
93547;08230915118500509090;08;1;18;001;2023;09;11;6;3;5;5;0;0;1;1;0;0;0;0;523862,773000000044703;5418941,107499999925494;9,325748362000070;48,922944746000042;1
93555;08230915111240500100;08;1;11;000;2023;09;10;6;3;6;2;0;0;0;0;1;0;0;1;508302,536700000055134;5397427,339700000360608;9,112902346000055;48,729813986000067;1
93556;08230915111110482910;08;1;11;000;2023;09;06;6;3;0;7;1;0;1;0;0;0;0;0;513348,892300000414252;5402462,542099999263883;9,181688353000027;48,775022794000051;1
93557;08230914436400515810;08;4;36;009;2023;09;17;5;3;0;7;0;0;1;0;0;0;0;0;555971,130199999548495;5307265,448200000450015;9,749119232000055;47,916268483000067;1
93558;08230914435200501680;08;4;35;052;2023;09;14;5;3;5;3;0;0;1;0;0;0;0;0;521515,395100000314415;5290405,701500000432134;9,287135203000048;47,766658221000057;1
93560;08230914426100495530;08;4;26;021;2023;09;18;5;3;0;1;1;0;1;0;0;0;0;0;559200,880199999548495;5326256,144999999552965;9,794962840000039;48,086824782000065;1
93562;08230914425000515930;08;4;25;020;2023;09;16;5;3;0;1;0;0;1;0;0;0;0;0;557663,978099999949336;5362606,568600000813603;9,779279856000073;48,413972846000036;1
93566;08230914416100497060;08;4;16;036;2023;09;05;5;2;0;6;2;0;1;0;0;0;0;0;495269,054200000129640;5371140,411900000646710;8,935965745000033;48,493368347000057;1
93570;08230914325202498820;08;3;25;049;2023;09;17;5;3;1;5;0;0;1;1;0;0;0;0;472315,900100000202656;5334941,354000000283122;8,627672773000029;48,167112284000041;1
93573;08230914317100500530;08;3;17;001;2023;09;16;5;3;5;3;0;0;1;1;0;0;0;0;432426,526700000278652;5385573,349500000476837;8,083097390000034;48,619579438000073;1
93582;08230914225200513850;08;2;25;001;2023;09;18;5;3;3;2;0;0;1;1;0;0;0;0;528336,197200000286102;5472368,896900000050664;9,390574738000055;49,403347306000057;1
93585;08230914221300509310;08;2;21;000;2023;09;07;5;2;4;6;0;0;1;0;0;0;0;0;478979,625300000421703;5473671,254100000485778;8,710193072000038;49,415358471000047;1
93589;08230914215402510860;08;2;15;009;2023;09;07;5;3;4;6;0;0;1;0;0;0;0;0;465840,819699999876320;5437942,335500000044703;8,532101732000058;49,093383984000070;1
93594;08230914212010505710;08;2;12;000;2023;09;09;5;3;5;3;0;0;1;0;0;0;1;0;449917,920699999667704;5431851,544099999591708;8,314763996000067;49,037508070000058;1
93595;08230914212010492340;08;2;15;109;2023;09;13;5;2;5;3;0;0;1;0;0;0;0;1;460340,688900000415742;5436915,083300000056624;8,456867327000055;49,083813831000043;1
93597;08230914212010491360;08;2;12;000;2023;09;07;5;3;5;3;0;0;1;0;0;1;0;0;452077,152599999681115;5427783,497400000691414;8,344785605000027;49,001087635000033;1
93611;08230914116200515790;08;1;16;077;2023;09;16;5;3;5;3;0;0;1;1;0;0;0;0;517287,868700000457466;5391154,000099999830127;9,234826241000064;48,673194468000077;1
93637;08230913212402497490;08;2;12;000;2023;09;15;4;3;5;2;0;0;1;1;0;0;0;0;456377,848000000230968;5425945,316999999806285;8,403779751000059;48,984871860000055;1
93641;08230913127100477290;08;1;27;079;2023;09;12;4;3;0;7;0;0;1;0;0;0;0;0;560390,400999999605119;5424229,801300000399351;9,825129686000025;48,968029353000077;1
93643;08230913121500479390;08;1;25;063;2023;09;17;4;2;8;1;0;0;1;0;0;0;0;0;525950,184000000357628;5463368,826999999582767;9,357100878000040;49,322499232000041;1
93644;08230913121300492850;08;1;21;000;2023;09;22;4;3;0;7;2;0;1;0;0;0;0;0;514257,039800000376999;5443255,606000000610948;9,195477563000054;49,141961941000034;1
93645;08230913121200549320;08;1;21;000;2023;09;18;4;3;0;7;0;0;1;0;0;0;0;0;516994,863300000317395;5445713,606799999251962;9,233119152000029;49,164002750000066;1
93649;08230913118100494080;08;1;18;079;2023;09;06;4;3;5;2;0;0;1;1;0;0;0;0;508961,294300000183284;5423283,149800000712276;9,122426136000058;48,962399524000034;1
93651;08230913118010549330;08;1;18;046;2023;09;17;4;2;0;2;0;0;1;1;0;0;0;0;514860,350899999961257;5412682,755000000819564;9,202630573000022;48,866927940000039;1
93652;08230913118010510320;08;1;18;048;2023;09;23;4;3;6;4;2;0;0;1;1;0;0;0;515651,812199999578297;5415123,134600000455976;9,213516001000073;48,888861503000044;1
93659;08230912436400496560;08;4;36;012;2023;09;18;3;3;0;1;0;0;1;0;0;0;0;0;549252,289900000207126;5298944,281600000336766;9,658251621000034;47,841956139000047;1
93660;08230912436300473680;08;4;36;081;2023;09;08;3;3;5;3;0;0;1;1;0;0;0;0;562312,918200000189245;5282492,760700000450015;9,830429066000022;47,692814864000070;1
93661;08230912435100494110;08;4;35;016;2023;09;17;3;3;0;1;0;1;1;0;0;0;0;0;536263,658800000324845;5278832,268400000408292;9,482990207000057;47,661867245000053;1
93662;08230912435100476240;08;4;35;057;2023;09;15;3;3;0;1;0;0;1;0;0;0;0;0;543369,939899999648333;5280420,894700000062585;9,577790871000047;47,675723065000057;1
93669;08230912335200498580;08;3;35;055;2023;09;13;3;3;1;5;0;0;1;0;0;0;0;1;496006,243900000117719;5284148,858300000429153;8,946758142000022;47,710708463000060;1
93670;08230912335200473920;08;3;35;063;2023;09;10;3;3;5;3;0;0;1;1;0;0;0;0;496960,835099999792874;5287941,051999999210238;8,959457585000052;47,744834356000069;1
93675;08230912325102546710;08;3;25;045;2023;09;07;3;3;5;3;0;0;1;1;0;0;0;0;468772,497999999672174;5349147,265000000596046;8,578971225000032;48,294752686000038;1
93681;08230912311010502500;08;3;15;131;2023;09;20;3;3;0;7;2;0;1;0;0;0;0;0;404009,759300000034273;5309505,291200000792742;7,714875115000041;47,931673659000069;1
93683;08230912235100518780;08;2;35;008;2023;09;23;3;3;0;7;2;0;1;0;0;0;0;0;480285,251799999736249;5402302,129899999126792;8,731676135000043;48,773410596000076;1
93692;08230912216200481770;08;3;17;116;2023;09;11;3;3;0;7;0;0;1;0;0;0;0;0;431476,889800000004470;5395731,821000000461936;8,068531034000046;48,710851118000051;1
93700;08230912121400490570;08;1;25;013;2023;09;18;3;3;3;2;0;0;1;1;0;0;0;0;506432,985600000247359;5434846,419800000265241;9,088068596000028;49,066449367000075;1
93704;08230912119101473550;08;1;19;044;2023;09;07;3;3;0;1;0;0;1;0;0;0;0;0;549439,291000000201166;5421794,662000000476837;9,675218194000024;48,947098280000034;1
93713;08230911437000474060;08;4;37;065;2023;09;15;2;3;6;4;0;0;0;0;1;0;1;0;518497,632399999536574;5318392,012900000438094;9,248061518000043;48,018552370000066;1
93714;08230911436300507400;08;4;36;081;2023;09;17;2;2;0;1;0;0;1;0;0;0;0;0;562656,958899999968708;5285048,719100000336766;9,835380851000025;47,715776773000073;1
93717;08230911435100502220;08;4;35;016;2023;09;13;2;3;5;2;0;1;1;1;0;0;0;0;537382,669800000265241;5278853,980900000780821;9,497895432000064;47,661998895000067;1
93725;08230911415400472560;08;4;15;061;2023;09;08;2;3;5;2;0;0;1;1;0;0;0;0;514921,884700000286102;5371040,723400000482798;9,201966411000058;48,492312135000077;1
93730;08230911335400471760;08;3;35;079;2023;09;05;2;3;9;1;2;0;1;0;0;0;0;0;502984,866100000217557;5300134,291300000622869;9,039901986000075;47,854543287000070;1
93731;08230911335200505120;08;3;35;055;2023;09;13;2;3;5;2;0;0;1;1;0;0;0;0;495065,773900000378489;5285962,498999999836087;8,934199943000067;47,727020419000041;1
93736;08230911317500472940;08;3;17;096;2023;09;18;2;2;8;1;0;0;1;0;0;0;0;0;424552,073499999940395;5368439,238900000229478;7,979369542000029;48,464559660000077;1
93748;08230911226500520250;08;2;26;085;2023;09;22;2;2;6;4;2;0;0;1;1;0;0;0;493320,716199999675155;5454211,986899999901652;8,908238354000048;49,240647080000031;1
93749;08230911226400503230;08;2;26;037;2023;09;08;2;3;5;3;0;0;1;1;0;0;0;0;466374,939799999818206;5468875,821100000292063;8,536823476000052;49,371658863000050;1
93750;08230911225200503400;08;2;25;014;2023;09;10;2;3;5;3;0;0;1;1;0;0;0;0;523693,899000000208616;5485540,846000000834465;9,327376759000060;49,522024069000054;1
93751;08230911216300498980;08;2;16;017;2023;09;11;2;3;0;1;0;0;1;0;0;0;0;0;452289,126299999654293;5398015,001199999824166;8,351154998000027;48,733329166000033;1
93752;08230911215302475090;08;2;15;089;2023;09;12;2;2;0;7;0;0;1;0;0;0;0;0;469028,210799999535084;5430573,962799999862909;8,576323742000056;49,027272148000065;1
93754;08230911212010501140;08;2;15;021;2023;09;05;2;3;6;7;2;0;0;1;1;0;0;0;468548,117600000463426;5445621,618200000375509;8,568585127000063;49,162604718000068;1
93758;08230911127202566960;08;1;27;046;2023;09;13;2;3;9;1;0;0;1;0;0;0;0;0;573518,632100000046194;5450322,590800000354648;10,009222805000036;49,201288065000028;1
93770;08230910435100494350;08;4;35;035;2023;09;13;1;3;3;6;0;0;1;0;0;0;0;0;539639,404299999587238;5280234,444900000467896;9,528076609000038;47,674285015000066;1
93771;08230916111500554560;08;1;11;000;2023;09;12;7;3;4;2;0;0;1;1;0;0;0;0;512140,825000000186265;5408464,270999999716878;9,165423195000074;48,829038431000072;1
93772;08230910426200492370;08;4;26;108;2023;09;03;1;2;9;1;2;0;1;0;0;0;0;0;570884,118999999947846;5338933,271999999880791;9,953938240000070;48,199672300000032;1
93773;08230910426010485220;08;4;26;071;2023;09;13;1;2;4;6;0;0;1;0;0;0;0;0;566674,454300000332296;5333188,090099999681115;9,896391862000030;48,148445839000033;1
93775;08230910421300486970;08;4;21;000;2023;09;19;1;3;5;3;0;0;1;1;0;0;0;0;570804,039800000376999;5361357,659299999475479;9,956622560000028;48,401399002000062;1
93777;08230910421200484190;08;4;21;000;2023;09;19;1;3;4;6;1;0;1;0;0;0;0;0;574484,342400000430644;5362584,624700000509620;10,006556570000043;48,412011629000062;1
93786;08230910326300513690;08;3;26;017;2023;09;08;1;3;1;5;0;0;1;1;0;0;0;0;440802,197900000028312;5322309,080700000748038;8,205625159000022;48,051316440000051;1
93791;08230910317010496210;08;3;17;057;2023;09;17;1;2;6;4;0;0;0;0;1;1;0;0;413246,111100000329316;5374710,484099999070168;7,825155542000061;48,519508765000069;1
93792;08230910311010541820;08;3;11;000;2023;09;13;1;3;0;1;0;0;1;0;0;0;0;0;411913,334599999710917;5318972,396600000560284;7,818723477000049;48,017968475000032;1
93793;08230915337010514020;08;3;37;045;2023;09;10;6;3;4;6;0;0;1;1;0;0;0;0;438558,015999999828637;5289361,434299999848008;8,180207388000042;47,754693674000066;1
93794;08230912118500490740;08;1;18;021;2023;09;12;3;3;3;6;0;0;1;1;0;0;0;0;518831,794400000013411;5430343,244799999520183;9,257599725000034;49,025686940000071;1
93802;08230910216100480750;08;2;16;043;2023;09;20;1;3;5;7;2;0;1;0;0;0;0;0;439535,990299999713898;5415565,845000000670552;8,175149437000073;48,890091662000032;1
93806;08230910211100480830;08;2;11;000;2023;09;11;1;2;8;1;0;0;1;0;0;0;0;0;441082,984299999661744;5404814,716099999845028;8,197797359000049;48,793534489000081;1
93810;08230910135010486680;08;1;35;026;2023;09;17;1;2;0;1;0;0;1;0;0;0;0;0;592630,742200000211596;5394631,877100000157952;10,258857456000044;48,697843438000064;1
93811;08230910127202516390;08;1;27;075;2023;09;19;1;3;5;3;1;0;1;1;0;0;0;0;570490,788200000301003;5466047,756400000303984;9,970435206000047;49,343074343000069;1
93812;08230910127202497890;08;1;27;075;2023;09;20;1;2;0;1;2;0;1;0;0;0;0;0;570527,197599999606609;5466020,455499999225140;9,970931541000027;49,342824595000081;1
93816;08230910118500496050;08;1;18;006;2023;09;13;1;3;3;6;0;0;1;1;0;0;0;0;517793,071800000034273;5421855,682800000533462;9,243019619000052;48,949367452000047;1
93818;08230910118500470110;08;1;18;060;2023;09;13;1;3;4;6;0;0;1;0;0;0;0;0;523516,595999999903142;5430349,774000000208616;9,321682455000030;49,025584829000081;1
93819;08230910118100484590;08;1;18;079;2023;09;08;1;3;0;6;0;0;1;0;0;0;0;0;507608,011400000192225;5421811,398399999365211;9,103910581000036;48,949178271000051;1
93822;08230910117300470530;08;1;17;026;2023;09;14;1;3;5;3;0;0;1;1;0;0;0;0;546892,902200000360608;5395177,355599999427795;9,637399087000063;48,707865231000028;1
93825;08230910116400515600;08;1;16;054;2023;09;13;1;2;5;2;0;0;1;1;0;0;0;0;532994,347500000149012;5381377,021900000050664;9,447388628000056;48,584609091000061;1
93829;08230909435100477500;08;4;35;016;2023;09;11;7;2;5;3;0;0;1;1;0;0;0;0;532373,281100000254810;5279028,561200000345707;9,431191001000059;47,663839799000073;1
93830;08230909426300488580;08;4;26;062;2023;09;05;7;3;0;1;2;1;1;0;0;0;0;0;553191,966000000014901;5320839,292700000107288;9,713606743000071;48,038622529000065;1
93831;08230909426100469940;08;4;26;071;2023;09;18;7;3;8;1;0;0;1;0;0;0;0;0;564215,177099999971688;5329735,179400000721216;9,862811980000060;48,117636691000030;1
93842;08230909335300466840;08;3;35;075;2023;09;09;7;3;5;2;0;0;1;0;0;0;1;0;487799,389200000092387;5289243,811400000005960;8,837207801000034;47,756447749000074;1
93844;08230913311010494910;08;3;36;050;2023;09;16;4;3;3;2;0;0;1;1;0;0;0;0;399238,318400000222027;5275161,478099999949336;7,658980981000070;47,622016602000031;1
93846;08230909335200497990;08;3;35;063;2023;09;18;7;3;5;3;0;0;1;1;0;0;0;0;496086,958800000138581;5287273,892799999564886;8,947806093000054;47,738826821000032;1
93855;08230909317100482790;08;3;17;098;2023;09;13;7;2;0;7;0;0;1;0;0;0;0;0;438044,719200000166893;5364327,860400000587106;8,162478694000072;48,429049489000079;1
93861;08230909311300541800;08;3;15;056;2023;09;14;7;2;8;1;0;0;1;0;0;0;0;0;415050,592000000178814;5310070,563999999314547;7,862547020000022;47,938317409000035;1
93864;08230909311010469240;08;3;15;109;2023;09;17;7;3;4;6;0;0;1;0;0;0;0;0;421508,220999999903142;5315057,133999999612570;7,948087126000075;47,983999005000044;1
93867;08230909222014477580;08;2;26;096;2023;09;15;7;3;5;3;0;0;1;0;0;0;0;1;476406,015899999998510;5489173,868599999696016;8,673786289000077;49,554705654000031;1
93868;08230909221200539030;08;2;21;000;2023;09;13;7;3;5;2;0;0;1;1;0;0;0;0;477661,824099999852479;5473207,222699999809265;8,692050989000052;49,411137623000059;1
93876;08230909212010567600;08;2;15;066;2023;09;10;7;2;5;3;0;0;1;1;0;0;0;0;459448,267300000414252;5454473,829399999231100;8,442877263000071;49,241695499000059;1
93880;08230909211000480950;08;2;16;009;2023;09;21;7;1;0;1;2;0;1;0;0;0;0;0;446183,974000000394881;5420383,688799999654293;8,265197732000047;48,934041248000028;1
93882;08230909135200492050;08;1;35;019;2023;09;20;7;3;0;1;2;0;1;0;0;0;0;0;584588,932300000451505;5392444,169900000095367;10,149144941000031;48,679308764000041;1
93883;08230909127100481060;08;1;27;052;2023;09;11;7;2;0;1;0;0;1;0;0;0;0;0;543909,730600000359118;5437139,621099999174476;9,601363189000040;49,085544989000027;1
93884;08230909127100467950;08;1;27;023;2023;09;20;7;3;0;7;2;0;1;0;0;0;0;0;550778,299200000241399;5426152,761499999091029;9,694048198000075;48,986190930000078;1
93887;08230909121200467810;08;1;21;000;2023;09;20;7;3;6;2;1;0;0;1;1;0;0;0;515253,547299999743700;5442857,544900000095367;9,209125470000060;49,138357308000082;1
93895;08230909118100477280;08;1;18;079;2023;09;19;7;3;2;4;0;0;0;1;1;1;0;0;509648,224799999967217;5421571,238900000229478;9,131770154000037;48,946989408000036;1
93896;08230909116500494330;08;1;16;042;2023;09;09;7;3;9;1;0;0;1;0;0;0;0;0;518099,578200000338256;5381455,229199999943376;9,245428336000032;48,585920209000051;1
93898;08230909115300495850;08;1;15;050;2023;09;16;7;3;8;7;0;0;1;0;0;0;0;0;487551,313000000081956;5404229,060499999672174;8,830510551000032;48,790932911000027;1
93901;08230909311010467220;08;3;15;056;2023;09;14;7;2;4;2;0;0;1;1;0;0;0;1;415226,473399999551475;5309932,603000000119209;7,864928720000023;47,937099676000059;1
93904;08230908436500488440;08;4;36;055;2023;09;19;6;3;6;1;0;0;0;0;1;1;0;0;576391,657300000078976;5297026,390300000086427;10,020579062000024;47,822050403000048;1
93905;08230908436400477380;08;4;36;008;2023;09;17;6;3;0;7;0;0;1;0;0;0;0;0;547923,941800000146031;5310541,314300000667572;9,641787571000066;47,946392617000072;1
93914;08230908335400499440;08;3;35;079;2023;09;19;6;3;0;1;0;0;1;0;0;0;0;0;503075,456000000238419;5300151,448000000789762;9,041113123000059;47,854697226000042;1
93922;08230908311010492180;08;3;11;000;2023;09;13;6;3;0;2;0;0;1;1;0;0;0;0;414579,700500000268221;5318083,404100000858307;7,854650096000057;48,010333739000032;1
93939;08230911226300484060;08;2;26;056;2023;09;08;2;3;5;2;0;0;1;1;0;0;0;0;485334,049999999813735;5471652,486999999731779;8,797875089000058;49,397386191000066;1
93940;08230908212010464580;08;2;12;000;2023;09;07;6;3;3;2;0;0;1;0;0;0;0;1;455887,376400000415742;5430219,269600000232458;8,396612152000046;49,023281702000077;1
93948;08230908121400481710;08;1;25;061;2023;09;14;6;2;5;2;0;0;1;1;0;0;0;0;502468,220499999821186;5447557,623800000175834;9,033868127000062;49,180820655000048;1
93949;08230908121200506170;08;1;21;000;2023;09;07;6;3;0;7;0;0;1;0;0;0;0;0;515938,383100000210106;5444999,098500000312924;9,218599200000028;49,157603880000067;1
93957;08230913415100491970;08;4;15;093;2023;09;15;4;3;0;1;0;0;1;0;0;0;0;0;529231,719999999739230;5370228,118000000715256;9,395588293000060;48,484498997000060;1
93961;08230908115400466030;08;1;15;001;2023;09;21;6;3;0;7;2;0;1;0;0;0;0;0;491488,058299999684095;5391625,851800000295043;8,884369677000052;48,677620611000066;1
93963;08230908111340471020;08;1;11;000;2023;09;20;6;3;5;2;1;0;1;1;0;0;0;0;513031,025999999605119;5406989,653000000864267;9,177505600000075;48,815754944000048;1
93968;08230907435100478060;08;4;35;016;2023;09;08;5;3;5;3;0;0;1;1;0;0;0;0;532346,936800000257790;5279043,901799999177456;9,430841258000044;47,663979143000063;1
93970;08230907426010465860;08;4;25;064;2023;09;14;5;1;5;3;0;0;1;0;0;1;0;0;569580,374099999666214;5350377,920199999585748;9,938276935000033;48,302767861000063;1
93974;08230907416200490360;08;4;16;022;2023;09;14;5;2;2;6;0;0;1;0;0;0;0;0;510674,791400000452995;5374507,560599999502301;9,144571288000066;48,523587557000042;1
93977;08230907336300476530;08;3;36;004;2023;09;15;5;3;9;1;0;0;1;0;0;0;0;0;415000,631299999542534;5296607,950799999758601;7,864527685000041;47,817206411000029;1
93980;08230907335200489720;08;3;35;063;2023;09;17;5;3;4;6;0;0;1;1;0;0;0;0;498773,963299999944866;5290681,689600000157952;8,983636957000044;47,769499428000074;1
93982;08230907335000496370;08;3;35;043;2023;09;11;5;2;6;2;0;0;0;1;1;0;0;0;512981,291199999861419;5284264,131699999794364;9,173060218000046;47,711627510000028;1
93984;08230907326100493960;08;3;26;006;2023;09;15;5;3;5;3;0;0;1;1;0;0;0;0;458933,105999999679625;5308382,907999999821186;8,450241761000029;47,927450125000064;1
93987;08230907311500533580;08;3;15;052;2023;09;11;5;2;6;3;0;0;0;0;1;0;1;0;434213,093999999575317;5306426,009999999776483;8,119649094000067;47,907784604000028;1
93989;08230907311010490770;08;3;11;000;2023;09;11;5;2;3;6;0;0;1;0;0;0;1;0;412382,391699999570847;5315342,703900000080466;7,825753652000060;47,985382832000028;1
94012;08230907127202464510;08;1;27;103;2023;09;14;5;3;8;7;0;0;1;0;0;0;0;0;574119,546799999661744;5434765,037699999287724;10,014610746000074;49,061291146000030;1
94015;08230907126100490620;08;1;26;047;2023;09;18;5;2;5;3;0;0;1;1;0;0;0;0;551276,071399999782443;5454034,561000000685453;9,704393129000039;49,236940026000070;1
94021;08230907119100477890;08;1;19;084;2023;09;16;5;3;0;7;0;0;1;0;0;0;0;0;550212,001400000415742;5417108,199899999424815;9,685193703000039;48,904880886000058;1
94026;08230907118400463450;08;1;18;048;2023;09;10;5;3;5;3;0;0;1;1;0;0;0;0;514231,071100000292063;5415611,152599999681115;9,194151917000056;48,893285840000033;1
94028;08230907118010485740;08;1;15;001;2023;09;17;5;2;4;6;0;0;1;0;0;0;0;0;491278,691800000146031;5391613,220699999481440;8,881525814000042;48,677504090000070;1
94029;08230907118010482670;08;1;18;047;2023;09;07;5;3;2;3;0;0;1;1;0;0;0;0;507627,768000000156462;5426974,024000000208616;9,104277228000058;48,995619174000069;1
94035;08230907111310464380;08;1;11;000;2023;09;07;5;3;0;4;0;0;0;0;1;1;0;0;516850,447300000116229;5406649,864299999549985;9,229518526000049;48,812606409000068;1
94039;08230906435200460840;08;4;35;036;2023;09;10;4;3;0;1;0;0;1;0;0;0;0;0;520394,462000000290573;5282519,051999999210238;9,271806408000032;47,695734469000058;1
94047;08230906336400462190;08;3;36;078;2023;09;13;4;3;2;6;0;0;1;1;0;0;0;0;392866,668999999761581;5290330,721200000494719;7,570483747000026;47,757439664000060;1
94049;08230906335300480380;08;3;35;075;2023;09;10;4;2;5;3;0;0;1;1;0;0;0;0;491152,928000000305474;5287183,945000000298023;8,881995700000061;47,737968709000029;1
94055;08230907126200488550;08;1;26;069;2023;09;18;5;3;3;6;0;0;1;1;0;0;0;0;537904,859400000423193;5446617,890399999916553;9,520018527000047;49,171201582000037;1
94062;08230906311100529740;08;3;15;013;2023;09;16;4;2;5;3;0;0;1;1;0;0;0;0;404895,968500000424683;5324624,639900000765920;7,723385339000060;48,067803694000077;1
94063;08230906311100473480;08;3;15;132;2023;09;17;4;3;4;2;0;0;1;1;0;0;0;0;409383,165000000037253;5322539,103000000119209;7,784046023000030;48,049697514000059;1
94065;08230906235200468640;08;2;35;006;2023;09;19;4;3;0;1;0;0;1;0;0;0;0;0;469355,777700000442564;5382583,044999999925494;8,584388148000073;48,595577897000055;1
94072;08230906222200460360;08;2;22;000;2023;09;07;4;3;5;2;0;0;1;0;0;1;0;0;464930,450199999846518;5480666,620100000873208;8,515884408000034;49,477631321000047;1
94075;08230906216300487490;08;2;16;017;2023;09;18;4;3;0;1;0;0;1;0;0;0;0;0;450616,721400000154972;5401265,241399999707937;8,328022963000024;48,762436049000030;1
94077;08230906212402485090;08;2;12;000;2023;09;19;4;2;0;7;0;0;1;0;0;0;0;0;456586,841599999926984;5425029,597899999469519;8,406733855000027;48,976649543000065;1
94078;08230906212010529810;08;2;12;000;2023;09;21;4;3;5;3;2;0;1;1;0;0;0;0;452912,199300000444055;5427354,960400000214577;8,356251513000075;48,997297190000040;1
94079;08230906211000470710;08;2;16;005;2023;09;15;4;2;5;3;0;0;1;1;0;0;0;0;445829,439600000157952;5416134,735899999737740;8,260921396000072;48,895790978000036;1
94082;08230906136200475630;08;1;36;046;2023;09;15;4;2;0;7;0;0;1;0;0;0;0;0;576416,175200000405312;5422439,309800000861287;10,043723834000048;48,950151565000056;1
94087;08230906126200518460;08;1;26;069;2023;09;22;4;3;9;7;2;0;1;0;0;0;0;0;538518,768699999898672;5448807,314200000837445;9,528650134000031;49,190857108000046;1
94091;08230906121600462040;08;1;25;110;2023;09;16;4;3;8;7;0;0;1;0;0;0;0;0;528360,687699999660254;5441673,793299999088049;9,388737190000029;49,127243934000035;1
94098;08230906118500520620;08;1;18;049;2023;09;23;4;3;8;7;2;0;1;0;0;0;0;0;520163,819199999794364;5421009,672599999234080;9,275357289000056;48,941684324000050;1
94101;08230906118010477190;08;1;18;049;2023;09;17;4;2;5;3;0;0;1;1;0;0;0;0;520427,296699999831617;5419859,215600000694394;9,278897635000021;48,931326618000071;1
94102;08230906117400475730;08;1;17;038;2023;09;13;4;2;3;6;0;0;1;0;0;0;0;0;547072,661600000225008;5398319,531899999827147;9,640200975000027;48,736117106000052;1
94105;08230906111500471230;08;1;11;000;2023;09;16;4;3;6;4;0;0;0;0;1;1;0;0;511755,227199999615550;5408711,731000000610948;9,160176401000058;48,831271963000063;1
94108;08230906231102529770;08;2;36;071;2023;09;17;4;3;3;3;0;0;1;1;0;0;0;0;470775,389000000432134;5420299,293999999761581;8,600962056000071;48,934932385000081;1
94110;08230905436400459270;08;4;36;096;2023;09;14;3;3;0;7;0;0;1;1;0;0;0;0;545097,957000000402331;5300115,270999999716878;9,602854803000071;47,852796350000062;1
94113;08230905435100483300;08;4;35;016;2023;09;18;3;3;0;1;0;0;1;0;0;0;0;0;534679,473699999973178;5279389,445800000801682;9,461935635000032;47,666967284000066;1
94114;08230908117010494510;08;4;25;031;2023;09;11;6;1;6;4;0;0;0;1;1;0;0;0;569740,456699999980628;5368610,760099999606609;9,943461949000039;48,466761278000035;1
94115;08230905435100460620;08;4;35;030;2023;09;10;3;3;5;2;0;0;1;1;0;0;0;0;541150,639000000432134;5271736,088999999687076;9,547409155000025;47,597727921000057;1
94116;08230905435100459760;08;4;35;016;2023;09;09;3;3;5;3;0;0;1;1;0;0;0;0;535248,290199999697506;5277759,531300000846386;9,469380629000057;47,652271503000065;1
94122;08230905335100501330;08;3;35;043;2023;09;18;3;3;0;1;0;0;1;0;0;0;0;0;513429,706500000320375;5279352,261600000783801;9,178887051000061;47,667423138000061;1
94124;08230905335100462330;08;3;35;043;2023;09;11;3;3;0;1;0;0;1;0;0;0;0;0;508964,919999999925494;5287310,279999999329448;9,119578783000065;47,739103791000048;1
94125;08230905335000471070;08;3;35;063;2023;09;16;3;3;5;2;0;0;1;1;0;0;0;0;498775,392599999904633;5290682,135900000110269;8,983656032000056;47,769503447000034;1
94128;08230916415300486610;08;4;15;050;2023;09;05;7;3;7;7;2;0;1;0;0;0;0;0;521132,799100000411272;5372190,325799999758601;9,286087852000037;48,502476102000060;1
94132;08230905311400491880;08;3;15;006;2023;09;22;3;3;6;3;2;0;0;1;1;0;0;0;401003,705000000074506;5308855,904500000178814;7,674790051000059;47,925375151000026;1
94133;08230905311010529590;08;3;11;000;2023;09;13;3;3;6;4;0;0;1;0;1;0;0;0;413248,462399999611080;5317405,023700000718236;7,836941318000072;48,004052157000046;1
94142;08230905231000460980;08;2;35;050;2023;09;12;3;3;0;1;0;0;1;0;0;0;0;0;470299,135800000280142;5389480,102199999615550;8,596687987000053;48,657669144000067;1
94149;08230905215402496630;08;2;15;009;2023;09;20;3;3;2;6;0;0;1;1;0;0;0;0;465515,608000000007451;5438260,737999999895692;8,527620099000046;49,096229924000056;1
94154;08230905127100464540;08;1;27;043;2023;09;14;3;3;0;7;0;0;1;0;0;0;0;0;566907,263299999758601;5450864,732200000435114;9,918568786000037;49,206921478000027;1
94156;08230905126100468670;08;1;26;060;2023;09;16;3;3;5;2;0;0;1;1;0;0;0;0;544659,970999999903142;5460499,238500000908971;9,614233268000021;49,295606155000030;1
94161;08230905121100483660;08;1;25;026;2023;09;19;3;3;0;7;0;0;1;0;0;0;0;0;495876,674999999813735;5442924,706499999389052;8,943468524000025;49,139136996000047;1