OID_;UIDENTSTLAE;ULAND;UREGBEZ;UKREIS;UGEMEINDE;UJAHR;UMONAT;USTUNDE;UWOCHENTAG;UKATEGORIE;UART;UTYP1;ULICHTVERH;IstStrassenzustand;IstRad;IstPKW;IstFuss;IstKrad;IstGkfz;IstSonstige;LINREFX;LINREFY;XGCSWGS84;YGCSWGS84;PLST
94166;08230905118010474140;08;1;18;049;2023;09;11;3;2;6;4;0;0;1;0;1;0;0;0;520176,079400000162423;5421009,901100000366569;9,275524723000046;48,941685980000045;1
94167;08230905117300461070;08;1;17;026;2023;09;13;3;2;3;2;0;0;1;1;0;0;0;0;548659,203999999910593;5394676,323000000789762;9,661347120000073;48,703222889000074;1
94169;08230905117100459650;08;1;17;019;2023;09;07;3;3;5;3;0;0;1;1;0;0;0;0;552807,440999999642372;5393412,220000000670552;9,717561431000036;48,691514389000076;1
94176;08230904435200458250;08;4;35;034;2023;09;21;2;2;8;1;2;0;1;0;0;0;0;0;529309,852400000207126;5285236,275399999693036;9,390806228000031;47,719839561000072;1
94178;08230904421300467860;08;4;25;141;2023;09;09;2;3;5;3;0;0;1;1;0;0;0;0;568332,106499999761581;5362763,195199999958277;9,923458135000033;48,414315136000027;1
94186;08230904335400457950;08;3;35;079;2023;09;14;2;3;5;3;0;0;1;0;0;0;1;0;501152,474700000137091;5299190,825999999418855;9,015403884000023;47,846060431000069;1
94192;08230904317300458860;08;3;17;114;2023;09;18;2;2;5;3;0;0;1;1;0;0;0;0;405618,970399999991059;5345836,897099999710917;7,728380061000053;48,258709411000041;1
94193;08230904317200474210;08;3;17;057;2023;09;10;2;3;5;2;0;0;1;1;0;0;0;0;414035,599600000306964;5377765,212700000032783;7,835214562000033;48,547093090000033;1
94194;08230904317000521820;08;3;17;096;2023;09;10;2;3;5;2;0;0;1;1;0;0;0;0;421240,875000000000000;5369197,534099999815226;7,934442020000063;48,470974543000068;1
94196;08230904311010458170;08;3;11;000;2023;09;23;2;3;0;7;2;0;1;0;0;0;0;0;413930,558199999853969;5316838,265000000596046;7,846197804000042;47,999046173000067;1
94201;08230904231102458880;08;2;36;038;2023;09;14;2;3;0;7;0;0;1;0;0;0;0;0;484476,414400000125170;5426296,820000000298023;8,787807560000033;48,989379296000038;1
94204;08230904225200495780;08;2;25;032;2023;09;13;2;3;0;1;0;0;1;0;0;0;0;0;535054,314000000245869;5492068,075500000268221;9,484918611000069;49,580182215000036;1
94206;08230904225200466390;08;2;25;114;2023;09;10;2;3;2;1;0;0;1;1;0;0;0;0;540074,855399999767542;5470556,757600000128150;9,552186175000031;49,386388146000058;1
94208;08230904216100473610;08;2;16;043;2023;09;12;2;3;5;3;0;0;1;0;0;0;0;1;438011,263199999928474;5414811,800699999555945;8,154465802000061;48,883158527000035;1
94209;08230904215502514100;08;2;15;099;2023;09;13;2;3;5;2;0;0;1;1;0;0;0;0;463030,195899999700487;5446372,388000000268221;8,492831565000074;49,169050339000080;1
94216;08230904212010462200;08;2;12;000;2023;09;16;2;3;5;3;0;0;1;1;0;0;0;0;452808,630699999630451;5429306,826199999079108;8,354608831000064;49,014846384000066;1
94217;08230904211000521930;08;2;16;023;2023;09;19;2;3;1;5;2;0;0;1;1;0;0;0;436996,294300000183284;5408092,141200000420213;8,141657047000024;48,822613959000080;1
94221;08230904126200468320;08;1;26;066;2023;09;10;2;3;6;2;0;0;0;1;1;0;0;0;536598,774199999868870;5450080,603700000792742;9,502416288000063;49,202427905000036;1
94222;08230904121200468240;08;1;21;000;2023;09;15;2;3;5;3;0;0;1;1;0;0;0;0;515719,390999999828637;5444278,015000000596046;9,215567539000062;49,151123156000040;1
94224;08230904118010471300;08;1;18;076;2023;09;18;2;2;5;3;0;0;1;1;0;0;0;0;504003,187599999830127;5421600,314400000497699;9,054673686000058;48,947313268000073;1
94225;08230904117400468140;08;1;17;038;2023;09;16;2;3;5;3;0;0;1;1;0;0;0;0;547296,597500000149012;5397768,061200000345707;9,643183081000075;48,731139410000026;1
94226;08230904117300484890;08;1;17;026;2023;09;15;2;2;3;6;0;0;1;1;0;0;0;0;549259,818500000052154;5393269,954700000584126;9,669341994000035;48,690524790000040;1
94237;08230903436300458340;08;4;36;094;2023;09;14;1;3;5;3;0;0;1;1;0;0;0;0;569541,858400000259280;5283147,644600000232458;9,926859465000064;47,697968928000080;1
94238;08230903436200464830;08;4;36;064;2023;09;06;1;3;0;7;0;0;1;0;0;0;0;0;543569,126000000163913;5286913,733999999240041;9,581093268000075;47,734126976000027;1
94249;08230903335100479220;08;3;35;002;2023;09;15;1;3;8;1;0;0;1;0;0;0;0;0;503842,732400000095367;5285328,752800000831485;9,051238927000043;47,721325635000028;1
94250;08230914226100497430;08;2;26;013;2023;09;10;5;2;0;7;0;0;1;0;0;0;0;0;498499,077999999746680;5478281,848699999973178;8,979289264000045;49,457191765000061;1
94255;08230903317500458160;08;3;17;151;2023;09;12;1;3;5;3;0;0;1;1;0;0;0;0;412108,724200000055134;5364922,660399999469519;7,811813940000036;48,431313982000063;1
94256;08230903316100513670;08;3;16;017;2023;09;04;1;2;0;1;2;0;1;0;0;0;0;0;407206,087000000290573;5342374,426000000908971;7,750517212000034;48,227800113000058;1
94258;08230903311010473440;08;3;11;000;2023;09;12;1;3;6;4;0;0;1;0;1;0;0;0;413715,018000000156462;5316805,368000000715256;7,843315608000069;47,998721197000066;1
94261;08230911115300504170;08;1;15;042;2023;09;19;2;3;4;2;0;0;1;1;0;0;0;0;495450,560999999754131;5407158,610999999567866;8,938026592000028;48,817394877000027;1
94274;08230903222600456880;08;2;22;000;2023;09;15;1;3;6;7;0;0;1;0;1;0;0;0;462574,345099999569356;5482563,785900000482798;8,483181446000060;49,494554671000060;1
94282;08230912226600526090;08;2;26;096;2023;09;12;3;3;5;3;0;0;1;1;0;0;0;0;475725,027599999681115;5488420,852399999275804;8,664417422000042;49,547905652000054;1
94283;08230903127202467610;08;1;27;014;2023;09;17;1;3;0;7;0;0;1;0;0;0;0;0;575715,322700000368059;5443743,258400000631809;10,038134451000076;49,141847016000042;1
94285;08230903121400457010;08;1;25;081;2023;09;11;1;3;0;7;0;0;1;0;0;0;0;0;498176,257600000128150;5434442,586600000038743;8,975034482000069;49,062847578000060;1
94299;08230902435200455590;08;4;35;052;2023;09;02;7;2;8;1;2;0;1;0;0;0;0;0;522858,821000000461936;5293052,429999999701977;9,305203069000072;47,790425666000033;1
94300;08230902435100456700;08;4;35;057;2023;09;12;7;3;0;1;0;0;1;0;0;0;0;0;543302,058400000445545;5280481,688100000843406;9,576892604000022;47,676274588000069;1
94304;08230902416010481280;08;4;16;026;2023;09;01;7;2;0;1;2;0;1;0;0;0;0;0;504895,428100000135601;5363347,195699999108911;9,066169375000072;48,423255725000047;1
94307;08230902335000457520;08;3;35;061;2023;09;13;7;2;3;6;0;0;1;0;0;0;0;0;496411,388000000268221;5279755,820499999448657;8,952195363000044;47,671183734000067;1
94309;08230902317100493250;08;3;17;118;2023;09;12;7;3;8;1;0;0;1;0;0;0;0;0;435829,121299999766052;5384927,431199999526143;8,129361318000065;48,614127581000048;1
94316;08230902311010462530;08;3;11;000;2023;09;12;7;3;3;2;0;0;1;1;0;0;0;0;414455,593000000342727;5316053,146999999880791;7,853391185000021;47,992054202000077;1
94322;08230902231202474800;08;2;36;070;2023;09;10;7;2;6;7;0;0;0;1;1;0;0;0;470887,802899999544024;5415977,017400000244379;8,602805310000065;48,896056505000047;1
94325;08230902231000474640;08;2;35;073;2023;09;15;7;2;2;6;0;0;1;0;0;1;0;0;480006,631699999794364;5404709,422599999234080;8,727766971000051;48,795057357000076;1
94329;08230902221011476460;08;2;26;029;2023;09;13;7;2;9;1;0;0;1;0;0;0;0;0;485614,831000000238419;5481306,653999999165535;8,801394373000051;49,484230892000028;1
94331;08230914436400517200;08;4;36;082;2023;09;13;5;3;6;6;0;0;1;0;1;0;0;0;547698,111600000411272;5294990,465700000524521;9,637046141000042;47,806501237000077;1
94338;08230902215202463890;08;2;15;100;2023;09;20;7;3;5;3;2;0;1;1;0;0;0;0;476130,803000000305474;5451181,487999999895692;8,672262038000042;49,212958444000037;1
94342;08230902135010492350;08;1;35;019;2023;09;13;7;1;0;4;0;0;1;0;1;0;0;0;584917,206899999640882;5392425,479800000786781;10,153599788000065;48,679096093000055;1
94351;08230902121500456760;08;1;25;027;2023;09;18;7;2;5;3;0;0;1;0;0;1;0;0;520106,015200000256300;5445702,223400000482798;9,275793887000077;49,163806319000059;1
94352;08230902121400467560;08;1;25;056;2023;09;10;7;3;7;1;0;0;1;0;0;0;0;0;509820,190799999982119;5435578,143300000578165;9,134457624000049;49,072986876000073;1
94353;08230910327100499220;08;3;27;038;2023;09;12;1;3;5;3;0;0;1;1;0;0;0;0;494510,859000000171363;5313341,260999999940395;8,926452449000067;47,973354044000075;1
94366;08230902117010471470;08;1;17;019;2023;09;09;7;2;0;1;0;0;1;0;0;0;0;0;552361,504300000146031;5393577,212799999862909;9,711523328000055;48,693036146000054;1
94370;08230902116400463000;08;1;16;070;2023;09;12;7;3;5;2;0;0;1;1;0;0;0;0;539856,774100000038743;5384587,425499999895692;9,540744290000021;48,613090283000076;1
94372;08230902111130470140;08;1;11;000;2023;09;01;7;2;0;7;2;0;1;0;0;0;0;0;509423,021599999628961;5398283,294399999082088;9,128158833000043;48,737498228000049;1
94380;08230901416200498510;08;4;16;041;2023;09;13;6;3;0;1;0;0;1;0;0;0;0;0;505508,461400000378489;5373312,142799999564886;9,074586730000021;48,512899746000073;1
94389;08230905226600535720;08;2;26;082;2023;09;07;3;3;5;5;0;0;1;1;0;0;0;0;475370,458599999547005;5479970,932199999690056;8,660042982000050;49,471887177000042;1
94390;08230901335400470950;08;3;35;098;2023;09;14;6;3;4;6;0;0;1;0;0;0;0;0;499428,533099999651313;5294409,821900000795722;8,992368128000066;47,803044300000067;1
94391;08230901335100455290;08;3;35;043;2023;09;12;6;3;9;1;0;0;1;0;0;0;0;0;514987,409199999645352;5281308,373199999332428;9,199703063000072;47,684989306000034;1
94399;08230903211100478660;08;2;11;000;2023;09;12;1;3;5;3;0;0;1;1;0;0;0;0;443273,774100000038743;5402255,740299999713898;8,227976978000072;48,770719876000044;1
94403;08230901311010455970;08;3;15;098;2023;09;16;6;3;3;6;0;0;1;1;0;0;0;0;404014,935399999842048;5312479,775499999523163;7,714280940000037;47,958429941000077;1
94418;08230901136100471870;08;1;36;088;2023;09;21;6;2;0;7;2;0;1;0;0;0;0;0;580223,276499999687076;5409595,308499999344349;10,093191311000055;48,834148613000082;1
94419;08230901135010460110;08;4;25;072;2023;09;20;6;3;0;1;2;0;1;0;0;0;0;0;576317,958599999547005;5370993,454900000244379;10,032864241000027;48,487429806000080;1
94424;08230901121400472610;08;1;25;038;2023;09;21;6;2;6;7;2;0;0;0;1;0;0;1;500052,550499999895692;5434854,335699999704957;9,000719426000046;49,066554171000064;1
94426;08230901118400521830;08;1;18;048;2023;09;14;6;3;6;7;0;0;0;0;1;0;0;1;513843,946999999694526;5416608,581299999728799;9,188904291000028;48,902267208000069;1
94428;08230901118100463840;08;1;18;071;2023;09;15;6;3;5;3;0;0;1;1;0;0;0;0;509401,528900000266731;5418640,825699999928474;9,128333340000040;48,920632096000077;1
94441;08230831436300441020;08;4;36;081;2023;08;09;5;3;0;1;0;1;1;0;0;0;0;0;562372,129200000315905;5284125,863399999216199;9,831451660000027;47,707501704000038;1
94442;08230831435100442910;08;4;35;016;2023;08;12;5;3;0;1;0;0;1;0;0;0;0;0;531126,645299999974668;5281803,661100000143051;9,414784921000035;47,688869850000060;1
94443;08230831435100433300;08;4;35;013;2023;08;11;5;3;0;1;0;0;1;0;0;0;0;0;540422,002399999648333;5276983,431600000709295;9,538201215000072;47,644986134000078;1
94444;08230906231000479530;08;2;31;000;2023;09;15;4;3;8;1;0;0;1;0;0;0;0;0;475762,564100000075996;5414472,059000000357628;8,669402511000044;48,882728331000067;1
94449;08230831335400446750;08;3;35;099;2023;08;10;5;3;0;3;0;0;1;1;0;0;0;0;494528,477199999615550;5298128,973099999129772;8,926881523000077;47,836484226000039;1
94450;08230831326100455220;08;3;26;012;2023;08;11;5;3;5;3;0;0;1;1;0;0;0;0;461761,678399999625981;5311622,088099999353290;8,487818144000073;47,956767781000053;1
94455;08230831231402454210;08;2;31;000;2023;08;20;5;3;6;4;2;0;0;1;1;0;0;0;477925,780799999833107;5414518,429500000551343;8,698905734000050;48,883226281000077;1
94460;08230831221400443510;08;2;21;000;2023;08;21;5;3;0;7;2;1;1;0;0;0;0;0;476563,056900000199676;5472641,123299999162555;8,676937296000062;49,406004321000069;1
94463;08230831212010443070;08;2;15;101;2023;08;15;5;3;5;3;0;0;1;1;0;0;0;0;465458,516699999570847;5428060,885900000110269;8,527707944000042;49,004476695000051;1
94469;08230906311200462050;08;3;11;000;2023;09;17;4;3;0;7;0;0;1;0;0;0;0;0;414609,264600000344217;5317785,379899999126792;7,855105765000076;48,007656851000036;1
94477;08230830335100430930;08;3;35;066;2023;08;18;4;3;0;1;0;0;1;0;0;0;0;0;509417,249499999918044;5281797,916600000113249;9,125493036000023;47,689499219000027;1
94478;08230906416100462800;08;4;16;048;2023;09;14;4;3;0;1;0;0;1;0;0;0;0;0;494129,763799999840558;5375477,306500000879169;8,920484219000059;48,532375054000056;1
94479;08230830326400448150;08;3;26;074;2023;08;17;4;3;5;3;0;0;1;1;0;0;0;0;461752,700400000438094;5323358,257400000467896;8,486651068000072;48,062355347000050;1
94482;08230830316100449100;08;3;16;011;2023;08;15;4;2;6;2;0;0;0;1;1;0;0;0;413630,978299999609590;5330503,105499999597669;7,839422754000054;48,121924403000037;1
94483;08230830311300449450;08;3;15;073;2023;08;15;4;2;6;2;0;0;0;0;1;0;0;1;412539,688000000081956;5313560,998999999836087;7,828224024000065;47,969377323000060;1
94487;08230830231000446730;08;2;36;076;2023;08;16;4;3;2;6;0;0;0;1;1;0;0;0;471375,259499999694526;5423441,133799999952316;8,608931781000024;48,963222807000079;1
94488;08230830221011451150;08;2;21;000;2023;08;14;4;3;3;6;0;0;1;0;0;0;0;1;479675,676300000399351;5473849,994500000029802;8,719780219000029;49,416989868000030;1
94494;08230830136100451720;08;1;36;088;2023;08;06;4;3;4;2;1;0;1;0;0;1;0;0;582836,517099999822676;5407077,483400000259280;10,128285964000042;48,811159786000076;1
94496;08230830127100430790;08;1;27;100;2023;08;15;4;2;9;7;0;0;1;0;0;0;0;0;553796,254999999888241;5438007,680999999865890;9,736868400000048;49,092568191000055;1
94499;08230830118010448970;08;1;15;045;2023;08;12;4;2;5;3;0;0;1;1;0;0;0;0;500060,995299999602139;5394515,122400000691414;9,000829017000058;48,703670809000073;1
94506;08230902121200478900;08;1;21;000;2023;09;19;7;3;5;3;0;0;1;1;0;0;0;0;515892,788099999539554;5442458,334400000050664;9,217873628000063;49,134750069000063;1
94511;08230829426200439200;08;4;26;070;2023;08;16;3;2;3;1;0;1;1;0;0;0;1;0;565061,689799999818206;5342165,490199999883771;9,876087498000061;48,229372122000029;1
94520;08230829311010429800;08;3;11;000;2023;08;17;3;3;5;3;0;0;1;1;0;0;0;0;412563,431599999777973;5315349,205000000074506;7,828178088000072;47,985466087000077;1
94525;08230829221200447550;08;2;21;000;2023;08;19;3;3;3;2;0;0;1;1;0;0;0;0;476329,691599999554455;5471769,759700000286102;8,673772492000069;49,398157512000068;1
94533;08230829126200439580;08;1;26;011;2023;08;11;3;3;6;4;0;1;0;0;1;1;0;0;533921,825500000268221;5443088,763100000098348;9,465079802000048;49,139689940000039;1
94534;08230913311400505850;08;3;15;004;2023;09;06;4;3;2;6;1;0;1;1;0;0;0;0;394550,974999999627471;5294078,450999999418855;7,592041077000033;47,791427519000081;1
94538;08230829121200428970;08;1;21;000;2023;08;21;3;3;0;7;2;0;1;0;0;0;0;0;515980,839200000278652;5442149,296700000762939;9,219068459000027;49,131967886000041;1
94539;08230829117200429470;08;1;17;024;2023;08;15;3;3;5;3;0;1;1;1;0;0;0;0;559862,827999999746680;5386617,839999999850988;9,812439546000064;48,629760329000078;1
94542;08230829116100431360;08;1;16;037;2023;08;14;3;3;0;1;0;1;1;0;0;0;0;0;534362,413200000301003;5397327,408199999481440;9,467262551000033;48,728022921000047;1
94547;08230828335200427000;08;3;35;063;2023;08;12;2;2;0;1;0;1;1;0;0;0;0;0;500865,479000000283122;5286923,077600000426173;9,011543454000048;47,735681614000043;1
94554;08230916225100486580;08;2;25;058;2023;09;10;7;3;0;1;0;0;1;0;0;0;0;0;509499,740799999795854;5466433,071299999952316;9,130800255000054;49,350540051000053;1
94564;08230904135200458130;08;1;35;019;2023;09;09;2;3;0;1;0;0;1;0;0;0;0;0;584506,911999999545515;5392378,982999999076128;10,148017600000060;48,678733561000058;1
94567;08230828111500438750;08;1;11;000;2023;08;16;2;3;6;4;0;0;0;1;1;0;0;0;511479,781299999915063;5410537,193199999630451;9,156474339000056;48,847698672000035;1
94577;08230827335200421490;08;3;35;025;2023;08;12;1;3;3;1;0;1;1;0;0;0;0;0;497989,675300000235438;5283809,514799999073148;8,973201371000073;47,707664393000073;1
94581;08230827311010441070;08;3;36;091;2023;08;16;1;3;4;6;0;0;1;0;0;0;0;1;395188,107400000095367;5272042,635700000450015;7,605839454000034;47,593319503000032;1
94595;08230827111110423140;08;1;11;000;2023;08;15;1;3;0;7;0;0;1;0;0;0;0;0;513270,519199999980628;5402703,045700000599027;9,180629405000047;48,777188023000065;1
94598;08230826435100440570;08;4;35;057;2023;08;14;7;3;3;6;0;1;1;0;0;0;0;0;544024,729000000283122;5279624,628000000491738;9,586433483000064;47,668514612000081;1
94601;08230826415300449180;08;4;15;050;2023;08;13;7;3;0;1;0;1;1;0;0;0;0;0;519513,974299999885261;5373310,321799999102950;9,264225440000075;48,512604293000038;1
94603;08230907337010464750;08;3;37;108;2023;09;19;5;2;0;1;0;0;1;0;0;0;0;0;425751,672199999913573;5286488,633700000122190;8,009852447000071;47,727501677000078;1
94605;08230914335100553080;08;3;35;002;2023;09;18;5;3;5;2;0;0;1;1;0;0;0;0;505741,911199999973178;5286855,040100000798702;9,076582653000060;47,735044468000069;1
94610;08230914435100480070;08;4;35;016;2023;09;09;5;3;7;1;0;0;1;0;0;0;0;0;534352,430599999614060;5279120,088199999183416;9,457558337000023;47,664561214000059;1
94614;08230826311500442420;08;3;15;070;2023;08;10;7;3;6;2;0;0;0;1;1;0;0;0;450827,702600000426173;5303403,071299999952316;8,342310173000044;47,882077154000058;1
94617;08230911436400504780;08;4;36;082;2023;09;13;2;3;5;3;0;0;1;1;0;0;0;0;546861,320299999788404;5293831,350500000640750;9,625745575000053;47,796134196000025;1
94624;08230826216100418820;08;2;16;002;2023;08;14;7;3;3;6;0;0;1;1;0;0;0;0;444465,808600000105798;5422705,836899999529123;8,241423539000039;48,954776942000080;1
94647;08230825435100441440;08;4;35;057;2023;08;00;6;3;0;7;2;1;1;0;0;0;0;0;544161,491600000299513;5279819,784600000828505;9,588274868000042;47,670261156000038;1
94648;08230825426100441650;08;4;26;087;2023;08;22;6;3;6;4;2;1;0;1;1;0;0;0;571536,247600000351667;5324038,113900000229478;9,960211543000071;48,065606621000029;1
94650;08230825425000423940;08;4;25;073;2023;08;13;6;3;2;6;0;0;1;1;0;0;0;0;543702,366700000129640;5345377,862600000575185;9,588824996000028;48,260103417000039;1
94652;08230827116500452170;08;1;16;049;2023;08;01;1;3;0;1;2;0;1;0;0;0;0;0;523666,795800000429153;5385602,809699999168515;9,321154599000067;48,623046605000070;1
94664;08230825311010429510;08;3;11;000;2023;08;21;6;3;0;7;2;1;1;0;0;0;0;0;414579,346599999815226;5318343,901200000196695;7,854593455000042;48,012676959000032;1
94668;08230825235200443690;08;2;35;080;2023;08;18;6;2;4;2;0;0;1;1;0;0;0;0;481203,379300000146031;5385609,898099999874830;8,744931798000039;48,623275691000060;1
94670;08230910121400497860;08;1;25;066;2023;09;09;1;3;0;1;0;0;1;0;0;0;0;0;513517,110100000165403;5432394,875900000333786;9,184969156000022;49,044281802000057;1
94673;08230825231000416570;08;2;31;000;2023;08;15;6;3;5;3;0;0;1;1;0;0;0;0;479378,383500000461936;5411578,319199999794364;8,718867316000058;48,856827927000040;1
94679;08231017335100608590;08;3;35;043;2023;10;09;3;3;0;7;0;0;1;0;0;0;0;0;512896,669400000013411;5284687,599400000646710;9,171944620000033;47,715439398000058;1
94686;08231017317500606000;08;3;17;096;2023;10;16;3;3;4;6;0;0;1;0;0;0;0;0;423904,935800000093877;5370725,450099999085069;7,970200649000049;48,485046139000076;1
94695;08231017225100610230;08;2;25;042;2023;10;16;3;3;6;4;0;0;0;1;1;0;0;0;505922,658800000324845;5459779,092900000512600;9,081449342000042;49,290732053000056;1
94719;08231017115400601140;08;1;15;045;2023;10;15;3;3;8;7;0;0;1;0;0;0;0;0;500086,107300000265241;5395268,377000000327826;9,001170484000056;48,710447142000078;1
94727;08231016435100617280;08;4;35;035;2023;10;16;2;3;3;2;0;0;1;1;0;0;0;0;540662,288700000382960;5279781,432299999520183;9,541660687000046;47,670145602000048;1
94736;08231016335100618720;08;3;35;043;2023;10;15;2;3;5;2;0;0;1;1;0;0;0;0;512194,919999999925494;5279259,083000000566244;9,162436856000056;47,666609211000036;1
94740;08231016311010601820;08;3;11;000;2023;10;12;2;3;3;2;0;0;1;1;0;0;0;0;414573,721400000154972;5318185,565400000661612;7,854549589000044;48,011251919000074;1
94741;08231016311010601300;08;3;36;091;2023;10;15;2;3;6;4;0;0;1;0;1;0;0;0;394996,850999999791384;5271707,027000000700355;7,603376562000051;47,590269707000061;1
94744;08231016231000675160;08;2;37;019;2023;10;07;2;3;6;1;2;0;0;0;1;1;0;0;466345,085199999623001;5367651,430500000715256;8,544762555000034;48,461097423000069;1
94750;08231016126200597810;08;1;26;011;2023;10;10;2;3;8;7;0;0;1;0;0;0;0;0;533751,205400000326335;5443451,458900000900030;9,462770999000043;49,142961824000054;1
94758;08231016118100668560;08;1;18;040;2023;10;17;2;3;6;2;0;0;0;1;1;0;0;0;510498,326000000350177;5432191,092000000178814;9,143654762000040;49,042507475000036;1
94760;08231016116200635060;08;1;16;080;2023;10;06;2;3;0;1;1;0;1;0;0;0;0;0;521035,695700000040233;5396112,483500000089407;9,285986026000046;48,717685878000054;1
94767;08231015311010611970;08;3;16;054;2023;10;11;1;2;4;6;0;1;1;1;0;0;0;0;418422,603799999691546;5340242,801899999380112;7,901928534000035;48,210167754000054;1
94769;08231015237200593950;08;2;37;040;2023;10;14;1;3;0;1;0;0;1;0;0;0;0;0;476004,700000000186265;5370838,980000000447035;8,675238958000023;48,490216210000028;1
94773;08231015225100621720;08;2;25;052;2023;10;00;1;2;6;4;2;0;0;1;1;0;0;0;517903,097000000067055;5477835,099999999627471;9,247017634000031;49,452911378000067;1
94774;08231015221200653900;08;2;21;000;2023;10;13;1;3;5;3;0;0;1;0;0;0;0;0;476553,262699999846518;5472945,300799999386072;8,676784331000022;49,408739971000045;1
94775;08231015221011622350;08;2;26;031;2023;10;11;1;2;5;3;0;0;1;1;0;0;0;0;472331,885400000028312;5493658,313100000843406;8,617142629000057;49,594868574000031;1
94778;08231015211000622730;08;2;16;015;2023;10;16;1;2;6;2;0;0;0;1;1;0;0;0;448879,974000000394881;5406328,369999999180436;8,303762411000037;48,807840143000078;1
94787;08231015115300649020;08;1;15;050;2023;10;15;1;2;5;3;0;0;1;1;0;0;0;0;490262,298999999649823;5399488,414899999275804;8,867532860000040;48,748334647000036;1
94788;08231014437000620450;08;4;35;013;2023;10;20;7;2;6;4;2;1;0;1;1;0;0;0;539424,540000000037253;5275789,135700000450015;9,524813398000049;47,634302135000041;1
94791;08231014435100593200;08;4;35;016;2023;10;14;7;2;0;7;0;1;1;0;0;0;0;0;536029,125000000000000;5279434,426999999210238;9,479916258000060;47,667298213000038;1
94806;08231014117200641610;08;1;17;033;2023;10;10;7;3;6;6;0;0;1;0;1;0;0;0;558760,163999999873340;5387402,486600000411272;9,797587311000029;48,636923059000026;1
94812;08231013437200592350;08;4;37;105;2023;10;14;6;3;5;3;0;0;1;0;0;0;0;1;519570,125199999660254;5323990,861300000920892;9,262699979000047;48,068893387000060;1
94816;08231013436200591600;08;4;36;095;2023;10;17;6;3;7;7;0;0;1;0;0;0;0;0;538417,241999999620020;5292242,591000000014901;9,512855183000056;47,782399143000077;1
94818;08231013435200609920;08;4;35;034;2023;10;16;6;2;5;3;0;0;1;1;0;0;0;0;525506,937800000421703;5283132,150499999523163;9,339977478000037;47,701069205000067;1
94820;08231013435100628100;08;4;35;016;2023;10;19;6;3;0;3;2;0;1;1;0;0;0;0;535253,666000000201166;5277759,069000000134110;9,469452175000072;47,652267051000081;1
94831;08231013326300596360;08;3;26;068;2023;10;13;6;3;5;2;0;0;1;0;0;0;0;1;450031,467500000260770;5316400,960200000554323;8,330152128000066;47,998953337000046;1
94837;08231013311010657350;08;3;15;108;2023;10;17;6;2;3;6;0;0;1;1;0;0;0;0;402922,678399999625981;5303232,818700000643730;7,701736825000069;47,875088854000069;1
94838;08231013311010624680;08;3;15;089;2023;10;18;6;3;5;3;0;0;1;1;0;0;0;0;406619,569699999876320;5310112,668199999257922;7,749675008000054;47,937522736000062;1
94839;08231013311010621460;08;3;36;078;2023;10;17;6;2;0;2;0;0;1;0;0;0;0;1;395836,116100000217557;5287979,844499999657273;7,610656833000064;47,736780286000055;1
94841;08231013311010590550;08;3;11;000;2023;10;13;6;3;4;6;0;0;1;0;0;0;0;1;413132,862700000405312;5315536,597899999469519;7,835770035000053;47,987229343000081;1
94846;08231013231202643700;08;2;36;072;2023;10;16;6;2;0;6;0;0;1;1;0;0;0;0;466830,719700000248849;5409923,370699999853969;8,547944670000049;48,841396745000054;1
94847;08231013231102592440;08;2;36;046;2023;10;11;6;3;6;4;0;0;0;1;1;0;0;0;483947,189000000245869;5418389,374299999326468;8,780885357000045;48,918233364000059;1
94854;08231013221200658160;08;2;21;000;2023;10;18;6;3;3;6;1;0;1;0;0;0;0;0;477712,313400000333786;5472682,464500000700355;8,692776468000034;49,406419355000025;1
94858;08231013212010628520;08;2;12;000;2023;10;18;6;3;6;7;1;0;0;1;1;0;0;0;461922,127500000409782;5427579,926799999549985;8,479401334000045;48,999942304000058;1
94865;08231013135200623360;08;1;35;019;2023;10;20;6;3;5;3;2;0;1;1;0;0;0;0;584671,290000000037253;5391373,320000000298023;10,150044273000049;48,669666040000038;1
94881;08231013118600664100;08;1;18;073;2023;10;17;6;3;5;3;0;0;1;1;0;0;0;0;496774,090400000102818;5419699,377000000327826;8,955957062000039;48,930217529000060;1
94882;08231013118100589680;08;1;18;010;2023;10;07;6;3;3;6;0;0;1;0;0;0;0;0;506849,757100000046194;5431439,691899999976158;9,093716639000036;49,035799569000062;1
94883;08231013118010623590;08;1;15;015;2023;10;10;6;3;8;1;0;0;1;0;0;0;0;0;491202,457299999892712;5389545,744899999350309;8,880534186000034;48,658903766000037;1
94888;08231013117010622520;08;4;25;071;2023;10;10;6;2;6;2;0;0;0;1;1;0;0;0;551322,570000000298023;5371107,212999999523163;9,694630356000062;48,490991519000033;1
94890;08231013116400605440;08;1;16;054;2023;10;15;6;2;5;3;0;0;1;0;0;0;0;1;532880,895399999804795;5381346,940899999812245;9,445847937000053;48,584344448000081;1
94891;08231013116400590220;08;1;16;043;2023;10;17;6;2;8;1;0;0;1;0;0;0;0;0;542111,857900000177324;5379823,796499999240041;9,570854951000058;48,570089871000050;1
94892;08231013115300624030;08;1;15;052;2023;10;06;6;3;5;3;2;0;1;1;0;0;0;0;492293,000000000000000;5409651,901000000536442;8,894966829000055;48,839793042000053;1
94897;08231013111500601230;08;1;11;000;2023;10;10;6;3;5;2;0;0;1;1;0;0;0;0;513001,415099999867380;5406460,699200000613928;9,177085490000024;48,810997167000039;1