OID_;UIDENTSTLAE;ULAND;UREGBEZ;UKREIS;UGEMEINDE;UJAHR;UMONAT;USTUNDE;UWOCHENTAG;UKATEGORIE;UART;UTYP1;ULICHTVERH;IstStrassenzustand;IstRad;IstPKW;IstFuss;IstKrad;IstGkfz;IstSonstige;LINREFX;LINREFY;XGCSWGS84;YGCSWGS84;PLST
94902;08231012435200599260;08;4;35;059;2023;10;06;5;2;2;6;2;0;1;1;0;0;0;0;514399,773199999704957;5294151,111600000411272;9,192298109000035;47,800555741000039;1
94907;08231012416010617300;08;4;15;078;2023;10;20;5;2;6;4;2;0;0;1;1;0;0;0;529500,199699999764562;5370914,749900000169873;9,399269983000067;48,490663532000042;1
94908;08231012415300601370;08;4;15;059;2023;10;17;5;3;3;2;0;0;1;1;0;0;0;0;515544,320799999870360;5366899,864700000733137;9,210237011000061;48,455044299000065;1
94912;08231012335010662230;08;3;35;002;2023;10;19;5;2;5;2;2;0;1;0;0;0;0;1;505409,928500000387430;5285145,739000000059605;9,072133605000033;47,719667713000035;1
94914;08231012317500587780;08;3;17;096;2023;10;14;5;2;0;7;0;0;1;0;0;0;0;0;421836,707899999804795;5368845,080800000578165;7,942567680000025;48,467878599000073;1
94917;08231012311010602500;08;3;11;000;2023;10;10;5;2;6;4;0;0;0;0;1;0;0;1;414179,236999999731779;5316778,979299999773502;7,849542623000048;47,998546308000073;1
94929;08231012212010618660;08;2;12;000;2023;10;20;5;3;6;4;2;0;0;1;1;0;0;0;453741,644199999980628;5428198,897800000384450;8,367494196000052;49,004951171000073;1
94931;08231012136300592490;08;1;36;028;2023;10;13;5;3;2;6;0;0;1;1;0;0;0;0;568666,353299999609590;5404442,155799999833107;9,934868310000070;48,789183180000066;1
94937;08231012119400623530;08;1;19;079;2023;10;15;5;3;6;4;0;0;0;0;1;1;0;0;524014,062199999578297;5409523,021299999207258;9,327260359000036;48,838217026000052;1
94943;08231012115200662140;08;1;15;021;2023;10;14;5;3;2;6;0;0;1;0;0;0;0;0;490421,646300000138581;5382796,061300000175834;8,870087186000035;48,598170940000045;1
94945;08231011437000595770;08;4;37;100;2023;10;11;4;2;4;2;0;0;1;0;0;0;0;1;543785,517799999564886;5317319,878900000825524;9,587060747000066;48,007673984000064;1
94947;08231011436300584770;08;4;36;049;2023;10;16;4;3;5;3;0;1;1;1;0;0;0;0;577991,756699999794364;5283483,262299999594688;10,039522312000031;47,700023355000042;1
94950;08231011435100584810;08;4;35;035;2023;10;14;4;3;0;1;0;0;1;0;0;0;0;0;542083,141499999910593;5283185,097999999299645;9,560915108000074;47,700678328000038;1
94953;08231017222500603820;08;2;26;009;2023;10;15;3;3;0;7;0;0;1;0;0;0;0;0;466559,653800000436604;5472924,589999999850988;8,539027145000034;49,408086551000054;1
94954;08231011421200629740;08;4;21;000;2023;10;11;4;3;5;3;0;0;1;0;0;0;0;1;574005,812300000339746;5361781,953199999406934;9,999949328000071;48,404847843000027;1
94958;08231011317500599920;08;3;17;096;2023;10;12;4;3;6;2;0;0;0;1;1;0;0;0;421564,105000000447035;5368816,151000000536442;7,938885854000034;48,467584439000063;1
94963;08231011311500593710;08;3;15;102;2023;10;10;4;3;0;1;0;0;1;0;0;0;0;0;437463,179399999789894;5296959,574999999254942;8,164506161000077;47,822945562000029;1
94966;08231011311010582370;08;3;36;050;2023;10;06;4;3;4;6;2;0;1;0;0;0;0;0;398838,128100000321865;5273896,749399999156594;7,653948492000040;47,610577607000039;1
94967;08231011226700614530;08;2;26;010;2023;10;17;4;3;5;3;0;0;1;1;0;0;0;0;483106,722500000149012;5459522,466600000858307;8,767692697000030;49,288218853000046;1
94972;08231012115200617970;08;1;15;021;2023;10;12;5;3;3;6;0;0;1;0;0;0;0;0;490404,268600000068545;5382776,639100000262260;8,869851939000057;48,597995947000072;1
94975;08231011216100843960;08;2;16;043;2023;10;13;4;3;5;3;0;0;1;1;0;0;0;0;441491,899199999868870;5410509,543299999088049;8,202552283000045;48,844798235000042;1
94976;08231011215402682330;08;2;15;009;2023;10;09;4;3;0;5;0;0;1;1;0;0;0;0;470693,873300000093877;5441644,140699999406934;8,598306253000032;49,126932844000066;1
94977;08231011215402586540;08;2;15;103;2023;10;16;4;3;4;6;0;0;1;0;0;0;0;0;465471,522099999710917;5440063,913300000131130;8,526862034000033;49,112447277000058;1
94981;08231011212010584950;08;2;12;000;2023;10;17;4;3;0;2;0;0;1;1;0;0;0;0;458072,748300000093877;5427691,524000000208616;8,426763935000054;49,000696687000072;1
94990;08231011127100583430;08;1;27;076;2023;10;11;4;3;5;3;0;0;1;0;0;0;0;1;554230,618800000287592;5440117,675799999386072;9,743100852000055;49,111508830000048;1
94998;08231011118010622380;08;1;18;051;2023;10;16;4;2;6;4;0;0;0;1;1;0;0;0;509725,492100000381470;5415057,966299999505281;9,132670167000072;48,888396612000065;1
95000;08231011117300587090;08;1;17;026;2023;10;14;4;2;5;3;0;0;1;1;0;0;0;0;545710,479500000365078;5395611,559000000357628;9,621375914000055;48,711858915000050;1
95008;08231010435100580920;08;4;35;016;2023;10;10;3;3;8;1;0;0;1;0;0;0;0;0;532713,480000000447035;5279978,730000000447035;9,435793254000032;47,672371777000080;1
95010;08231010425000635790;08;4;25;071;2023;10;14;3;3;6;4;0;0;0;1;1;0;0;0;550620,856200000271201;5370581,267200000584126;9,685069920000046;48,486317149000058;1
95016;08231010325000625770;08;3;27;049;2023;10;06;3;2;2;6;2;0;1;1;0;0;0;0;475871,713399999774992;5322845,627699999138713;8,676178997000022;48,058433611000055;1
95022;08231010237100614000;08;2;37;028;2023;10;09;3;3;6;4;0;0;1;0;1;0;0;0;456572,350599999539554;5367810,237900000065565;8,412560363000068;48,461927275000050;1
95026;08231010222700635920;08;2;22;000;2023;10;17;3;3;2;6;0;0;1;1;0;0;0;0;462001,407800000160933;5481521,601299999281764;8,475370172000055;49,485145155000055;1
95028;08231010221200584050;08;2;21;000;2023;10;15;3;3;3;2;0;0;1;1;0;0;0;0;477670,007000000216067;5473215,933000000193715;8,692163305000065;49,411216271000058;1
95032;08231010212010620620;08;2;12;000;2023;10;06;3;3;0;2;2;0;1;1;0;0;0;0;455649,231499999761581;5427290,538499999791384;8,393674901000054;48,996920406000072;1
95040;08231010119400580820;08;1;19;079;2023;10;07;3;3;5;3;2;0;1;1;0;0;0;0;522152,693099999800324;5410444,348200000822544;9,301944077000030;48,846574255000064;1
95042;08231010118100616460;08;1;18;077;2023;10;14;3;3;5;3;0;0;1;1;0;0;0;0;512904,456799999810755;5423446,045700000599027;9,176301211000066;48,963795128000072;1
95046;08231010116500617170;08;1;16;011;2023;10;17;3;2;5;3;0;0;1;1;0;0;0;0;529289,123399999924004;5379888,184599999338388;9,397043878000034;48,571399649000057;1
95048;08231010111500654270;08;1;11;000;2023;10;05;3;2;5;3;2;0;1;1;0;0;0;0;516318,216000000014901;5404068,754300000146031;9,222166534000053;48,789401309000027;1
95056;08231009435100582230;08;4;35;029;2023;10;13;2;3;0;1;0;0;1;0;0;0;0;0;545343,602300000376999;5272735,796299999579787;9,603286696000055;47,606442880000031;1
95060;08231009335300607680;08;3;35;015;2023;10;06;2;2;0;1;1;1;1;0;0;0;0;0;476119,574400000274181;5282016,042700000107288;8,681762770000034;47,691089176000048;1
95064;08231009311010610710;08;3;15;020;2023;10;19;2;3;0;7;2;0;1;0;0;0;0;0;425662,524899999611080;5310513,279899999499321;8,004538112000034;47,943619343000080;1
95067;08231009215202592160;08;2;15;084;2023;10;08;2;3;4;6;0;0;1;0;0;0;0;0;472281,672500000335276;5446295,890200000256300;8,619749338000076;49,168849866000073;1
95073;08231009119300581350;08;1;19;067;2023;10;13;2;3;6;4;0;0;0;1;1;0;0;0;538746,783300000242889;5405327,692700000479817;9,527632401000062;48,799733152000044;1
95079;08231013215302624120;08;2;15;082;2023;10;13;6;3;5;3;0;0;1;1;0;0;0;0;489240,059999999590218;5438244,108999999240041;8,852604452000037;49,096952741000052;1
95083;08231008436200578180;08;4;36;064;2023;10;18;1;2;5;3;0;0;1;1;0;0;0;0;546229,254099999554455;5292261,561300000175834;9,617138792000048;47,782056505000071;1
95084;08231008436000599810;08;4;36;011;2023;10;21;1;1;8;1;2;0;1;0;0;0;0;0;546472,920300000347197;5297166,914799999445677;9,620917163000058;47,826172275000033;1
95085;08231008426100650670;08;4;26;021;2023;10;09;1;3;5;3;0;0;1;1;0;0;0;0;558430,352500000037253;5327126,553500000387430;9,784736161000069;48,094726261000062;1
95094;08231008335000599500;08;3;35;079;2023;10;04;1;1;6;4;2;0;0;1;1;0;0;1;500388,516999999992549;5301295,759899999946356;9,005194778000032;47,865000310000028;1
95107;08231008225100578220;08;2;25;033;2023;10;16;1;3;0;1;0;0;1;0;0;0;0;0;509780,100200000219047;5458955,292700000107288;9,134477210000057;49,283272286000056;1
95109;08231008222400623860;08;2;26;028;2023;10;09;1;2;5;3;0;0;1;1;0;0;0;0;471022,588000000454485;5483944,611999999731779;8,599740242000053;49,507437019000065;1
95113;08231008215202589480;08;2;15;100;2023;10;10;1;3;3;6;0;0;1;1;0;0;0;0;474850,574000000022352;5452505,129000000655651;8,654601115000048;49,224813528000027;1
95114;08231008212702610590;08;2;15;017;2023;10;13;1;3;3;6;0;0;1;0;0;1;0;0;457911,894000000320375;5420487,510999999940395;8,425310046000050;48,935884111000064;1
95116;08231008212010597280;08;2;12;000;2023;10;02;1;3;5;2;2;0;1;1;0;0;0;0;458106,805100000463426;5427630,139299999922514;8,427235873000029;49,000146833000031;1
95127;08231008118300607630;08;1;18;051;2023;10;16;1;3;5;3;0;0;1;1;0;0;0;0;509455,670400000177324;5416506,607899999246001;9,129022939000038;48,901432417000080;1
95134;08231008116100590400;08;1;16;019;2023;10;19;1;2;0;1;1;0;1;0;0;0;0;0;522072,176099999807775;5397382,920700000599027;9,300145061000023;48,729078803000050;1
95135;08231008116010578090;08;1;16;071;2023;10;18;1;3;5;3;1;0;1;1;0;0;0;0;527775,643000000156462;5391198,246500000357628;9,377285143000051;48,673214041000051;1
95138;08231013436400627890;08;4;36;011;2023;10;12;6;3;4;6;0;0;1;0;0;0;0;0;547804,324000000022352;5297088,819299999624491;9,638696086000039;47,825372070000071;1
95139;08231008111110610770;08;1;11;000;2023;10;15;1;3;0;7;0;0;1;1;0;0;0;0;513156,800499999895692;5402192,087600000202656;9,179065202000061;48,772593897000036;1
95141;08231007437100574750;08;4;37;044;2023;10;15;7;3;8;1;0;0;1;0;0;0;0;0;529871,990799999795854;5324523,958100000396371;9,401021641000057;48,073290221000036;1
95149;08231007327100585630;08;3;27;038;2023;10;14;7;3;0;1;0;0;1;0;0;0;0;0;490214,391200000420213;5314425,713500000536442;8,868860627000061;47,983059792000063;1
95150;08231007326300618040;08;3;26;068;2023;10;09;7;3;0;6;0;0;1;1;0;0;0;0;445280,938000000081956;5325312,198000000789762;8,265335628000059;48,078733304000082;1
95152;08231007317500574680;08;3;17;096;2023;10;12;7;3;0;1;0;0;1;0;0;0;0;0;425001,086299999617040;5369602,389299999922514;7,985234012000035;48,475075940000067;1
95155;08231009436300597120;08;4;36;052;2023;10;14;2;3;4;6;0;0;1;1;0;0;0;0;565200,894100000150502;5295008,262299999594688;9,870788213000026;47,805126160000043;1
95156;08231007316100633690;08;3;16;054;2023;10;23;7;3;9;1;2;0;1;0;0;0;0;0;422260,192599999718368;5332171,903200000524521;7,955051541000046;48,138048416000061;1
95176;08231007121600617050;08;1;25;001;2023;10;11;7;3;6;7;0;0;0;1;1;0;0;0;521200,821000000461936;5435076,936000000685453;9,290252919000068;49,068191628000079;1
95179;08231007118500646740;08;1;18;049;2023;10;19;7;3;5;3;1;0;1;1;0;0;0;0;519248,444699999876320;5421079,167799999937415;9,262860351000029;48,942338639000070;1
95183;08231006435100581420;08;4;35;057;2023;10;16;6;3;5;3;0;0;1;0;0;1;0;0;544277,098100000061095;5282253,721799999475479;9,590061664000075;47,692151899000066;1
95185;08231006426100573870;08;4;26;021;2023;10;06;6;3;5;3;2;0;1;0;0;0;0;1;558198,984799999743700;5327246,523000000044703;9,781645487000048;48,095826706000025;1
95195;08231006326400586460;08;3;26;074;2023;10;14;6;3;5;3;0;0;1;1;0;0;0;0;460641,691599999554455;5323073,429999999701977;8,471766156000058;48,059725251000032;1
95196;08231006326300595740;08;3;26;060;2023;10;11;6;3;6;2;0;0;0;1;1;0;0;0;442835,409300000406802;5331081,188400000333786;8,231731615000058;48,130417773000033;1
95209;08231006221200598260;08;2;21;000;2023;10;19;6;3;3;6;1;0;1;1;0;0;0;0;478550,365600000135601;5473418,927600000053644;8,704288606000034;49,413073849000057;1
95212;08231006216100574250;08;2;16;052;2023;10;17;6;3;0;7;0;0;1;0;0;0;0;0;441347,659799999557436;5418115,868200000375509;8,199495437000053;48,913202969000054;1
95216;08231006211000587890;08;2;11;000;2023;10;15;6;2;6;3;0;0;0;1;1;0;0;0;443282,644999999552965;5402256,398000000044703;8,228097605000073;48,770726601000035;1
95218;08231006128300583000;08;1;28;131;2023;10;16;6;2;3;2;0;0;1;0;0;0;0;0;536625,862499999813735;5512894,274700000882149;9,508607165000058;49,767404285000055;1
95225;08231006121200575330;08;1;25;024;2023;10;16;6;3;0;1;0;0;1;0;0;0;0;0;523402,216199999675155;5443873,652100000530481;9,320900860000052;49,147241065000060;1
95226;08231006119400598960;08;1;19;067;2023;10;16;6;2;3;6;0;0;1;1;0;0;0;0;537354,050999999977648;5406080,384999999776483;9,508736212000031;48,806589298000063;1
95229;08231006119200574210;08;1;19;020;2023;10;14;6;3;0;7;0;0;1;0;0;0;0;0;519288,535000000149012;5408811,025900000706315;9,262828808000052;48,831976885000074;1
95232;08231006117400606030;08;1;17;018;2023;10;06;6;3;6;6;2;0;0;1;1;0;0;0;541357,620299999602139;5395048,320699999108911;9,562151009000047;48,707096133000050;1
95233;08231006117300573730;08;1;17;026;2023;10;06;6;3;5;3;2;0;1;1;0;0;0;0;551033,755199999548495;5391038,774299999698997;9,693168963000062;48,670311743000070;1
95239;08231005436400572970;08;4;36;009;2023;10;09;5;2;0;7;0;0;1;0;0;0;0;0;556003,116299999877810;5308138,352600000798702;9,749660749000043;47,924118810000039;1
95240;08231005436400571470;08;4;36;009;2023;10;12;5;3;5;3;0;0;1;1;0;0;0;0;556549,643000000156462;5307017,548000000417233;9,756828844000040;47,913987473000077;1
95241;08231005426010576700;08;4;25;033;2023;10;18;5;2;6;4;1;0;0;1;1;0;0;0;561519,769899999722838;5346542,277899999171495;9,829035322000038;48,269098558000053;1
95242;08231005425000595370;08;4;25;071;2023;10;18;5;3;2;6;0;0;1;1;0;0;0;0;550657,281999999657273;5370944,155999999493361;9,685606851000045;48,489578680000079;1
95243;08231005425000572260;08;4;25;033;2023;10;06;5;3;5;3;1;0;1;0;0;1;0;0;553144,593000000342727;5347833,861999999731779;9,716344426000035;48,281475955000076;1
95245;08231005337100598290;08;3;37;066;2023;10;16;5;2;0;1;0;0;1;0;0;0;0;0;428363,313299999572337;5267786,889499999582767;8,047738133000053;47,559546620000049;1
95246;08231005326400593470;08;3;26;074;2023;10;16;5;3;5;3;0;0;1;1;0;0;0;0;459554,174899999983609;5324279,071599999442697;8,457057035000048;48,070503997000060;1
95252;08231008317500576270;08;3;17;096;2023;10;14;1;3;5;3;0;0;1;1;0;0;0;0;424049,265100000426173;5370278,868899999186397;7,972234707000041;48,481046608000042;1
95255;08231005311100591520;08;3;15;015;2023;10;07;5;3;5;3;0;0;1;0;0;0;0;1;400213,419499999843538;5314701,492499999701977;7,662857928000051;47,977832571000079;1
95257;08231011311500612500;08;3;15;094;2023;10;11;4;2;0;7;0;0;1;0;0;0;0;0;430981,151200000196695;5313229,494699999690056;8,075314577000029;47,968649839000079;1
95261;08231005221300640290;08;2;26;082;2023;10;12;5;3;1;6;0;0;1;1;0;0;0;0;475048,001000000163913;5478564,748999999836087;8,655680891000031;49,459225779000064;1
95262;08231005221200640400;08;2;21;000;2023;10;21;5;2;4;2;2;0;1;1;0;0;0;0;477486,821899999864399;5471859,798299999907613;8,689714869000056;49,399011292000068;1
95265;08231005216200586880;08;2;16;007;2023;10;17;5;3;6;4;0;0;1;0;1;0;0;0;436323,824199999682605;5393737,239199999719858;8,134717312000021;48,693423525000071;1
95272;08231005121200612420;08;1;21;000;2023;10;14;5;3;5;3;0;0;1;1;0;0;0;0;516350,347900000400841;5444756,809499999508262;9,224239524000041;49,155413583000040;1
95273;08231005119300572440;08;1;19;076;2023;10;14;5;3;6;4;0;0;0;1;1;0;0;0;542252,737499999813735;5407063,273499999195337;9,575550795000026;48,815117092000037;1
95274;08231005118500573360;08;1;18;063;2023;10;07;5;3;6;6;1;0;1;0;1;0;0;0;514604,269199999980628;5422979,598500000312924;9,199507241000049;48,959561318000056;1
95276;08231005118010601430;08;1;18;048;2023;10;16;5;2;0;1;0;0;1;0;0;0;0;0;519450,222000000067055;5417256,026000000536442;9,265433494000035;48,907940731000053;1
95279;08231005117300583880;08;1;17;026;2023;10;16;5;3;4;6;0;0;1;0;0;0;0;0;546777,245299999602139;5395241,246999999508262;9,635834345000035;48,708448654000051;1
95284;08231005111130793320;08;1;11;000;2023;10;15;5;3;6;6;0;0;1;0;1;0;0;0;510906,711799999698997;5401584,684299999848008;9,148425311000040;48,767173239000044;1
95286;08231004436300578750;08;4;36;081;2023;10;13;4;3;0;1;0;0;1;0;0;0;0;0;562213,677199999801815;5281592,642300000414252;9,828978307000057;47,684726301000069;1
95287;08231004435100578550;08;4;35;057;2023;10;07;4;3;7;1;1;0;1;0;0;0;0;0;544094,171099999919534;5280399,080499999225140;9,587436633000038;47,675477808000039;1
95288;08231004426100571380;08;4;26;021;2023;10;13;4;3;5;3;0;0;1;0;0;0;0;1;558429,818699999712408;5327127,543299999088049;9,784729128000038;48,094735214000082;1
95290;08231004416200594680;08;4;16;041;2023;10;13;4;3;5;3;0;0;1;1;0;0;0;0;505469,997899999842048;5373325,244799999520183;9,074066091000077;48,513017953000031;1
95302;08231004317500570790;08;3;17;096;2023;10;06;4;3;5;3;2;0;1;1;0;0;0;0;422320,844899999909103;5368839,589299999177456;7,949117199000057;48,467889188000072;1
95304;08231004317300571390;08;3;17;152;2023;10;12;4;3;5;3;0;0;1;1;0;0;0;0;407382,162499999627471;5349274,205800000578165;7,751376910000033;48,289886911000053;1
95306;08231004225200585750;08;2;25;118;2023;10;14;4;2;6;4;0;0;0;1;1;0;0;0;504079,158099999651313;5476767,826500000432134;9,056271377000030;49,443561434000060;1
95314;08231004212010588310;08;2;12;000;2023;10;20;4;3;5;3;2;0;1;1;0;0;0;0;456373,585099999792874;5426618,571200000122190;8,403649221000023;48,990927580000061;1
95315;08231009317500577240;08;3;17;047;2023;10;07;2;3;2;6;0;0;1;0;0;1;0;0;418059,811300000175834;5363548,999500000849366;7,892517894000036;48,419760632000077;1
95316;08231004212010577020;08;2;12;000;2023;10;18;4;3;5;3;0;0;1;1;0;0;0;0;459651,216599999926984;5427948,127399999648333;8,448318442000073;49,003110081000045;1
95325;08231004126200569740;08;1;26;011;2023;10;06;4;3;5;2;1;0;1;1;0;0;0;0;527802,609000000171363;5447496,572000000625849;9,381489828000042;49,179646359000060;1
95329;08231004119500594800;08;1;19;042;2023;10;18;4;3;5;3;2;0;1;1;0;0;0;0;527031,584300000220537;5416245,453800000250340;9,368826080000076;48,898565525000038;1
95331;08231004119200594970;08;1;19;093;2023;10;16;4;3;5;3;0;0;1;1;0;0;0;0;523907,667999999597669;5406247,743000000715256;9,325619528000061;48,808757555000057;1
95347;08231003436300578720;08;4;36;085;2023;10;14;3;3;6;4;0;0;0;1;1;0;0;0;559365,636300000362098;5298352,626199999824166;9,793322010000054;47,835778785000059;1
95349;08231003436300569280;08;4;36;081;2023;10;12;3;3;0;1;0;0;1;0;0;0;0;0;562296,543899999931455;5282515,376199999824166;9,830214103000060;47,693019908000053;1
95357;08231003317300571450;08;3;17;065;2023;10;17;3;3;0;1;0;1;1;0;0;0;0;0;414199,997999999672174;5355060,572000000625849;7,842093694000027;48,342895519000081;1
95358;08231003311010588590;08;3;15;084;2023;10;17;3;2;5;3;0;0;1;1;0;0;0;0;422177,580599999986589;5309671,435599999502301;7,958030822000069;47,935632350000049;1
95359;08231003311010571270;08;3;36;024;2023;10;18;3;3;5;2;0;0;1;1;0;0;0;0;394833,675200000405312;5278275,934699999168515;7,599629599000025;47,649331234000044;1
95363;08231003222014581610;08;2;22;000;2023;10;00;3;3;6;4;2;0;0;1;1;0;0;1;462870,778599999845028;5480438,110799999907613;8,487474402000032;49,475453507000054;1
95368;08231003135200596200;08;1;35;032;2023;10;14;3;3;0;7;0;0;1;0;0;0;0;0;576839,012400000356138;5391545,950799999758601;10,043714116000046;48,672231633000081;1
95369;08231003135200569750;08;1;35;032;2023;10;18;3;3;0;1;0;1;1;0;0;0;0;0;581115,105399999767542;5392576,977900000289083;10,101988190000043;48,680964335000056;1
95373;08231003121400574580;08;1;25;013;2023;10;11;3;2;0;7;0;0;1;0;0;0;0;0;506516,989500000141561;5434023,672299999743700;9,089205374000073;49,059047453000062;1
95380;08231003116500578210;08;1;16;049;2023;10;18;3;3;0;7;0;1;1;0;0;0;0;0;525243,930399999953806;5385942,329900000244379;9,342576346000044;48,626039280000043;1
95382;08231003116100620330;08;1;16;056;2023;10;09;3;3;0;3;0;0;1;1;0;0;0;0;532018,115799999795854;5395511,644999999552965;9,435244672000067;48,711813541000026;1
95388;08231002435100569880;08;4;35;016;2023;10;13;2;3;4;6;0;0;1;0;0;0;0;1;529960,804999999701977;5283119,812000000849366;9,399340063000068;47,700766956000052;1
95389;08231002435100568860;08;4;35;016;2023;10;12;2;2;3;6;0;0;1;0;0;0;0;0;530165,644100000150502;5279705,709000000730157;9,401834249000046;47,670039164000059;1
95391;08231002416200573120;08;4;16;023;2023;10;19;2;3;4;6;1;0;1;0;0;0;0;0;509831,824799999594688;5375461,492100000381470;9,133177321000062;48,532183213000053;1
95396;08231002327200592190;08;3;27;046;2023;10;15;2;3;6;4;0;0;0;1;1;0;0;0;480158,794499999843538;5324427,710400000214577;8,733640928000057;48,072815333000051;1
95397;08231002326100585520;08;3;26;005;2023;10;08;2;3;5;3;0;0;1;1;0;0;0;0;465726,399000000208616;5298455,116699999198318;8,541967646000046;47,838528286000042;1
95398;08231002326100572930;08;3;26;005;2023;10;14;2;3;6;4;0;0;0;1;1;0;0;0;461909,070100000128150;5298612,961799999698997;8,490940953000063;47,839733575000025;1
95399;08231002317600574670;08;3;17;129;2023;10;14;2;3;1;5;0;0;1;1;0;0;0;0;430065,108900000341237;5350417,176599999889731;8,056936642000039;48,303081895000048;1
95400;08231002317500632320;08;3;17;100;2023;10;12;2;3;2;3;0;0;1;1;0;0;0;0;423137,933899999596179;5366250,699999999254942;7,960644776000038;48,444702554000060;1
95404;08231002311100569440;08;3;15;133;2023;10;18;2;3;3;6;1;0;1;1;0;0;0;0;400663,869300000369549;5328010,079600000753999;7,665804663000074;48,097609300000045;1
95405;08231002311010624400;08;3;36;050;2023;10;15;2;2;0;1;0;0;1;0;0;0;0;0;400247,040099999867380;5273772,053500000387430;7,672718520000046;47,609674335000079;1
95407;08231002231102572820;08;2;36;065;2023;10;10;2;3;0;1;0;0;1;0;0;0;0;0;489157,929299999959767;5415336,082299999892712;8,852090712000063;48,890879947000030;1
95412;08231002216200588350;08;2;11;000;2023;10;17;2;3;5;3;0;0;1;1;0;0;0;0;437871,937800000421703;5397695,893899999558926;8,155155918000048;48,729188052000040;1
95417;08231002212010582280;08;2;12;000;2023;10;11;2;3;5;3;0;0;1;1;0;0;0;0;459008,161500000394881;5428312,394700000062585;8,439489730000048;49,006344358000035;1
95420;08231002127202627610;08;1;27;014;2023;10;15;2;3;4;6;0;0;1;0;0;0;0;0;578451,433899999596179;5444976,658199999481440;10,075882695000075;49,152596608000067;1
95421;08231002126200575720;08;1;26;011;2023;10;17;2;3;5;2;0;0;1;1;0;0;0;0;532364,795099999755621;5448623,775100000202656;9,444178173000068;49,189561871000080;1
95431;08231002111500585880;08;1;11;000;2023;10;16;2;2;5;2;0;0;1;0;0;0;0;1;515840,690000000409782;5405156,797000000253320;9,215707199000065;48,799201553000046;1
95440;08231010211100656820;08;2;11;000;2023;10;16;3;3;6;4;0;0;0;0;1;1;0;0;441891,947100000455976;5403503,715900000184774;8,208996314000046;48,781818051000073;1
95441;08231002135100586490;08;1;35;016;2023;10;12;2;3;5;2;0;0;1;1;0;1;0;0;591441,845800000242889;5385875,579500000923872;10,240769676000070;48,619264365000049;1
95445;08231001435100567690;08;4;35;057;2023;10;14;1;2;6;4;0;0;0;1;1;0;0;0;544149,361800000071526;5280151,382899999618530;9,588146818000041;47,673245450000081;1
95449;08231011425000618830;08;4;25;104;2023;10;17;4;3;5;3;0;0;1;1;0;0;0;0;551245,212899999693036;5342138,033800000324845;9,690054453000073;48,230392159000075;1
95452;08231001416200624220;08;4;16;041;2023;10;11;1;3;5;2;0;0;1;1;0;0;0;0;504634,134999999776483;5378610,310000000521541;9,062806946000023;48,560570911000070;1
95460;08231001335300587200;08;3;35;100;2023;10;15;1;3;8;1;0;0;1;0;0;0;0;0;487723,769899999722838;5286631,195399999618530;8,836272551000036;47,732939164000072;1
95462;08231001335200628670;08;3;35;055;2023;10;18;1;3;0;1;0;0;1;0;0;0;0;0;495615,444400000385940;5285014,990399999544024;8,941539574000046;47,718499066000049;1
95473;08231001226100572500;08;2;26;013;2023;10;09;1;3;5;3;0;0;1;1;0;0;0;0;496800,298899999819696;5478360,983300000429153;8,955847728000037;49,457897000000060;1
95474;08231001216200567240;08;2;16;007;2023;10;14;1;3;8;1;0;0;1;0;0;0;0;0;436691,560399999842048;5393823,312300000339746;8,139700624000056;48,694235180000078;1
95475;08231001215402568080;08;2;15;111;2023;10;18;1;3;0;7;0;0;1;0;0;0;0;0;460870,960400000214577;5445530,093200000002980;8,463293417000045;49,161340044000042;1
95480;08231001136300580360;08;1;36;028;2023;10;12;1;3;6;4;0;0;0;1;1;0;0;0;568433,786000000312924;5404866,060000000521541;9,931773031000034;48,793021730000078;1
95485;08231001121600567570;08;1;25;046;2023;10;14;1;3;0;7;0;0;1;0;0;0;0;0;520216,970300000160933;5432388,134299999102950;9,276649279000026;49,044037803000037;1
95487;08231001119300586400;08;1;19;067;2023;10;13;1;2;4;1;0;0;1;0;0;1;0;0;537799,139600000344217;5403521,789799999445677;9,514562310000031;48,783546353000077;1
95488;08231001118600567260;08;1;18;073;2023;10;14;1;3;2;6;0;0;1;0;0;0;0;0;495218,448499999940395;5420285,951600000262260;8,934711211000035;48,935484122000048;1
95493;08231001116200586200;08;1;16;078;2023;10;18;1;3;5;3;0;0;1;1;0;0;0;0;510561,360600000247359;5393413,041699999943376;9,143516212000065;48,693667009000080;1
95500;08230930437200537030;08;4;37;031;2023;09;14;7;3;6;6;0;0;1;0;1;0;0;0;515824,231700000353158;5346654,753499999642372;9,213261075000048;48,272901121000075;1
95504;08231001118500567540;08;1;18;070;2023;10;10;1;3;7;7;0;0;1;0;0;0;0;0;520982,311200000345707;5423304,004100000485778;9,286652694000054;48,962295942000026;1
95517;08230930325102564640;08;3;25;057;2023;09;13;7;3;6;4;0;0;0;1;1;0;0;0;473094,956500000320375;5356730,969499999657273;8,636763809000058;48,363177977000078;1
95519;08230930317300553710;08;3;17;026;2023;09;18;7;3;3;6;0;0;1;0;0;1;0;0;414503,570199999958277;5344722,877100000157952;7,848283227000024;48,249950172000069;1
95524;08231014326100624590;08;3;26;012;2023;10;14;7;3;5;3;0;1;1;1;0;0;0;0;462707,521399999968708;5309925,858200000599027;8,500633737000044;47,941562724000050;1
95526;08230930226700536520;08;2;26;095;2023;09;13;7;3;0;1;0;0;1;0;0;0;0;0;473156,523000000044703;5461823,214999999850988;8,630710721000071;49,308557918000076;1
95530;08230930225100538030;08;2;25;033;2023;09;15;7;3;0;7;0;0;1;0;0;0;0;0;511052,864000000059605;5458708,991000000387430;9,151970951000067;49,281035075000034;1