OID_;UIDENTSTLAE;ULAND;UREGBEZ;UKREIS;UGEMEINDE;UJAHR;UMONAT;USTUNDE;UWOCHENTAG;UKATEGORIE;UART;UTYP1;ULICHTVERH;IstStrassenzustand;IstRad;IstPKW;IstFuss;IstKrad;IstGkfz;IstSonstige;LINREFX;LINREFY;XGCSWGS84;YGCSWGS84;PLST
95531;08230930222600562120;08;2;22;000;2023;09;18;7;3;4;2;0;0;1;1;0;0;0;0;462489,918499999679625;5482592,639299999922514;8,482012893000046;49,494808978000037;1
95532;08230930212702535750;08;2;15;108;2023;09;11;7;3;5;2;0;0;1;1;0;0;0;0;450056,629499999806285;5424793,472200000658631;8,317529887000035;48,974032194000074;1
95545;08231007117010611860;08;1;17;015;2023;10;18;7;2;3;2;0;0;1;1;0;0;0;0;560168,900399999693036;5392738,241100000217557;9,817482761000065;48,684785421000072;1
95552;08231002136100568760;08;1;36;002;2023;10;15;2;2;0;7;0;0;1;0;0;0;0;0;567165,303000000305474;5418100,282700000330806;9,916674872000044;48,912197875000061;1
95555;08230930111500547450;08;1;11;000;2023;09;17;7;3;6;2;0;0;0;1;1;0;0;0;513624,343399999663234;5402382,341000000014901;9,185434770000029;48,774295340000037;1
95562;08230929435200531970;08;4;35;052;2023;09;06;6;2;0;2;1;0;1;1;0;0;0;0;524088,387900000438094;5293834,827199999243021;9,321663001000047;47,797420360000046;1
95567;08230929421300557190;08;4;21;000;2023;09;15;6;2;6;6;0;0;1;0;1;0;0;0;570024,191300000064075;5362172,565899999812245;9,946223624000027;48,408816462000061;1
95575;08230929335300534210;08;3;35;075;2023;09;14;6;3;5;3;0;0;1;1;0;0;0;0;488289,742700000293553;5287955,422299999743700;8,843785234000052;47,744864502000041;1
95578;08230929326200561760;08;3;26;074;2023;09;16;6;3;0;1;0;0;1;0;0;0;0;0;463439,303999999538064;5323447,273299999535084;8,509279891000062;48,063255106000042;1
95583;08230929317100550180;08;3;17;089;2023;09;16;6;3;5;2;0;0;1;0;0;0;0;0;428698,026899999938905;5378733,888199999928474;8,033686581000040;48,557644768000046;1
95588;08231002222400585460;08;2;26;036;2023;10;15;2;3;5;3;0;0;1;1;0;0;0;0;468609,731100000441074;5479640,631999999284744;8,566754615000036;49,468604360000029;1
95592;08231008336300576160;08;3;36;036;2023;10;13;1;3;5;2;0;0;1;1;0;0;0;0;413373,969499999657273;5281322,411900000646710;7,845846664000021;47,679484539000043;1
95595;08230929225100553970;08;2;25;074;2023;09;07;6;3;6;4;0;0;0;1;1;0;0;0;506465,205199999734759;5466755,823400000110269;9,089023574000066;49,353482951000046;1
95597;08230929216300553540;08;2;16;015;2023;09;11;6;3;5;3;0;0;1;1;0;0;0;0;450383,354000000283122;5405559,788000000640750;8,324329317000036;48,801048367000078;1
95598;08230929216100545240;08;2;16;043;2023;09;13;6;3;5;3;0;0;1;1;0;0;0;0;443139,514700000174344;5412958,288599999621511;8,224666502000048;48,866977873000053;1
95600;08230929215202558090;08;2;15;100;2023;09;14;6;3;5;3;0;0;1;1;0;0;0;0;474084,509600000455976;5450012,739600000903010;8,644241222000062;49,202362279000056;1
95603;08230929212010548360;08;2;12;000;2023;09;08;6;3;5;3;0;0;1;0;0;0;0;1;457854,540199999697506;5428003,998400000855327;8,423748288000070;49,003492583000082;1
95604;08230929212010547850;08;2;12;000;2023;09;06;6;3;5;3;2;0;1;1;0;0;0;0;452881,958100000396371;5429072,684200000017881;8,355638777000024;49,012745876000054;1
95610;08230929127100557330;08;1;27;076;2023;09;07;6;3;0;1;0;0;1;0;0;0;0;0;553135,623800000175834;5440130,871300000697374;9,728099586000042;49,111723119000033;1
95613;08230929121300553610;08;1;21;000;2023;09;07;6;3;6;4;1;0;0;1;1;0;0;0;512296,014899999834597;5441046,760999999940395;9,168522818000042;49,122134950000031;1
95627;08230929111500545770;08;1;11;000;2023;09;11;6;3;1;5;0;0;1;1;0;0;0;0;511490,849899999797344;5410514,078900000080466;9,156624560000068;48,847490535000077;1
95629;08231014311400625830;08;3;15;076;2023;10;18;7;2;5;3;1;1;1;1;0;0;0;0;391876,569799999706447;5294572,738700000569224;7,556220726000049;47,795429973000068;1
95634;08230928436200527910;08;4;36;064;2023;09;06;5;3;5;3;1;0;1;1;0;0;0;0;543239,177899999544024;5289149,925100000575185;9,576915160000055;47,754268483000033;1
95638;08230928435100552390;08;4;35;016;2023;09;18;5;2;2;6;0;0;1;0;0;0;0;0;536572,996000000275671;5277801,720000000670552;9,487023836000049;47,652577570000062;1
95644;08230928335300556600;08;3;35;075;2023;09;14;5;3;5;3;0;0;1;1;0;0;0;0;486964,353000000119209;5289709,450300000607967;8,826052037000068;47,760621003000040;1
95646;08230928325302532960;08;3;25;053;2023;09;14;5;3;2;6;0;0;1;1;0;0;0;0;456933,032800000160933;5341442,973699999973178;8,420135866000066;48,224747319000073;1
95647;08230928317500527800;08;3;17;096;2023;09;09;5;3;5;3;0;0;1;0;0;0;0;1;421759,108900000341237;5370129,952299999073148;7,941277621000040;48,479426247000049;1
95651;08230928231000550270;08;2;31;000;2023;09;12;5;3;5;3;0;0;1;1;0;0;0;0;476404,205000000074506;5413279,039699999615550;8,678223159000026;48,872021086000075;1
95656;08230928221011555180;08;2;21;000;2023;09;08;5;3;4;6;0;0;1;0;0;0;0;0;478115,627500000409782;5473477,370200000703335;8,698292035000065;49,413584049000065;1
95663;08230928212010555290;08;2;12;000;2023;09;12;5;3;5;3;0;0;1;1;0;0;0;0;452632,712100000120699;5429748,349799999967217;8,352151581000044;49,018804415000034;1
95665;08230928212010555110;08;2;12;000;2023;09;15;5;3;5;2;0;0;1;1;0;0;0;0;455235,007000000216067;5429144,411000000312924;8,387807934000023;49,013566267000044;1
95669;08230928127202553800;08;1;27;101;2023;09;17;5;3;5;3;0;0;1;1;0;0;0;0;585383,868900000117719;5444740,431700000539422;10,170884031000071;49,149547253000037;1
95673;08231010416010779720;08;4;15;061;2023;10;15;3;2;6;7;0;0;0;0;1;0;0;1;514253,872700000181794;5371406,639900000765920;9,192937471000050;48,495619560000080;1
95676;08230928121200555380;08;1;21;000;2023;09;14;5;3;0;7;0;0;1;1;0;0;0;0;515481,718700000084937;5441859,532600000500679;9,212215342000036;49,129374135000035;1
95678;08230928119300550360;08;1;19;084;2023;09;13;5;3;5;6;0;0;1;0;0;0;0;1;547178,819400000385940;5413619,647700000554323;9,643402913000045;48,873739066000041;1
95680;08230928118100565330;08;1;18;016;2023;09;15;5;3;3;6;0;0;1;0;0;0;0;1;504786,615100000053644;5428475,379300000146031;9,065454298000077;49,009153342000047;1
95681;08230928118100528680;08;1;18;071;2023;09;10;5;3;5;3;0;0;1;1;0;0;0;0;509316,204900000244379;5418666,955000000074506;9,127169245000061;48,920868438000070;1
95683;08230928116500553770;08;1;16;049;2023;09;13;5;2;6;4;0;0;0;1;1;0;0;0;525121,615000000223517;5385798,635999999940395;9,340907771000047;48,624751528000047;1
95687;08230928111500544760;08;1;11;000;2023;09;09;5;3;5;3;0;0;1;1;0;0;0;0;513341,433799999766052;5404439,760399999096990;9,181651018000025;48,792809832000046;1
95692;08230927436500563100;08;4;36;006;2023;09;18;4;3;6;4;0;0;0;1;1;0;0;0;557065,278699999675155;5282709,921099999919534;9,760530115000051;47,695253410000078;1
95696;08230927436400543250;08;4;36;011;2023;09;17;4;3;0;1;0;0;1;0;0;0;0;0;548598,577800000086427;5297081,939600000157952;9,649306350000074;47,825250648000065;1
95699;08230927416010524040;08;4;15;089;2023;09;14;4;3;0;1;0;0;1;0;0;0;0;0;520900,424899999983609;5361131,409499999135733;9,282389870000031;48,402993821000052;1
95706;08230927335300528590;08;3;35;100;2023;09;16;4;3;8;1;0;0;1;0;0;0;0;0;487779,508899999782443;5286583,706499999389052;8,837017269000057;47,732512937000081;1
95713;08230927317300527180;08;3;17;026;2023;09;15;4;3;5;3;0;0;1;1;0;0;0;0;411376,872000000439584;5346510,831000000238419;7,805798474000028;48,265602965000028;1
95714;08230927317100562700;08;3;17;001;2023;09;07;4;3;5;3;0;0;1;1;0;0;0;0;430622,430999999865890;5387910,207000000402331;8,058229952000033;48,640401950000069;1
95721;08230927311010527010;08;3;36;050;2023;09;15;4;3;5;3;0;0;1;1;0;0;0;0;398678,172500000335276;5273055,735300000756979;7,652015162000055;47,602987432000077;1
95725;08230927235100525460;08;2;35;007;2023;09;20;4;3;6;6;2;0;0;1;1;0;0;0;485699,688799999654293;5398974,393699999898672;8,805483402000050;48,743622473000073;1
95736;08230927222600531850;08;2;22;000;2023;09;14;4;3;1;5;0;0;1;1;0;0;0;0;462606,457799999974668;5482410,961100000888109;8,483639339000035;49,493182072000081;1
95737;08230927216200524460;08;2;16;007;2023;09;11;4;3;0;1;0;0;1;0;0;0;0;0;436657,872000000439584;5393820,423800000920892;8,139243328000020;48,694205778000025;1
95748;08230927121500543380;08;1;25;068;2023;09;15;4;3;5;7;0;0;1;1;0;0;0;0;519678,889100000262260;5459758,520700000226498;9,270624746000067;49,290258817000051;1
95750;08230927121400522510;08;1;25;013;2023;09;07;4;3;0;1;0;0;1;0;0;0;0;0;506406,938099999912083;5434453,079099999740720;9,087705775000074;49,062911341000074;1
95754;08230927118010544920;08;1;15;054;2023;09;14;4;2;5;3;0;0;1;1;0;0;0;0;495759,135200000368059;5396391,387099999934435;8,942341058000068;48,720535391000055;1
95760;08230927111500567640;08;1;11;000;2023;09;07;4;3;6;4;0;0;0;1;1;0;0;0;513615,171400000341237;5402391,206100000068545;9,185310229000038;48,774375291000069;1
95775;08230926415300551930;08;4;15;090;2023;09;18;3;3;3;6;0;0;1;1;0;0;0;0;525463,739699999801815;5353281,205700000748038;9,343569321000075;48,332202044000041;1
95777;08231012118500587240;08;1;18;006;2023;10;07;5;3;6;4;0;0;0;1;1;0;0;0;517852,207999999634922;5421846,061000000685453;9,243826878000050;48,949279194000042;1
95779;08230926336100554920;08;3;36;050;2023;09;15;3;3;5;2;0;0;1;1;0;0;0;0;399595,568500000052154;5274759,162499999627471;7,663826451000034;47,618453112000054;1
95780;08230926335100559370;08;3;35;043;2023;09;19;3;3;6;4;1;0;0;1;1;0;0;0;513607,064299999736249;5279540,098799999803305;9,181255341000053;47,669109526000057;1
95782;08230926325302559970;08;3;25;071;2023;09;15;3;2;0;1;0;0;1;0;0;0;0;0;457928,572999999858439;5340390,172700000926852;8,433643859000028;48,215342718000045;1
95783;08230926325202552170;08;3;25;011;2023;09;12;3;3;2;2;0;0;1;1;0;0;0;0;474966,305800000205636;5343555,503799999132752;8,662809454000069;48,244721200000072;1
95784;08231010426010633500;08;4;26;021;2023;10;18;3;3;5;3;1;0;1;1;0;0;0;0;557249,796099999919534;5327543,426799999549985;9,768938372000036;48,098583719000032;1
95785;08230926325000537510;08;3;27;055;2023;09;15;3;3;5;3;0;0;1;1;0;0;0;0;479330,430499999783933;5318353,742599999532104;8,722814015000040;48,018141467000078;1
95786;08230926317500522910;08;3;17;096;2023;09;17;3;3;5;3;0;0;1;1;0;0;0;0;422053,714200000278652;5369727,490199999883771;7,945338438000022;48,475842733000036;1
95787;08230926317300522740;08;3;17;073;2023;09;18;3;3;3;1;0;0;1;1;0;0;0;0;410656,273299999535084;5347698,057099999859929;7,795839683000054;48,276180556000043;1
95794;08230926311010523300;08;3;36;019;2023;09;06;3;3;4;6;1;0;1;0;0;0;0;0;394291,429200000129640;5276776,586699999868870;7,592773729000044;47,635756204000074;1
95801;08230926212010523110;08;2;12;000;2023;09;12;3;3;2;6;0;0;1;1;0;0;0;0;455856,660000000149012;5427019,672299999743700;8,396539950000033;48,994498798000052;1
95807;08230926126200520530;08;1;26;069;2023;09;07;3;3;5;2;0;0;1;1;0;0;0;0;536910,330500000156462;5447484,144999999552965;9,506454595000037;49,179054165000082;1
95810;08231003118010591290;08;1;18;015;2023;10;17;3;2;5;3;0;1;1;1;0;0;0;0;506436,000799999572337;5429546,853700000792742;9,088025697000035;49,018776882000054;1
95814;08230926121300548320;08;1;21;000;2023;09;09;3;3;3;2;0;0;1;0;0;0;0;1;514352,852900000289083;5443243,542500000447035;9,196790814000053;49,141851194000026;1
95824;08231016216200618400;08;2;16;063;2023;10;16;2;3;3;1;0;0;1;0;0;0;0;0;428940,848799999803305;5399198,025000000372529;8,033465041000056;48,741744977000053;1
95829;08230926116010537640;08;1;16;058;2023;09;15;3;2;5;3;0;0;1;0;0;0;1;0;534404,866999999620020;5395231,332000000402331;9,467664994000074;48,709164785000041;1
95839;08230926111370525050;08;1;11;000;2023;09;13;3;2;0;1;0;0;1;0;0;0;0;0;512475,964700000360608;5406750,398199999704957;9,169937445000073;48,813614034000068;1
95841;08230925437000543730;08;4;37;100;2023;09;16;2;3;5;3;0;0;1;1;0;0;0;0;537273,465699999593198;5317864,606300000101328;9,499800548000053;48,012987801000065;1
95845;08230925435100549130;08;4;35;016;2023;09;13;2;3;6;7;0;0;0;0;1;0;0;1;536096,557300000451505;5279128,877800000831485;9,480789193000021;47,664545305000047;1
95849;08230925426010536450;08;4;26;021;2023;09;18;2;3;5;3;0;0;1;1;0;0;0;0;558924,880199999548495;5328914,738199999555945;9,791624128000024;48,110767523000050;1
95850;08231010119500598060;08;1;19;085;2023;10;07;3;3;6;4;1;0;0;1;1;0;0;0;531094,691200000233948;5414963,667199999094009;9,424165144000028;48,886844543000052;1
95856;08230925415300523470;08;4;15;090;2023;09;16;2;3;6;4;0;0;0;1;1;0;0;0;527601,491899999789894;5355098,198799999430776;9,372531405000075;48,348458787000027;1
95859;08230925335200530900;08;3;35;063;2023;09;13;2;3;5;3;0;0;1;1;0;0;0;0;496587,415400000289083;5288545,931800000369549;8,954471428000033;47,750274944000068;1
95860;08230925335100563890;08;3;35;043;2023;09;12;2;3;4;6;0;0;1;0;0;0;0;0;513794,650600000284612;5280004,306700000539422;9,183768767000061;47,673282336000057;1
95861;08230925335100555570;08;3;35;043;2023;09;08;2;3;0;3;0;0;1;0;0;1;0;0;513941,616999999620020;5279598,293999999761581;9,185713643000042;47,669626021000056;1
95865;08230925325202557520;08;3;25;049;2023;09;15;2;3;5;3;0;0;1;1;0;0;0;0;469631,293700000271201;5333404,536499999463558;8,591677783000023;48,153163373000041;1
95868;08230925325000563520;08;3;27;049;2023;09;15;2;2;5;2;0;0;1;0;0;0;0;1;472930,047100000083447;5324167,715600000694394;8,636616536000076;48,070210266000061;1
95869;08230925317300517090;08;3;17;065;2023;09;07;2;3;0;1;0;0;1;0;0;1;0;0;414281,196600000374019;5354168,985400000587106;7,843370722000031;48,334886883000081;1
95873;08230925311400536610;08;3;15;050;2023;09;17;2;3;5;3;0;0;1;1;0;0;0;0;398757,229000000283122;5303856,003000000491738;7,645899886000052;47,880051013000070;1
95889;08230925216100517210;08;2;16;043;2023;09;07;2;3;2;6;0;0;1;1;0;0;0;0;443388,560999999754131;5412249,581000000238419;8,228160146000050;48,860625823000078;1
95895;08231016221011624090;08;2;21;000;2023;10;17;2;3;5;3;0;0;1;1;0;0;0;0;477286,680200000293553;5469963,683199999853969;8,687064840000062;49,381948546000046;1
95898;08230925136200549870;08;1;36;010;2023;09;18;2;3;5;3;0;0;1;1;0;0;0;0;600525,081799999810755;5411700,358799999579787;10,370283281000070;48,850125170000069;1
95905;08230929119500551260;08;1;19;085;2023;09;14;6;3;5;3;0;0;1;1;0;0;0;0;528830,375900000333786;5412335,563300000503659;9,393092956000032;48,863312645000065;1
95907;08230925121500548120;08;1;25;048;2023;09;12;2;3;0;7;0;0;1;0;0;0;0;0;533808,131900000385940;5461845,386399999260902;9,465101864000076;49,308411470000067;1
95913;08230925119300548240;08;1;19;061;2023;09;16;2;3;0;7;0;0;1;0;0;0;0;0;538841,409500000067055;5414154,558900000527501;9,529757609000058;48,879129179000074;1
95919;08230925117010520310;08;4;25;071;2023;09;16;2;3;2;6;0;0;1;0;0;0;0;1;551254,935200000181794;5371040,165500000119209;9,693706789000032;48,490393896000057;1
95921;08230925116200557810;08;1;16;077;2023;09;15;2;3;0;7;0;0;1;0;0;0;0;0;516118,732400000095367;5391929,400200000032783;9,218975872000044;48,680201289000081;1
95923;08230925111500546940;08;1;11;000;2023;09;07;2;3;5;3;0;0;1;1;0;0;0;0;509612,667899999767542;5397282,367599999532104;9,130714787000045;48,728490981000050;1
95928;08230925111210516470;08;1;11;000;2023;09;07;2;3;5;3;0;0;1;1;0;0;0;0;511031,584300000220537;5397118,358100000768900;9,150005014000044;48,726992047000067;1
95937;08230924421300545050;08;4;25;141;2023;09;18;1;3;8;1;0;0;1;0;0;0;0;0;568283,881900000385940;5362727,199999999254942;9,922800643000073;48,413996574000066;1
95944;08230924337100538790;08;3;37;002;2023;09;13;1;3;5;2;0;0;1;0;0;1;0;0;433018,747000000439584;5270361,210000000894070;8,109221861000037;47,583204269000078;1
95945;08230924336400550810;08;3;36;104;2023;09;11;1;2;0;1;0;0;1;0;0;0;0;0;405754,176699999719858;5292072,526300000026822;7,742022599000052;47,775120695000055;1
95946;08231011335100582880;08;3;35;066;2023;10;16;4;3;0;1;0;0;1;0;0;0;0;0;507767,395899999886751;5281484,252800000831485;9,103501760000029;47,686698916000068;1
95952;08230924317500517120;08;3;17;096;2023;09;18;1;3;8;1;0;0;1;0;0;0;0;0;423587,787999999709427;5374223,907999999821186;7,965269051000064;48,516476053000076;1
95953;08230924317010514150;08;3;17;121;2023;09;11;1;2;0;1;0;0;1;0;0;0;0;0;424375,919999999925494;5342199,217000000178814;7,981700424000053;48,228503919000048;1
95956;08230924311010558330;08;3;15;109;2023;09;14;1;3;5;2;0;0;1;0;0;0;0;0;421961,194000000134110;5315012,426000000908971;7,954164749000029;47,983652252000070;1
95958;08230924311010514750;08;3;15;095;2023;09;14;1;2;2;6;0;0;1;1;0;1;0;0;427262,799499999731779;5318385,859099999070168;8,024631153000030;48,014624136000066;1
95970;08230924128100545020;08;1;28;082;2023;09;14;1;3;6;7;0;0;0;1;1;0;0;0;566811,275000000372529;5472637,321000000461936;9,920893574000047;49,402754190000053;1
95975;08230924119100512250;08;1;19;018;2023;09;11;1;3;4;2;0;0;1;1;0;0;0;0;528703,279900000430644;5419044,995300000533462;9,391831475000060;48,923673726000061;1
95985;08230924116200562960;08;1;16;080;2023;09;17;1;3;4;6;0;0;1;0;0;0;0;0;519207,239099999889731;5397107,938999999314547;9,261174304000065;48,726699971000073;1
95987;08230924116010520090;08;1;16;029;2023;09;12;1;1;5;3;0;0;1;1;0;0;0;0;537755,108000000007451;5386544,994999999180436;9,512410040000077;48,630830629000059;1
95990;08230923436000539670;08;4;35;016;2023;09;11;7;2;5;3;0;0;1;0;0;0;0;1;535253,666000000201166;5277759,069000000134110;9,469452175000072;47,652267051000081;1
95997;08230923335010546310;08;3;35;035;2023;09;16;7;2;3;6;0;1;1;0;0;0;0;0;485519,339999999850988;5289591,783700000494719;8,806773780000071;47,759531454000069;1
95999;08230923325102540580;08;3;25;057;2023;09;10;7;3;1;5;0;0;1;1;0;0;0;0;472758,462399999611080;5356642,754399999976158;8,632226722000041;48,362369923000074;1
96004;08230923311500523100;08;3;15;102;2023;09;18;7;3;0;7;0;0;1;0;0;0;0;0;437974,506599999964237;5298415,151699999347329;8,171128271000043;47,836090189000060;1
96011;08230923212702512680;08;2;15;017;2023;09;21;7;3;5;3;2;0;1;0;0;0;0;0;454055,553000000305474;5417837,662000000476837;8,372955488000059;48,911773837000055;1
96022;08230923118600507230;08;1;18;076;2023;09;00;7;3;0;1;2;0;1;0;0;0;0;0;504612,061700000427663;5422692,023399999365211;9,063001766000070;48,957129698000074;1
96024;08230923118010549080;08;1;18;048;2023;09;18;7;3;5;2;0;0;1;1;0;0;0;0;513979,693799999542534;5414803,637199999764562;9,190694816000075;48,886027365000075;1
96040;08230922426100519810;08;4;26;128;2023;09;19;6;3;5;3;1;0;1;1;0;0;0;0;559626,384100000374019;5331041,843499999493361;9,801345073000050;48,129837912000028;1
96056;08230922311010679830;08;3;11;000;2023;09;17;6;3;0;7;0;0;1;0;0;1;0;0;418133,677000000141561;5315457,196000000461936;7,902795080000033;47,987174774000039;1
96067;08230922222800543190;08;2;22;000;2023;09;11;6;3;5;2;0;0;1;0;0;0;1;0;463123,381099999882281;5486286,273199999704957;8,490415177000045;49,528070057000036;1
96073;08230922215302506950;08;2;15;007;2023;09;05;6;3;0;7;2;0;1;0;0;0;0;0;479009,929999999701977;5433185,441099999472499;8,712730437000062;49,051184075000037;1
96088;08230927111500539290;08;1;11;000;2023;09;22;4;3;3;2;2;0;1;1;0;0;0;0;515784,618999999947846;5405500,184000000357628;9,214956869000048;48,802292042000033;1
96089;08230922118010544230;08;1;15;050;2023;09;15;6;2;5;3;0;0;1;1;0;0;0;0;487953,629599999636412;5402541,029799999669194;8,836037559000033;48,775755447000051;1
96096;08230922111500537470;08;1;11;000;2023;09;19;6;1;5;2;2;0;1;1;0;0;0;0;512480,430599999614060;5407957,149000000208616;9,170034989000044;48,824469706000059;1
96100;08230921436400539850;08;4;36;082;2023;09;18;5;3;5;3;0;0;1;1;0;0;0;0;546966,677799999713898;5293912,641100000590086;9,627161142000034;47,796857887000044;1
96104;08230921436000506160;08;4;36;039;2023;09;18;5;3;3;6;0;0;1;0;0;0;0;0;548401,920800000429153;5288880,991599999368191;9,645764416000077;47,751481979000062;1
96105;08230921426100519800;08;4;26;011;2023;09;14;5;2;5;3;0;0;1;0;0;1;0;0;553037,972000000067055;5329621,830000000074506;9,712631331000068;48,117646284000045;1
96108;08230921416100504850;08;4;16;036;2023;09;16;5;3;4;6;0;0;1;0;0;0;0;0;495216,152499999850988;5370644,465299999341369;8,935255391000055;48,488906208000060;1
96109;08230930116200550740;08;1;16;080;2023;09;13;7;2;6;4;0;0;0;1;1;0;0;0;518675,877399999648333;5394853,229100000113249;9,253847009000026;48,706432812000060;1
96113;08230921317600506960;08;3;17;051;2023;09;16;5;3;2;6;0;0;1;1;0;0;1;0;442891,851700000464916;5340342,030600000172853;8,231245790000060;48,213734368000075;1
96118;08231001119300567290;08;1;19;055;2023;10;12;1;3;0;1;0;0;1;0;0;0;0;0;543466,614000000059605;5405586,210200000554323;9,591928436000046;48,801746525000055;1
96121;08230921231000544020;08;2;31;000;2023;09;09;5;3;6;4;0;0;1;0;1;0;0;0;479777,617100000381470;5414777,725899999961257;8,724151793000033;48,885622017000060;1
96130;08230921136300504680;08;1;36;028;2023;09;17;5;3;0;1;0;0;1;0;0;0;0;0;569660,247999999672174;5402607,802999999374151;9,948087085000054;48,772573140000077;1
96131;08230921136100541720;08;1;36;002;2023;09;15;5;3;4;6;0;0;1;0;0;0;0;0;572762,730600000359118;5417064,315600000321865;9,992872617000046;48,902247515000056;1
96147;08230921116200550870;08;1;16;078;2023;09;06;5;3;5;3;1;0;1;0;0;0;0;0;513479,847000000067055;5391106,866900000721216;9,183099533000075;48,672864278000077;1
96155;08231001435100567670;08;4;35;042;2023;10;14;1;3;0;1;0;0;1;0;0;0;0;0;550582,110600000247359;5278371,685900000855327;9,673630525000021;47,656762104000052;1
96157;08230920436400560650;08;4;36;064;2023;09;18;4;3;3;6;0;0;1;0;0;0;0;0;544951,530000000260770;5292304,991000000387430;9,600087254000073;47,782537681000065;1
96158;08230920436200511850;08;4;36;064;2023;09;11;4;3;5;3;0;0;1;1;0;0;0;0;545727,707200000062585;5292647,568700000643730;9,610484435000046;47,785565222000059;1
96159;08230920435100498860;08;4;35;029;2023;09;10;4;3;5;3;0;0;1;1;0;0;0;0;545216,015999999828637;5272234,234999999403954;9,601537546000031;47,601939090000030;1
96163;08230920421300545090;08;4;25;141;2023;09;14;4;3;6;6;0;0;1;0;1;0;0;0;566358,788399999961257;5363138,980000000447035;9,896853100000044;48,417906400000049;1
96172;08230920335100533730;08;3;35;066;2023;09;19;4;3;0;1;1;0;1;0;0;0;0;0;508040,635700000450015;5281506,258099999278784;9,107143122000025;47,686893570000052;1
96174;08230920317600515590;08;3;17;011;2023;09;13;4;3;5;3;0;0;1;1;0;0;0;0;427203,656700000166893;5355751,460999999195337;8,017434729000058;48,350742806000028;1
96176;08231016311010597890;08;3;11;000;2023;10;11;2;3;3;2;0;0;1;0;0;0;0;0;414909,742300000041723;5316003,458699999377131;7,859487050000041;47,991667830000040;1
96179;08230920316200538380;08;3;16;056;2023;09;10;4;3;6;6;0;0;0;1;1;0;0;0;424016,602800000458956;5327237,647099999710917;7,979535996000038;48,093874151000080;1
96184;08231011216200582950;08;2;16;063;2023;10;17;4;3;4;1;0;0;1;0;0;1;0;0;432920,122200000099838;5405121,892799999564886;8,086617112000056;48,795470430000080;1
96190;08230920311010500450;08;3;11;000;2023;09;20;4;3;0;6;2;0;1;1;0;0;0;0;413035,445399999618530;5317598,407899999991059;7,834046850000050;48,005762762000074;1
96194;08230920231000526690;08;2;36;031;2023;09;18;4;2;5;3;0;0;1;0;0;1;0;0;481533,383799999952316;5420143,333300000056624;8,747858740000027;48,933944058000066;1
96196;08231003436400585360;08;4;36;083;2023;10;11;3;2;5;3;0;0;1;1;0;0;0;0;532355,311499999836087;5302817,769600000232458;9,432723607000071;47,877879158000042;1
96202;08230920215402531860;08;2;15;103;2023;09;13;4;3;0;7;0;0;1;0;0;0;0;0;465042,424999999813735;5441771,398399999365211;8,520834460000060;49,127782053000033;1
96208;08230920212010499130;08;2;12;000;2023;09;10;4;3;5;2;0;0;1;1;0;0;0;0;459087,287600000388920;5428755,735200000926852;8,440526944000055;49,010337534000030;1
96210;08230920211100503370;08;2;11;000;2023;09;17;4;3;6;4;0;0;0;0;1;0;0;1;445587,140399999916553;5399284,157700000330806;8,259851056000059;48,744196351000028;1
96212;08230920136100566970;08;1;36;088;2023;09;07;4;3;6;7;0;0;1;0;1;0;0;0;580558,822700000368059;5412139,229000000283122;10,098263155000041;48,856985711000050;1
96217;08230920127202536820;08;1;27;014;2023;09;17;4;2;6;4;0;0;0;1;1;0;0;0;577023,735100000165403;5442399,558700000867248;10,055814221000048;49,129599275000032;1
96225;08230920121300498700;08;1;21;000;2023;09;07;4;3;0;7;0;0;1;0;0;0;0;0;513922,128299999982119;5446086,672100000083447;9,190983514000038;49,167435981000040;1
96226;08231016136100641850;08;1;36;088;2023;10;16;2;3;6;4;0;0;0;1;1;0;0;0;582486,698699999600649;5407822,842700000852346;10,123672006000049;48,817910212000072;1
96229;08230930311010535250;08;3;15;107;2023;09;10;7;3;5;3;0;0;1;1;0;0;0;0;411030,130099999718368;5309393,093299999833107;7,808865721000075;47,931677602000036;1
96234;08230920117300499490;08;1;17;026;2023;09;15;4;2;0;1;0;0;1;0;0;0;0;0;552769,889000000432134;5398184,768999999389052;9,717661554000074;48,734448366000038;1
96237;08230920111370504520;08;1;11;000;2023;09;13;4;3;5;2;0;0;1;1;0;0;0;0;513200,268799999728799;5406683,908299999311566;9,179801138000073;48,813000933000069;1
96239;08230920111210500740;08;1;11;000;2023;09;11;4;3;6;2;0;0;0;1;1;0;0;0;511045,678899999707937;5397116,353599999099970;9,150196615000027;48,726973765000025;1
96241;08230919437100500210;08;4;37;044;2023;09;13;3;3;2;6;0;0;1;0;0;0;0;0;530253,474700000137091;5326826,189799999818206;9,406305892000034;48,093985019000058;1
96242;08230919436400543070;08;4;36;047;2023;09;15;3;2;4;6;0;0;1;0;0;0;0;1;536306,815700000151992;5310568,212999999523163;9,486222404000046;47,947398586000077;1
96250;08230919335300526990;08;3;35;028;2023;09;21;3;2;8;1;2;0;1;0;0;0;0;0;480893,670500000007451;5288701,505699999630451;8,745089710000059;47,751400683000043;1
96270;08230919216100502300;08;3;17;122;2023;09;16;3;3;0;1;0;0;1;0;0;0;0;0;417826,239299999549985;5367598,573000000789762;7,888567250000051;48,456155332000037;1
96273;08230919212702511110;08;2;15;096;2023;09;10;3;3;1;5;0;0;1;1;0;0;0;0;465749,933000000193715;5420996,423000000417233;8,532287232000044;48,940945557000077;1