OID_;UIDENTSTLAE;ULAND;UREGBEZ;UKREIS;UGEMEINDE;UJAHR;UMONAT;USTUNDE;UWOCHENTAG;UKATEGORIE;UART;UTYP1;ULICHTVERH;IstStrassenzustand;IstRad;IstPKW;IstFuss;IstKrad;IstGkfz;IstSonstige;LINREFX;LINREFY;XGCSWGS84;YGCSWGS84;PLST
96274;08230919212402532200;08;2;12;000;2023;09;11;3;3;5;3;0;0;1;1;0;0;0;0;454116,760999999940395;5426571,095599999651313;8,372806838000031;48,990336960000036;1
96276;08230919212102534240;08;2;15;101;2023;09;12;3;3;5;3;0;0;1;1;0;0;0;0;466313,446999999694526;5426090,395199999213219;8,539560558000062;48,986798731000079;1
96277;08231006212102605110;08;2;12;000;2023;10;01;6;3;5;3;2;0;1;1;0;0;0;0;457925,223000000230968;5427940,320000000298023;8,424721276000071;49,002924608000058;1
96281;08230919136300534260;08;1;36;027;2023;09;16;3;3;8;7;0;0;1;0;0;0;0;0;551985,131599999964237;5420087,835699999704957;9,709767611000075;48,931536582000035;1
96298;08230919118400498170;08;1;18;048;2023;09;16;3;3;6;2;0;0;0;1;1;0;0;0;512325,442800000309944;5416961,768300000578165;9,168194664000055;48,905476461000035;1
96300;08230919118200532310;08;1;18;019;2023;09;06;3;3;4;6;1;1;1;0;0;0;0;0;505096,350300000049174;5406497,463400000706315;9,069415331000073;48,811443013000030;1
96309;08230919111500498140;08;1;11;000;2023;09;17;3;3;5;2;0;0;1;1;0;0;0;0;511053,646300000138581;5397307,899900000542402;9,150310089000072;48,728696776000049;1
96316;08230918435200494630;08;4;35;034;2023;09;09;2;3;5;3;0;0;1;1;0;0;0;0;530391,645200000144541;5283955,804099999368191;9,405140757000026;47,708268607000036;1
96317;08230918435100499810;08;4;35;016;2023;09;13;2;3;5;3;0;1;1;1;0;0;0;0;534768,218399999663234;5278475,770800000056624;9,463044984000021;47,658741797000062;1
96321;08230918416010492650;08;4;15;061;2023;09;13;2;3;3;2;0;0;1;0;0;0;1;0;514295,804299999959767;5371178,698499999940395;9,193497242000035;48,493567965000068;1
96324;08231015311010594550;08;3;11;000;2023;10;10;1;3;4;2;0;1;1;1;0;0;0;0;411616,646900000050664;5319273,170299999415874;7,814683635000051;48,020633027000031;1
96326;08230918335200558840;08;3;35;063;2023;09;11;2;3;5;2;0;1;1;1;0;0;0;0;496719,244699999690056;5287619,289999999105930;8,956237200000032;47,741938090000076;1
96330;08230918317500491120;08;3;17;096;2023;09;08;2;3;0;7;0;1;1;0;0;0;0;0;422097,050400000065565;5368756,325400000438094;7,946105635000038;48,467112553000050;1
96332;08230918311010512630;08;3;11;000;2023;09;16;2;3;3;6;0;0;1;1;0;0;0;0;414548,373999999836087;5315961,732000000774860;7,854652732000034;47,991244293000079;1
96337;08230918231000519650;08;2;31;000;2023;09;11;2;2;6;4;0;1;0;0;1;0;1;0;478100,980600000359118;5415649,842700000852346;8,701234810000074;48,893410314000050;1
96338;08230918226700529360;08;2;26;060;2023;09;18;2;3;2;6;1;0;1;1;0;0;0;0;477861,295800000429153;5463503,544099999591708;8,695340632000068;49,323861163000061;1
96342;08230918222014495450;08;2;22;000;2023;09;09;2;2;5;3;0;0;1;1;0;0;0;0;463005,058699999935925;5483006,643600000068545;8,489087544000029;49,498564364000060;1
96345;08230918216100489430;08;2;16;043;2023;09;00;2;3;0;7;2;0;1;0;0;0;0;0;442191,450299999676645;5411956,936799999326468;8,211881678000054;48,857883087000062;1
96349;08230918212702542080;08;2;15;047;2023;09;19;2;3;0;7;1;0;1;0;0;0;0;0;460129,076700000092387;5413841,577299999073148;8,456232033000049;48,876248422000060;1
96350;08230918212010541270;08;2;12;000;2023;09;00;2;2;8;1;2;0;1;0;0;0;0;0;461006,382000000216067;5425074,311000000685453;8,467122277000044;48,977346509000029;1
96354;08230918212010527690;08;2;12;000;2023;09;18;2;3;2;2;0;0;1;1;0;0;0;0;461758,621000000275671;5427325,588300000876188;8,477189924000072;48,997644360000038;1
96356;08230918212010522350;08;2;12;000;2023;09;20;2;2;5;2;2;1;1;1;0;0;0;0;455370,960900000296533;5429722,231699999421835;8,389603537000028;49,018773660000079;1
96358;08231013117300627560;08;1;17;026;2023;10;16;6;3;6;4;0;0;0;1;1;0;0;0;549124,231100000441074;5394852,694499999284744;9,667688035000026;48,704772982000065;1
96365;08230920118500515330;08;1;18;001;2023;09;16;4;3;0;7;0;0;1;0;0;0;0;0;523444,692300000227988;5418967,054500000551343;9,320042769000054;48,923194132000049;1
96373;08230918115200532030;08;1;15;016;2023;09;17;2;3;0;3;0;0;1;1;0;0;0;0;487109,209099999628961;5377729,553899999707937;8,825317329000029;48,552531973000043;1
96375;08230917437100488760;08;4;35;067;2023;09;15;1;3;4;2;0;0;1;1;0;0;0;0;530308,327100000344217;5296151,412699999287724;9,404880661000050;47,818000509000058;1
96377;08230917436400500630;08;4;36;082;2023;09;01;1;2;0;1;2;0;1;0;0;0;0;0;549015,810300000011921;5295263,819000000134110;9,654674788000023;47,808861559000036;1
96379;08231011436300587120;08;4;36;081;2023;10;14;4;3;4;6;0;0;1;0;0;0;0;0;562866,905500000342727;5282237,801000000908971;9,837774369000044;47,690467401000035;1
96381;08230917426300488930;08;4;26;014;2023;09;11;1;3;5;3;0;0;1;0;0;1;0;0;549930,958399999886751;5315488,130699999630451;9,669238005000068;47,990743928000029;1
96382;08230917426010554360;08;4;25;039;2023;09;12;1;2;3;6;0;0;1;1;0;0;0;0;567459,929800000041723;5354484,743200000375509;9,910344145000067;48,339940675000037;1
96384;08230917426010522330;08;4;26;066;2023;09;09;1;1;5;3;0;0;1;1;0;0;0;0;582933,197999999858439;5321917,753000000491738;10,112750747000064;48,045153031000041;1
96385;08230919116500513780;08;1;16;071;2023;09;13;3;3;4;6;0;0;1;0;0;0;0;0;527155,531999999657273;5390568,526300000026822;9,368820822000032;48,667576389000033;1
96389;08230926136300552800;08;1;36;044;2023;09;17;3;3;7;1;0;0;1;0;0;0;0;0;558410,218999999575317;5408438,975500000640750;9,795818670000074;48,826182686000038;1
96400;08231205326400866770;08;3;26;074;2023;12;06;3;3;5;3;2;1;1;1;0;0;0;0;460518,032999999821186;5323127,515000000596046;8,470101595000074;48,060204196000029;1
96404;08231205317500801270;08;3;17;096;2023;12;17;3;3;5;3;2;1;1;1;0;0;0;0;421756,628200000151992;5368819,093299999833107;7,941489376000050;48,467634886000042;1
96405;08231205317100826900;08;3;17;001;2023;12;17;3;3;3;6;2;0;1;0;0;0;0;1;432279,897900000214577;5386829,460699999704957;8,080902897000044;48,630862360000037;1
96415;08231205221011816850;08;2;21;000;2023;12;07;3;3;0;7;1;1;1;0;0;0;0;0;477008,948699999600649;5471669,787200000137091;8,683139741000048;49,397284308000053;1
96419;08231205212402801590;08;2;12;000;2023;12;14;3;3;5;4;0;1;0;0;1;0;0;1;456862,940000000409782;5428279,826999999582767;8,410161654000035;49,005905191000068;1
96420;08231205212102825620;08;2;15;101;2023;12;06;3;3;6;4;2;1;0;1;1;0;0;0;464401,826999999582767;5428166,023000000044703;8,513250951000032;49,005362390000073;1
96423;08231205136300824000;08;1;36;065;2023;12;06;3;3;5;3;2;1;1;1;0;0;0;0;558978,198400000110269;5405818,114299999549985;9,803179698000065;48,802554304000068;1
96427;08231205127100823200;08;1;27;076;2023;12;06;3;3;3;6;2;2;1;0;0;0;0;1;556014,588800000026822;5438536,189400000497699;9,767324260000066;49,097123994000071;1
96444;08231204421200806400;08;4;21;000;2023;12;16;2;3;6;4;2;1;0;1;1;0;0;0;574506,608599999919534;5362024,073000000789762;10,006757876000052;48,406966749000048;1
96447;08231204335300796760;08;3;35;100;2023;12;06;2;3;7;7;2;2;1;0;0;0;0;0;485874,989099999889731;5287735,167400000616908;8,811579751000068;47,742834383000059;1
96450;08231204317010799530;08;3;17;093;2023;12;10;2;1;6;7;0;0;0;1;1;0;0;0;441895,473000000230968;5351953,630999999120831;8,216238913000041;48,318101027000068;1
96462;08231204215502798640;08;2;15;029;2023;12;22;2;3;6;3;2;0;0;1;1;0;0;0;466836,925699999555945;5448211,130100000649691;8,544900555000027;49,185807461000081;1
96478;08231204121200799150;08;1;21;000;2023;12;16;2;3;5;3;1;2;1;1;0;0;0;0;515970,768400000408292;5443874,243899999186397;9,218998762000069;49,147484620000057;1
96481;08231204119300822080;08;1;19;067;2023;12;07;2;2;6;4;2;0;0;1;1;0;0;0;537731,354700000025332;5406357,269600000232458;9,513900063000051;48,809057237000047;1
96483;08231204118400817710;08;1;18;048;2023;12;08;2;3;5;3;1;1;1;1;0;0;0;0;515041,871799999848008;5416699,135199999436736;9,205253520000042;48,903053872000044;1
96489;08231204111500813630;08;1;11;000;2023;12;18;2;3;5;3;2;0;1;1;0;0;0;0;512392,343200000002980;5406565,248900000005960;9,168792835000033;48,811950128000035;1
96507;08231203118300810510;08;1;18;003;2023;12;00;1;3;6;1;2;2;1;0;1;0;0;0;509636,525399999693036;5417543,262399999424815;9,131515175000061;48,910755105000078;1
96525;08231202425000796110;08;4;25;020;2023;12;16;7;2;6;4;2;1;0;1;1;0;0;0;558555,461900000460446;5361520,032500000670552;9,791174680000040;48,404116491000082;1
96559;08231201317300814360;08;3;17;065;2023;12;06;6;3;3;3;2;1;1;1;0;0;0;0;414179,481900000013411;5355076,507099999114871;7,841813632000026;48,343036065000035;1
96562;08231201311010794260;08;3;11;000;2023;12;07;6;3;5;2;1;1;1;1;0;0;0;0;410761,821899999864399;5316355,449799999594688;7,803829194000059;47,994268672000032;1
96564;08231201235200802100;08;2;35;046;2023;12;17;6;3;6;2;2;1;0;1;1;0;0;0;480123,393000000156462;5376770,056399999186397;8,730699474000062;48,543717581000067;1
96567;08231201225200798250;08;2;25;014;2023;12;06;6;2;4;6;2;2;1;1;0;0;0;0;523474,955500000156462;5479143,371799999848008;9,323971667000023;49,464489225000079;1
96572;08231201215202801140;08;2;15;097;2023;12;07;6;3;6;3;1;1;0;1;1;0;0;0;479176,845599999651313;5441107,137499999254942;8,714606713000023;49,122448321000036;1
96584;08231201127202815750;08;1;27;014;2023;12;15;6;3;6;4;0;1;0;1;1;0;0;0;578397,122200000099838;5442785,377100000157952;10,074711697000055;49,132895583000050;1
96587;08231201126200811450;08;1;26;011;2023;12;10;6;3;6;7;0;1;0;1;1;0;0;0;529866,786500000394881;5447624,216399999335408;9,409821914000077;49,180697503000033;1
96588;08231201119100815910;08;1;19;008;2023;12;17;6;3;6;4;2;1;0;1;1;0;0;0;532712,257699999958277;5420073,198999999091029;9,446639304000030;48,932723986000042;1
96597;08231130437100763130;08;4;37;100;2023;11;11;5;3;0;1;0;2;1;0;0;0;0;0;536280,388199999928474;5318936,826799999922514;9,486575620000053;48,022691551000037;1
96604;08231130426200786060;08;4;26;028;2023;11;16;5;3;6;2;1;1;0;1;1;0;0;0;569372,089999999850988;5343205,588199999183416;9,934291717000065;48,238271578000081;1
96606;08231201216300808610;08;2;16;024;2023;12;05;6;3;5;3;2;1;1;1;0;0;0;0;445376,218999999575317;5408849,823300000280142;8,255710774000022;48,830222883000033;1
96619;08231130235100785850;08;2;35;079;2023;11;16;5;2;6;4;2;1;0;1;1;0;0;0;468936,695000000298023;5402615,982599999755621;8,577198625000051;48,775770850000072;1
96620;08231130231102852420;08;2;36;019;2023;11;11;5;3;6;4;0;1;0;1;1;0;0;0;487748,257299999706447;5409117,405600000172853;8,833045997000056;48,834911748000081;1
96623;08231130231000765180;08;2;37;040;2023;11;07;5;2;6;4;1;1;0;1;1;0;0;0;478163,622700000181794;5364892,004599999636412;8,704768616000024;48,436793937000061;1
96628;08231130215402886250;08;2;15;009;2023;11;15;5;3;6;4;0;0;0;1;1;0;0;0;470870,578700000420213;5442435,347400000318885;8,600671103000025;49,134058303000074;1
96631;08231130135200778650;08;1;35;019;2023;11;17;5;2;6;2;2;1;0;1;1;0;0;0;586478,497399999760091;5390992,111300000920892;10,174505575000069;48,665989714000034;1
96633;08231130121400776220;08;1;25;013;2023;11;10;5;3;6;7;0;1;0;1;1;0;0;0;504913,639800000004470;5436240,168600000441074;9,067285458000072;49,079000826000026;1
96636;08231130119010781080;08;1;19;008;2023;11;17;5;2;6;4;2;0;0;1;1;0;0;0;531811,570899999700487;5421355,712500000372529;9,434442195000031;48,944307741000046;1
96645;08231205118100850860;08;1;18;010;2023;12;16;3;3;4;6;1;1;1;0;0;0;0;0;506645,514999999664724;5432859,621999999508262;9,090945542000043;49,048574841000061;1
96647;08231129435100775300;08;4;35;016;2023;11;15;4;3;3;2;0;1;1;1;0;0;0;0;536191,082799999974668;5278325,833100000396371;9,481981673000064;47,657314706000079;1
96662;08231129326100757580;08;3;26;005;2023;11;07;4;3;5;3;2;1;1;1;0;0;0;0;464714,137799999676645;5298541,495400000363588;8,528433213000028;47,839250680000077;1
96668;08231201212010796710;08;2;12;000;2023;12;19;6;3;5;3;2;1;1;1;0;0;0;0;455982,705299999564886;5429419,994000000879169;8,398002735000034;49,016098958000043;1
96672;08231129221200791020;08;2;21;000;2023;11;17;4;3;6;4;2;1;0;1;1;0;0;0;481672,217299999669194;5473657,518300000578165;8,747315939000032;49,415321997000035;1
96674;08231129212702807360;08;2;15;046;2023;11;14;4;3;1;5;0;0;1;1;0;0;0;0;450878,856499999761581;5415036,562999999150634;8,329940192000038;48,886333650000040;1
96680;08231129121200785730;08;1;21;000;2023;11;08;4;3;5;3;0;0;1;1;0;0;0;0;515168,394500000402331;5442884,652699999511242;9,207959057000039;49,138603261000071;1
96681;08231129119100776390;08;1;19;008;2023;11;19;4;3;6;4;2;1;0;1;1;0;0;0;532668,290400000289083;5420562,911000000312924;9,446078260000036;48,937131487000045;1
96699;08231128317500775330;08;3;17;096;2023;11;04;3;3;4;6;2;1;1;0;0;0;0;0;422134,939100000075996;5368766,955499999225140;7,946616136000046;48,467212862000054;1
96701;08231128316100782240;08;3;16;039;2023;11;07;3;3;6;6;2;1;1;0;1;0;0;0;418699,197399999946356;5328401,863099999725819;7,907913961000077;48,103690447000076;1
96702;08231204121200823130;08;1;21;000;2023;12;16;2;3;5;3;1;1;1;1;0;0;0;0;515624,887799999676645;5442601,076600000262260;9,214206553000054;49,136040956000045;1
96707;08231128222600786420;08;2;22;000;2023;11;07;3;3;3;2;0;1;1;1;0;0;0;0;462929,957100000232458;5482907,257699999958277;8,488059735000036;49,497665855000037;1
96709;08231128215402792110;08;2;15;103;2023;11;14;3;3;5;3;0;0;1;1;0;0;0;0;468311,921299999579787;5440700,821000000461936;8,565732316000037;49,118329322000079;1
96710;08231128215402791310;08;2;15;009;2023;11;16;3;2;4;6;0;1;1;0;0;0;0;0;465644,825100000016391;5438148,392200000584126;8,529399653000041;49,095226585000034;1
96712;08231128212010762740;08;2;12;000;2023;11;08;3;3;5;3;0;1;1;1;0;0;0;0;456364,172100000083447;5426314,870300000533462;8,403553167000041;48,988195081000072;1
96715;08231203212302808400;08;2;12;000;2023;12;04;1;3;0;7;2;2;1;0;0;0;0;0;456852,117700000293553;5428287,618000000715256;8,410012854000058;49,005974516000038;1
96719;08231128119101777460;08;1;19;044;2023;11;19;3;3;6;2;2;1;0;1;1;0;0;0;541894,839800000190735;5425755,379699999466538;9,572593321000056;48,983282922000058;1
96722;08231128118300760010;08;1;18;046;2023;11;07;3;3;5;3;1;1;1;1;0;0;0;0;512901,466400000266731;5411450,934699999168515;9,175881216000050;48,855890586000044;1
96728;08231127421300768160;08;4;21;000;2023;11;15;2;3;5;3;0;1;1;1;0;0;0;0;568381,875000000000000;5355850,330000000074506;9,923005551000074;48,352125650000062;1
96732;08231127335100766180;08;3;35;043;2023;11;11;2;3;5;3;0;0;1;1;0;0;0;0;512787,150999999605119;5279770,481000000610948;9,170340335000049;47,671199162000050;1
96743;08231127221011895570;08;2;21;000;2023;11;18;2;3;6;4;2;1;1;0;1;0;0;0;477799,004999999888241;5472918,753200000151992;8,693958236000071;49,408547905000034;1
96745;08231127221011761150;08;2;21;000;2023;11;14;2;3;4;2;0;1;1;1;0;0;0;0;477528,368999999947846;5470826,814600000157952;8,690345894000075;49,389721276000046;1
96746;08231127212502790920;08;2;12;000;2023;11;19;2;3;5;3;2;1;1;1;0;0;0;0;451940,170599999837577;5430923,238399999216199;8,342541043000040;49,029318956000054;1
96749;08231127212010777450;08;2;15;096;2023;11;18;2;3;6;6;2;1;1;0;1;0;0;0;463784,800800000317395;5418604,329900000244379;8,505665231000023;48,919315813000026;1
96752;08231127136100780450;08;1;36;088;2023;11;18;2;3;5;3;2;1;1;0;0;0;0;1;577736,076999999582767;5410616,156799999997020;10,059498398000073;48,843646835000072;1
96753;08231127127202779440;08;1;27;014;2023;11;06;2;3;0;1;2;1;1;0;0;0;0;0;575726,659799999557436;5443746,189300000667572;10,038290418000031;49,141871979000030;1
96757;08231127121600756160;08;1;25;094;2023;11;15;2;3;6;4;0;1;0;1;1;0;0;0;514168,663700000382960;5436714,401200000196695;9,194036233000077;49,083123307000051;1
96761;08231127118100787330;08;1;18;010;2023;11;18;2;3;6;4;2;1;0;1;1;0;0;0;507037,593600000254810;5431977,497300000861287;9,096295905000034;49,040635305000080;1
96767;08231127117400751810;08;1;17;038;2023;11;19;2;3;6;2;2;1;0;1;1;0;0;0;547354,060600000433624;5397744,821499999612570;9,643961797000031;48,730925994000074;1
96793;08231126116200777550;08;1;16;077;2023;11;13;1;3;5;2;0;0;1;1;0;0;0;0;516192,089300000108778;5389549,517999999225140;9,219879262000063;48,658789807000062;1
96809;08231125316100784630;08;3;16;043;2023;11;17;7;3;4;6;2;1;1;0;0;0;0;0;411643,038200000301003;5331331,135700000450015;7,812544148000029;48,129099750000080;1
96817;08231125215102748240;08;2;12;000;2023;11;15;7;3;5;3;0;1;1;1;0;0;0;0;458378,391699999570847;5433018,553300000727177;8,430395877000024;49,048634710000044;1
96845;08231124326400773490;08;3;26;074;2023;11;08;6;3;5;3;0;1;1;1;0;0;0;0;460581,442999999970198;5319875,815999999642372;8,471252108000044;48,030953454000041;1
96855;08231124231402783330;08;2;31;000;2023;11;07;6;2;6;4;2;1;0;1;1;0;0;0;475196,891800000332296;5412185,316299999132752;8,661825576000069;48,862135194000075;1
96857;08231124231000774620;08;2;36;076;2023;11;06;6;2;5;3;2;1;1;1;0;0;0;0;473207,636400000192225;5423290,567999999970198;8,633974882000075;48,961950540000032;1
96860;08231127226500782030;08;2;26;085;2023;11;16;2;3;6;4;2;1;0;1;1;0;0;0;483352,872200000099838;5453934,603099999949336;8,771309981000059;49,237962034000077;1
96863;08231124215202763100;08;2;15;064;2023;11;15;6;3;5;2;0;1;1;1;0;0;0;0;478240,173799999989569;5451540,784299999475479;8,701205013000049;49,216268917000036;1
96867;08231124212010750710;08;2;12;000;2023;11;13;6;3;2;6;0;1;1;0;0;0;0;0;456383,321499999612570;5425804,530600000172853;8,403869663000023;48,983605851000050;1
96885;08231124118010757670;08;1;15;028;2023;11;07;6;2;6;4;2;1;0;1;1;0;0;0;498901,273000000044703;5401333,556600000709295;8,985048485000050;48,765008702000046;1
96894;08231123435100771290;08;4;35;057;2023;11;20;5;3;6;4;2;0;1;0;1;0;0;0;548034,968999999575317;5280847,811100000515580;9,639983330000064;47,679234311000073;1
96895;08231123435100770530;08;4;35;016;2023;11;12;5;3;5;3;0;0;1;1;0;0;0;0;535006,112700000405312;5277804,085300000384450;9,466159372000050;47,652685523000059;1
96898;08231123421200770030;08;4;21;000;2023;11;16;5;3;6;4;2;0;0;1;1;0;0;0;573917,467500000260770;5361957,079700000584126;9,998786669000026;48,406433504000063;1
96916;08231123317000773530;08;3;17;026;2023;11;18;5;3;4;6;2;0;1;0;0;1;0;0;410364,722500000149012;5345620,887299999594688;7,792351426000039;48,257455691000075;1
96917;08231123317000741190;08;3;17;146;2023;11;14;5;2;5;3;0;0;1;1;0;0;0;0;429625,018799999728799;5353024,397399999201298;8,050567861000047;48,326486223000074;1
96942;08231122436300769720;08;4;36;081;2023;11;00;4;3;0;1;2;1;1;0;0;0;0;0;562526,551199999637902;5282410,756300000473857;9,833264037000049;47,692056455000056;1
96944;08231122435200732190;08;4;35;036;2023;11;07;4;2;6;2;2;1;0;1;1;0;0;0;520258,526999999769032;5282982,615399999544024;9,270016294000072;47,699909687000059;1
96947;08231122435100754870;08;4;35;016;2023;11;15;4;2;5;3;0;0;1;1;0;0;0;0;536165,342199999839067;5279055,169800000265241;9,481699240000069;47,663878282000042;1
96948;08231122435100736310;08;4;35;016;2023;11;17;4;3;5;3;2;1;1;1;0;0;0;0;537354,152999999932945;5278833,480299999937415;9,497513882000021;47,661816090000059;1
96957;08231122311200735000;08;3;11;000;2023;11;09;4;3;5;3;0;1;1;0;0;0;0;1;410171,279500000178814;5318808,994000000879169;7,795401379000054;48,016256073000079;1
96958;08231122311010735340;08;3;11;000;2023;11;08;4;3;3;6;0;0;1;1;0;0;0;0;411308,689000000245869;5315159,647600000724196;7,811404943000070;47,983588204000057;1
96966;08231122225200739390;08;2;25;052;2023;11;14;4;2;4;3;0;0;1;1;0;0;0;0;515523,683899999596179;5480880,318299999460578;9,214307431000066;49,480368034000037;1
96979;08231122121400767850;08;1;25;013;2023;11;06;4;3;6;2;2;0;0;1;1;0;0;0;504798,519000000320375;5435802,822000000625849;9,065703851000023;49,075067587000035;1
96981;08231122121300735790;08;1;21;000;2023;11;17;4;3;8;7;2;0;1;0;0;0;0;0;514180,754599999636412;5446187,082299999892712;9,194534862000069;49,168333279000080;1
96983;08231122119200735450;08;1;19;093;2023;11;17;4;3;6;4;2;0;0;1;1;0;0;0;523348,320399999618530;5406222,565400000661612;9,317999974000031;48,808552330000055;1
96988;08231127426200752180;08;4;26;134;2023;11;09;2;2;0;1;0;1;1;0;0;0;0;0;560021,371799999848008;5335590,424200000241399;9,807294515000024;48,170720072000051;1
96989;08231123326200738330;08;3;26;074;2023;11;07;5;3;5;2;0;0;1;1;0;0;0;0;465392,110000000335276;5324229,827999999746680;8,535426309000059;48,070404530000076;1
97002;08231121337010732990;08;3;37;126;2023;11;12;3;3;0;1;0;1;1;0;0;0;0;0;441445,642799999564886;5274252,122300000861287;8,220759323000038;47,619026259000066;1
97003;08231121327200731390;08;3;27;002;2023;11;22;3;3;2;3;2;1;1;1;0;0;0;0;477182,122999999672174;5327045,728000000119209;8,693541150000044;48,096269865000068;1
97005;08231121325000762700;08;3;27;050;2023;11;20;3;2;6;4;2;1;0;1;1;0;0;0;486778,938099999912083;5315087,673000000417233;8,822801081000023;47,988953765000076;1
97008;08231121317100757220;08;3;17;089;2023;11;18;3;3;5;3;2;0;1;1;0;0;0;0;432337,909900000318885;5375464,043999999761581;8,083540206000066;48,528635339000061;1
97011;08231121311010732550;08;3;36;091;2023;11;18;3;3;5;3;2;0;1;1;0;0;0;0;395329,224000000394881;5271605,993000000715256;7,607820140000058;47,589414622000049;1
97018;08231121222014774460;08;2;22;000;2023;11;06;3;2;6;4;2;0;0;0;1;0;1;0;465954,277400000020862;5484531,278999999165535;8,529684294000049;49,512450430000058;1
97028;08231121135100746960;08;1;35;016;2023;11;18;3;3;6;2;2;1;0;1;1;0;0;0;590930,970999999903142;5385885,567999999970198;10,233841513000073;48,619428668000069;1
97035;08231121118500777870;08;1;18;049;2023;11;07;3;3;6;4;1;1;0;0;1;0;0;1;519170,241899999789894;5420743,016899999231100;9,261776596000061;48,939317184000060;1
97042;08231201212402802220;08;2;12;000;2023;12;22;6;3;5;3;2;1;1;0;0;0;0;1;456407,735999999567866;5424454,743000000715256;8,404348022000022;48,971466013000054;1
97055;08231120311010787130;08;3;11;000;2023;11;08;2;2;1;6;0;0;1;0;0;0;0;0;413037,870500000193715;5317596,122600000351667;7,834079820000056;48,005742535000081;1
97063;08231120215402787110;08;2;15;009;2023;11;19;2;3;4;6;1;1;1;1;0;0;0;0;474076,751899999566376;5437031,239099999889731;8,644969921000040;49,085590528000068;1
97065;08231120212010727850;08;2;12;000;2023;11;06;2;3;6;4;2;0;0;1;1;0;0;0;460493,110700000077486;5431225,239600000903010;8,459509881000031;49,032642784000075;1
97070;08231123221011765730;08;2;21;000;2023;11;15;5;3;4;2;0;0;1;1;0;0;0;0;476643,780299999751151;5472024,689300000667572;8,678086246000021;49,400462698000069;1
97074;08231120121400756420;08;1;25;013;2023;11;10;2;2;6;4;0;0;0;1;1;0;0;0;505729,792299999855459;5435280,996700000017881;9,078447932000074;49,070365548000041;1
97078;08231120118010786600;08;1;15;045;2023;11;18;2;3;6;4;2;0;0;1;1;0;0;0;497773,821999999694526;5396150,332000000402331;8,969734103000064;48,718377297000075;1
97081;08231120117400747880;08;1;17;051;2023;11;16;2;3;4;2;2;0;1;1;0;0;0;0;542259,099999999627471;5395365,496999999508262;9,574436158000026;48,709888897000042;1
97103;08231205327100798500;08;3;27;050;2023;12;06;3;3;5;3;2;1;1;1;0;0;0;0;488549,363499999977648;5314213,790500000119209;8,846552905000067;47,981125440000028;1
97106;08231119212102759370;08;2;12;000;2023;11;10;1;3;2;3;0;1;1;1;0;0;0;0;459437,927799999713898;5429941,591600000858307;8,445203108000044;49,021027662000051;1
97121;08231118426100742200;08;4;26;021;2023;11;18;7;2;0;1;2;1;1;0;0;0;0;0;557620,134999999776483;5327071,481000000610948;9,773848313000030;48,094304605000048;1
97134;08231118212010720360;08;2;12;000;2023;11;10;7;3;5;3;0;0;1;1;0;0;0;0;453439,083999999798834;5427097,728499999269843;8,363483693000035;48,995023335000042;1
97142;08231118119300755820;08;1;19;061;2023;11;21;7;3;9;1;2;1;1;0;0;0;0;0;538996,820399999618530;5414703,191800000146031;9,531929496000032;48,884054602000049;1
97144;08231118119100720160;08;1;19;008;2023;11;10;7;3;6;4;0;0;0;1;1;0;0;0;532077,344700000248849;5421089,084799999371171;9,438050695000072;48,941895580000050;1
97147;08231129435200765160;08;4;35;067;2023;11;15;4;3;5;3;0;0;1;1;0;0;0;0;531911,375900000333786;5294156,928099999204278;9,426147932000049;47,799978131000046;1
97153;08231121121500751400;08;1;25;005;2023;11;14;3;3;5;3;0;1;1;1;0;0;0;0;516112,178999999538064;5450958,017000000923872;9,221221656000068;49,211201368000047;1
97155;08231117435200717670;08;4;35;036;2023;11;20;6;2;6;4;2;1;0;1;1;0;0;0;520216,601800000295043;5283133,268799999728799;9,269464484000025;47,701266513000064;1
97156;08231117435200717150;08;4;35;059;2023;11;13;6;3;0;1;0;1;1;0;0;0;0;0;515021,781000000424683;5291008,995999999344349;9,200495752000052;47,772270439000067;1
97158;08231129121100758980;08;1;25;026;2023;11;07;4;3;6;7;0;0;0;1;1;0;0;0;488001,406000000424683;5447135,190999999642372;8,835372101000075;49,176908357000059;1
97166;08231117311400746390;08;3;15;033;2023;11;12;6;3;5;3;0;1;1;1;0;0;0;0;399279,404699999839067;5305093,825200000777841;7,652593089000050;47,891267211000070;1
97176;08231117231000729390;08;2;35;085;2023;11;06;6;2;6;4;2;1;0;1;1;0;0;0;482560,775000000372529;5395036,640000000596046;8,762953963000029;48,708118583000044;1
97183;08231117216200717300;08;2;16;007;2023;11;16;6;3;2;7;1;1;1;1;0;0;0;0;435763,645899999886751;5395213,437699999660254;8,126876438000068;48,706644573000062;1
97198;08231117121100717620;08;1;25;087;2023;11;08;6;3;5;3;0;1;1;1;0;0;0;0;506586,407499999739230;5457319,742200000211596;9,090536803000020;49,268602987000065;1
97207;08231117117300717390;08;1;17;026;2023;11;07;6;3;6;2;1;1;0;0;1;0;0;1;548890,588299999944866;5394112,345399999991059;9,664424960000076;48,698131546000070;1
97216;08231116436500749140;08;4;36;055;2023;11;17;5;3;2;3;2;1;1;1;0;0;0;0;576451,088999999687076;5297537,638000000268221;10,021463165000057;47,826642543000048;1
97217;08231116436200718150;08;4;36;064;2023;11;18;5;3;6;4;2;1;0;1;1;0;0;0;544003,063400000333786;5291999,901499999687076;9,587395328000071;47,779858268000055;1