OID_;UIDENTSTLAE;ULAND;UREGBEZ;UKREIS;UGEMEINDE;UJAHR;UMONAT;USTUNDE;UWOCHENTAG;UKATEGORIE;UART;UTYP1;ULICHTVERH;IstStrassenzustand;IstRad;IstPKW;IstFuss;IstKrad;IstGkfz;IstSonstige;LINREFX;LINREFY;XGCSWGS84;YGCSWGS84;PLST
97218;08231116426300717590;08;4;26;097;2023;11;17;5;3;6;2;0;1;0;0;1;0;0;1;535439,400500000454485;5334129,827700000256300;9,476558352000040;48,159426142000029;1
97219;08231116426100745700;08;4;26;021;2023;11;10;5;3;5;3;0;0;1;1;0;0;0;0;561070,739000000059605;5328676,316999999806285;9,820415437000065;48,108420481000053;1
97224;08231116336400741230;08;3;36;073;2023;11;18;5;3;3;2;2;1;1;1;0;0;0;0;397962,539900000207126;5276885,657700000330806;7,641604872000073;47,637326301000030;1
97225;08231116335300782480;08;3;35;081;2023;11;17;5;3;6;2;2;1;0;1;1;0;0;0;489835,863099999725819;5296045,269799999892712;8,864221007000026;47,817679177000059;1
97227;08231116335200715820;08;3;35;055;2023;11;17;5;3;4;6;2;1;1;0;0;0;0;0;495063,117100000381470;5286075,482499999925494;8,934163232000060;47,728036980000070;1
97230;08231116326400717950;08;3;26;074;2023;11;17;5;3;2;6;2;1;0;1;1;0;0;0;460622,654299999587238;5319766,242100000381470;8,471814953000035;48,029970187000060;1
97253;08231116136300748470;08;1;36;065;2023;11;17;5;2;6;4;2;1;0;1;1;0;0;0;557845,625300000421703;5405508,691299999132752;9,787713987000075;48,799877452000032;1
97255;08231116127202768780;08;1;27;014;2023;11;15;5;3;6;4;0;1;0;1;1;0;0;0;578314,726200000382960;5443562,880100000649691;10,073733423000022;49,139898814000048;1
97256;08231116127202746600;08;1;27;014;2023;11;17;5;2;6;4;2;1;0;1;1;0;0;0;578345,304100000299513;5443430,336100000888109;10,074126820000060;49,138702839000075;1
97259;08231116118400782500;08;1;18;048;2023;11;19;5;3;6;4;2;0;0;1;1;0;0;0;512486,576799999922514;5415274,013800000771880;9,170341913000073;48,890290638000067;1
97264;08231116116500769630;08;1;16;081;2023;11;17;5;3;4;2;2;1;1;1;0;0;0;0;515499,076000000350177;5385750,926000000908971;9,210326480000049;48,624634804000038;1
97266;08231116115400761950;08;1;15;045;2023;11;11;5;3;5;3;0;0;1;1;0;0;0;0;500282,871500000357628;5395986,990100000053644;9,003845654000031;48,716911774000039;1
97272;08231115436400775290;08;4;36;011;2023;11;18;4;3;6;2;2;1;0;1;1;0;0;0;548792,735999999567866;5297517,141000000759959;9,651949280000053;47,829151400000057;1
97275;08231115335100711050;08;3;35;043;2023;11;11;4;3;0;1;0;0;1;0;0;0;0;0;513424,431499999947846;5279354,790500000119209;9,178816865000044;47,667446002000077;1
97276;08231115335010731500;08;3;27;018;2023;11;14;4;2;2;6;0;0;1;0;0;0;0;1;474264,260400000028312;5302807,755599999800324;8,655806031000054;47,878088565000041;1
97279;08231115317500712360;08;3;17;096;2023;11;16;4;2;2;2;0;0;1;1;0;0;0;0;422260,002399999648333;5364073,881200000643730;7,949179050000055;48,425014273000045;1
97283;08231128135200781220;08;1;35;019;2023;11;16;3;3;6;2;1;1;0;0;1;0;0;1;585527,244500000029802;5395667,608799999579787;10,162556643000073;48,708173315000067;1
97319;08231114436000712040;08;4;35;013;2023;11;17;3;1;6;4;2;1;0;1;1;0;0;0;540558,465599999763072;5275626,739900000393391;9,539892309000038;47,632770959000027;1
97325;08231115425000764070;08;4;25;020;2023;11;22;4;2;5;3;2;0;1;1;0;0;0;0;556805,828300000168383;5361118,319299999624491;9,767482300000040;48,400662898000064;1
97326;08231114335300706590;08;3;35;075;2023;11;12;3;3;5;3;0;1;1;1;0;0;0;0;488607,493200000375509;5288033,880300000309944;8,848021954000046;47,745576123000035;1
97327;08231114335100776520;08;3;35;043;2023;11;17;3;3;2;2;2;1;1;1;0;0;0;0;513524,689199999906123;5280258,093900000676513;9,180180290000067;47,675571529000081;1
97329;08231114325000724090;08;3;25;049;2023;11;20;3;3;6;7;2;1;0;1;1;0;0;0;472369,129300000146031;5334732,527899999171495;8,628402215000051;48,165235848000066;1
97362;08231113337010705630;08;3;37;126;2023;11;17;2;3;6;4;2;1;0;1;1;0;0;0;441923,674899999983609;5273655,787699999287724;8,227199432000020;47,613704087000031;1
97373;08231113222014731880;08;2;26;003;2023;11;16;2;3;6;7;1;1;0;0;1;0;0;1;463978,251500000245869;5460796,718200000002980;8,504540933000044;49,298852337000028;1
97379;08231113135010724310;08;1;35;019;2023;11;15;2;2;6;4;0;0;0;1;1;0;0;0;584347,547899999655783;5392393,020099999383092;10,145855971000060;48,678881367000031;1
97382;08231113127100735870;08;1;27;076;2023;11;09;2;3;5;3;0;1;1;0;0;0;0;1;551974,135900000110269;5438692,124800000339746;9,712000226000043;49,098881219000077;1
97384;08231113121200737140;08;1;21;000;2023;11;14;2;3;6;4;0;1;0;0;1;0;0;1;516130,314000000245869;5443749,189999999478459;9,221181503000025;49,146355550000067;1
97388;08231113118300770320;08;1;18;046;2023;11;17;2;3;5;3;2;0;1;1;0;0;0;0;513063,830000000074506;5411624,316999999806285;9,178100184000073;48,857446901000060;1
97394;08231113111140717170;08;1;11;000;2023;11;20;2;3;5;2;2;1;1;1;0;0;0;0;512299,548100000247359;5402234,254200000315905;9,167399237000041;48,772990761000074;1
97395;08231112416010702800;08;4;16;041;2023;11;18;1;3;5;3;2;1;1;1;0;0;0;0;504456,523599999956787;5372873,735400000587106;9,060338405000039;48,508964015000060;1
97397;08231121326400786360;08;3;26;074;2023;11;13;3;3;9;7;0;0;1;1;0;0;0;0;458135,239000000059605;5323383,711600000038743;8,438097923000043;48,062357178000070;1
97402;08231112325000706710;08;3;25;049;2023;11;19;1;2;6;2;2;1;0;1;1;0;0;0;471537,133299999870360;5334486,095300000160933;8,617229747000067;48,162982045000035;1
97404;08231112231000774590;08;2;31;000;2023;11;18;1;2;6;2;2;1;0;1;1;0;0;0;475995,688799999654293;5415498,130999999120831;8,672521998000036;48,891967584000042;1
97407;08231112222600735470;08;2;22;000;2023;11;17;1;3;5;2;2;1;1;1;0;0;0;0;463568,637000000104308;5486021,002499999478459;8,496592257000032;49,525711027000057;1
97419;08231111435100734960;08;4;35;030;2023;11;18;7;3;6;4;2;1;0;1;1;0;0;0;540921,048499999567866;5271898,618699999526143;9,544370323000066;47,599204802000031;1
97426;08231111311500716440;08;3;15;094;2023;11;15;7;3;3;6;0;1;1;1;0;0;0;0;432100,376000000163913;5313736,714999999850988;8,090227358000050;47,973332573000050;1
97429;08231111311400730270;08;3;15;006;2023;11;10;7;3;1;5;0;0;1;1;0;0;0;0;401981,053299999795854;5309998,807700000703335;7,687609596000073;47,935805701000049;1
97440;08231111216100789860;08;2;16;005;2023;11;14;7;3;5;7;0;0;1;1;0;0;0;0;445403,338200000114739;5418142,882300000637770;8,254839847000028;48,913816861000043;1
97445;08231111111500698270;08;1;11;000;2023;11;13;7;2;6;4;0;1;0;1;1;0;0;0;515871,587399999611080;5405551,437400000169873;9,216143188000046;48,802750896000077;1
97455;08231110336400711740;08;3;36;091;2023;11;07;6;3;5;3;0;1;1;1;0;0;0;0;395984,433899999596179;5273837,892000000923872;7,616002710000032;47,609596403000069;1
97456;08231110336400698450;08;3;36;014;2023;11;19;6;3;6;6;2;1;0;1;1;0;0;0;392884,169300000183284;5279364,990000000223517;7,573411822000025;47,658807476000050;1
97461;08231204126200838140;08;1;26;066;2023;12;16;2;3;6;3;2;1;0;1;1;0;0;0;536081,239900000393391;5450042,962400000542402;9,495308641000065;49,202120007000076;1
97469;08231110222700709860;08;2;22;000;2023;11;17;6;2;0;7;2;1;1;0;0;0;0;0;460209,786100000143051;5482229,978700000792742;8,450563908000049;49,491401788000076;1
97470;08231110221301769450;08;2;21;000;2023;11;13;6;3;5;3;0;1;1;1;0;0;0;0;477521,723399999551475;5474165,120999999344349;8,690065373000039;49,419748600000048;1
97477;08231110136200729970;08;1;36;010;2023;11;06;6;3;0;7;2;1;0;1;1;0;0;0;600207,331100000068545;5417529,535900000482798;10,367381556000055;48,902599796000061;1
97481;08231110136100711940;08;1;36;088;2023;11;17;6;3;5;3;2;1;1;1;0;0;0;0;580514,065000000409782;5413187,300000000745058;10,097859267000047;48,866418060000058;1
97486;08231110118400706620;08;1;18;048;2023;11;20;6;3;5;3;2;0;1;1;0;0;0;0;512812,351200000382960;5416975,789699999615550;9,174839490000068;48,905592712000043;1
97495;08231110116200709200;08;1;16;078;2023;11;18;6;3;6;3;2;1;0;1;1;0;0;0;512165,276999999769032;5392335,580000000074506;9,165279697000074;48,683944880000070;1
97500;08231110111370699080;08;1;11;000;2023;11;12;6;3;6;6;0;0;0;0;1;0;0;1;513258,998700000345707;5406418,518899999558926;9,180592521000051;48,810612275000040;1
97509;08231109426010702700;08;4;21;000;2023;11;07;5;3;5;3;0;0;1;0;0;0;0;1;569632,318400000222027;5357479,086200000718236;9,940151035000042;48,366640326000038;1
97519;08231124235100789610;08;2;35;085;2023;11;13;6;2;6;4;0;1;0;1;1;0;0;0;478067,885200000368059;5396836,306099999696016;8,701788590000035;48,724166445000037;1
97520;08231109335100767580;08;3;35;043;2023;11;14;5;3;6;3;0;0;0;1;1;0;0;0;512727,694400000385940;5279787,380200000479817;9,169548797000061;47,671352389000049;1
97522;08231109335010719530;08;3;35;075;2023;11;20;5;2;6;2;2;1;0;1;1;0;0;0;488878,105999999679625;5287838,948000000789762;8,851636947000031;47,743826932000047;1
97524;08231109317500696000;08;3;17;034;2023;11;17;5;3;6;4;1;1;0;1;1;0;0;0;427182,115000000223517;5361502,453400000929832;8,016147681000064;48,402472042000056;1
97527;08231109316100707210;08;3;16;020;2023;11;21;5;3;0;7;2;0;1;0;0;0;0;0;409095,799899999983609;5339043,464999999850988;7,776670349000028;48,198112471000059;1
97542;08231109128300710100;08;1;28;131;2023;11;17;5;3;6;4;2;1;0;1;1;0;0;0;536926,992399999871850;5512251,734300000593066;9,512727693000045;49,761606807000078;1
97544;08231109125102710420;08;1;26;058;2023;11;09;5;3;6;7;0;0;0;1;1;0;0;0;546681,286500000394881;5450584,204500000923872;9,640876232000039;49,206272698000078;1
97548;08231109119400711250;08;1;19;091;2023;11;16;5;3;6;4;0;0;0;1;1;0;0;0;527098,729299999773502;5403081,246300000697374;9,368871617000025;48,780141575000073;1
97551;08231109118400767640;08;1;18;048;2023;11;19;5;3;5;3;2;0;1;1;0;0;0;0;512501,615000000223517;5417437,209000000730157;9,170613282000033;48,909749862000069;1
97555;08231109117400726360;08;1;17;051;2023;11;17;5;2;4;1;2;1;1;0;0;0;0;0;542436,441700000315905;5394987,794900000095367;9,576807836000057;48,706479190000039;1
97562;08231108435100693280;08;4;35;016;2023;11;14;4;3;4;2;0;0;1;1;0;0;0;0;536393,825000000186265;5278020,568199999630451;9,484656215000030;47,654556740000032;1
97564;08231108435100691680;08;4;35;035;2023;11;07;4;3;5;3;0;0;1;1;0;0;0;0;545102,283999999985099;5284206,810000000521541;9,601259959000060;47,709667077000063;1
97565;08231108426010702270;08;4;21;000;2023;11;08;4;2;0;1;0;1;1;0;0;0;0;0;573350,584400000050664;5357218,114199999719858;9,990300637000075;48,363871627000037;1
97569;08231108335300694980;08;3;35;075;2023;11;16;4;3;5;2;0;0;1;1;0;0;0;0;486952,299100000411272;5289703,827099999412894;8,825891359000025;47,760570164000058;1
97570;08231108335100707000;08;3;35;043;2023;11;13;4;3;5;3;0;0;1;0;0;0;0;0;513422,293300000019372;5279355,815600000321865;9,178788415000042;47,667455269000072;1
97573;08231108317100725110;08;3;17;089;2023;11;07;4;2;5;3;1;1;1;1;0;0;0;0;431750,851499999873340;5375787,473600000143051;8,075536814000031;48,531481077000080;1
97574;08231108317000696170;08;3;17;153;2023;11;16;4;2;2;6;0;0;1;1;0;0;0;0;420758,470399999991059;5389325,178500000387430;7,924083377000045;48,651956507000079;1
97575;08231108311010719490;08;3;11;000;2023;11;06;4;3;3;6;2;1;1;1;0;0;0;0;413158,552500000223517;5315441,460300000384450;7,836133510000025;47,986377036000079;1
97576;08231203221300817940;08;2;21;000;2023;12;18;1;2;7;4;2;0;0;1;1;0;0;0;476981,369599999859929;5475268,010600000619888;8,682550999000057;49,429648677000046;1
97581;08231108231000727950;08;2;37;040;2023;11;15;4;3;5;3;0;0;1;1;0;0;0;0;475205,501000000163913;5369781,005000000819564;8,664485286000058;48,480667356000026;1
97584;08231108222200767540;08;2;22;000;2023;11;17;4;3;5;5;2;0;1;1;0;0;0;0;462877,608300000429153;5480424,382699999958277;8,487569963000055;49,475330447000033;1
97586;08231108215202719410;08;2;15;084;2023;11;15;4;3;4;2;0;0;1;1;0;0;0;0;473192,490399999544024;5444636,706499999389052;8,632354508000049;49,153965679000066;1
97588;08231108215202716620;08;2;15;064;2023;11;20;4;3;6;2;2;0;0;1;1;0;0;0;479063,533999999985099;5451829,557000000029802;8,712495763000049;49,218895166000038;1
97596;08231108136300704700;08;1;36;065;2023;11;07;4;3;5;3;1;0;1;1;0;0;0;0;556999,718999999575317;5407395,444000000134110;9,776457957000048;48,816927102000079;1
97605;08231108119400705510;08;1;19;091;2023;11;14;4;3;2;6;0;0;1;0;0;1;0;0;526961,672000000253320;5406841,375099999830127;9,367252849000067;48,813972709000041;1
97613;08231108116010703390;08;1;16;077;2023;11;15;4;2;5;3;0;0;1;1;0;0;0;0;517120,176699999719858;5390921,177300000563264;9,232538812000030;48,671104601000081;1
97614;08231108111240705480;08;1;11;000;2023;11;16;4;3;6;7;1;0;0;1;1;0;0;0;516025,910799999721348;5403789,819900000467896;9,218176057000051;48,786899649000077;1
97619;08231107337010705640;08;3;37;125;2023;11;16;3;3;2;6;0;0;1;1;0;0;0;0;447011,593100000172853;5273606,017200000584126;8,294902990000026;47,613692388000061;1
97620;08231125221300778660;08;2;21;000;2023;11;14;7;2;5;3;0;0;1;1;0;0;0;0;477028,853500000201166;5475105,988700000569224;8,683215221000069;49,428193117000035;1
97621;08231107325102749830;08;3;25;045;2023;11;06;3;3;6;4;1;1;0;1;1;0;0;0;467197,189500000327826;5348907,376199999824166;8,557751207000024;48,292514824000079;1
97624;08231107316100716630;08;3;16;054;2023;11;19;3;3;3;6;2;0;1;1;0;0;0;0;416283,607300000265241;5335373,225800000131130;7,874102253000046;48,166086610000036;1
97625;08231107311010760520;08;3;11;000;2023;11;13;3;3;4;6;0;1;1;0;0;1;0;0;410305,239500000141561;5321364,340900000184774;7,796662345000072;48,039260642000045;1
97653;08231107116100719970;08;1;16;019;2023;11;10;3;3;6;7;0;0;1;0;1;0;0;0;522887,611200000159442;5398519,636700000613928;9,311296587000072;48,739275171000031;1
97656;08231107111500704520;08;1;11;000;2023;11;16;3;3;5;3;0;1;1;1;0;0;0;0;510745,174999999813735;5403419,755000000819564;9,146274978000065;48,783684234000077;1
97660;08231107111230690610;08;1;11;000;2023;11;08;3;3;6;4;0;0;0;1;1;0;0;0;507827,131799999624491;5396717,880699999630451;9,106424079000021;48,723437824000030;1
97677;08231106231102710600;08;2;36;033;2023;11;05;2;2;7;1;2;1;1;0;0;0;0;0;481374,117600000463426;5430310,582399999722838;8,745218412000042;49,025399379000078;1
97680;08231106231000695710;08;2;37;028;2023;11;16;2;3;3;2;0;1;1;1;0;0;0;0;457369,389299999922514;5368218,710999999195337;8,423299589000067;48,465656423000041;1
97687;08231106212010704650;08;2;12;000;2023;11;19;2;3;5;3;2;1;1;1;0;0;0;0;452514,287899999879301;5427570,066099999472499;8,350786789000040;48,999201596000034;1
97689;08231112116500704400;08;1;16;020;2023;11;16;1;3;6;4;1;1;0;1;1;0;0;0;526629,116499999538064;5382258,625499999150634;9,361137446000043;48,592843045000052;1
97698;08231106121500688250;08;1;25;007;2023;11;06;2;3;6;6;2;1;0;0;1;0;0;1;514032,890599999576807;5452695,577600000426173;9,192733789000044;49,226882260000082;1
97699;08231106121400690120;08;1;25;074;2023;11;17;2;3;5;2;2;1;1;1;0;0;0;0;510304,781999999657273;5439946,903000000864267;9,141204019000043;49,112277890000030;1
97700;08231106121200722980;08;1;21;000;2023;11;16;2;3;0;7;1;1;1;1;0;0;0;0;516794,665599999949336;5443686,524399999529123;9,230288513000062;49,145774045000053;1
97701;08231106119400727440;08;1;19;079;2023;11;10;2;3;5;3;0;1;1;1;0;0;0;0;522152,772699999623001;5410444,163300000131130;9,301945152000030;48,846572589000061;1
97722;08231105316200710020;08;3;16;055;2023;11;13;1;3;5;3;0;1;1;1;0;0;0;0;426715,127999999560416;5332054,958000000566244;8,014943728000048;48,137525204000042;1
97723;08231105311400688330;08;3;15;074;2023;11;16;1;3;5;3;0;0;1;1;0;0;0;0;395955,010200000368059;5296374,218299999833107;7,610231303000035;47,812305988000048;1
97727;08231105222014752550;08;2;22;000;2023;11;17;1;2;6;4;2;1;0;1;1;0;0;0;466036,903300000354648;5484562,527799999341369;8,530822979000050;49,512736132000043;1
97738;08231105118400708590;08;1;18;048;2023;11;20;1;3;7;1;2;1;1;0;0;0;0;0;513549,205799999646842;5416692,733599999919534;9,184885285000064;48,903030736000062;1
97746;08231104335300707450;08;3;35;075;2023;11;09;7;3;5;2;0;0;1;1;0;0;0;0;488109,426199999637902;5290017,866499999538064;8,841323418000059;47,763418127000079;1
97752;08231104212402686380;08;2;12;000;2023;11;10;7;3;4;6;0;0;1;0;0;0;0;0;453155,799300000071526;5427230,230799999088049;8,359595991000049;48,996193772000026;1
97776;08231103415400745610;08;4;15;061;2023;11;16;6;3;5;3;0;1;1;1;0;0;0;0;514494,678799999877810;5371533,651900000870228;9,196201362000068;48,496756696000034;1
97784;08231103311010707840;08;3;11;000;2023;11;16;6;3;5;2;0;0;1;1;0;0;0;0;413271,438000000081956;5315850,090900000184774;7,837563552000063;47,990068130000054;1
97785;08231103311010707830;08;3;11;000;2023;11;12;6;3;6;4;0;0;1;0;1;0;0;0;412710,501600000075996;5317791,165100000798702;7,829651965000039;48,007452374000081;1
97786;08231103311010707780;08;3;11;000;2023;11;13;6;2;3;6;0;0;1;0;0;0;1;0;414069,274699999950826;5315816,223699999973178;7,848261613000034;47,989871188000052;1
97787;08231103311010701390;08;3;11;000;2023;11;01;6;3;0;1;2;0;1;0;0;0;0;0;414568,045199999585748;5317241,934599999338388;7,854661464000060;48,002762846000053;1
97799;08231127127100787670;08;1;27;076;2023;11;17;2;3;4;6;2;1;1;0;0;0;0;1;555490,910699999891222;5439911,151599999517202;9,760340171000053;49,109538773000054;1
97813;08231103121300707990;08;1;21;000;2023;11;17;6;3;5;3;2;0;1;1;0;0;0;0;513388,494500000029802;5445803,581100000068545;9,183653757000059;49,164901364000059;1
97825;08231103115300686180;08;1;15;028;2023;11;16;6;3;5;3;1;0;1;1;0;0;0;0;498497,473799999803305;5401963,253900000825524;8,979551272000037;48,770672603000037;1
97840;08231102311400683870;08;3;15;108;2023;11;11;5;3;6;7;0;1;0;1;1;0;0;0;405043,586699999868870;5303800,775100000202656;7,729968629000041;47,880514887000061;1
97850;08231111435200785580;08;4;35;005;2023;11;20;7;3;4;6;2;0;1;0;0;0;0;0;528019,442300000227988;5287243,897199999541044;9,373729989000026;47,737960286000032;1
97862;08231116119500748910;08;1;19;085;2023;11;17;5;3;5;2;2;1;1;0;0;0;0;1;528662,894999999552965;5413766,176000000908971;9,390909702000044;48,876189643000032;1
97865;08231102119200699700;08;1;19;020;2023;11;12;5;3;5;3;0;0;1;1;0;0;0;0;519798,629800000227988;5406233,426000000908971;9,269654952000053;48,808773261000056;1
97876;08231101426010724070;08;4;26;070;2023;11;00;4;3;0;1;2;0;1;0;0;0;0;0;565694,513199999928474;5339660,342199999839067;9,884219549000022;48,206771144000072;1
97882;08231101325000701670;08;3;26;075;2023;11;14;4;2;6;4;0;0;0;1;1;0;0;0;460231,875400000251830;5316860,890399999916553;8,466843062000066;48,003807188000053;1
97887;08231101222000683150;08;2;22;000;2023;11;00;4;2;6;4;2;0;0;1;1;0;0;0;461685,710400000214577;5481085,565999999642372;8,471053922000067;49,481203397000058;1
97892;08231101126100690080;08;1;26;046;2023;11;13;4;3;0;7;0;0;1;0;0;0;0;0;551926,966099999845028;5458772,908800000324845;9,713948435000077;49,279504295000038;1
97893;08231101121400687480;08;1;25;058;2023;11;06;4;2;6;4;2;0;0;1;1;0;0;0;509769,075299999676645;5443756,661599999293685;9,133955671000024;49,146556896000050;1
97897;08231101118500683460;08;1;18;049;2023;11;15;4;3;0;7;0;0;1;0;0;0;0;0;519091,466699999757111;5421014,306199999526143;9,260713614000053;48,941760035000073;1
97898;08231101118010693690;08;1;15;045;2023;11;13;4;2;6;4;0;0;1;0;1;0;0;0;497204,508600000292063;5396955,547199999913573;8,961988574000031;48,725618760000032;1
97903;08231101111320692770;08;1;11;000;2023;11;17;4;3;6;6;2;0;1;0;1;0;0;0;516741,333999999798834;5406867,959400000050664;9,228041213000040;48,814571307000051;1
97913;08231031336100657370;08;3;36;084;2023;10;09;3;2;6;7;0;1;0;1;1;0;0;0;405361,029000000096858;5277420,828999999910593;7,739957517000050;47,643264294000062;1
97914;08231031335100657590;08;3;35;043;2023;10;11;3;3;5;2;0;0;1;1;0;0;0;0;512420,428399999625981;5280752,754699999466538;9,165483109000036;47,680044476000035;1
97915;08231031335010662870;08;3;35;043;2023;10;19;3;2;6;4;2;1;0;1;1;0;0;0;513032,480600000359118;5284455,820100000128150;9,173748380000063;47,713351214000056;1
97930;08231031212402665900;08;2;12;000;2023;10;11;3;3;6;2;0;0;0;1;1;0;0;0;455715,979100000113249;5428217,939799999818206;8,394486239000059;49,005267276000041;1
97937;08231031136300666310;08;1;36;065;2023;10;09;3;3;6;4;0;0;0;1;1;0;0;0;558466,739799999631941;5403235,743499999865890;9,795847757000047;48,779374004000033;1
97943;08231031121100673490;08;1;25;049;2023;10;11;3;3;5;3;0;1;1;1;0;0;0;0;499329,714800000190735;5450511,069199999794364;8,990797635000035;49,207392418000040;1
97953;08231031115300675660;08;1;15;050;2023;10;00;3;3;6;2;2;0;0;1;1;0;0;0;490375,275000000372529;5399871,807000000029802;8,869060768000054;48,751785393000034;1
97956;08231030437000669130;08;4;35;059;2023;10;07;2;2;6;4;0;0;0;1;1;0;0;0;514517,469200000166893;5291624,880200000479817;9,193785329000036;47,777823412000032;1
97960;08231030436000652480;08;4;36;009;2023;10;14;2;3;0;7;0;0;1;0;0;0;0;0;556195,805999999865890;5307725,982999999076128;9,752186088000030;47,920392048000053;1
97964;08231030335300671460;08;3;35;035;2023;10;14;2;3;6;6;0;0;0;1;1;0;0;0;482146,180200000293553;5295240,334699999541044;8,761531224000066;47,810269397000070;1
97980;08231030231000672080;08;2;37;040;2023;10;03;2;1;6;4;2;1;0;0;1;0;0;1;477991,876400000415742;5366484,583599999547005;8,702362910000033;48,451115383000058;1
97983;08231030221200680650;08;2;21;000;2023;10;20;2;3;5;2;2;1;1;1;0;0;0;0;476556,253200000151992;5472851,945900000631809;8,676831067000023;49,407900374000064;1
97990;08231030127202673990;08;1;27;014;2023;10;11;2;3;5;3;0;1;1;1;0;0;0;0;575444,798600000329316;5443559,022900000214577;10,034391435000032;49,140223302000038;1
97994;08231030119400649980;08;1;19;079;2023;10;11;2;3;6;4;0;0;0;1;1;0;0;0;523757,548399999737740;5408253,230799999088049;9,323691090000068;48,826804196000069;1
97995;08231114426010744890;08;4;21;000;2023;11;22;3;1;6;4;2;1;0;1;1;0;0;0;569847,489000000059605;5364198,164999999105930;9,944173591000038;48,427056958000037;1
98010;08231029436400671400;08;4;36;011;2023;10;17;1;3;6;6;1;0;1;0;1;0;0;0;548901,459999999962747;5297924,669099999591708;9,653447937000067;47,832809618000056;1
98012;08231029426300645100;08;4;26;005;2023;10;12;1;2;5;3;0;0;1;1;0;0;0;0;546309,140999999828637;5332122,760099999606609;9,622498881000070;48,140670815000078;1
98018;08231029335200644760;08;3;35;061;2023;10;15;1;3;0;1;0;0;1;0;0;0;0;0;493445,501099999994040;5278305,015499999746680;8,912707977000025;47,658106555000074;1
98023;08231029311400658480;08;3;15;050;2023;10;12;1;3;5;3;0;0;1;1;0;0;0;0;400667,245900000445545;5302679,485899999737740;7,671709318000069;47,869766674000061;1
98024;08231029311010668200;08;3;11;000;2023;10;02;1;2;3;6;2;0;1;0;0;0;0;0;412998,415400000289083;5315355,577800000086427;7,834005182000055;47,985582730000033;1
98026;08231029231402679930;08;2;31;000;2023;10;20;1;3;6;2;2;1;0;1;1;0;0;0;478320,358599999919534;5414972,985099999234080;8,704263623000031;48,887329243000067;1
98028;08231124127010750100;08;1;27;075;2023;11;12;6;1;3;6;0;1;0;1;1;0;1;0;578549,302799999713898;5466227,092800000682473;10,081391108000048;49,343702643000029;1
98030;08231029216200674720;08;2;16;041;2023;10;10;1;3;6;6;0;0;0;1;1;0;0;0;430624,648699999786913;5392814,076500000432134;8,057437861000039;48,684512150000046;1
98037;08231107311400760590;08;3;15;033;2023;11;17;3;3;2;6;2;0;1;1;0;0;0;0;399727,717600000090897;5305950,767699999734759;7,658389631000034;47,899045518000037;1
98047;08231029117010661560;08;1;17;019;2023;10;09;1;3;0;6;0;0;1;1;0;0;0;0;554099,719999999739230;5396007,475600000470877;9,735459847000072;48,714748896000060;1
98067;08231028231102671930;08;2;36;028;2023;10;14;7;3;6;4;0;1;0;1;1;0;0;0;494072,316999999806285;5422513,070399999618530;8,919029183000021;48,955508680000037;1
98068;08231028226500680180;08;2;26;085;2023;10;15;7;3;6;4;0;1;0;1;1;0;0;0;491217,070000000298023;5455463,050000000745058;8,879310578000059;49,251874087000033;1
98069;08231028225200659760;08;2;25;014;2023;10;15;7;3;0;1;0;1;1;0;0;0;0;0;523259,667999999597669;5485634,934000000357628;9,321382670000048;49,522887178000076;1
98072;08231028221011671530;08;2;21;000;2023;10;11;7;3;3;2;0;0;1;1;0;0;0;0;477695,421900000423193;5472982,425699999555945;8,692526783000062;49,409116841000071;1
98080;08231028127100670380;08;1;27;025;2023;10;17;7;3;3;2;0;0;1;1;0;0;0;0;556305,165000000037253;5427775,869999999180436;9,769808671000021;49,000311346000046;1
98088;08231027435200658650;08;4;35;059;2023;10;13;6;3;6;6;0;0;0;1;1;0;0;0;512320,821100000292063;5290749,120500000193715;9,164438832000030;47,769989516000066;1
98091;08231027421300638970;08;4;21;000;2023;10;10;6;3;5;3;0;1;1;1;0;0;0;0;572583,254399999976158;5360408,377100000157952;9,980493527000021;48,392657621000069;1
98103;08231027317100658820;08;3;17;118;2023;10;19;6;2;0;3;2;0;1;1;0;0;0;0;435837,226400000043213;5385107,590700000524521;8,129443407000053;48,615748979000045;1
98105;08231027317100646540;08;3;17;089;2023;10;08;6;3;9;1;0;0;1;0;0;0;0;0;432374,505499999970198;5374527,475099999457598;8,084187726000039;48,520214648000035;1
98109;08231027316100667860;08;3;16;053;2023;10;15;6;3;5;3;0;0;1;1;0;0;0;0;404260,677799999713898;5342398,030700000002980;7,710861803000057;48,227574638000078;1
98113;08231027311010655250;08;3;15;056;2023;10;14;6;3;1;5;0;1;1;0;0;0;0;1;414770,074300000444055;5309597,997300000861287;7,858885273000055;47,934029176000081;1
98115;08231027311010645140;08;3;36;019;2023;10;15;6;3;0;3;0;0;1;1;0;0;0;0;394706,383500000461936;5275835,561799999326468;7,598522393000053;47,627359234000039;1
98120;08231116435100786950;08;4;35;016;2023;11;17;5;3;1;5;2;1;1;0;0;0;0;0;533431,834300000220537;5280028,175699999555945;9,445366315000058;47,672779916000081;1
98131;08231027135010667800;08;1;35;016;2023;10;11;6;1;5;3;0;0;1;1;0;0;0;0;593710,316100000403821;5385970,101500000804663;10,271563978000074;48,619778810000071;1
98158;08231130221011774910;08;2;21;000;2023;11;17;5;2;3;6;2;0;1;0;0;0;1;0;477610,624499999918044;5473954,400599999353290;8,691303028000050;49,417856484000026;1