OID_;UIDENTSTLAE;ULAND;UREGBEZ;UKREIS;UGEMEINDE;UJAHR;UMONAT;USTUNDE;UWOCHENTAG;UKATEGORIE;UART;UTYP1;ULICHTVERH;IstStrassenzustand;IstRad;IstPKW;IstFuss;IstKrad;IstGkfz;IstSonstige;LINREFX;LINREFY;XGCSWGS84;YGCSWGS84;PLST
98173;08231026436400651010;08;4;36;082;2023;10;21;5;3;6;4;2;1;0;1;1;0;0;0;547702,249200000427663;5295252,547499999403954;9,637130236000075;47,808858863000069;1
98181;08231026435100633390;08;4;35;016;2023;10;06;5;3;5;3;2;1;1;1;0;0;0;0;533103,247000000439584;5280351,239000000059605;9,441013624000050;47,675703564000059;1
98193;08231026316100662780;08;3;16;043;2023;10;12;5;2;5;3;0;1;1;1;0;0;0;0;411554,230999999679625;5331176,844000000506639;7,811382937000076;48,127699553000070;1
98195;08231202221200811500;08;2;21;000;2023;12;01;7;3;0;7;2;2;1;0;0;0;0;0;477168,924999999813735;5471784,070000000298023;8,685337915000048;49,398318286000062;1
98196;08231026311100635850;08;3;15;133;2023;10;20;5;2;6;1;2;1;0;1;1;0;0;0;396363,206000000238419;5328678,513000000268221;7,607896913000047;48,102936383000042;1
98197;08231026311010653400;08;3;11;000;2023;10;08;5;3;4;2;0;1;1;1;0;0;0;0;418268,356599999591708;5315389,549000000581145;7,904612645000043;47,986583477000067;1
98200;08231114116500774270;08;1;16;049;2023;11;05;3;3;8;1;2;1;1;0;0;0;0;0;523074,222500000149012;5383371,183499999344349;9,312989490000064;48,602992838000034;1
98218;08231026119400665230;08;1;19;079;2023;10;15;5;3;5;3;0;1;1;1;0;0;0;0;523948,319000000134110;5411101,061000000685453;9,326456693000068;48,852415157000053;1
98226;08231026115300639660;08;1;15;050;2023;10;16;5;3;5;3;0;0;1;0;0;0;1;0;489228,194000000134110;5402194,073000000789762;8,853394606000052;48,772657618000039;1
98227;08231026111500634850;08;1;11;000;2023;10;19;5;3;6;4;2;1;0;0;1;0;0;1;513637,022800000384450;5402395,625399999320507;9,185607783000023;48,774414568000054;1
98229;08231102115200684260;08;1;15;021;2023;11;09;5;3;5;3;0;1;1;1;0;0;0;0;490017,854000000283122;5381721,963999999687076;8,864636314000052;48,588501805000078;1
98230;08231026111210638980;08;1;11;000;2023;10;17;5;3;3;2;0;1;1;1;0;0;0;0;515911,810399999842048;5398861,018600000068545;9,216432100000077;48,742563471000039;1
98232;08231025436100630280;08;4;36;010;2023;10;12;4;2;0;1;0;0;1;0;0;0;0;0;565834,350200000219047;5306179,979800000786781;9,880948158000024;47,905566382000075;1
98248;08231025311010680000;08;3;11;000;2023;10;15;4;3;5;3;0;1;1;1;0;0;0;0;411679,382000000216067;5319207,010099999606609;7,815538428000025;48,020046578000063;1
98251;08231025311010629880;08;3;11;000;2023;10;08;4;3;0;7;0;1;1;0;0;0;0;0;411937,179299999959767;5318952,545399999246001;7,819047251000029;48,017793195000081;1
98253;08231025226600679140;08;2;26;082;2023;10;00;4;3;0;1;2;1;1;0;0;0;0;0;475349,051099999807775;5480043,957000000402331;8,659742954000023;49,472543146000078;1
98260;08231025222400678970;08;2;26;036;2023;10;12;4;3;3;2;0;1;1;1;0;0;0;0;467804,776600000448525;5481004,574599999934435;8,555534059000024;49,480830336000054;1
98261;08231025215402635570;08;2;15;009;2023;10;12;4;3;6;4;0;1;0;0;1;0;0;1;470637,393799999728799;5441519,569099999964237;8,597541188000037;49,125809602000061;1
98264;08231025212010633460;08;2;15;089;2023;10;07;4;2;6;4;1;0;0;0;1;0;0;1;469139,189799999818206;5430761,930500000715256;8,577827523000053;49,028968543000076;1
98267;08231025128010675190;08;1;28;007;2023;10;18;4;1;6;4;1;1;0;1;1;0;0;0;555907,628299999982119;5480738,799200000241399;9,771761504000040;49,476719042000070;1
98269;08231115225200727920;08;2;25;039;2023;11;15;4;3;6;4;0;1;0;1;1;0;0;0;531044,359100000001490;5494536,251299999654293;9,429644198000062;49,602601175000075;1
98277;08231027426010668400;08;4;26;100;2023;10;07;6;2;2;6;1;1;1;1;0;0;0;0;572380,101800000295043;5315693,854299999773502;9,970126833000052;47,990447707000044;1
98280;08231025118010657230;08;1;18;047;2023;10;07;4;2;6;4;0;1;0;1;1;0;0;0;507320,700100000016391;5425734,918999999761581;9,100057067000023;48,984476376000032;1
98292;08231024436400650390;08;4;36;087;2023;10;18;3;3;6;4;2;1;0;1;1;0;0;0;547262,788399999961257;5302637,508799999952316;9,632067599000038;47,875332961000026;1
98294;08231024436100629950;08;4;36;055;2023;10;18;3;3;6;4;1;1;0;1;1;0;0;0;576830,911299999803305;5297004,497300000861287;10,026442565000025;47,821801137000080;1
98296;08231024436000662630;08;4;35;016;2023;10;07;3;1;4;1;2;0;1;0;0;0;0;0;538401,290000000037253;5283844,855000000447035;9,511900911000055;47,706843737000042;1
98299;08231024435100629390;08;4;35;057;2023;10;18;3;3;5;3;2;1;1;1;0;0;0;0;545767,437599999830127;5279843,413799999281764;9,609668910000039;47,670362080000075;1
98308;08231024335300627450;08;3;35;075;2023;10;11;3;3;6;2;0;1;0;1;1;0;0;0;487751,053600000217557;5289899,429899999871850;8,836544388000050;47,762345779000043;1
98315;08231024317300626750;08;3;17;026;2023;10;17;3;3;5;3;0;1;1;0;0;1;0;0;412230,126799999736249;5345224,026000000536442;7,817560569000022;48,254147150000051;1
98321;08231024311100658410;08;3;15;115;2023;10;16;3;3;5;3;0;1;1;1;0;0;0;0;407623,126600000075996;5320397,044199999421835;7,760896588000037;48,030177313000081;1
98325;08231024311010626350;08;3;11;000;2023;10;12;3;3;3;3;0;1;1;1;0;0;0;0;411288,037800000049174;5318218,604100000113249;7,810495850000052;48,011101422000081;1
98329;08231028222014680960;08;2;22;000;2023;10;14;7;3;6;7;0;0;1;0;1;0;0;0;461778,118200000375509;5481038,981399999931455;8,472334099000022;49,480790219000028;1
98346;08231024221200679130;08;2;21;000;2023;10;23;3;2;0;7;2;1;1;0;0;0;0;0;477672,403900000266731;5473152,433000000193715;8,692199919000075;49,410645186000067;1
98347;08231024221011638350;08;2;21;000;2023;10;07;3;2;2;6;2;1;1;1;0;0;0;0;477309,357800000347197;5469613,505699999630451;8,687397258000033;49,378799585000081;1
98355;08231024212010633630;08;2;12;000;2023;10;08;3;3;5;2;1;1;1;1;0;0;0;0;458110,221400000154972;5427626,289799999445677;8,427282975000026;49,000112438000031;1
98363;08231024135200627810;08;1;35;019;2023;10;11;3;3;3;2;0;1;1;1;0;0;0;0;583854,285000000149012;5392426,854800000786781;10,139163276000033;48,679252137000049;1
98369;08231024127202648780;08;1;27;014;2023;10;08;3;3;1;3;0;0;1;1;0;0;0;0;578398,757100000046194;5442784,384999999776483;10,074733912000056;49,132886452000037;1
98375;08231108317100716610;08;3;17;089;2023;11;15;4;3;5;2;0;0;1;1;0;0;0;0;432815,696800000034273;5375114,468800000846386;8,090067152000074;48,525542164000058;1
98377;08231024121600646430;08;1;25;008;2023;10;08;3;3;6;4;0;1;0;1;1;0;0;0;522859,970800000242889;5432175,799599999561906;9,312803620000068;49,042035401000078;1
98387;08231024119500631790;08;1;19;089;2023;10;16;3;2;5;3;0;1;1;0;0;0;0;1;534562,722000000067055;5413477,178999999538064;9,471345573000065;48,873289130000046;1
98399;08231024116500658360;08;1;16;049;2023;10;07;3;3;5;3;2;0;1;1;0;0;0;0;525564,662299999967217;5387114,823699999600649;9,347001119000026;48,636574041000074;1
98431;08231023216100622420;08;2;16;043;2023;10;15;2;3;5;3;0;1;1;1;0;0;0;0;442187,742200000211596;5411049,946599999442697;8,211959193000041;48,849724370000047;1
98434;08231023212402645460;08;2;12;000;2023;10;13;2;2;0;7;0;0;1;0;0;0;0;0;456441,110000000335276;5423884,472100000828505;8,404865079000047;48,966338677000067;1
98438;08231023126100657200;08;1;26;056;2023;10;21;2;3;6;2;2;1;0;1;1;0;0;0;558193,753399999812245;5465650,191999999806285;9,801105111000027;49,340795844000070;1
98450;08231023121100623510;08;1;25;049;2023;10;06;2;3;6;4;2;0;0;1;1;0;0;0;499360,298299999907613;5450493,018799999728799;8,991217545000040;49,207230083000070;1
98454;08231023119100678540;08;1;19;006;2023;10;07;2;3;6;4;1;0;0;1;1;0;0;0;536552,415300000458956;5420604,312999999150634;9,499116844000071;48,937286616000051;1
98462;08231107311010692440;08;3;11;000;2023;11;12;3;3;0;7;0;1;1;0;0;0;0;0;414524,028699999675155;5313162,528799999505281;7,854883513000061;47,966061028000070;1
98464;08231023116010666890;08;1;16;020;2023;10;09;2;3;4;7;0;0;1;0;0;1;0;0;527462,371600000187755;5380513,062000000849366;9,372322235000070;48,577103829000066;1
98469;08231023111310676870;08;1;11;000;2023;10;08;2;3;6;7;0;0;1;0;1;0;0;0;518005,086000000126660;5407577,500499999150634;9,245286327000031;48,820918873000039;1
98470;08231118231000732340;08;2;36;038;2023;11;17;7;2;6;3;2;0;0;1;1;0;0;0;489217,358400000259280;5428229,804099999368191;8,852560104000077;49,006868611000073;1
98473;08231022435100618350;08;4;35;013;2023;10;12;1;3;5;2;0;0;1;1;0;0;0;0;539903,178199999965727;5275332,026799999177456;9,531142999000053;47,630160029000081;1
98480;08231022335300669430;08;3;35;028;2023;10;14;1;3;5;3;0;0;1;1;0;0;0;0;483288,661700000055134;5286869,904100000858307;8,777112977000058;47,734987325000077;1
98483;08231022311400661810;08;3;15;076;2023;10;11;1;3;4;6;0;0;1;0;0;0;0;0;391279,949900000356138;5296667,735300000756979;7,547731398000053;47,814173166000046;1
98485;08231022311010620400;08;3;11;000;2023;10;13;1;3;6;7;0;0;1;0;1;0;0;0;413806,147199999541044;5315852,444199999794364;7,844728357000065;47,990161594000028;1
98499;08231022121600620700;08;1;25;098;2023;10;13;1;3;4;6;0;0;1;1;0;0;0;0;524785,241499999538064;5437198,846999999135733;9,339455157000032;49,087145098000065;1
98501;08231022121400618450;08;1;25;086;2023;10;16;1;3;0;1;0;0;1;0;0;0;0;0;500157,891800000332296;5441383,300300000235438;9,002164120000032;49,125285234000046;1
98507;08231022117300620080;08;1;17;026;2023;10;17;1;3;5;3;0;0;1;1;0;0;0;0;547531,935800000093877;5394869,113099999725819;9,646049184000049;48,705044056000077;1
98510;08231022115400619990;08;1;15;045;2023;10;12;1;3;0;7;0;0;1;0;0;0;0;0;495825,283999999985099;5393034,782999999821186;8,943274366000026;48,690339578000078;1
98519;08231021426100632440;08;4;26;087;2023;10;08;7;3;6;4;0;0;0;1;1;0;0;0;570550,544300000183284;5324776,767699999734759;9,947104524000054;48,072361236000063;1
98522;08231021416100648550;08;4;16;036;2023;10;21;7;3;6;6;2;0;0;1;1;0;0;0;497265,063500000163913;5368957,215500000864267;8,962996394000072;48,473739243000068;1
98527;08231021327200651760;08;3;27;002;2023;10;12;7;3;5;2;0;0;1;1;0;0;0;0;475966,021999999880791;5328381,618499999865890;8,677133134000030;48,108244000000070;1
98531;08231021311100677380;08;3;15;115;2023;10;19;7;2;4;6;0;0;1;0;0;0;0;0;406604,162999999709427;5319886,456000000238419;7,747343332000071;48,025436366000065;1
98532;08231021311010646900;08;3;11;000;2023;10;03;7;3;0;7;2;0;1;0;1;0;0;0;413620,671500000171363;5316633,006799999624491;7,842085821000069;47,997158007000053;1
98536;08231021226300659000;08;2;26;099;2023;10;13;7;3;0;7;0;0;1;0;0;0;0;0;482077,283400000073016;5479719,802699999883771;8,752626345000067;49,469863343000043;1
98544;08231021221011615760;08;2;21;000;2023;10;16;7;3;3;2;0;0;1;1;0;0;0;0;477669,177299999631941;5473215,269099999219179;8,692151904000070;49,411210269000037;1
98546;08231021215102633540;08;2;15;109;2023;10;13;7;3;8;7;0;0;1;0;0;0;0;0;462309,060899999924004;5434349,813300000503659;8,484061938000025;49,060862562000068;1
98548;08231021212010675380;08;2;12;000;2023;10;18;7;2;5;3;1;0;1;1;0;0;0;0;462842,241000000387430;5421351,452999999746680;8,492549500000052;48,943971343000044;1
98552;08231021127010660120;08;1;27;025;2023;10;15;7;2;0;6;0;0;1;1;0;0;0;0;556496,141900000162423;5425179,905400000512600;9,772058604000051;48,976943672000061;1
98553;08231128117400783390;08;1;17;029;2023;11;16;3;3;6;4;1;1;0;1;1;0;0;0;542490,963600000366569;5390687,584499999880791;9,577106679000053;48,667792290000079;1
98556;08231121216300762610;08;2;16;015;2023;11;06;3;3;5;3;2;1;1;1;0;0;0;0;451590,952899999916553;5404333,300599999725819;8,340917579000063;48,790110913000035;1
98557;08231021121600633030;08;1;25;098;2023;10;11;7;3;2;6;0;0;1;1;0;0;0;0;519893,656600000336766;5437357,650699999183416;9,272469411000031;49,088751165000076;1
98564;08231021117200654600;08;1;17;024;2023;10;15;7;3;5;3;0;1;1;1;0;0;0;0;560782,005599999800324;5386137,725999999791384;9,824842607000051;48,625352909000071;1
98568;08231023212010629970;08;2;12;000;2023;10;15;2;2;5;3;0;1;1;1;0;0;0;0;456363,935999999754131;5426325,968000000342727;8,403548749000038;48,988294890000077;1
98569;08231021115400636890;08;1;15;001;2023;10;17;7;3;6;4;0;0;0;1;1;0;0;0;492513,336000000126660;5391709,043999999761581;8,898296013000049;48,678382154000076;1
98570;08231028126200646110;08;1;26;066;2023;10;12;7;3;5;3;0;1;1;1;0;0;0;0;536083,496500000357628;5450041,100700000301003;9,495339451000063;49,202103129000079;1
98573;08231021111500619330;08;1;11;000;2023;10;15;7;3;5;3;0;0;1;1;0;0;0;0;515735,007399999536574;5405409,823000000789762;9,214277795000044;48,801480425000079;1
98576;08231112317000705050;08;3;17;001;2023;11;17;1;2;6;4;2;1;0;1;1;0;0;0;432273,599899999797344;5386797,201199999079108;8,080822703000024;48,630571502000066;1
98578;08231020436400614780;08;4;36;082;2023;10;16;6;3;5;3;0;1;1;1;0;0;0;0;547716,900999999605119;5295671,960000000894070;9,637372090000042;47,812631200000055;1
98579;08231020436300649310;08;4;36;081;2023;10;09;6;2;2;6;0;1;1;1;0;0;0;0;562648,810999999754131;5282062,695399999618530;9,834843183000032;47,688913207000041;1
98583;08231020436200616740;08;4;36;064;2023;10;16;6;3;6;4;0;1;0;1;1;0;0;0;544124,723299999721348;5292032,845399999991059;9,589022621000026;47,780146344000059;1
98584;08231020435100650510;08;4;35;016;2023;10;09;6;3;5;2;0;0;1;1;0;0;0;0;536191,564699999988079;5278080,807499999180436;9,481967803000032;47,655110084000057;1
98585;08231020435100633210;08;4;35;029;2023;10;18;6;2;6;4;2;1;0;1;1;0;0;0;545035,385499999858439;5271581,399599999189377;9,599067583000021;47,596077892000039;1
98589;08231129127100763830;08;1;27;056;2023;11;17;4;3;7;1;2;1;1;0;0;0;0;0;555895,749499999918044;5436989,202099999412894;9,765482513000052;49,083220161000042;1
98594;08231020417200662010;08;4;17;002;2023;10;08;6;3;0;1;0;1;1;0;0;0;0;1;488978,609000000171363;5346991,513000000268221;8,851457116000063;48,276032671000053;1
98601;08231020336400656180;08;3;36;091;2023;10;23;6;2;0;1;2;0;1;0;0;0;0;0;396354,765100000426173;5275289,275299999862909;7,620585356000049;47,622711195000079;1
98606;08231020311010630780;08;3;11;000;2023;10;14;6;3;5;2;0;1;1;1;0;0;0;0;413068,323200000450015;5315388,387299999594688;7,834935243000075;47,985887368000078;1
98608;08231020311010629730;08;3;15;006;2023;10;20;6;3;0;7;2;0;1;0;0;0;0;0;403931,918899999931455;5306509,635399999096990;7,714501033000033;47,904715928000030;1
98616;08231020222400626510;08;2;26;036;2023;10;00;6;3;0;7;2;1;1;0;0;0;0;0;467960,066800000146031;5480872,480399999767542;8,557688527000039;49,479650419000052;1
98634;08231020121600616840;08;1;25;008;2023;10;12;6;3;6;4;0;0;0;1;1;0;0;0;522874,055200000293553;5432128,286299999803305;9,312993658000039;49,041607477000071;1
98636;08231020121200644450;08;1;21;000;2023;10;06;6;3;6;2;2;1;0;1;1;0;0;0;516233,702399999834597;5441271,178500000387430;9,222499382000024;49,124062278000054;1
98654;08231020116010612010;08;1;16;019;2023;10;09;6;2;3;2;0;1;1;1;0;0;0;0;522819,866399999707937;5398278,878299999982119;9,310361864000072;48,737111819000063;1
98658;08231020115200619850;08;1;15;021;2023;10;12;6;3;5;3;0;0;1;1;0;0;0;0;490236,356800000183284;5382614,271700000390410;8,867578355000035;48,596532657000068;1
98662;08231019436400620940;08;4;36;009;2023;10;15;5;3;5;3;0;0;1;1;0;0;0;0;556573,986499999649823;5308363,639200000092387;9,757331348000037;47,926095470000064;1
98677;08231019317100624770;08;3;17;089;2023;10;09;5;2;6;7;0;1;0;1;1;0;0;0;431419,040799999609590;5376110,230399999767542;8,070989799000074;48,534348152000064;1
98699;08231019226100629660;08;2;26;013;2023;10;18;5;2;3;2;1;1;1;1;0;0;0;0;498668,908099999651313;5479516,008700000122190;8,981628545000035;49,468293297000059;1
98704;08231019221200610860;08;2;21;000;2023;10;20;5;3;3;6;2;1;1;1;0;0;0;0;477661,185999999754131;5472383,382600000128150;8,692088539000054;49,403727282000034;1
98710;08231111116200700720;08;1;16;080;2023;11;14;7;3;6;4;0;0;0;1;1;0;0;0;521885,357800000347197;5395688,211500000208616;9,297514749000072;48,713839903000064;1
98713;08231019212102611170;08;2;12;000;2023;10;14;5;3;6;7;0;1;0;1;1;0;0;0;460949,208399999886751;5423168,232300000265241;8,466523942000038;48,960197196000081;1
98716;08231019212010612900;08;2;12;000;2023;10;13;5;3;5;2;0;1;1;1;0;0;0;0;452567,835699999704957;5431600,338999999687076;8,351047712000025;49,035458066000047;1
98723;08231019126200676000;08;1;26;066;2023;10;17;5;3;5;2;0;1;1;1;0;0;0;0;535667,619599999859929;5450863,453400000929832;9,489703728000052;49,209524504000058;1
98725;08231019121300625500;08;1;21;000;2023;10;07;5;3;6;4;1;1;0;1;1;0;0;0;510355,839900000020862;5449079,671800000593066;9,142138499000055;49,194429472000081;1
98728;08231019119100645380;08;1;19;075;2023;10;07;5;3;6;4;2;1;0;1;1;0;0;0;539216,719100000336766;5427123,679800000041723;9,536124165000047;48,995766958000047;1
98730;08231019326200662610;08;3;26;074;2023;10;13;5;3;6;4;0;1;0;1;1;0;0;0;465662,334400000050664;5323522,178799999877810;8,539110505000053;48,064052568000079;1
98739;08231121212702765770;08;2;15;108;2023;11;13;3;3;5;3;0;1;1;1;0;0;0;0;447446,686400000005960;5423741,180800000205636;8,282004116000053;48,964350395000054;1
98757;08231018436400621160;08;4;36;008;2023;10;08;4;3;4;6;0;0;1;1;0;0;0;0;547063,307000000029802;5310909,856000000610948;9,630303170000047;47,949772108000047;1
98759;08231106231000724440;08;2;31;000;2023;11;11;2;3;6;4;0;0;0;1;1;0;0;0;477354,439399999566376;5416334,637299999594688;8,691012043000057;48,899543650000055;1
98760;08231023335300665300;08;3;35;075;2023;10;05;2;3;0;1;2;0;1;0;0;0;0;0;488603,521399999968708;5290351,982699999585748;8,847908201000052;47,766433272000029;1
98771;08231123118010774830;08;1;15;045;2023;11;07;5;3;0;2;1;0;1;1;0;0;0;0;497335,444000000134110;5396131,375000000000000;8,963774280000052;48,718205039000054;1
98778;08231018311400624750;08;3;15;074;2023;10;17;4;3;5;2;0;1;1;1;0;0;0;0;397565,147099999710917;5295906,400100000202656;7,631842675000030;47,808356334000052;1
98785;08231018311010641050;08;3;11;000;2023;10;08;4;2;3;6;0;0;1;0;0;0;0;0;412090,872000000439584;5315278,574999999254942;7,821860704000073;47,984765972000048;1
98786;08231018311010609490;08;3;11;000;2023;10;14;4;3;2;6;0;0;1;0;0;1;0;0;407223,111600000411272;5314900,502299999818206;7,756721187000039;47,980677623000076;1
98794;08231018222700672280;08;2;22;000;2023;10;12;4;2;5;5;0;0;1;1;0;0;0;0;462905,871500000357628;5480473,860799999907613;8,487955446000058;49,475777206000032;1
98795;08231018222500637640;08;2;22;000;2023;10;06;4;3;5;3;2;0;1;1;0;0;0;0;465518,338000000454485;5476479,092000000178814;8,524364246000061;49,439999911000029;1
98805;08231018121500610160;08;1;25;078;2023;10;13;4;3;6;7;0;0;0;1;1;0;0;0;518373,958800000138581;5454043,971000000834465;9,252417154000057;49,238896420000060;1
98814;08231018118500674400;08;1;18;049;2023;10;07;4;3;5;3;1;0;1;1;0;0;0;0;519182,919599999673665;5420176,048000000417233;9,261923027000023;48,934216553000056;1
98818;08231022311010620710;08;3;36;057;2023;10;16;1;3;0;1;0;0;1;0;0;0;0;0;407360,292000000365078;5277671,683000000193715;7,766516548000027;47,645810123000047;1
98988;08231231317300882970;08;3;17;031;2023;12;22;1;3;6;4;2;0;0;1;1;0;0;0;416690,984699999913573;5358543,665500000119209;7,875014063000037;48,374558999000044;1
98994;08231230435100886670;08;4;35;057;2023;12;14;7;3;9;1;0;0;1;0;0;0;0;0;543231,575500000268221;5280522,220899999141693;9,575957657000060;47,676643989000070;1
98995;08231230336400891360;08;3;36;091;2023;12;00;7;3;8;7;2;0;1;0;0;0;0;0;395206,865899999625981;5273093,007999999448657;7,605837879000035;47,602770795000026;1
99007;08231230117400892190;08;1;17;023;2023;12;13;7;3;5;3;0;0;1;1;0;0;0;0;547870,934500000439584;5388027,210699999704957;9,649864433000062;48,643471472000044;1
99008;08231230117400892170;08;1;17;051;2023;12;13;7;2;5;3;0;0;1;1;0;0;0;0;544845,090300000272691;5395125,297000000253320;9,609559910000030;48,707547554000030;1
99017;08231229435100871790;08;4;35;016;2023;12;11;6;3;0;1;0;1;1;0;0;0;0;0;531194,467600000090897;5279657,216099999845028;9,415535299000055;47,669554036000079;1
99033;08231229128200885120;08;1;28;014;2023;12;17;6;3;6;7;2;0;0;1;1;0;0;0;546010,347500000149012;5481083,814300000667572;9,635187132000055;49,480653043000075;1
99048;08231228436400872810;08;4;36;082;2023;12;18;5;3;5;3;2;0;1;1;0;0;0;0;547693,521999999880791;5295298,117000000551343;9,637018693000073;47,809269495000080;1
99064;08231228225100883920;08;2;25;058;2023;12;19;5;3;6;4;2;1;0;1;1;0;0;0;509714,193799999542534;5466437,966299999505281;9,133753131000049;49,350580703000048;1
99065;08231228222400868640;08;2;22;000;2023;12;13;5;3;5;3;0;1;1;1;0;0;0;0;468649,825600000098348;5475882,444199999794364;8,567605421000053;49,434802837000063;1
99068;08231228212502869410;08;2;12;000;2023;12;18;5;3;7;7;2;0;1;0;0;0;0;0;455994,397199999541044;5429294,962799999862909;8,398176187000047;49,014975124000046;1
99070;08231228135200883680;08;1;35;019;2023;12;17;5;2;6;4;2;1;0;1;1;0;0;0;584020,012699999846518;5392415,692900000140071;10,141411958000049;48,679129460000070;1
99075;08231228116200872780;08;1;16;078;2023;12;15;5;3;5;3;0;1;1;1;0;0;0;0;510716,701000000350177;5393275,562000000849366;9,145623528000044;48,692427584000029;1
99077;08231227426100880320;08;4;26;120;2023;12;13;4;3;0;1;0;0;1;0;0;0;0;0;562212,806900000199676;5323109,723400000482798;9,834945269000059;48,058232310000051;1
99083;08231227317500887800;08;3;17;096;2023;12;08;4;3;6;2;0;0;0;1;1;0;0;0;422507,501699999906123;5368726,883600000292063;7,951662828000053;48,466898433000040;1
99084;08231227317300887370;08;3;17;065;2023;12;12;4;3;9;1;0;0;1;0;0;0;0;0;417966,705799999646842;5354742,054500000551343;7,892978919000029;48,340530878000038;1
99087;08231227311010869400;08;3;11;000;2023;12;17;4;3;5;3;2;0;1;0;0;0;0;1;415016,822999999858439;5315693,773000000044703;7,860983328000032;47,988896316000080;1
99090;08231227222400894260;08;2;26;038;2023;12;17;4;3;0;7;2;1;1;0;0;0;0;0;471319,124400000087917;5480860,306299999356270;8,604059986000038;49,479708931000062;1
99094;08231227221011868510;08;2;26;076;2023;12;12;4;1;5;3;0;0;1;1;0;0;0;0;475343,218200000002980;5466853,489600000903010;8,660481765000043;49,353897146000065;1
99106;08231226436100862570;08;4;36;055;2023;12;19;3;3;6;6;2;0;0;1;1;0;0;0;577023,009399999864399;5302650,401100000366569;10,030013726000050;47,872568564000062;1
99123;08231226111500874380;08;1;11;000;2023;12;21;3;3;6;4;2;0;0;1;1;0;0;0;514968,484000000171363;5395309,776000000536442;9,203472159000057;48,710639918000027;1
99145;08231223317500878790;08;3;17;034;2023;12;19;7;3;8;1;2;0;1;0;0;0;0;0;426738,314399999566376;5362086,194299999624491;8,010050454000066;48,407671487000073;1
99147;08231223316100882200;08;3;16;011;2023;12;19;7;3;0;2;2;0;1;1;0;0;0;0;413133,102099999785423;5331000,235099999234080;7,832632681000064;48,126328397000066;1
99148;08231223311010854760;08;3;11;000;2023;12;19;7;3;5;2;2;0;1;1;0;0;0;0;414579,697399999946356;5318082,880300000309944;7,854650159000073;48,010329027000068;1
99157;08231223127100881850;08;1;27;062;2023;12;06;7;3;7;7;2;1;1;0;0;0;0;0;546943,275100000202656;5431639,984600000083447;9,642268490000049;49,035852097000031;1
99166;08231223118600870310;08;1;18;076;2023;12;13;7;3;6;4;0;0;0;1;1;0;0;0;504483,681099999696016;5423225,544700000435114;9,061253937000060;48,961930026000061;1
99174;08231222435100852700;08;4;35;016;2023;12;13;6;3;0;1;0;1;1;0;0;0;0;0;536151,406899999827147;5278467,938500000163913;9,481465056000047;47,658595505000051;1
99177;08231222417300877470;08;4;17;031;2023;12;07;6;3;6;2;2;1;0;1;1;0;0;0;497271,126000000163913;5355844,515000000596046;8,963163734000034;48,355770424000070;1
99179;08231222417300850090;08;4;17;013;2023;12;10;6;2;6;2;0;1;0;1;1;0;0;0;508402,410400000400841;5348422,129499999806285;9,113273613000047;48,288943711000059;1
99185;08231222326100891330;08;3;26;005;2023;12;07;6;3;6;4;2;1;0;1;1;0;0;0;465355,292999999597669;5298587,474099999293685;8,536997757000051;47,839699232000044;1
99187;08231222317300890850;08;3;17;065;2023;12;17;6;3;6;4;1;0;0;1;1;0;0;0;416796,201700000092387;5354928,470300000160933;7,877149527000029;48,342054589000043;1
99193;08231222311010866710;08;3;15;073;2023;12;12;6;3;5;3;0;1;1;1;0;0;0;0;412550,951999999582767;5313916,680999999865890;7,828302522000058;47,972578346000034;1
99199;08231222235100852190;08;2;35;018;2023;12;07;6;1;6;4;2;1;0;0;1;0;0;1;462493,244400000199676;5405461,736400000751019;8,489240659000075;48,801015007000046;1
99211;08231222127202881560;08;1;27;014;2023;12;11;6;2;5;3;0;1;1;1;0;0;0;0;578275,953999999910593;5442892,134999999776483;10,073071688000027;49,133871194000051;1
99222;08231222121200852470;08;1;21;000;2023;12;15;6;3;6;4;0;1;0;1;1;0;0;0;516138,074199999682605;5443739,597200000658631;9,221287527000072;49,146269056000051;1
99223;08231222121200852330;08;1;21;000;2023;12;15;6;3;6;4;0;1;0;1;1;0;0;0;515630,508999999612570;5444085,705000000074506;9,214341204000050;49,149395535000053;1
99224;08231222119400879860;08;1;19;079;2023;12;06;6;3;5;3;2;1;1;1;0;0;0;0;523945,009999999776483;5411435,836999999359250;9,326431165000031;48,855426829000066;1
99227;08231222116500852280;08;1;16;049;2023;12;20;6;2;6;2;2;1;0;1;1;0;0;0;524146,837000000290573;5385624,101999999955297;9,327669811000021;48,623219804000030;1
99231;08231222111500882560;08;1;11;000;2023;12;12;6;3;6;4;0;1;1;0;1;0;0;0;511037,772699999623001;5397120,440300000831485;9,150089218000062;48,727010669000038;1
99233;08231222111320855240;08;1;11;000;2023;12;12;6;3;5;2;0;1;1;1;0;0;0;0;515966,821600000374019;5405606,662100000306964;9,217442249000044;48,803245251000078;1
99241;08231221336400848240;08;3;36;014;2023;12;14;5;3;5;3;0;0;1;1;0;0;0;0;395815,097599999979138;5280512,735700000077486;7,612160808000056;47,669610187000046;1
99243;08231221326200851630;08;3;26;074;2023;12;16;5;2;6;4;2;1;0;1;1;0;0;0;465657,998300000093877;5323802,147299999371171;8,539029816000038;48,066571153000041;1
99244;08231221325000894430;08;3;26;031;2023;12;16;5;2;6;4;1;0;0;1;1;0;0;0;456880,634999999776483;5331546,036000000312924;8,420434915000044;48,135706533000075;1
99253;08231221222600894420;08;2;22;000;2023;12;08;5;3;5;3;0;1;1;1;0;0;0;0;462170,911500000394881;5485105,931199999526143;8,477367079000032;49,517394848000038;1