OID_;UIDENTSTLAE;ULAND;UREGBEZ;UKREIS;UGEMEINDE;UJAHR;UMONAT;USTUNDE;UWOCHENTAG;UKATEGORIE;UART;UTYP1;ULICHTVERH;IstStrassenzustand;IstRad;IstPKW;IstFuss;IstKrad;IstGkfz;IstSonstige;LINREFX;LINREFY;XGCSWGS84;YGCSWGS84;PLST
99260;08231221212010870580;08;2;12;000;2023;12;16;5;3;5;3;2;1;1;1;0;0;0;0;456364,270200000144541;5426310,260600000619888;8,403555003000065;48,988153623000073;1
99263;08231221136100851800;08;1;36;088;2023;12;17;5;3;5;3;2;1;1;1;0;0;0;0;580111,948499999940395;5409758,919399999082088;10,091706526000053;48,835634543000026;1
99268;08231221121200869620;08;1;21;000;2023;12;17;5;3;6;2;2;1;0;1;1;0;0;0;514754,142099999822676;5441493,677999999374151;9,202228783000066;49,126101041000027;1
99270;08231221119100866100;08;1;19;083;2023;12;16;5;3;6;4;2;1;0;1;1;0;0;0;534210,980600000359118;5419791,191899999976158;9,467077871000072;48,930106162000072;1
99273;08231221115100892510;08;1;15;003;2023;12;11;5;3;6;7;0;1;0;0;1;0;0;1;501847,799200000241399;5391604,651699999347329;9,025101327000073;48,677485187000059;1
99275;08231221111240850880;08;1;11;000;2023;12;17;5;3;5;3;1;1;0;1;1;0;0;0;516133,316999999806285;5398649,468399999663234;9,219436721000022;48,740654677000066;1
99276;08231220436500871600;08;4;36;049;2023;12;13;4;2;6;4;0;1;0;1;1;0;0;0;583698,962799999862909;5287186,885299999266863;10,116288572000030;47,732626614000026;1
99277;08231220436400841660;08;4;36;082;2023;12;13;4;3;6;4;0;1;0;1;1;0;0;0;546938,152800000272691;5295722,235500000417233;9,626976159000037;47,813140807000082;1
99278;08231220435100840570;08;4;35;016;2023;12;08;4;3;5;3;0;1;1;1;0;0;0;0;536764,644299999810755;5279458,864499999210238;9,489715236000052;47,667476690000058;1
99302;08231220226700871260;08;2;26;041;2023;12;14;4;3;6;4;0;1;0;1;1;0;0;0;476924,263199999928474;5465919,097500000149012;8,682306155000049;49,345554245000073;1
99330;08231219335100893050;08;3;35;043;2023;12;21;3;3;4;6;2;0;1;0;0;0;0;1;512487,892799999564886;5280732,655400000512600;9,166381389000037;47,679862329000059;1
99333;08231219317300892990;08;3;17;127;2023;12;17;3;3;6;2;2;0;0;1;1;0;0;0;421221,088000000454485;5352390,935000000521541;7,937327612000047;48,319796512000039;1
99334;08231219317100859220;08;3;17;110;2023;12;19;3;3;8;1;2;0;0;1;1;0;0;0;428006,632299999706447;5380004,917300000786781;8,024097985000026;48,568998655000030;1
99346;08231227212010867460;08;2;12;000;2023;12;13;4;3;5;2;0;0;1;1;0;0;0;0;461770,622999999672174;5421755,761700000613928;8,477877473000035;48,947542924000061;1
99351;08231219216200840190;08;2;16;041;2023;12;15;3;3;5;3;0;0;1;1;0;0;0;0;434944,019000000320375;5391500,057000000029802;8,116321862000063;48,673157641000046;1
99360;08231219119100860570;08;1;19;083;2023;12;17;3;3;9;1;2;1;1;0;0;0;0;0;534850,658599999733269;5419886,873199999332428;9,475819174000037;48,930931159000068;1
99363;08231219118200845470;08;1;18;011;2023;12;06;3;3;6;2;2;0;0;1;1;0;0;0;505052,517699999734759;5408274,908299999311566;9,068840198000032;48,827433075000044;1
99367;08231219116200872540;08;1;16;080;2023;12;07;3;3;6;4;0;0;0;1;1;0;0;0;518559,117600000463426;5397173,365399999544024;9,252364377000049;48,727308182000058;1
99369;08231219111110839770;08;1;11;000;2023;12;20;3;3;6;6;2;0;1;0;1;0;0;0;513362,159699999727309;5402477,742200000211596;9,181869426000048;48,775159249000069;1
99375;08231218421300867290;08;4;25;066;2023;12;09;2;3;5;3;0;0;1;1;0;0;0;0;578555,999900000169873;5347176,430500000715256;10,058695688000057;48,272918836000031;1
99403;08231218221011892030;08;2;21;000;2023;12;16;2;3;3;2;0;0;1;1;0;0;0;0;477667,581399999558926;5473213,992000000551343;8,692129976000047;49,411198723000041;1
99422;08231218121500867090;08;1;25;065;2023;12;05;2;2;5;3;2;1;1;1;0;0;0;0;516048,429100000299513;5448662,308700000867248;9,220254646000058;49,190552604000061;1
99430;08231218118300868080;08;1;18;046;2023;12;18;2;3;4;2;2;0;1;1;0;0;0;0;513199,550999999977648;5412434,888000000268221;9,179976611000029;48,864735754000037;1
99431;08231218118100881110;08;1;18;079;2023;12;13;2;3;5;3;0;0;1;1;0;0;0;0;510716,895299999974668;5421683,754699999466538;9,146368382000048;48,947983967000027;1
99436;08231218118010848010;08;1;18;079;2023;12;15;2;2;6;4;0;0;0;1;1;0;0;0;509838,194000000134110;5420484,996999999508262;9,134338414000069;48,937214927000070;1
99438;08231218116200854050;08;1;16;077;2023;12;12;2;2;6;4;0;0;0;1;1;0;0;0;514442,160899999551475;5389108,716299999505281;9,196101014000021;48,654867217000060;1
99440;08231218116010865480;08;1;16;071;2023;12;06;2;2;6;4;1;0;0;0;1;0;0;1;527906,965099999681115;5391121,035000000149012;9,379063681000048;48,672513595000055;1
99442;08231218115200837900;08;1;15;021;2023;12;16;2;3;5;3;0;0;1;1;0;0;0;0;489768,922000000253320;5382970,637099999934435;8,861229902000048;48,599731134000081;1
99452;08231217317500832960;08;3;17;034;2023;12;18;1;3;8;1;2;1;1;0;0;0;0;0;428259,571000000461936;5358159,140200000256300;8,031274138000072;48,372521521000067;1
99468;08231217221200853290;08;2;21;000;2023;12;12;1;3;3;2;0;0;1;1;0;0;0;0;476553,196200000122190;5472952,121500000357628;8,676783012000044;49,408801319000077;1
99482;08231216436400827810;08;4;36;011;2023;12;13;7;3;6;4;0;0;0;1;1;0;0;0;548770,844800000078976;5297467,035099999979138;9,651651155000025;47,828702264000071;1
99486;08231216426100864510;08;4;26;021;2023;12;06;7;3;5;3;2;0;1;1;0;0;0;0;557717,333700000308454;5327092,571100000292063;9,775156436000032;48,094485538000072;1
99488;08231216335200889510;08;3;35;063;2023;12;11;7;3;5;2;0;0;1;1;0;0;0;0;496919,758399999700487;5287961,217800000682473;8,958909480000045;47,745015605000049;1
99489;08231216317300828530;08;3;17;065;2023;12;17;7;3;6;4;2;0;0;1;1;0;0;0;414205,752999999560416;5354651,786000000312924;7,842254621000052;48,339219347000039;1
99491;08231216317200846830;08;3;17;153;2023;12;14;7;3;5;3;0;0;1;1;0;0;0;0;421217,200299999676645;5389761,756100000813603;7,930227648000027;48,655941347000066;1
99496;08231216231202847140;08;2;36;004;2023;12;11;7;3;2;6;0;0;1;1;0;0;0;0;470982,127100000157952;5411963,663000000640750;8,604377015000068;48,859958428000027;1
99500;08231216225200865890;08;2;25;032;2023;12;17;7;2;0;1;1;0;1;0;0;0;0;0;533805,075600000098348;5495059,201799999922514;9,467895373000033;49,607156674000066;1
99502;08231216221400889480;08;2;26;105;2023;12;17;7;3;5;3;2;0;1;1;0;0;0;0;473430,319899999536574;5475081,967599999159575;8,633592063000037;49,427830467000035;1
99514;08231216117400828560;08;1;17;051;2023;12;23;7;3;8;1;2;0;1;0;0;0;0;0;544899,863099999725819;5395169,660499999299645;9,610309195000070;48,707942688000060;1
99518;08231216116010837780;08;1;16;080;2023;12;18;7;2;6;2;2;0;0;1;1;0;0;0;522436,888199999928474;5394962,263100000098348;9,304972805000034;48,707289710000055;1
99524;08231215336400848770;08;3;36;045;2023;12;13;6;3;6;4;0;0;0;1;1;0;0;0;399405,848100000061095;5285347,955199999734759;7,658864321000067;47,713672514000052;1
99531;08231215311010824210;08;3;15;047;2023;12;08;6;3;5;3;0;0;1;1;0;0;0;0;415346,625199999660254;5321038,347699999809265;7,864347446000068;48,037016639000058;1
99534;08231215231000865450;08;2;31;000;2023;12;17;6;3;6;4;2;1;0;1;1;0;0;0;477918,133200000040233;5414829,223899999633431;8,698784631000024;48,886021813000070;1
99536;08231215231000853780;08;2;31;000;2023;12;08;6;1;6;7;0;1;0;1;1;0;0;0;474880,369699999690056;5414887,198799999430776;8,657344129000023;48,886427653000055;1
99542;08231215136300826770;08;1;36;044;2023;12;17;6;3;0;1;2;1;1;0;0;0;0;0;556133,117999999783933;5410512,033999999985099;9,765080842000032;48,845039980000081;1
99555;08231215117010862630;08;1;17;026;2023;12;18;6;1;6;4;2;1;0;1;1;0;0;0;548577,039200000464916;5394017,789699999615550;9,660152990000029;48,697305464000067;1
99566;08231214317500843200;08;3;17;096;2023;12;12;5;3;6;6;0;1;1;0;1;0;0;0;421458,013000000268221;5368813,944000000134110;7,937451268000075;48,467551346000050;1
99569;08231214311500854040;08;3;15;113;2023;12;07;5;2;6;2;1;1;0;0;1;0;0;1;440524,560499999672174;5307759,206399999558926;8,203915391000066;47,920395039000027;1
99570;08231214311400868260;08;3;15;074;2023;12;07;5;3;4;6;2;1;1;0;0;0;0;0;397252,740100000053644;5292040,019500000402331;7,628586737000035;47,773528695000039;1
99572;08231214311010880470;08;3;11;000;2023;12;07;5;2;0;7;2;1;1;0;0;0;0;0;413209,997800000011921;5315221,580299999564886;7,836867286000029;47,984406121000063;1
99573;08231214311010874540;08;3;11;000;2023;12;07;5;3;0;7;1;0;1;1;0;0;0;0;414743,046000000089407;5315871,151499999687076;7,857279463000054;47,990455469000040;1
99574;08231214311010850080;08;3;36;050;2023;12;18;5;3;6;4;2;1;0;1;1;0;0;0;399739,979000000283122;5274256,563400000333786;7,665862744000037;47,613954423000052;1
99575;08231214311010838150;08;3;11;000;2023;12;09;5;3;6;4;0;1;0;0;1;0;0;1;414544,444799999706447;5317177,371600000187755;7,854357994000054;48,002178922000041;1
99582;08231214221011887170;08;2;21;000;2023;12;12;5;3;3;6;0;1;1;0;0;0;0;0;476563,068400000222027;5472639,769200000911951;8,676937535000036;49,405992142000059;1
99583;08231214212502821510;08;2;12;000;2023;12;08;5;3;0;1;0;1;1;0;0;0;0;0;454494,712000000290573;5428274,635700000450015;8,377782012000068;49,005688423000038;1
99585;08231230121400877660;08;1;25;086;2023;12;13;7;3;6;4;0;0;0;1;1;0;0;0;504177,282800000160933;5443788,448200000450015;9,057280201000026;49,146906323000053;1
99596;08231214118010854850;08;1;18;006;2023;12;21;5;2;6;4;2;1;0;1;1;0;0;0;515990,816100000403821;5421186,499700000509620;9,218378152000071;48,943396957000061;1
99597;08231214117200854120;08;1;17;024;2023;12;07;5;3;6;4;1;1;0;1;1;0;0;0;560676,668499999679625;5386228,854900000616908;9,823426620000021;48,626182867000068;1
99600;08231214116010852360;08;1;16;042;2023;12;18;5;3;6;7;2;1;0;1;1;0;0;0;518258,240000000223517;5381224,764100000262260;9,247569626000029;48,583842297000047;1
99601;08231214111500856480;08;1;11;000;2023;12;08;5;3;5;2;0;1;1;1;0;0;0;0;511991,792700000107288;5402114,738399999216199;9,163207159000024;48,771921612000028;1
99606;08231213435200853720;08;4;35;066;2023;12;18;4;3;6;4;2;1;0;1;1;0;0;0;518741,144100000150502;5287020,330000000074506;9,249965729000053;47,736285014000032;1
99608;08231213335000844090;08;3;35;043;2023;12;16;4;2;6;4;2;1;0;1;1;0;0;0;514816,059700000099838;5280173,223099999129772;9,197381365000069;47,674779587000046;1
99612;08231213317300864000;08;3;17;059;2023;12;08;4;3;5;3;2;0;1;1;0;0;0;0;413618,463399999774992;5351386,413499999791384;7,835000339000032;48,309767900000054;1
99614;08231213316100827070;08;3;16;011;2023;12;12;4;3;0;7;0;1;1;0;0;0;0;0;413572,078099999576807;5330539,906700000166893;7,838623993000056;48,122247441000070;1
99623;08231213222600892860;08;2;22;000;2023;12;16;4;3;5;2;0;0;1;1;0;0;0;0;463168,864400000311434;5483124,133500000461936;8,491338708000058;49,499631092000072;1
99624;08231229126200875390;08;1;26;066;2023;12;16;6;3;0;7;0;0;1;0;0;0;0;0;538633,002500000409782;5449592,600099999457598;9,530293367000070;49,197913510000035;1
99631;08231213212010885610;08;2;12;000;2023;12;13;4;3;6;4;0;1;0;1;1;0;0;0;464244,184600000269711;5422618,028699999675155;8,511583416000065;48,955447294000066;1
99633;08231213212010864630;08;2;15;084;2023;12;07;4;1;5;3;2;1;1;1;0;0;0;0;473024,140999999828637;5448747,471999999135733;8,629770122000025;49,190935292000063;1
99646;08231213118400819710;08;1;18;048;2023;12;18;4;3;4;6;2;1;1;1;0;0;0;0;519427,414699999615550;5417054,579399999231100;9,265112664000071;48,906129300000032;1
99648;08231213118100849960;08;1;18;010;2023;12;11;4;3;0;4;0;1;0;1;1;0;0;0;507013,236499999649823;5432093,245100000873208;9,095964629000036;49,041676797000036;1
99649;08231213118010853530;08;1;18;019;2023;12;17;4;2;0;4;2;1;0;1;1;0;0;0;504644,505099999718368;5405005,945800000801682;9,063244060000045;48,798028985000030;1
99652;08231213117300838610;08;1;17;026;2023;12;18;4;3;6;2;2;1;0;1;1;0;0;0;547181,541299999691546;5395022,408900000154972;9,641304492000074;48,706449636000059;1
99657;08231213115300835360;08;1;15;050;2023;12;14;4;3;6;2;0;1;0;1;1;0;0;0;490326,281000000424683;5400247,759199999272823;8,868385399000033;48,755166692000046;1
99659;08231213115200833820;08;1;15;021;2023;12;09;4;3;5;3;0;1;1;1;0;0;0;0;490244,070199999958277;5382625,792999999597669;8,867682699000056;48,596636426000032;1
99661;08231213111130867890;08;1;11;000;2023;12;17;4;3;6;4;2;1;0;1;1;0;0;0;509622,208700000308454;5403248,533700000494719;9,130983978000074;48,782162325000058;1
99665;08231212435100845610;08;4;35;016;2023;12;07;3;3;0;7;2;1;1;1;0;0;0;0;536046,298100000247359;5279201,061100000515580;9,480125743000031;47,665197570000032;1
99668;08231212426100813940;08;4;26;118;2023;12;12;3;3;0;1;0;1;1;0;0;0;0;0;551301,467100000008941;5326437,751099999994040;9,688918111000021;48,089143425000032;1
99673;08231212337010819700;08;3;37;126;2023;12;07;3;3;6;4;1;1;0;1;1;0;0;0;440426,377000000327826;5274696,674000000581145;8,207135800000060;47,622932921000029;1
99677;08231212326100851750;08;3;26;027;2023;12;11;3;3;5;3;0;1;1;1;0;0;0;0;462052,433400000445545;5308649,538200000301003;8,491974611000046;47,930041282000047;1
99678;08231213417100860090;08;4;17;063;2023;12;17;4;3;6;7;2;1;0;1;1;0;0;0;507651,669999999925494;5336490,560000000521541;9,102937287000032;48,181607258000042;1
99680;08231212317100834650;08;3;17;001;2023;12;17;3;3;6;4;2;1;0;1;1;0;0;0;431544,002700000070035;5386697,943399999290705;8,070938411000043;48,629599233000079;1
99681;08231212311500814780;08;3;15;068;2023;12;07;3;3;6;4;2;1;0;1;1;0;0;0;442722,960500000044703;5302457,138800000771880;8,234042301000045;47,872894958000074;1
99692;08231212222301814990;08;2;22;000;2023;12;19;3;3;5;3;2;1;1;1;0;0;0;0;464673,381199999712408;5481932,852099999785423;8,512222722000047;49,489005582000061;1
99695;08231212221300829310;08;2;21;000;2023;12;09;3;3;5;3;0;1;1;1;0;0;0;0;481412,639000000432134;5473849,412000000476837;8,743728199000032;49,417040181000061;1
99701;08231212127100849850;08;1;27;076;2023;12;15;3;3;5;3;0;0;1;1;0;0;0;0;553378,567300000227988;5440331,782800000160933;9,731454845000030;49,113509216000068;1
99703;08231212126200845820;08;1;26;066;2023;12;11;3;3;5;7;0;0;1;1;0;0;0;0;536841,434999999590218;5449875,990100000053644;9,505728554000029;49,200572878000060;1
99705;08231212119300835260;08;1;19;067;2023;12;19;3;2;6;4;2;1;0;1;1;0;0;0;539105,833999999798834;5405711,535399999469519;9,532558092000045;48,803163540000071;1
99722;08231222417010884290;08;4;17;031;2023;12;07;6;3;6;4;1;1;0;1;1;0;0;0;497243,459999999962747;5355779,449599999934435;8,962790705000032;48,355184935000068;1
99727;08231217127202862900;08;1;27;014;2023;12;01;1;2;0;7;2;0;1;0;0;0;0;0;578303,244599999859929;5443280,465500000864267;10,073521169000060;49,137360292000039;1
99734;08231211317500827990;08;3;17;096;2023;12;06;2;3;5;3;2;1;1;1;0;0;0;0;422321,001500000245869;5368839,662399999797344;7,949119303000032;48,467889864000028;1
99735;08231211317300835630;08;3;17;151;2023;12;06;2;2;6;6;2;1;0;1;1;0;0;0;414074,294800000265241;5360729,989399999380112;7,839239174000056;48,393873487000064;1
99736;08231211317200839840;08;3;17;141;2023;12;06;2;3;4;2;2;1;1;1;0;0;0;0;417824,926799999549985;5377852,541899999603629;7,886530957000048;48,548386531000062;1
99739;08231211311010844360;08;3;36;008;2023;12;17;2;1;6;4;2;1;0;1;1;0;0;0;395928,530799999833107;5275700,868300000205636;7,614816485000063;47,626345192000031;1
99743;08231211231000814090;08;2;31;000;2023;12;14;2;3;6;7;0;0;0;0;1;0;0;1;478855,876299999654293;5416662,755799999460578;8,711481169000024;48,902548360000026;1
99759;08231211126200843920;08;1;26;069;2023;12;07;2;2;6;4;1;1;0;1;1;0;0;0;539475,791799999773502;5445030,583100000396371;9,541413548000037;49,156824765000067;1
99767;08231211117300829960;08;1;17;026;2023;12;17;2;3;4;6;2;1;1;0;0;0;0;0;548707,110899999737740;5394282,380100000649691;9,661951725000051;48,699675443000046;1
99768;08231211117300811800;08;1;17;026;2023;12;07;2;3;6;4;2;1;0;1;1;0;0;0;545338,280600000172853;5395453,498600000515580;9,616299284000036;48,710464249000040;1
99775;08231211111500812090;08;1;11;000;2023;12;07;2;2;6;4;0;0;0;1;1;0;0;0;518140,919099999591708;5403848,663899999111891;9,246972023000069;48,787370904000056;1
99782;08231210325057844550;08;3;25;057;2023;12;12;1;3;0;1;0;0;1;0;0;0;0;0;480001,951000000350177;5354662,812899999320507;8,730109903000027;48,344828374000031;1
99783;08231210317500897220;08;3;17;096;2023;12;09;1;3;3;6;0;1;1;1;0;0;0;0;422903,317999999970198;5368454,893999999389052;7,957066733000033;48,464500543000042;1
99785;08231220115200874100;08;1;15;053;2023;12;17;4;3;6;7;2;1;0;1;1;0;0;0;483544,030600000172853;5378891,458100000396371;8,776960110000061;48,562901313000054;1
99796;08231210119500845520;08;1;19;042;2023;12;13;1;3;5;3;0;0;1;1;0;0;0;0;528289,863699999637902;5415423,159800000488758;9,385937033000062;48,891112331000045;1
99797;08231210118500861000;08;1;18;021;2023;12;16;1;3;5;3;2;0;1;1;0;0;0;0;521408,536600000225008;5427435,942900000140071;9,292693121000070;48,999450302000071;1
99802;08231209437100820910;08;4;37;118;2023;12;17;7;3;6;7;2;1;0;1;1;0;0;0;513397,172000000253320;5309048,944000000134110;9,179371087000050;47,934618427000032;1
99823;08231209311010807550;08;3;11;000;2023;12;18;7;3;2;6;2;1;1;1;0;0;0;0;416988,839200000278652;5315618,302600000053644;7,887423334000061;47,988476439000067;1
99831;08231209222014806630;08;2;22;000;2023;12;01;7;1;6;4;2;0;0;0;1;0;0;1;462901,222400000318885;5482857,919600000604987;8,487667555000030;49,497220327000036;1
99841;08231209121200808580;08;1;21;000;2023;12;18;7;3;6;4;2;1;0;1;1;0;0;0;515245,365100000053644;5442862,372899999842048;9,209013475000063;49,138400941000043;1
99849;08231209111330807070;08;1;11;000;2023;12;21;7;3;6;4;2;1;0;1;1;0;0;0;515913,746100000105798;5408907,815199999138713;9,216847507000068;48,832943248000049;1
99858;08231208417010832930;08;4;17;002;2023;12;17;6;1;6;4;2;1;0;1;1;0;0;0;489281,003600000403821;5344713,853599999099970;8,855590421000045;48,255546353000057;1
99860;08231212337010833210;08;3;37;096;2023;12;07;3;2;5;3;2;1;1;1;0;0;0;0;421140,201999999582767;5267735,364800000563264;7,951746830000047;47,558245796000051;1
99871;08231208136100807290;08;1;36;082;2023;12;13;6;3;6;7;0;2;0;0;1;0;0;1;587116,877100000157952;5415441,304999999701977;10,188353384000038;48,885798003000048;1
99873;08231208127100819350;08;1;27;076;2023;12;07;6;3;6;4;1;1;0;1;1;0;0;0;553006,576799999922514;5438988,793600000441074;9,726181517000043;49,101461581000081;1
99888;08231208118010832500;08;1;18;006;2023;12;06;6;3;3;6;2;1;1;1;0;0;0;0;517850,446000000461936;5421846,637000000104308;9,243802838000022;48,949284426000077;1
99891;08231208116010840510;08;1;16;004;2023;12;16;6;3;6;2;2;1;0;1;1;0;0;0;528294,569000000134110;5396504,893999999389052;9,384697285000072;48,720928751000031;1
99893;08231207437100827200;08;4;37;088;2023;12;17;5;2;6;4;2;1;0;1;1;0;0;0;518192,199300000444055;5308493,820199999958277;9,243546428000059;47,929505650000067;1
99900;08231207435100802380;08;4;35;016;2023;12;07;5;3;0;1;0;2;1;0;0;0;0;0;534835,613099999725819;5277856,179600000381470;9,463893140000039;47,653163440000071;1
99906;08231207416100802630;08;4;16;006;2023;12;06;5;3;6;4;2;1;0;0;1;0;0;1;498309,947900000028312;5359568,469200000166893;8,977171512000041;48,389276989000052;1
99909;08231207335100803780;08;3;35;043;2023;12;07;5;3;0;1;0;1;1;0;0;0;0;0;512243,049499999731779;5279908,287900000810623;9,163096138000071;47,672449634000031;1
99911;08231207335000832200;08;3;35;079;2023;12;13;5;2;6;4;0;0;0;1;1;0;0;0;500398,834999999962747;5299668,561000000685453;9,005331237000064;47,850359726000079;1
99914;08231207317300802390;08;3;17;065;2023;12;07;5;3;6;4;2;1;0;1;1;0;0;0;414294,031000000424683;5354151,411000000312924;7,843547439000076;48,334730546000060;1
99916;08231207316100811040;08;3;16;011;2023;12;10;5;2;4;2;0;0;1;1;0;0;0;0;415130,444099999964237;5329553,236800000071526;7,859756641000047;48,113581813000053;1
99918;08231207311010876040;08;3;11;000;2023;12;08;5;3;2;6;0;0;1;1;0;0;0;0;412738,143099999986589;5317776,590900000184774;7,830025458000023;48,007325049000031;1
99940;08231207212010810230;08;2;12;000;2023;12;11;5;3;5;2;0;0;1;1;0;0;0;0;456401,566300000064075;5426587,706800000742078;8,404034999000032;48,990651926000055;1
99942;08231207211100815220;08;2;11;000;2023;12;08;5;3;0;1;0;0;1;0;0;0;0;0;443688,256500000134110;5400370,771199999377131;8,233875342000033;48,753801879000036;1
99944;08231207136300818560;08;1;36;044;2023;12;17;5;3;6;4;2;1;0;1;1;0;0;0;558500,265300000086427;5408429,524399999529123;9,797044047000043;48,826089198000034;1
99948;08231207136010804120;08;1;36;065;2023;12;14;5;2;6;4;0;0;0;1;1;0;0;0;561631,127700000070035;5406093,664300000295043;9,839345344000037;48,804775482000082;1
99953;08231207127100804500;08;1;27;076;2023;12;14;5;3;5;3;0;0;1;1;0;0;0;0;553977,890999999828637;5441557,957000000402331;9,739830790000042;49,124485937000031;1
99957;08231207121400849870;08;1;25;017;2023;12;16;5;3;5;3;1;0;1;1;0;0;0;0;502709,101999999955297;5432360,498999999836087;9,037071424000032;49,044114837000052;1
99959;08231207119400803840;08;1;19;091;2023;12;09;5;3;6;4;0;0;0;0;1;0;0;1;526960,008899999782443;5403258,823499999940395;9,366995022000026;48,781745048000062;1
99967;08231207116500832290;08;1;16;011;2023;12;13;5;2;6;4;0;0;0;1;1;0;0;0;528780,445299999788404;5379343,807800000533462;9,390110725000056;48,566525960000035;1
99970;08231207115100818880;08;1;15;002;2023;12;16;5;3;4;2;2;0;1;1;0;0;0;0;499577,145600000396371;5386314,860799999907613;8,994261161000054;48,629899974000068;1
99979;08231206436300827290;08;4;36;081;2023;12;06;4;2;6;4;2;1;0;1;1;0;0;0;561907,826899999752641;5281344,475299999117851;9,824868182000046;47,682522973000061;1
99980;08231206435100816690;08;4;35;029;2023;12;17;4;3;6;4;2;1;0;1;1;0;0;0;545077,272300000302494;5271543,001499999314547;9,599620790000074;47,595729501000051;1
99986;08231206335100803660;08;3;35;043;2023;12;18;4;3;5;2;2;1;1;1;0;0;0;0;514814,212000000290573;5280170,299000000581145;9,197356651000064;47,674753319000047;1
99992;08231206311400825030;08;3;15;050;2023;12;10;4;3;5;3;0;1;1;1;0;0;0;0;399536,412100000306964;5303493,599600000306964;7,656402615000047;47,876913642000034;1
99993;08231206311010817810;08;3;36;069;2023;12;15;4;3;6;4;0;1;0;1;1;0;0;0;408685,769999999552965;5273392,696000000461936;7,785053411000035;47,607505802000048;1
100000;08231206221200827240;08;2;21;000;2023;12;17;4;3;6;4;2;1;0;1;1;0;0;0;478375,945299999788404;5473383,306600000709295;8,701885967000067;49,412747270000068;1
100003;08231206215402853420;08;2;15;009;2023;12;07;4;3;5;3;2;0;1;1;0;0;0;0;470960,740000000223517;5442239,570499999448657;8,601921174000040;49,132301520000055;1
100011;08231206121200803940;08;1;21;000;2023;12;15;4;3;5;3;0;0;1;1;0;0;0;0;516761,131500000134110;5443115,172199999913573;9,229804931000047;49,140635465000059;1
202112;08230212317200760980;08;3;17;005;2023;02;11;1;3;5;3;0;0;1;1;0;0;0;0;424402,213999999687076;5379646,869000000879169;7,975311521000037;48,565353625000057;1
202113;08230212311400787730;08;3;15;007;2023;02;15;1;2;6;7;0;0;0;1;1;0;0;0;400385,926300000399351;5293125,123600000515580;7,670146021000050;47,783781329000078;1
202114;08230212311010773820;08;3;11;000;2023;02;14;1;3;6;4;0;0;0;1;1;0;0;0;410055,553999999538064;5314607,475400000810623;7,794730535000042;47,978446305000034;1
202115;08230212311010764950;08;3;36;008;2023;02;18;1;2;5;3;2;0;1;0;0;0;0;1;396661,655799999833107;5276292,151200000196695;7,624431838000021;47,631781275000037;1
202116;08230212311010761750;08;3;36;069;2023;02;15;1;2;8;6;0;0;1;0;0;0;0;1;405161,281999999657273;5267778,672000000253320;7,739384327000039;47,556497750000062;1
202119;08230212226700771380;08;2;26;098;2023;02;22;1;3;0;7;2;0;1;0;0;0;0;0;477955,855299999937415;5460845,390499999746680;8,696788669000057;49,299954489000072;1
202120;08230212222014916740;08;2;21;000;2023;02;10;1;3;3;6;0;0;1;0;0;0;0;0;476965,857599999755621;5472432,433100000023842;8,682501650000063;49,404142565000029;1
202121;08230212121600778820;08;1;25;046;2023;02;18;1;3;5;3;2;0;1;1;0;0;0;0;517328,188699999824166;5433893,139399999752641;9,237183931000061;49,057664004000060;1
202125;08230211335400811260;08;3;35;079;2023;02;15;7;3;7;1;0;0;1;0;0;0;0;0;501754,164800000376999;5299736,416899999603629;9,023448237000025;47,850967983000032;1
202126;08230211335100783130;08;3;35;043;2023;02;12;7;3;5;3;0;0;1;1;0;0;0;0;513324,113900000229478;5278968,543199999257922;9,177468835000070;47,663972750000028;1
202132;08230211222200817990;08;2;22;000;2023;02;02;7;3;6;2;2;0;0;1;1;0;0;0;461314,637099999934435;5482048,796099999919534;8,465837072000056;49,489843599000039;1
202133;08230211222014786170;08;2;26;107;2023;02;10;7;3;6;7;0;0;0;1;1;0;0;0;475174,748999999836087;5482873,197799999266863;8,657159459000070;49,497984204000034;1
202136;08230211221400757060;08;2;26;018;2023;02;14;7;3;8;7;0;0;1;0;0;0;0;0;472932,143699999898672;5471182,479499999433756;8,626987995000036;49,392733446000079;1
202138;08230211215402806800;08;2;15;021;2023;02;12;7;3;5;3;0;0;1;1;0;0;0;0;469818,529199999757111;5444225,170700000599027;8,586115120000045;49,150107268000056;1
202140;08230211118010781690;08;1;18;048;2023;02;08;7;3;6;4;0;0;0;1;1;0;0;0;515279,398199999704957;5415100,527799999341369;9,208434863000036;48,888667433000080;1
202142;08230211111230757120;08;1;11;000;2023;02;17;7;3;4;6;0;0;1;1;0;0;0;0;511902,662899999879301;5398505,214299999177456;9,161889749000068;48,739452176000043;1
202143;08230210421200765570;08;4;21;000;2023;02;10;6;3;4;7;0;0;1;1;0;0;0;0;573586,703999999910593;5361723,219000000506639;9,994277025000031;48,404368588000068;1
202146;08230210336200789990;08;3;36;069;2023;02;07;6;3;5;3;0;0;1;1;0;0;0;0;408149,900700000114739;5268687,080900000408292;7,778910313000040;47,565099345000078;1
202148;08230210317500760870;08;3;17;047;2023;02;13;6;3;0;7;0;0;1;0;0;0;0;0;419003,819400000385940;5363783,501399999484420;7,905229124000073;48,421992030000069;1
202149;08230210317500751840;08;3;17;096;2023;02;14;6;3;8;1;0;0;1;0;0;0;0;0;422231,016999999992549;5368431,373999999836087;7,947978075000037;48,464206216000036;1