OID_;UIDENTSTLAE;ULAND;UREGBEZ;UKREIS;UGEMEINDE;UJAHR;UMONAT;USTUNDE;UWOCHENTAG;UKATEGORIE;UART;UTYP1;ULICHTVERH;IstStrassenzustand;IstRad;IstPKW;IstFuss;IstKrad;IstGkfz;IstSonstige;LINREFX;LINREFY;XGCSWGS84;YGCSWGS84;PLST
202150;08230210311400769070;08;3;15;076;2023;02;15;6;3;6;4;0;0;0;1;1;0;0;0;392470,283499999903142;5296466,366000000387430;7,563676488000056;47,812561946000073;1
202151;08230210311300751340;08;3;15;095;2023;02;07;6;2;0;1;0;2;1;0;0;0;0;0;427821,688000000081956;5318342,778999999165535;8,032131705000040;48,014299974000039;1
202152;08230210311100753510;08;3;15;015;2023;02;15;6;2;5;3;0;0;1;1;0;0;0;0;399965,527099999599159;5314804,959100000560284;7,659513010000069;47,978724516000057;1
202153;08230210311010780760;08;3;11;000;2023;02;19;6;3;6;4;2;0;0;1;1;0;0;0;411432,683600000105798;5318214,672900000587106;7,812435730000061;48,011086124000030;1
202155;08230210222500754290;08;2;22;000;2023;02;18;6;3;6;2;2;0;0;1;1;0;0;0;461954,236100000329316;5477798,666999999433756;8,475076835000038;49,451656248000063;1
202158;08230210212302765120;08;2;12;000;2023;02;15;6;3;4;6;0;0;1;1;0;0;0;0;455592,666199999861419;5428353,975400000810623;8,392785351000043;49,006482070000061;1
202159;08230210212010764180;08;2;12;000;2023;02;16;6;2;6;4;0;0;0;0;1;0;0;1;460132,949000000022352;5427830,390000000596046;8,454916326000046;49,002082313000074;1
202162;08230210118200782490;08;1;18;080;2023;02;17;6;3;6;4;0;0;0;1;1;0;0;0;507087,945899999700487;5410943,331299999728799;9,096618886000044;48,851417927000057;1
202164;08230210111500821650;08;1;11;000;2023;02;10;6;3;6;4;0;0;0;1;1;0;0;0;512456,849000000394881;5403478,062899999320507;9,169577809000032;48,784176841000033;1
202165;08230210111500771280;08;1;11;000;2023;02;15;6;3;0;7;0;0;1;0;0;0;0;0;513075,175599999725819;5402270,933199999853969;9,177956792000032;48,773304907000067;1
202167;08230210111140920020;08;1;11;000;2023;02;15;6;3;0;7;0;0;1;1;0;0;0;0;510385,592799999751151;5402779,970399999991059;9,141363807000062;48,777934883000057;1
202169;08230209435200751620;08;4;35;034;2023;02;13;5;3;6;3;0;0;0;1;1;0;0;0;529603,330000000074506;5284560,990800000727177;9,394673363000038;47,713750350000055;1
202170;08230209435100762060;08;4;35;016;2023;02;07;5;2;6;4;1;0;0;1;1;0;0;0;535516,036000000312924;5277815,770999999716878;9,472950485000069;47,652762874000075;1
202172;08230209421200749500;08;4;25;072;2023;02;16;5;3;0;1;0;0;1;0;0;0;0;0;582963,597599999979138;5371638,296000000089407;10,122915121000062;48,492387826000027;1
202173;08230209415300762180;08;4;15;061;2023;02;07;5;3;5;3;1;0;1;1;0;0;0;0;516219,259100000374019;5371475,488900000229478;9,219543018000024;48,496191285000066;1
202174;08230209335300750570;08;3;35;022;2023;02;06;5;3;6;4;2;0;0;1;1;0;0;0;482936,476200000382960;5300182,551799999549985;8,771892122000054;47,854757843000073;1
202177;08230209317500772590;08;3;17;096;2023;02;04;5;3;0;1;2;1;1;0;0;0;0;0;422560,376000000163913;5370201,398000000044703;7,952104890000044;48,480168109000033;1
202178;08230209311010752470;08;3;11;000;2023;02;18;5;3;6;3;2;0;0;0;1;0;0;1;411222,969800000078976;5318307,051799999549985;7,809605261000058;48,011887992000027;1
202179;08230209231202775540;08;2;36;013;2023;02;15;5;3;1;2;0;0;1;1;0;0;0;0;474592,460500000044703;5408695,501499999314547;8,653801172000044;48,830717428000071;1
202181;08230209226700750780;08;2;26;041;2023;02;12;5;3;5;3;0;0;1;1;0;0;0;0;476163,267799999564886;5466137,310799999162555;8,671816318000026;49,347487788000080;1
202183;08230209222500752140;08;2;22;000;2023;02;17;5;3;6;4;1;0;1;0;1;0;0;0;462225,579099999740720;5478963,079399999231100;8,478709358000060;49,462146519000044;1
202184;08230209222301773130;08;2;22;000;2023;02;09;5;3;6;2;0;0;0;1;1;0;0;0;465270,687099999748170;5482003,960599999874830;8,520463554000060;49,489679650000028;1
202185;08230209216100749780;08;2;16;043;2023;02;09;5;3;1;6;0;0;1;1;0;0;0;0;442062,710799999535084;5411415,060699999332428;8,210203398000033;48,852996909000069;1
202188;08230209135200763030;08;1;35;025;2023;02;07;5;3;1;7;1;2;1;1;0;0;0;0;582292,202200000174344;5398560,623900000005960;10,119169429000067;48,734629329000029;1
202190;08230209119200750410;08;1;19;093;2023;02;07;5;3;1;7;0;0;1;0;0;0;0;1;523390,282599999569356;5406087,332399999722838;9,318563776000076;48,807334226000080;1
202192;08230209118000780880;08;1;18;079;2023;02;10;5;2;6;4;0;0;0;1;1;0;0;0;510710,586500000208616;5421369,025699999183416;9,146273943000040;48,945152877000055;1
202198;08230208435100746950;08;4;35;016;2023;02;07;4;3;5;3;1;0;1;1;0;0;0;0;537824,572999999858439;5278337,567399999126792;9,503736159000027;47,657326838000074;1
202199;08230208426100762600;08;4;26;021;2023;02;12;4;3;5;3;0;0;1;1;0;0;0;0;558994,190299999900162;5327455,840500000864267;9,792353432000027;48,097636626000053;1
202202;08230208317500773240;08;3;17;096;2023;02;14;4;3;3;2;0;0;1;1;0;0;0;0;422660,298000000417233;5368924,321299999952316;7,953693023000028;48,468693184000074;1
202204;08230208311010749890;08;3;11;000;2023;02;14;4;3;0;7;0;0;1;0;0;0;0;0;411474,925900000147521;5314561,850400000810623;7,813755485000058;47,978233876000047;1
202208;08230208225100774620;08;2;25;058;2023;02;08;4;3;5;3;0;0;1;1;0;0;0;0;510862,058000000193715;5467360,233999999240041;9,149582985000052;49,358857161000060;1
202209;08230208222500816900;08;2;22;000;2023;02;09;4;2;5;3;0;0;1;1;0;0;0;0;463551,416500000283122;5477698,313400000333786;8,497121696000022;49,450851524000029;1
202211;08230208222301748880;08;2;22;000;2023;02;18;4;3;0;6;1;0;1;1;0;0;0;0;464540,875699999742210;5484018,788799999281764;8,510205989000042;49,507759827000029;1
202213;08230208221400771170;08;2;26;018;2023;02;08;4;3;5;3;0;0;1;1;0;0;0;0;473180,269299999810755;5471955,562799999490380;8,630355063000025;49,399698163000039;1
202215;08230208216100748080;08;2;16;009;2023;02;07;4;3;5;3;0;0;1;1;0;0;0;0;446898,072599999606609;5420634,352299999445677;8,274914533000072;48,936357666000049;1
202216;08230208212702750200;08;2;15;017;2023;02;12;4;3;5;2;0;0;1;1;0;0;0;0;456394,708499999716878;5420830,324799999594688;8,404558184000052;48,938862727000071;1
202218;08230208119100758310;08;1;19;008;2023;02;13;4;3;6;4;0;0;0;1;1;0;0;0;532047,414099999703467;5420421,879399999976158;9,437589504000073;48,935895318000064;1
202220;08230208115300771130;08;1;15;028;2023;02;19;4;3;5;2;2;0;1;1;0;0;0;0;500338,714200000278652;5404954,015499999746680;9,004612218000034;48,797579082000027;1
202221;08230208115100746610;08;1;15;003;2023;02;06;4;3;6;2;1;0;0;1;1;0;0;0;501303,727300000376999;5391473,150299999862909;9,017709998000043;48,676303557000040;1
202223;08230208111210747800;08;1;11;000;2023;02;08;4;3;5;3;0;0;1;1;0;0;0;0;507785,161799999885261;5398446,998500000685453;9,105886079000072;48,738993533000041;1
202224;08230207435100795150;08;4;35;016;2023;02;09;3;3;6;4;0;0;0;1;1;0;0;0;535934,832700000144541;5277761,231300000101328;9,478522723000026;47,652249034000079;1
202225;08230207426100745400;08;4;26;021;2023;02;09;3;3;2;2;0;1;1;1;0;0;0;0;558954,179299999959767;5325928,239600000903010;9,791605144000073;48,083897751000052;1
202227;08230207421300745280;08;4;21;000;2023;02;07;3;3;5;3;1;2;1;1;0;0;0;0;572158,279000000096858;5355266,875800000503659;9,973871262000046;48,346457032000046;1
202230;08230207336400745100;08;3;36;091;2023;02;14;3;3;6;4;0;0;0;1;1;0;0;0;395928,910099999979138;5271961,448599999770522;7,615709564000042;47,592708533000064;1
202232;08230207326200755430;08;3;26;074;2023;02;08;3;2;6;4;0;1;0;1;1;0;0;0;465034,054999999701977;5322218,162299999967217;8,530784474000029;48,052286466000055;1
202234;08230207311400804700;08;3;15;074;2023;02;07;3;3;1;6;1;0;1;1;0;0;0;0;397415,690200000070035;5296055,484699999913573;7,629811786000062;47,809673531000044;1
202235;08230207311010746260;08;3;11;000;2023;02;09;3;3;1;5;0;0;1;1;0;0;0;0;414040,500000000000000;5316126,507099999114871;7,847813887000029;47,992658438000035;1
202236;08230207436300754040;08;4;36;081;2023;02;12;3;3;5;3;0;0;1;1;0;0;0;0;561951,282899999991059;5282540,613199999555945;9,825616954000054;47,693280155000082;1
202237;08230207311010745070;08;3;11;000;2023;02;12;3;3;1;5;0;0;1;1;0;0;0;0;415344,768000000156462;5315393,251599999144673;7,865437088000022;47,986236489000078;1
202238;08230207235100770490;08;2;35;085;2023;02;12;3;3;0;7;0;0;1;1;0;0;0;0;482697,146300000138581;5395335,368100000545382;8,764795075000052;48,710809739000069;1
202239;08230207231000764010;08;2;31;000;2023;02;13;3;3;0;4;0;0;0;0;1;0;0;1;478085,715499999932945;5415586,444599999114871;8,701029954000035;48,892839467000044;1
202242;08230207221200769950;08;2;21;000;2023;02;20;3;3;0;7;0;0;1;0;0;0;0;0;477120,401999999769032;5472502,721999999135733;8,684627778000049;49,404780632000040;1
202243;08230207216200775170;08;2;16;007;2023;02;15;3;3;5;3;0;0;1;1;0;0;0;0;436941,760499999858439;5393201,698000000789762;8,143195082000034;48,688669038000057;1
202246;08230207211000771260;08;3;17;001;2023;02;08;3;3;5;3;0;0;1;1;0;0;0;0;431918,260800000280142;5387103,306399999186397;8,075950441000032;48,633286340000041;1
202247;08230210222700781910;08;2;22;000;2023;02;15;6;3;0;3;0;0;1;1;0;0;0;0;462137,793899999931455;5481612,448899999260902;8,477244412000061;49,485970807000058;1
202248;08230207128100768000;08;1;28;007;2023;02;12;3;3;6;4;0;0;0;1;1;0;0;0;556243,051500000059605;5482216,614800000563264;9,776601514000049;49,489979581000057;1
202249;08230207127100756460;08;1;27;076;2023;02;05;3;3;6;4;2;1;0;0;1;0;0;1;553492,489199999719858;5439070,730599999427795;9,732848722000028;49,102156516000036;1
202251;08230207117100753900;08;1;17;015;2023;02;06;3;3;4;2;2;0;1;1;0;0;0;0;558514,806099999696016;5392406,980100000277162;9,794964854000057;48,681962914000053;1
202252;08230207116200774260;08;1;16;080;2023;02;16;3;3;3;5;0;0;1;1;0;0;0;0;518484,343600000254810;5397480,798000000417233;9,251361404000022;48,730076054000051;1
202254;08230206415300802260;08;4;15;019;2023;02;07;2;3;5;3;1;0;1;1;0;0;0;0;518683,456799999810755;5369346,039300000295043;9,252802718000055;48,476965595000081;1
202256;08230206316100753300;08;3;16;011;2023;02;00;2;3;4;7;2;0;1;0;0;0;0;0;415450,433699999935925;5329390,032299999147654;7,864087262000055;48,112156320000054;1
202257;08230206311010765090;08;3;11;000;2023;02;07;2;3;5;3;1;1;1;1;0;0;0;0;414321,565999999642372;5319380,487999999895692;7,850930393000056;48,021966906000046;1
202258;08230206311010756760;08;3;11;000;2023;02;16;2;3;5;3;0;0;1;1;0;0;0;0;415223,982900000177324;5317691,023800000548363;7,863364695000030;48,006889918000070;1
202261;08230206311010743900;08;3;11;000;2023;02;09;2;3;5;3;0;0;1;0;0;0;0;1;414103,073300000280142;5316104,739199999719858;7,848656790000064;47,992471036000040;1
202262;08230206231000744710;08;2;31;000;2023;02;14;2;2;6;4;0;0;0;0;1;0;0;1;477514,541400000452995;5415508,359500000253320;8,693242009000073;48,892116575000045;1
202263;08230206222500769740;08;2;22;000;2023;02;14;2;3;5;3;0;0;1;1;0;0;0;0;462396,594299999997020;5478371,089500000700355;8,481125505000023;49,456832461000033;1
202264;08230206222500751880;08;2;22;000;2023;02;19;2;3;5;3;2;0;1;1;0;0;0;0;462991,466500000096858;5478984,315999999642372;8,489276246000031;49,462384683000039;1
202266;08230206221300772240;08;2;21;000;2023;02;14;2;3;4;2;0;0;1;1;0;0;0;0;475105,593600000254810;5474818,209000000730157;8,656710949000058;49,425528906000068;1
202267;08230206128200771230;08;1;28;115;2023;02;17;2;3;4;1;0;0;1;1;0;0;0;0;547393,056499999947846;5499827,327400000765920;9,656531315000052;49,649128501000064;1
202268;08230206121600744220;08;1;25;098;2023;02;09;2;3;6;7;0;0;0;1;1;0;0;0;520145,025500000454485;5437443,454500000923872;9,275916470000027;49,089514825000037;1
202270;08230206121100769010;08;1;25;006;2023;02;09;2;3;3;6;0;0;1;1;0;0;0;0;507118,065299999900162;5453774,695599999278784;9,097781960000077;49,236708599000053;1
202272;08230206119200767350;08;1;19;020;2023;02;08;2;3;3;2;0;0;1;1;0;0;0;0;520767,313699999824166;5406171,553400000557303;9,282845016000067;48,808185049000031;1
202278;08230205311010765080;08;3;11;000;2023;02;18;1;3;0;7;2;1;1;0;0;0;0;0;410701,042999999597669;5315016,872600000351667;7,803293108000048;47,982219363000070;1
202280;08230205212010764770;08;2;12;000;2023;02;15;1;2;5;3;0;1;1;0;0;0;0;1;458749,037299999967217;5429345,523900000378489;8,435841728000071;49,015620258000069;1
202281;08230205119500777940;08;1;19;085;2023;02;16;1;3;6;7;0;1;0;1;1;0;0;0;528168,642300000414252;5412609,686300000175834;9,384089515000028;48,865808959000049;1
202284;08230208311100760600;08;3;15;059;2023;02;16;4;3;6;4;0;0;0;1;1;0;0;0;399466,220999999903142;5321754,426300000399351;7,651194845000020;48,041154470000038;1
202285;08230204436000754900;08;4;36;082;2023;02;17;7;3;0;1;0;0;1;0;0;0;0;0;547743,304499999620020;5295302,790799999609590;9,637684085000046;47,809307853000064;1
202287;08230204317000767860;08;3;17;096;2023;02;17;7;3;6;2;2;0;1;0;1;0;0;0;421900,382500000298023;5368948,344599999487400;7,943409666000036;48,468815359000075;1
202288;08230204316100741750;08;3;16;011;2023;02;14;7;3;0;7;0;1;0;1;1;0;0;0;414542,566499999724329;5330474,124800000339746;7,851675397000065;48,121786750000069;1
202289;08230204311010759380;08;3;11;000;2023;02;03;7;3;0;1;2;1;1;0;0;0;0;0;413328,917200000025332;5316496,949899999424815;7,838203168000064;47,995894643000042;1
202290;08230204311010757420;08;3;11;000;2023;02;12;7;3;5;3;0;0;1;1;0;0;0;0;414329,003700000233948;5319386,671499999240041;7,851028886000051;48,022023527000044;1
202291;08230204311010742740;08;3;11;000;2023;02;14;7;3;1;5;0;0;1;0;0;0;0;1;414418,560700000263751;5318368,448599999770522;7,852433023000060;48,012876258000063;1
202292;08230204311010742290;08;3;11;000;2023;02;16;7;3;1;5;0;0;1;1;0;0;0;0;411855,130499999970198;5315932,822899999096990;7,818567719000043;47,990618678000033;1
202293;08230204311010741780;08;3;11;000;2023;02;12;7;3;1;5;0;1;1;1;0;0;0;0;412990,260400000028312;5316093,830000000074506;7,833746285000075;47,992222449000053;1
202294;08230204231000746640;08;2;31;000;2023;02;18;7;3;5;3;2;0;1;1;0;0;0;0;478608,166299999691546;5416019,562899999320507;8,708134817000030;48,896753912000065;1
202298;08230204119400750600;08;1;19;091;2023;02;11;7;3;5;3;0;0;1;1;0;0;0;0;526838,470700000412762;5406638,302600000053644;9,365561442000057;48,812151259000075;1
202299;08230204118400760770;08;1;18;048;2023;02;19;7;3;6;4;2;1;0;1;1;0;0;0;513316,433000000193715;5415383,844000000506639;9,181666335000045;48,891261364000059;1
202301;08230204111370748760;08;1;11;000;2023;02;12;7;3;6;4;0;0;0;1;1;0;0;0;511526,910899999551475;5406132,116800000891089;9,156992893000051;48,808070381000050;1
202308;08230203316200747360;08;3;16;056;2023;02;11;6;3;6;5;0;0;0;1;1;0;0;0;422691,750400000251830;5327370,997199999168515;7,961721958000055;48,094914342000038;1
202309;08230203311100782920;08;3;15;015;2023;02;01;6;3;0;7;2;0;1;0;0;0;0;0;394025,387799999676645;5322066,865000000223517;7,578143592000060;48,043084624000073;1
202311;08230203311010764940;08;3;36;069;2023;02;11;6;2;6;2;0;0;0;1;1;0;0;0;410285,690499999560416;5270434,150399999693036;7,806940923000070;47,581114562000039;1
202317;08230203136300746480;08;1;36;065;2023;02;20;6;3;0;1;2;1;1;0;0;0;0;0;560141,397099999710917;5409022,094699999317527;9,819488410000076;48,831262595000055;1
202319;08230203119300760290;08;1;19;067;2023;02;19;6;3;5;3;2;0;1;0;0;0;0;1;539052,261699999682605;5406171,161000000312924;9,531872278000037;48,807301486000028;1
202321;08230203119200750560;08;1;19;020;2023;02;15;6;2;0;5;0;0;1;1;0;0;0;0;519467,315600000321865;5408541,305199999362230;9,265252067000063;48,829544956000063;1
202324;08230203117300741880;08;1;17;020;2023;02;18;6;3;0;1;2;1;1;0;0;0;0;0;549936,189699999988079;5390480,624299999326468;9,678194937000058;48,665379636000068;1
202326;08230203111240760240;08;1;11;000;2023;02;08;6;3;0;3;0;1;1;1;0;0;0;0;515252,048999999649823;5403686,790999999269843;9,207636986000068;48,785992273000033;1
202327;08230202435100751680;08;4;35;016;2023;02;05;5;3;0;1;2;2;1;0;0;0;0;0;535314,984100000001490;5278041,353800000622869;9,470291488000044;47,654803545000050;1
202328;08230202435100746320;08;4;35;013;2023;02;18;5;3;0;1;2;0;1;0;0;0;0;0;539872,257000000216067;5275188,658099999651313;9,530718372000024;47,628871991000040;1
202330;08230202421300739730;08;4;21;000;2023;02;08;5;3;5;3;0;1;1;1;0;0;0;0;570766,042700000107288;5361991,842000000178814;9,956216196000071;48,407107931000041;1
202331;08230202337100759240;08;3;37;096;2023;02;12;5;3;6;2;0;0;0;1;1;0;0;0;421144,838899999856949;5267731,200400000438094;7,951809203000039;47,558208895000064;1
202332;08230202336100762630;08;3;36;050;2023;02;07;5;3;5;2;2;0;1;1;0;0;0;0;399740,069699999876320;5275332,136299999430776;7,665617754000039;47,623629587000039;1
202333;08230202335000744640;08;3;35;043;2023;02;12;5;2;6;4;0;0;0;1;1;0;0;0;512722,373300000093877;5279883,271400000900030;9,169480707000048;47,672215290000054;1
202334;08230202327100791700;08;3;27;050;2023;02;11;5;3;6;7;0;0;0;0;1;0;0;1;487390,111700000241399;5314524,073000000789762;8,831009019000021;47,983895304000043;1
202335;08230202317200739640;08;3;17;057;2023;02;14;5;3;6;4;0;0;0;1;1;0;0;0;412274,308199999853969;5380841,513900000602007;7,810706463000031;48,574518585000078;1
202337;08230202316200756560;08;3;16;056;2023;02;07;5;3;5;3;2;1;1;1;0;0;0;0;421526,922000000253320;5326459,353599999099970;7,946248179000065;48,086571234000075;1
202341;08230202215502745150;08;2;15;099;2023;02;13;5;3;2;7;0;0;1;1;0;0;0;0;463521,402700000442564;5447085,890100000426173;8,499505193000061;49,175497690000043;1
202343;08230202117300757020;08;1;17;026;2023;02;11;5;3;4;2;0;1;1;1;0;0;0;0;548219,275100000202656;5394893,212700000032783;9,655393611000022;48,705208083000059;1
202344;08230202116200755810;08;1;16;078;2023;02;15;5;3;6;2;0;0;0;1;1;0;0;0;512621,015399999916553;5392783,328299999237061;9,171485090000033;48,687963805000038;1
202348;08230201436400787080;08;4;36;064;2023;02;14;4;3;0;1;0;0;1;1;0;0;0;0;546776,940999999642372;5292766,875800000503659;9,624504162000051;47,786563274000059;1
202349;08230201416010753290;08;4;15;061;2023;02;10;4;2;6;3;0;1;0;1;1;0;0;0;515468,301400000229478;5371195,237299999222159;9,209367786000030;48,493688982000037;1
202350;08230201415400738890;08;4;15;061;2023;02;11;4;3;0;7;0;1;1;0;0;0;0;0;515304,423100000247359;5371114,108999999240041;9,207146690000059;48,492963137000061;1
202351;08230201335100771560;08;3;35;043;2023;02;14;4;3;6;7;0;0;0;1;1;0;0;0;513289,717199999839067;5278453,429300000891089;9,176995028000022;47,659338629000047;1
202353;08230201311400743770;08;3;15;076;2023;02;11;4;3;5;2;0;0;1;1;0;0;0;0;391273,683799999766052;5292317,803899999707937;7,548737805000030;47,775046134000036;1
202354;08230201311010794850;08;3;11;000;2023;02;18;4;3;1;5;1;0;1;1;0;0;0;0;414281,673999999649823;5315273,487999999895692;7,851216189000070;47,985017571000071;1
202357;08230201311010738690;08;3;36;050;2023;02;12;4;3;4;3;0;0;1;1;0;0;0;0;398561,377299999818206;5272390,350700000301003;7,650615702000039;47,596983818000069;1
202359;08230201225200746230;08;2;25;014;2023;02;14;4;3;6;7;0;0;0;1;1;0;0;0;523521,775000000372529;5485467,605699999257922;9,324994209000067;49,521372002000078;1
202362;08230201221200750670;08;2;21;000;2023;02;00;4;3;3;6;2;0;1;0;0;0;0;0;476743,337299999780953;5471701,649700000882149;8,679477307000070;49,397560817000056;1
202364;08230201215502750970;08;2;15;107;2023;02;19;4;3;5;3;2;1;1;0;0;1;0;0;462011,677899999544024;5457159,366699999198318;8,477838529000053;49,266015955000057;1
202366;08230209221200752230;08;2;21;000;2023;02;16;5;2;6;6;0;0;1;0;1;0;0;0;477853,882100000046194;5473149,154799999669194;8,694701856000052;49,410622332000059;1
202367;08230201215102751460;08;2;15;109;2023;02;07;4;3;1;5;2;1;1;1;0;0;0;0;461603,061599999666214;5435134,425400000065565;8,474323742000024;49,067876651000063;1
202368;08230201212010753210;08;2;15;109;2023;02;21;4;2;6;6;2;0;0;1;1;0;0;0;461641,736299999989569;5433601,364000000059605;8,474998474000074;49,054088955000054;1
202369;08230201212010740630;08;2;15;009;2023;02;15;4;3;5;3;0;0;1;1;0;0;0;0;468231,673200000077486;5440738,638499999418855;8,564629615000058;49,118665355000076;1
202370;08230201212010739420;08;2;12;000;2023;02;06;4;3;2;4;2;1;0;1;1;0;0;0;458711,324500000104308;5431878,870999999344349;8,435068065000053;49,038405538000063;1
202373;08230201136100738910;08;1;36;088;2023;02;08;4;3;5;7;0;0;1;1;0;0;0;0;580613,315600000321865;5409920,068399999290705;10,098569174000033;48,837019058000067;1
202374;08230201119010751560;08;1;19;090;2023;02;13;4;2;0;6;0;0;1;0;0;0;0;1;532062,353500000201166;5406855,009500000625849;9,436729852000042;48,813853082000037;1
202375;08230201118400738480;08;1;18;006;2023;02;18;4;3;6;7;2;0;0;1;1;0;0;0;517184,443900000303984;5420749,284399999305606;9,234660321000035;48,939431917000036;1
202376;08230201117200745530;08;1;17;024;2023;02;13;4;3;3;6;0;1;1;0;0;0;0;0;561080,116000000387430;5385802,419999999925494;9,828838284000028;48,622307701000068;1
202379;08230201111500752010;08;1;11;000;2023;02;07;4;2;6;4;2;1;0;0;1;0;1;0;508078,419400000013411;5396767,773700000718236;9,109841761000041;48,723883457000056;1
202380;08230201111500738660;08;1;11;000;2023;02;07;4;3;5;2;0;1;1;1;0;0;0;0;507441,502600000239909;5396935,090600000694394;9,101184678000038;48,725396575000048;1
202381;08230131435100726300;08;4;35;016;2023;01;07;3;3;5;3;0;0;1;1;0;0;0;0;535467,890100000426173;5278525,347599999979138;9,472366949000047;47,659149876000072;1
202385;08230131335100737000;08;3;35;043;2023;01;08;3;3;5;3;0;0;1;1;0;0;0;0;515466,535899999551475;5280236,571900000795722;9,206049276000044;47,675334343000031;1
202387;08230131311010721560;08;3;36;081;2023;01;09;3;2;6;2;0;1;0;1;1;0;0;0;411043,015999999828637;5277858,686000000685453;7,815502380000055;47,648009030000026;1
202388;08230131311010717900;08;3;11;000;2023;01;21;3;3;0;1;2;0;1;0;0;0;0;0;414193,781999999657273;5317036,387700000777841;7,849686084000041;48,000863745000061;1
202389;08230131311010717450;08;3;11;000;2023;01;08;3;3;5;3;0;0;1;1;0;0;0;0;414329,723000000230968;5319388,074999999254942;7,851038250000045;48,022036248000063;1
202391;08230131222500733450;08;2;22;000;2023;01;17;3;3;5;3;0;0;1;1;0;0;0;0;465150,025100000202656;5474416,977900000289083;8,519465184000069;49,421430962000045;1
202392;08230131222014737060;08;2;22;000;2023;01;19;3;3;6;2;2;1;0;1;1;0;0;0;464177,389399999752641;5485622,721000000834465;8,505039814000042;49,522164990000078;1
202393;08230131222014730300;08;2;22;000;2023;01;09;3;3;5;3;0;0;1;1;0;0;0;0;462910,505499999970198;5479116,289799999445677;8,488146653000058;49,463566787000047;1
202395;08230131215202737140;08;2;15;064;2023;01;18;3;3;6;7;2;0;0;0;1;1;0;0;477643,541799999773502;5451063,611400000751019;8,693039063000072;49,211955191000072;1
202396;08230131212102720020;08;2;12;000;2023;01;07;3;3;0;5;1;0;1;1;0;0;0;0;460525,792799999937415;5427641,609999999403954;8,460305595000023;49,000409445000059;1
202398;08230131126200728530;08;1;26;066;2023;01;18;3;3;6;3;2;0;0;1;1;0;0;0;536892,027999999932945;5449740,500000000000000;9,506410580000022;49,199351108000030;1
202400;08230131221300728310;08;2;21;000;2023;01;14;3;3;1;5;0;0;1;1;0;0;0;0;476888,141900000162423;5475273,879899999126792;8,681264979000048;49,429697934000046;1
202408;08230131111500747410;08;1;11;000;2023;01;09;3;3;0;7;0;2;1;0;0;0;0;0;511465,093000000342727;5398816,409099999815226;9,155946985000071;48,742259888000035;1
202411;08230130336400716910;08;3;36;091;2023;01;13;2;3;6;7;0;0;0;0;1;0;0;1;396016,584599999710917;5273804,422100000083447;7,616438310000035;47,609300495000070;1
202413;08230211212010792410;08;2;12;000;2023;02;11;7;2;5;3;0;0;1;0;0;1;0;0;452465,263500000350177;5427672,572699999436736;8,350104588000022;49,000119874000063;1
202416;08230130311100717250;08;3;15;072;2023;01;13;2;3;0;7;0;0;1;0;0;0;0;0;402222,066200000233948;5318956,216800000518560;7,688796988000036;48,016413252000063;1
202417;08230130311010719200;08;3;36;050;2023;01;07;2;3;6;4;0;0;0;1;1;0;0;0;399351,438000000081956;5273704,486999999731779;7,660820780000051;47,608928071000037;1
202418;08230130216200717020;08;2;16;007;2023;01;12;2;3;5;3;0;1;1;0;0;0;0;0;436637,977800000458956;5393057,709300000220537;8,139089994000074;48,687343077000037;1
202419;08230130212702736910;08;2;15;096;2023;01;13;2;3;6;4;0;1;0;1;1;0;0;0;463611,783900000154972;5418144,558199999853969;8,503344661000028;48,915169833000050;1
202420;08230130212010729180;08;2;12;000;2023;01;18;2;3;5;2;2;1;1;1;0;0;0;1;458408,451000000350177;5431214,764000000432134;8,430992355000058;49,032411458000070;1
202422;08230130127202723140;08;1;27;014;2023;01;06;2;2;6;4;2;1;0;1;1;0;0;0;578267,518899999558926;5443476,072300000116229;10,073069449000059;49,139124097000035;1
202426;08230130121200725310;08;1;21;000;2023;01;08;2;3;5;3;0;1;1;1;0;0;0;0;516340,511900000274181;5441887,135500000789762;9,223988259000066;49,129600196000069;1
202435;08230129326100731120;08;3;26;005;2023;01;11;1;3;6;1;0;2;0;1;1;0;0;0;468957,137000000104308;5294865,379000000655651;8,585399247000055;47,806394719000082;1
202436;08230129317500725860;08;3;17;096;2023;01;05;1;3;8;1;2;1;1;0;0;0;0;0;420680,399000000208616;5369124,267999999225140;7,926874434000069;48,470245077000072;1
202438;08230129311010723160;08;3;11;000;2023;01;14;1;3;1;7;0;0;1;1;0;0;0;0;414082,113099999725819;5317714,582299999892712;7,848053529000026;48,006949350000070;1
202439;08230129231102735100;08;2;36;040;2023;01;16;1;2;6;4;0;0;0;1;1;0;0;0;488190,727099999785423;5421683,026399999856949;8,838712308000026;48,947957520000045;1
202440;08230129222600710350;08;2;22;000;2023;01;16;1;3;0;7;0;0;1;0;0;0;0;0;462188,566599999554455;5485129,840700000524521;8,477608694000025;49,517611002000081;1
202443;08230129118300711510;08;1;18;046;2023;01;18;1;3;5;3;2;0;1;1;0;0;0;0;513561,885200000368059;5411328,554800000041723;9,184880374000045;48,854775597000071;1
202448;08230129111500738340;08;1;11;000;2023;01;12;1;3;1;5;0;0;1;1;0;0;0;0;511181,452899999916553;5402342,230799999088049;9,152184739000063;48,773983210000040;1