OID_;UIDENTSTLAE;ULAND;UREGBEZ;UKREIS;UGEMEINDE;UJAHR;UMONAT;USTUNDE;UWOCHENTAG;UKATEGORIE;UART;UTYP1;ULICHTVERH;IstStrassenzustand;IstRad;IstPKW;IstFuss;IstKrad;IstGkfz;IstSonstige;LINREFX;LINREFY;XGCSWGS84;YGCSWGS84;PLST
202449;08230129111370820990;08;1;11;000;2023;01;13;1;3;1;5;0;0;1;1;0;0;0;0;509618,359400000423193;5406816,986899999901652;9,131015152000032;48,814263867000079;1
202450;08230128416010708950;08;4;16;041;2023;01;21;7;2;0;1;2;0;0;1;1;0;0;0;503556,781000000424683;5372179,174799999222159;9,048150567000050;48,502721218000033;1
202451;08230128335200723700;08;3;35;063;2023;01;15;7;3;2;6;0;0;1;1;0;0;0;0;495057,563900000415742;5288821,514399999752641;8,934057984000049;47,752744607000068;1
202454;08230128231102708280;08;2;36;046;2023;01;13;7;3;0;1;0;1;1;0;0;0;0;0;483386,644999999552965;5418763,625700000673532;8,773218969000027;48,921585217000029;1
202456;08230128222400734810;08;2;26;105;2023;01;17;7;3;6;7;2;0;0;1;1;0;0;0;471674,350999999791384;5477637,304999999701977;8,609194424000066;49,450735751000082;1
202457;08230128222200728120;08;2;22;000;2023;01;19;7;3;3;6;2;0;1;1;0;0;0;0;462008,992499999701977;5482071,989600000903010;8,475421993000054;49,490096084000072;1
202458;08230128221011728180;08;2;21;000;2023;01;14;7;3;6;4;0;0;1;0;1;0;0;0;476783,457899999804795;5472847,009700000286102;8,679963291000035;49,407864685000050;1
202461;08230127416200735810;08;4;16;041;2023;01;08;6;3;3;7;0;1;1;1;0;0;0;0;505647,130599999800324;5375335,289499999955297;9,076491764000025;48,531099468000036;1
202463;08230127335100727290;08;3;35;043;2023;01;07;6;3;5;3;1;0;1;1;0;0;0;0;513793,460400000214577;5280247,049699999392033;9,183760579000023;47,675466479000079;1
202464;08230127317100722240;08;3;17;001;2023;01;14;6;3;5;3;0;0;1;1;0;0;0;0;430815,773199999704957;5386559,973899999633431;8,061079530000029;48,628278057000045;1
202465;08230127316100729140;08;3;16;002;2023;01;15;6;3;3;6;0;0;1;0;0;0;0;1;406284,913999999873340;5330663,143200000748038;7,740699135000057;48,122324819000028;1
202467;08230127311010725770;08;3;36;008;2023;01;06;6;3;4;2;2;0;1;1;0;0;0;0;395701,700100000016391;5275349,405500000342727;7,611882014000059;47,623147248000066;1
202468;08230127311010722900;08;3;11;000;2023;01;16;6;3;5;2;0;0;1;1;0;0;0;0;415022,029000000096858;5320644,604000000283122;7,860071910000045;48,033431655000072;1
202469;08230127311010719760;08;3;11;000;2023;01;07;6;2;6;7;1;0;0;0;1;0;0;1;413129,094499999657273;5318270,138800000771880;7,835166081000068;48,011817926000049;1
202474;08230127212010713520;08;2;12;000;2023;01;08;6;3;3;6;0;0;1;0;0;0;0;0;454651,998300000093877;5428514,474700000137091;8,379905750000034;49,007857370000067;1
202476;08230127212010712350;08;2;12;000;2023;01;17;6;3;5;3;2;0;1;1;0;0;0;0;460412,134200000204146;5427284,470300000160933;8,458786527000029;48,997189617000060;1
202480;08230127121200735330;08;1;21;000;2023;01;07;6;3;3;6;2;0;1;1;0;0;0;0;515542,810999999754131;5444497,173000000417233;9,213154488000043;49,153099047000069;1
202483;08230127118000731000;08;1;15;028;2023;01;09;6;2;0;7;0;2;1;0;0;0;0;1;501903,824900000356138;5403971,584100000560284;9,025919529000021;48,788738365000029;1
202484;08230127116400706840;08;1;16;016;2023;01;06;6;3;0;7;2;2;1;0;0;0;0;0;533256,864900000393391;5384017,946100000292063;9,451159630000063;48,608352882000077;1
202487;08230126435100716140;08;4;35;016;2023;01;11;5;3;5;3;0;0;1;1;0;0;0;0;536801,133999999612570;5278714,024100000038743;9,490138532000060;47,660772997000038;1
202488;08230126426200713320;08;4;26;070;2023;01;09;5;3;0;1;0;2;1;0;0;0;0;0;566357,977199999615550;5340014,634099999442697;9,893203788000051;48,209889247000035;1
202489;08230126337010721110;08;3;37;096;2023;01;15;5;3;5;3;0;0;1;1;0;0;0;0;419294,113599999807775;5267199,119400000199676;7,927310337000051;47,553194686000040;1
202491;08230126335100732040;08;3;35;043;2023;01;08;5;3;1;7;0;0;1;1;0;0;0;0;513143,100100000388920;5279819,414799999445677;9,175083458000074;47,671632315000068;1
202493;08230126222500701930;08;2;22;000;2023;01;13;5;3;5;3;0;0;1;1;0;0;0;0;463686,982200000435114;5478020,575899999588728;8,498962466000023;49,453758252000057;1
202497;08230126212502702570;08;2;12;000;2023;01;20;5;3;0;1;2;0;1;0;0;0;0;0;454445,916500000283122;5428297,765499999746680;8,377112251000028;49,005892877000065;1
202499;08230126127100726750;08;1;27;076;2023;01;10;5;3;5;3;0;0;1;1;0;0;0;0;551308,481499999761581;5439293,675499999895692;9,702958487000046;49,104347916000052;1
202501;08230126118400718050;08;1;18;048;2023;01;18;5;3;6;7;2;0;0;1;1;0;0;0;515712,210500000044703;5415224,337500000372529;9,214343817000042;48,889770369000075;1
202503;08230126116100702480;08;1;16;004;2023;01;07;5;3;6;4;2;1;0;1;1;0;0;0;527817,057099999859929;5396778,456499999389052;9,378223560000038;48,723411172000056;1
202504;08230126436300704020;08;4;36;081;2023;01;18;5;3;0;1;2;1;1;0;0;0;0;0;559451,134100000374019;5280071,421900000423193;9,791964828000062;47,671300155000040;1
202505;08230126115400731060;08;1;15;045;2023;01;13;5;3;5;3;0;0;1;1;0;0;0;0;498611,256900000385940;5396650,619599999859929;8,981117724000057;48,722880339000028;1
202506;08230126115400726780;08;1;15;045;2023;01;07;5;3;0;2;1;1;0;1;1;0;0;0;497338,985899999737740;5396216,601800000295043;8,963821884000026;48,718971759000055;1
202507;08230126111500738500;08;1;11;000;2023;01;18;5;3;5;2;2;1;1;1;0;0;0;0;511476,645100000314415;5402262,567299999296665;9,156200202000036;48,773261187000060;1
202508;08230126111500738410;08;1;11;000;2023;01;11;5;3;6;4;0;0;0;1;1;0;0;0;509051,622200000099838;5406840,378499999642372;9,123295955000060;48,814482810000072;1
202509;08230126111500738010;08;1;11;000;2023;01;07;5;3;5;3;0;1;1;1;0;0;0;0;511884,810700000263751;5406261,297900000587106;9,161871096000027;48,809225737000077;1
202510;08230126111230738060;08;1;11;000;2023;01;13;5;3;0;7;0;2;1;0;0;0;0;0;509524,938000000081956;5397107,298000000417233;9,129517778000036;48,726917399000058;1
202511;08230126111210703130;08;1;11;000;2023;01;07;5;3;0;3;1;2;1;1;0;0;0;0;507421,628600000403821;5397844,803899999707937;9,100930822000066;48,733580618000076;1
202512;08230126111000738630;08;1;11;000;2023;01;10;5;3;0;7;0;2;1;0;0;0;0;0;511752,151399999856949;5398970,573799999430776;9,159855905000029;48,743641402000037;1
202514;08230125426100701120;08;4;26;021;2023;01;16;4;2;0;1;0;1;1;0;0;0;0;0;559178,383000000379980;5326790,644999999552965;9,794734858000027;48,091635330000031;1
202515;08230125426010700530;08;4;21;000;2023;01;12;4;2;5;3;0;1;1;1;0;0;0;0;570705,684000000357628;5360498,585699999704957;9,955149202000030;48,393682409000064;1
202518;08230125327100702320;08;3;27;050;2023;01;16;4;3;6;2;0;0;0;1;1;0;0;0;487037,513199999928474;5314713,981799999251962;8,826277971000025;47,985596897000050;1
202520;08230125317200729900;08;3;17;057;2023;01;08;4;3;1;5;0;0;1;1;0;0;0;0;413118,730600000359118;5379847,227800000458956;7,822359438000035;48,565693247000070;1
202522;08230125311010703180;08;3;15;064;2023;01;12;4;2;6;4;0;0;0;1;1;0;0;0;422147,083999999798834;5313282,176400000229478;7,956969080000022;47,968110043000081;1
202523;08230125311010696390;08;3;11;000;2023;01;02;4;3;5;2;2;0;1;1;0;0;0;0;413790,556400000117719;5320260,205299999564886;7,843633283000031;48,029808794000076;1
202527;08230125222014701510;08;2;22;000;2023;01;06;4;3;0;1;2;1;1;0;0;0;0;0;465534,319000000134110;5476518,548000000417233;8,524581247000071;49,440355709000073;1
202528;08230125221011727000;08;2;21;000;2023;01;08;4;3;3;7;1;0;1;1;0;0;0;0;474463,679200000129640;5474834,150100000202656;8,647858221000035;49,425645677000034;1
202529;08230125212010711950;08;2;12;000;2023;01;17;4;3;6;4;2;0;1;0;1;0;0;0;455391,108599999919534;5428692,830600000917912;8,389992233000044;49,009515568000040;1
202532;08230125119200729220;08;1;19;020;2023;01;07;4;3;5;3;0;0;1;0;0;0;0;0;519617,662100000306964;5408613,019400000572205;9,267304023000065;48,830185350000079;1
202533;08230125116400735070;08;1;16;079;2023;01;07;4;3;5;3;2;0;1;1;0;0;0;0;534706,173999999649823;5377891,380000000819564;9,470308565000039;48,553159776000030;1
202535;08230125116100699720;08;1;16;019;2023;01;06;4;2;6;7;2;0;0;1;1;0;0;0;521820,644700000062585;5397153,533600000664592;9,296712558000024;48,727024113000027;1
202536;08230125116010705770;08;1;16;019;2023;01;18;4;3;1;7;2;0;1;1;0;0;0;0;523604,472299999557436;5398190,022099999710917;9,321027644000026;48,736283245000038;1
202539;08230125111500761350;08;1;11;000;2023;01;17;4;3;2;6;0;0;0;1;1;0;0;0;508065,970200000330806;5396563,818099999800324;9,109668502000034;48,722048827000037;1
202542;08230124416200699220;08;4;16;041;2023;01;14;3;3;0;1;0;0;1;0;0;0;0;0;504424,073699999600649;5374638,420499999076128;9,059917774000041;48,524840004000055;1
202543;08230124335100735610;08;3;35;043;2023;01;06;3;3;1;5;2;0;1;1;0;0;0;0;513903,314399999566376;5279707,195699999108911;9,185206891000064;47,670606706000058;1
202545;08230124226700697180;08;2;26;060;2023;01;18;3;3;6;2;2;0;0;1;1;0;0;0;476994,135300000198185;5463713,581100000068545;8,683395371000074;49,325718368000025;1
202547;08230124222014696820;08;2;22;000;2023;01;08;3;3;6;4;0;1;0;0;1;0;0;1;461804,334099999628961;5481527,038200000301003;8,472648858000071;49,485181686000033;1
202548;08230124221011695050;08;2;26;018;2023;01;07;3;3;3;6;2;0;1;0;0;0;0;0;473450,504999999888241;5472078,254699999466538;8,634071327000072;49,400813600000049;1
202549;08230124212102713670;08;2;12;000;2023;01;17;3;2;0;7;0;0;1;0;0;0;0;0;459988,021399999968708;5427171,924499999731779;8,452999758000033;48,996149902000070;1
202550;08230124212010718760;08;2;12;000;2023;01;13;3;3;5;3;0;0;1;0;0;0;0;0;457352,568699999712408;5428612,414799999445677;8,416821332000040;49,008930894000059;1
202551;08230124119300724010;08;1;19;067;2023;01;07;3;3;6;2;2;1;0;1;1;0;0;0;539070,830400000326335;5407050,614099999889731;9,532208889000060;48,815211460000057;1
202552;08230124119300699040;08;1;19;086;2023;01;13;3;3;3;2;0;1;1;1;0;0;0;0;535523,264200000092387;5406046,140799999237061;9,483800158000065;48,806388595000044;1
202553;08230124119200725290;08;1;19;079;2023;01;18;3;2;0;1;2;1;1;0;0;0;0;0;523939,159900000318885;5411102,244300000369549;9,326331910000022;48,852426155000046;1
202555;08230124116010714560;08;1;16;019;2023;01;14;3;2;6;4;0;1;1;0;1;0;0;0;523745,375699999742210;5398647,160299999639392;9,322970284000064;48,740390252000054;1
202556;08230124115400733710;08;1;15;029;2023;01;14;3;3;6;7;0;0;0;1;1;0;0;0;497262,103000000119209;5398595,686000000685453;8,962760813000045;48,740373759000079;1
202557;08230123437100691700;08;4;37;044;2023;01;17;2;3;5;3;2;1;1;1;0;0;0;0;533662,653800000436604;5322123,501599999144673;9,451719507000064;48,051504909000073;1
202558;08230123421300693210;08;4;21;000;2023;01;17;2;3;6;4;1;0;0;0;1;0;0;1;570777,411600000225008;5363660,679500000551343;9,956651397000030;48,422118315000034;1
202565;08230123311010723690;08;3;11;000;2023;01;10;2;3;5;3;0;0;1;1;0;0;0;0;412623,875300000421703;5317846,249600000679493;7,828479537000021;48,007936037000036;1
202567;08230123311010718930;08;3;11;000;2023;01;10;2;1;6;4;0;0;1;0;1;0;0;0;413679,372999999672174;5316389,121999999508262;7,842921605000072;47,994972105000045;1
202569;08230123226600693260;08;2;26;096;2023;01;16;2;3;4;2;0;0;1;1;0;0;0;0;475814,206299999728799;5490025,057800000533462;8,665551710000045;49,562338397000076;1
202571;08230123221200691540;08;2;21;000;2023;01;14;2;3;0;7;0;0;1;0;0;0;0;0;477704,378800000064075;5472751,394999999552965;8,692663226000036;49,407039083000029;1
202572;08230123212702719020;08;2;15;017;2023;01;08;2;2;6;4;1;0;0;1;1;0;0;0;456847,823699999600649;5420863,933199999853969;8,410741690000066;48,939196816000049;1
202574;08230123127202695780;08;1;27;014;2023;01;17;2;3;5;2;1;0;1;1;0;0;0;0;576844,879099999554455;5442504,543099999427795;10,053382967000061;49,130565885000067;1
202579;08230123115300723920;08;1;15;041;2023;01;15;2;3;6;4;0;1;0;1;1;0;0;0;493155,977400000207126;5402442,870200000703335;8,906847909000021;48,774951389000080;1
202581;08230122435200718390;08;4;35;059;2023;01;12;1;2;6;7;0;0;0;1;1;0;0;0;512559,590900000184774;5290197,268200000748038;9,167609586000026;47,765019607000056;1
202588;08230209127100765390;08;1;27;076;2023;02;14;5;2;0;1;0;0;1;0;0;0;0;0;553390,180599999614060;5440619,696699999272823;9,731652058000066;49,116097908000029;1
202593;08230121235100702260;08;2;35;085;2023;01;10;7;3;6;3;0;0;0;1;1;0;0;0;480722,081899999640882;5395948,024100000038743;8,737918852000064;48,716263242000082;1
202595;08230121221011720920;08;2;21;000;2023;01;22;7;2;5;3;2;2;1;1;0;0;0;0;475511,703200000338256;5470122,349899999797344;8,662600565000048;49,383306953000044;1
202598;08230121212010688840;08;2;12;000;2023;01;12;7;3;5;3;0;0;1;1;0;0;0;0;455431,781799999997020;5427605,308700000867248;8,390667756000028;48,999736139000049;1
202603;08230120416200734170;08;4;16;041;2023;01;13;6;3;5;3;0;0;1;1;0;0;0;0;503472,745799999684095;5374402,225199999287724;9,047031431000050;48,522721090000061;1
202608;08230120336100735930;08;3;36;050;2023;01;11;6;3;5;3;0;0;1;1;0;0;0;0;399950,237200000323355;5275186,819499999284744;7,668447342000036;47,622354909000080;1
202610;08230120226700684380;08;2;26;098;2023;01;07;6;3;5;3;2;0;1;1;0;0;0;0;477728,224999999627471;5459657,345799999311566;8,693723941000030;49,289259738000055;1
202614;08230120212010731140;08;2;12;000;2023;01;22;6;3;4;6;2;1;1;1;0;0;0;0;453062,419200000353158;5430667,381999999284744;8,357922008000060;49,027103969000052;1
202619;08230120121300724960;08;1;21;000;2023;01;15;6;3;3;6;0;0;1;1;0;0;0;0;514015,156999999657273;5442953,768999999389052;9,192150643000048;49,139252380000073;1
202621;08230120117300715030;08;1;17;026;2023;01;17;6;3;6;4;2;1;0;1;1;0;0;0;547941,478600000031292;5395406,603800000622869;9,651677703000075;48,709847704000026;1
202622;08230120135100712490;08;1;35;016;2023;01;22;6;3;0;1;2;0;1;0;0;0;0;0;591447,163999999873340;5385873,392000000923872;10,240841338000052;48,619243913000048;1
202624;08230120116100730260;08;1;16;019;2023;01;19;6;2;6;4;2;0;0;1;1;0;0;0;521945,177899999544024;5398033,808900000527501;9,298452774000054;48,734938623000062;1
202626;08230120111500737660;08;1;11;000;2023;01;06;6;2;6;2;2;0;0;1;1;0;0;0;519787,828999999910593;5401077,832699999213219;9,269259615000067;48,762394644000040;1
202627;08230120111500737650;08;1;11;000;2023;01;11;6;3;5;3;0;0;1;1;0;0;0;0;512503,650899999774992;5404093,145500000566244;9,170233645000053;48,789709130000062;1
202631;08230119417200680980;08;4;17;052;2023;01;12;5;3;6;4;0;0;0;1;1;0;0;0;484782,446399999782443;5337853,548399999737740;8,795231168000043;48,193733640000062;1
202632;08230119335400691290;08;3;35;098;2023;01;05;5;3;0;3;2;0;1;0;0;0;0;1;504322,277800000272691;5296273,908500000834465;9,057742080000025;47,819802122000056;1
202634;08230119325000681470;08;3;25;049;2023;01;17;5;2;6;4;2;1;0;1;1;0;0;0;472264,126000000163913;5334226,893999999389052;8,627023074000022;48,160682217000044;1
202635;08230119311300683030;08;3;11;000;2023;01;17;5;3;5;2;2;1;1;0;0;0;0;0;416316,082799999974668;5315395,242100000381470;7,878451818000030;47,986382223000078;1
202636;08230119311010712290;08;3;15;084;2023;01;16;5;2;6;2;0;1;0;0;1;0;0;1;421112,993900000117719;5309162,339500000700355;7,943872762000069;47,930922448000047;1
202638;08230119226700727550;08;2;26;076;2023;01;07;5;3;0;7;2;0;1;1;0;0;0;0;475130,256699999794364;5465521,259199999272823;8,657632552000052;49,341905202000078;1
202639;08230119222301697130;08;2;22;000;2023;01;18;5;3;5;2;2;1;1;1;0;0;0;0;464903,768600000068545;5484223,004699999466538;8,515200258000050;49,509617758000047;1
202640;08230119221300690800;08;2;21;000;2023;01;13;5;3;5;3;0;1;1;0;0;0;0;1;476547,139700000174344;5473295,706399999558926;8,676679227000022;49,411891574000038;1
202641;08230119216200682530;08;2;16;007;2023;01;09;5;3;5;3;0;0;1;1;0;0;0;0;435721,474899999797344;5394446,841900000348687;8,126422658000024;48,699744672000065;1
202642;08230119212302682700;08;2;12;000;2023;01;16;5;3;0;7;0;1;1;0;0;0;0;0;455434,338200000114739;5428669,642799999564886;8,390585890000068;49,009310115000062;1
202643;08230119212010721100;08;2;12;000;2023;01;21;5;3;5;2;2;0;1;1;0;0;0;0;456886,627999999560416;5428291,309000000357628;8,410484317000055;49,006010129000060;1
202645;08230119212010703850;08;2;12;000;2023;01;18;5;3;5;3;2;0;1;1;0;0;0;0;455779,779500000178814;5428963,803400000557303;8,395277313000065;49,011980969000035;1
202649;08230119118000716470;08;1;18;048;2023;01;10;5;1;6;2;0;0;0;0;1;0;0;1;513858,451899999752641;5415937,307800000533462;9,189079435000053;48,896228292000046;1
202651;08230118415100714440;08;4;15;078;2023;01;12;4;3;6;4;0;0;0;1;1;0;0;0;529598,613499999977648;5371049,277200000360608;9,400611462000029;48,491869138000027;1
202652;08230118325102679480;08;3;25;061;2023;01;07;4;3;6;1;1;2;0;1;1;0;0;0;475521,402800000272691;5353521,239700000733137;8,669708526000022;48,334400446000075;1
202653;08230118317500679620;08;3;17;096;2023;01;21;4;3;0;7;2;1;1;0;0;0;0;0;422143,947499999776483;5369064,853800000622869;7,946682525000028;48,469893551000041;1
202654;08230118317200714660;08;3;17;057;2023;01;07;4;3;4;2;2;1;1;1;0;0;0;0;417275,440299999900162;5379074,546900000423193;7,878844065000067;48,559305727000037;1
202655;08230118311200710700;08;3;11;000;2023;01;14;4;3;1;5;0;0;1;1;0;0;0;0;414796,796900000423193;5316811,940199999138713;7,857812975000058;47,998925409000037;1
202656;08230118311100681890;08;3;15;015;2023;01;17;4;3;0;7;0;0;1;0;0;0;0;0;394309,944500000216067;5320406,076300000771880;7,582370161000028;48,028194050000081;1
202657;08230207311010745060;08;3;11;000;2023;02;16;3;3;0;7;0;0;1;0;0;0;0;0;418738,775899999774992;5314352,184299999848008;7,911112423000077;47,977311715000042;1
202658;08230118311010677400;08;3;36;050;2023;01;07;4;3;5;3;2;1;1;1;0;0;0;0;399429,884999999776483;5273430,241000000387430;7,661927193000054;47,606473312000048;1
202659;08230130221200714790;08;2;21;000;2023;01;19;2;3;0;1;2;0;1;0;0;0;0;0;477523,146900000050664;5471865,480200000107288;8,690215185000056;49,399063742000067;1
202660;08230118231000685980;08;2;31;000;2023;01;19;4;3;6;4;2;1;0;1;1;0;0;0;480295,869599999859929;5414202,813799999654293;8,731248769000047;48,880466974000058;1
202661;08230118226700709150;08;2;26;095;2023;01;07;4;3;5;3;1;0;1;1;0;0;0;0;473510,269600000232458;5461962,180999999865890;8,635567936000029;49,309823358000074;1
202662;08230118226400691960;08;2;26;084;2023;01;20;4;3;5;3;2;0;1;1;0;0;0;0;469158,811099999584258;5469814,259700000286102;8,575096666000036;49,380247186000076;1
202664;08230118221300707940;08;2;21;000;2023;01;15;4;3;4;2;0;0;1;1;0;0;0;0;477660,596300000324845;5473733,233799999579787;8,692004460000021;49,415868963000037;1
202665;08230118221300688430;08;2;21;000;2023;01;09;4;3;6;7;0;0;0;1;1;0;0;0;477154,757899999618530;5474579,400299999862909;8,684981812000046;49,423461296000028;1
202666;08230118221011691090;08;2;21;000;2023;01;16;4;3;2;6;0;1;1;1;0;0;0;0;479334,870900000445545;5470391,174499999731779;8,715261400000031;49,385866726000074;1
202668;08230118212102679170;08;2;12;000;2023;01;08;4;3;0;1;0;2;1;0;0;0;0;0;459330,639000000432134;5428255,356000000610948;8,443904687000042;49,005852620000041;1
202669;08230118212010684050;08;2;15;106;2023;01;16;4;2;5;3;0;0;1;1;0;0;0;0;464405,861499999649823;5452659,233200000599027;8,511145819000035;49,225681723000037;1
202671;08230118136300708370;08;1;36;065;2023;01;07;4;3;1;5;2;1;1;1;0;0;0;0;558191,564100000075996;5400305,247999999672174;9,791687960000047;48,753039639000065;1
202675;08230118119100681790;08;1;19;008;2023;01;15;4;3;5;3;0;1;1;1;0;0;0;0;531690,453800000250340;5421336,504499999806285;9,432786687000032;48,944141174000038;1
202676;08230118118200707300;08;1;18;019;2023;01;09;4;3;6;7;0;1;0;1;1;0;0;0;503777,616600000299513;5403915,541699999943376;9,051429649000056;48,788225651000062;1
202677;08230118116100709580;08;1;16;019;2023;01;14;4;3;6;4;0;1;0;1;1;0;0;0;522074,553999999538064;5398109,573000000789762;9,300216313000021;48,735615619000043;1
202678;08230118116100705200;08;1;16;019;2023;01;12;4;3;6;4;0;1;0;1;1;0;0;0;522433,915400000289083;5397057,185799999162555;9,305046321000077;48,726135601000067;1
202679;08230118115400692130;08;1;15;029;2023;01;20;4;3;6;4;2;0;0;1;1;0;0;0;497234,435700000263751;5398620,971200000494719;8,962384330000077;48,740601103000074;1
202683;08230117425000691770;08;4;25;033;2023;01;12;3;3;0;7;0;1;0;1;1;0;0;0;552231,845900000073016;5348089,968800000846386;9,704073999000059;48,283855882000069;1
202684;08230117416100719160;08;4;16;036;2023;01;14;3;3;6;4;0;0;0;1;1;0;0;0;494493,306200000457466;5368787,526499999687076;8,925496863000035;48,472194481000031;1
202686;08230117337200728840;08;3;37;123;2023;01;16;3;3;0;3;1;1;1;1;0;0;0;0;450957,737900000065565;5277389,396800000220537;8,346985301000075;47,648042867000072;1
202687;08230117335100718750;08;3;35;043;2023;01;07;3;3;0;1;2;2;1;0;0;0;0;0;513800,674999999813735;5280258,240000000223517;9,183857047000060;47,675567012000045;1
202688;08230117335100676770;08;3;35;043;2023;01;06;3;3;0;1;1;2;1;0;0;0;0;0;511728,354500000365078;5281229,814300000667572;9,156275144000062;47,684349821000069;1
202689;08230117335100676150;08;3;35;043;2023;01;09;3;3;0;1;0;2;1;0;0;0;0;0;514977,880699999630451;5280092,689200000837445;9,199534389000064;47,674051243000065;1
202690;08230117335100675750;08;3;35;043;2023;01;08;3;3;0;1;0;2;1;0;0;0;0;0;514029,444000000134110;5280441,317999999970198;9,186910648000037;47,677209359000074;1
202693;08230117317300676230;08;3;17;065;2023;01;07;3;3;6;4;2;0;0;1;1;0;0;0;416941,745000000111759;5354876,194000000134110;7,879123580000055;48,341603522000071;1
202694;08230117311010701970;08;3;11;000;2023;01;07;3;3;5;2;2;0;1;1;0;0;0;0;410085,808600000105798;5314930,520999999716878;7,795068232000062;47,981356427000037;1
202695;08230117311010701810;08;3;36;050;2023;01;18;3;3;6;2;2;1;0;1;1;0;0;0;400475,471699999645352;5275232,894300000742078;7,675425234000045;47,622850283000048;1
202696;08230117311010677490;08;3;36;050;2023;01;07;3;3;5;3;0;1;1;1;0;0;0;0;399181,428000000305474;5272624,558000000193715;7,658807723000052;47,599187314000062;1
202699;08230117221300687220;08;2;21;000;2023;01;04;3;2;5;3;2;1;1;1;0;0;0;0;477686,002999999560416;5472891,685000000521541;8,692402043000072;49,408300297000039;1
202700;08230117216100689440;08;2;16;009;2023;01;07;3;2;6;4;2;0;1;0;1;0;0;0;447111,514000000432134;5421295,364000000059605;8,277742959000022;48,942321747000051;1
202701;08230117215402704740;08;2;15;009;2023;01;07;3;3;5;3;2;0;1;1;0;0;0;0;470283,206399999558926;5441821,856300000101328;8,592664369000033;49,128511709000065;1
202702;08230117215302701170;08;2;15;007;2023;01;21;3;3;2;2;2;1;1;1;0;0;0;0;478338,449799999594688;5432222,786499999463558;8,703592179000054;49,042501351000055;1
202703;08230117212010702060;08;2;12;000;2023;01;12;3;3;0;2;0;0;1;1;0;0;0;0;456005,346900000236928;5428252,970399999991059;8,398438860000056;49,005603075000067;1
202704;08230117135200674510;08;1;35;019;2023;01;07;3;2;6;2;2;1;0;1;1;0;0;0;582997,282200000248849;5392454,055700000375509;10,127528689000030;48,679611318000070;1
202705;08230117121400688470;08;1;25;074;2023;01;16;3;3;6;2;0;0;0;1;1;0;0;0;509547,603699999861419;5439775,499299999326468;9,130824557000039;49,110748266000030;1
202706;08230117119500689150;08;1;19;085;2023;01;09;3;3;0;1;0;2;1;0;0;0;0;0;529189,906700000166893;5412666,713300000876188;9,398018544000024;48,866274725000039;1
202707;08230117119400688900;08;1;19;079;2023;01;08;3;2;0;1;0;2;1;0;0;0;0;0;525204,570799999870360;5407698,325799999758601;9,343371971000067;48,821755379000081;1
202708;08230117119400679230;08;1;19;091;2023;01;15;3;3;6;7;0;0;0;1;1;0;0;0;527228,447200000286102;5406708,902000000700355;9,370877803000042;48,812769384000035;1
202709;08230117119200675510;08;1;19;020;2023;01;14;3;2;0;7;0;0;1;0;0;0;0;0;521022,751299999654293;5406243,931099999696016;9,286327667000023;48,808827556000040;1
202711;08230117118400686340;08;1;18;048;2023;01;07;3;3;0;7;0;2;1;0;0;0;0;0;515232,092100000008941;5415640,030600000172853;9,207809651000048;48,893521818000067;1
202712;08230117118000705000;08;1;18;073;2023;01;14;3;3;0;4;0;0;0;1;1;0;0;0;497359,231200000271201;5420831,087600000202656;8,963938582000026;48,940400850000060;1
202714;08230117116500688650;08;1;16;049;2023;01;15;3;2;6;4;0;0;0;0;1;1;0;0;525413,875699999742210;5386399,016599999740720;9,344910566000067;48,630140768000047;1
202715;08230117115400703610;08;1;15;045;2023;01;08;3;3;0;7;0;2;1;0;0;0;0;0;497552,785400000400841;5396469,651699999347329;8,966727117000062;48,721249086000057;1
202716;08230117111500807470;08;1;11;000;2023;01;09;3;3;0;7;0;2;1;0;0;0;0;0;514197,554299999959767;5405135,393100000917912;9,193331551000028;48,799048705000075;1
202717;08230117111500676880;08;1;11;000;2023;01;20;3;3;6;2;2;2;0;1;1;0;0;0;510523,730700000189245;5406377,861300000920892;9,143336243000022;48,810298869000064;1
202718;08230117111140679120;08;1;11;000;2023;01;17;3;3;1;5;0;1;1;1;0;0;0;0;512034,390899999998510;5402735,869599999859929;9,163805092000075;48,777508445000080;1
202720;08230116416200727320;08;4;16;041;2023;01;18;2;3;4;7;2;1;1;1;0;0;0;0;504186,715099999681115;5374570,875199999660254;9,056702413000039;48,524233970000068;1
202721;08230116415300689770;08;4;15;059;2023;01;17;2;3;6;7;2;1;1;1;1;0;0;0;516979,492100000381470;5367738,647099999710917;9,229681592000077;48,462553221000064;1
202722;08230116335100701100;08;3;35;043;2023;01;08;2;3;5;3;0;0;1;0;0;0;0;0;512499,258999999612570;5279045,959000000730157;9,166484550000064;47,664685780000070;1
202724;08230116311100709430;08;3;15;059;2023;01;19;2;3;5;3;2;0;1;0;0;0;0;1;401920,468999999575317;5322651,243000000715256;7,683907481000062;48,049602900000082;1
202725;08230116311010730110;08;3;11;000;2023;01;15;2;2;5;3;0;1;1;0;1;0;0;0;414506,327300000004470;5316118,358899999409914;7,854058081000062;47,992647594000061;1
202726;08230116222700730060;08;2;22;000;2023;01;12;2;3;5;3;0;1;1;1;0;0;0;0;462483,102500000037253;5480300,383700000122190;8,482136276000062;49,474190886000031;1