OID_;UIDENTSTLAE;ULAND;UREGBEZ;UKREIS;UGEMEINDE;UJAHR;UMONAT;USTUNDE;UWOCHENTAG;UKATEGORIE;UART;UTYP1;ULICHTVERH;IstStrassenzustand;IstRad;IstPKW;IstFuss;IstKrad;IstGkfz;IstSonstige;LINREFX;LINREFY;XGCSWGS84;YGCSWGS84;PLST
202727;08230116222301717400;08;2;22;000;2023;01;08;2;2;5;3;0;0;1;1;0;0;0;0;464294,339999999850988;5484213,069099999964237;8,506783176000056;49,509492812000076;1
202729;08230116222014700910;08;2;22;000;2023;01;14;2;2;6;4;0;0;0;1;1;0;0;0;463351,803299999795854;5478210,399199999868870;8,494320379000044;49,455445501000042;1
202730;08230116216100676050;08;2;16;043;2023;01;16;2;3;5;3;0;1;1;1;0;0;0;0;442375,033200000412762;5413055,088700000196695;8,214229633000059;48,867778026000053;1
202731;08230116215402698200;08;2;15;009;2023;01;09;2;3;6;6;0;1;1;0;1;0;0;0;470514,385400000028312;5441265,095399999991059;8,595873818000030;49,123514672000056;1
202732;08230116215402685240;08;2;15;009;2023;01;08;2;3;5;3;0;1;1;1;0;0;0;0;470611,596499999985099;5440165,266899999231100;8,597286252000060;49,113626141000054;1
202733;08230116212010703940;08;2;15;009;2023;01;17;2;2;6;4;2;1;0;1;1;0;0;0;470103,952399999834597;5441630,981399999931455;8,590221505000045;49,126786059000040;1
202734;08230116212010693610;08;2;12;000;2023;01;14;2;3;5;3;0;0;1;0;0;0;0;0;456886,972400000318885;5427629,959400000050664;8,410559239000065;49,000061224000035;1
202735;08230116211000680070;08;2;11;000;2023;01;12;2;3;4;6;0;0;1;1;0;0;0;0;444485,469399999827147;5400397,201700000092387;8,244716917000062;48,754111217000059;1
202737;08230116136100683800;08;1;36;088;2023;01;06;2;3;0;1;2;2;1;0;0;0;0;0;580075,010800000280142;5410542,775599999353290;10,091356432000055;48,842689495000059;1
202740;08230116121200704310;08;1;21;000;2023;01;16;2;3;5;3;1;0;1;1;0;0;0;0;516246,406299999915063;5441593,964500000700355;9,222686502000045;49,126965516000041;1
202743;08230116116500702640;08;1;16;049;2023;01;07;2;2;4;6;1;0;1;0;0;0;0;0;524995,219700000248849;5384571,129100000485778;9,339118604000021;48,613713872000062;1
202744;08230116116400672330;08;1;16;033;2023;01;12;2;3;0;1;0;0;1;0;0;0;0;0;532574,178299999795854;5388160,885999999940395;9,442224176000025;48,645658402000038;1
202750;08230116111500690070;08;1;11;000;2023;01;17;2;2;6;4;2;1;0;1;1;0;0;0;511796,092799999751151;5403914,443700000643730;9,160595354000066;48,788115369000082;1
202751;08230116111500686170;08;1;11;000;2023;01;16;2;3;6;4;2;1;0;1;1;0;0;0;511080,172799999825656;5397642,372199999168515;9,150679791000073;48,731705221000027;1
202753;08230115426200702920;08;4;26;070;2023;01;17;1;3;5;3;2;1;1;1;0;0;0;0;565155,565399999730289;5341010,444299999624491;9,877173858000049;48,218971947000057;1
202754;08230115426200698770;08;4;26;070;2023;01;19;1;3;6;4;2;0;0;0;1;0;0;1;565451,792000000365078;5341953,480000000447035;9,881307024000023;48,227424786000029;1
202756;08230115311010670230;08;3;11;000;2023;01;17;1;3;0;7;2;0;1;0;0;0;0;0;413851,391099999658763;5316083,169900000095367;7,845288335000021;47,992243154000050;1
202757;08230115231302695510;08;2;31;000;2023;01;03;1;3;1;5;2;1;1;1;0;0;0;0;478646,467500000260770;5415868,064699999988079;8,708665302000043;48,895392406000042;1
202760;08230115119500670980;08;1;19;042;2023;01;21;1;3;4;6;2;0;1;1;0;0;0;0;528909,566999999806285;5414725,414599999785423;9,394341606000069;48,884807107000029;1
202763;08230114336400697890;08;3;36;091;2023;01;19;7;3;5;3;2;1;1;1;0;0;0;0;395409,541400000452995;5275221,243499999865890;7,608025432000034;47,621947306000038;1
202765;08230114336100700430;08;3;36;050;2023;01;23;7;3;0;7;2;1;1;0;0;0;0;0;398548,293600000441074;5272396,248199999332428;7,650440342000024;47,597034820000033;1
202767;08230114317600680670;08;3;17;040;2023;01;09;7;2;4;7;0;0;1;0;0;0;0;1;432079,204900000244379;5348252,414899999275804;8,084441050000066;48,283828099000061;1
202768;08230114317200727130;08;3;17;057;2023;01;16;7;3;0;7;0;0;1;0;0;0;0;0;412236,290400000289083;5379682,753699999302626;7,810435689000030;48,564090966000037;1
202772;08230119111500739660;08;1;11;000;2023;01;05;5;2;6;2;2;0;0;1;1;0;0;0;512793,367700000293553;5408756,872700000181794;9,174323417000039;48,831657529000040;1
202777;08230114115300699390;08;1;15;028;2023;01;15;7;3;4;6;0;0;1;1;0;0;0;0;501504,851400000043213;5404005,049200000241399;9,020487847000027;48,789040509000074;1
202780;08230113415400677120;08;4;15;061;2023;01;07;6;3;5;3;0;0;1;1;0;0;0;0;514509,070000000298023;5371696,792999999597669;9,196401831000060;48,498224038000046;1
202781;08230119222014684170;08;2;22;000;2023;01;16;5;3;0;7;0;1;1;0;0;0;0;0;463593,691399999894202;5483459,128399999812245;8,497174724000047;49,502669846000060;1
202783;08230113335100716900;08;3;35;043;2023;01;14;6;3;5;3;0;0;1;1;0;0;0;0;511621,881000000052154;5280526,664599999785423;9,154837715000042;47,678025045000027;1
202784;08230113317300690200;08;3;17;031;2023;01;07;6;3;6;4;2;0;0;0;1;0;0;1;417152,549599999561906;5358578,582299999892712;7,881238809000024;48,374933845000044;1
202785;08230113317000713190;08;3;17;026;2023;01;13;6;2;0;6;0;0;1;1;0;0;0;0;412703,069299999624491;5345291,982499999925494;7,823916652000037;48,254823747000046;1
202786;08230113311010668810;08;3;11;000;2023;01;17;6;3;6;4;1;0;1;0;1;0;0;0;413713,595700000412762;5316383,162599999457598;7,843381442000066;47,994923117000042;1
202793;08230131311010729130;08;3;11;000;2023;01;16;3;3;5;2;0;0;1;1;0;0;0;0;412312,161000000312924;5314504,600400000810623;7,824983749000069;47,977834197000050;1
202794;08230113221300679720;08;2;21;000;2023;01;08;6;3;1;5;1;1;1;1;0;0;0;0;476456,949799999594688;5473476,878000000491738;8,675425147000055;49,413517698000078;1
202795;08230113215502679340;08;2;15;106;2023;01;07;6;3;5;3;2;1;1;1;0;0;0;0;464766,378600000403821;5453011,102099999785423;8,516066108000075;49,228867610000066;1
202797;08230113212010707700;08;2;12;000;2023;01;15;6;3;5;7;0;1;1;1;0;0;0;0;460122,550999999977648;5430443,383799999952316;8,454517417000034;49,025586009000051;1
202798;08230117111500676830;08;1;11;000;2023;01;07;3;3;6;4;2;1;0;1;1;0;0;0;514314,620799999684095;5402947,982100000604987;9,194849460000057;48,779368301000034;1
202804;08230113111500666800;08;1;11;000;2023;01;07;6;3;5;3;0;0;1;1;0;0;0;0;509004,916000000201166;5396799,747999999672174;9,122439947000032;48,724158402000057;1
202805;08230208311500757700;08;3;15;113;2023;02;08;4;3;4;1;0;1;1;0;0;0;0;1;441425,239299999549985;5306504,682499999180436;8,216140376000055;47,909191677000081;1
202810;08230112416100666930;08;4;16;049;2023;01;15;5;3;5;3;0;0;1;1;0;0;0;0;491278,923999999649823;5370169,111999999731779;8,881978940000067;48,484587432000069;1
202811;08230112317100675680;08;3;17;001;2023;01;06;5;3;5;2;2;0;1;1;0;0;0;0;431321,852800000458956;5386761,532700000330806;8,067913348000047;48,630146861000071;1
202814;08230112212302689710;08;2;12;000;2023;01;08;5;3;5;2;0;0;1;1;0;0;0;0;456864,665000000037253;5428489,643699999898672;8,410162948000050;49,007792640000048;1
202815;08230112127100687420;08;1;27;076;2023;01;20;5;3;1;5;2;0;1;1;0;0;0;0;550361,841500000096858;5443789,293199999257922;9,690551213000049;49,144863195000028;1
202816;08230112121200806510;08;1;21;000;2023;01;16;5;3;5;3;1;0;1;1;0;0;0;0;515537,373999999836087;5443951,089999999850988;9,213058860000046;49,148186994000071;1
202818;08230112118400665040;08;1;18;048;2023;01;09;5;3;5;3;0;0;1;0;0;0;0;1;515690,246700000017881;5415062,567399999126792;9,214037981000047;48,888315685000066;1
202820;08230112116200675660;08;1;16;077;2023;01;07;5;3;0;1;2;1;1;0;0;0;0;0;516768,029199999757111;5391437,236800000071526;9,227776652000045;48,675756658000068;1
202821;08230112111500703730;08;1;11;000;2023;01;08;5;3;1;5;0;0;0;1;1;0;0;1;507695,042799999937415;5407925,573499999940395;9,104837808000070;48,824263382000026;1
202822;08230112111340702050;08;1;11;000;2023;01;11;5;3;6;7;0;0;0;1;1;0;0;0;506940,460199999623001;5408285,899700000882149;9,094563436000044;48,827513723000038;1
202823;08230111437100666840;08;4;37;076;2023;01;17;4;3;0;2;2;1;1;0;0;0;1;0;524908,745199999772012;5322350,551100000739098;9,334266371000069;48,053949437000028;1
202825;08230111436400705700;08;4;36;009;2023;01;06;4;3;6;6;2;1;0;0;1;0;1;0;556190,412299999967217;5308304,529400000348687;9,752189356000031;47,925597432000075;1
202827;08230111435200676890;08;4;35;034;2023;01;17;4;3;6;2;2;1;0;1;1;0;0;0;529257,975499999709427;5285676,888499999418855;9,390144136000060;47,723806295000031;1
202828;08230111421200687660;08;4;21;000;2023;01;17;4;3;6;2;1;1;0;1;1;0;0;0;572989,613900000229478;5364141,550799999386072;9,986631450000061;48,426191391000032;1
202830;08230111336300686060;08;3;36;106;2023;01;18;4;3;0;1;2;1;0;1;1;0;0;0;417702,749400000087917;5288159,718299999833107;7,902218452000056;47,741558472000065;1
202832;08230111335300663580;08;3;35;075;2023;01;12;4;2;5;3;0;1;1;1;0;0;0;0;491321,923600000329316;5288758,167099999263883;8,884218392000037;47,752135178000060;1
202833;08230111317500674190;08;3;17;096;2023;01;12;4;3;5;2;0;1;1;1;0;0;0;0;422788,480200000107288;5369915,186599999666214;7,955243880000069;48,477621714000065;1
202834;08230111311010686480;08;3;11;000;2023;01;09;4;3;5;3;0;0;1;1;0;0;0;0;413772,156999999657273;5315594,199999999254942;7,844324746000041;47,987834009000039;1
202836;08230111311010666360;08;3;36;050;2023;01;18;4;3;5;3;2;0;1;1;0;0;0;0;399265,612999999895692;5273463,052600000053644;7,659734650000075;47,606742952000047;1
202840;08230111216300674680;08;2;16;033;2023;01;09;4;3;6;2;0;0;0;1;1;0;0;0;447012,908999999985099;5413103,745999999344349;8,277459621000048;48,868629315000078;1
202844;08230111212302672680;08;2;12;000;2023;01;20;4;3;0;1;2;0;1;0;0;0;0;0;455771,122700000181794;5428743,346400000154972;8,395182957000031;49,009997317000057;1
202848;08230111121200678130;08;1;21;000;2023;01;09;4;2;7;7;0;0;1;0;0;0;0;0;514367,357900000177324;5440835,640000000596046;9,196903892000023;49,120190910000076;1
202850;08230111117100686500;08;1;17;015;2023;01;12;4;3;5;3;0;1;1;1;0;0;0;0;560092,364500000141561;5392904,748900000005960;9,816467231000047;48,686290565000036;1
202851;08230111115100683760;08;1;15;003;2023;01;07;4;3;6;4;1;0;0;1;1;0;0;0;502433,699599999934435;5392309,765399999916553;9,033064609000064;48,683826462000070;1
202853;08230111111500676800;08;1;11;000;2023;01;18;4;3;6;7;2;1;0;0;1;0;0;1;513092,610100000165403;5402837,155400000512600;9,178212108000025;48,778398233000075;1
202856;08230110426010683910;08;4;26;021;2023;01;07;3;3;4;2;2;1;1;1;0;0;0;0;559260,538900000043213;5326427,724099999293685;9,795787683000071;48,088362794000034;1
202860;08230110335000672030;08;3;35;100;2023;01;12;3;2;6;3;0;1;0;1;1;0;0;0;488542,537200000137091;5285765,164499999955297;8,847215157000051;47,725162039000054;1
202862;08230110231202686840;08;2;36;070;2023;01;15;3;2;0;7;0;0;0;0;1;1;0;0;470923,719999999739230;5415680,178700000047684;8,603316463000056;48,893387960000041;1
202866;08230110222500662880;08;2;22;000;2023;01;15;3;3;3;6;0;0;1;1;0;0;1;0;462722,114299999549985;5479462,730599999427795;8,485514244000058;49,466671324000060;1
202869;08230117212302687840;08;2;12;000;2023;01;08;3;3;0;7;0;0;1;0;0;0;0;0;456328,521099999547005;5428699,382799999788404;8,402809512000033;49,009641559000045;1
202875;08230110121200688110;08;1;21;000;2023;01;07;3;3;6;4;2;0;0;1;1;0;0;0;514324,172299999743700;5440681,421000000089407;9,196306564000054;49,118804660000080;1
202881;08230110111500737560;08;1;11;000;2023;01;13;3;3;1;5;0;0;1;1;0;0;0;0;511582,063000000081956;5402071,413799999281764;9,157629579000059;48,771539628000028;1
202882;08230110111500683590;08;1;11;000;2023;01;17;3;2;0;3;2;0;1;1;0;0;0;0;514857,857699999585748;5406126,519799999892712;9,202358873000037;48,807949319000045;1
202884;08230109415100680760;08;4;15;078;2023;01;16;2;3;6;7;1;1;0;0;1;1;0;0;529566,761400000192225;5371242,679999999701977;9,400194053000064;48,493610527000044;1
202886;08230109311010682760;08;3;11;000;2023;01;14;2;3;6;4;0;1;0;0;1;0;0;1;414150,569000000134110;5316773,093000000342727;7,849159577000023;47,998489509000080;1
202887;08230109311010674610;08;3;36;091;2023;01;16;2;3;5;3;1;1;1;1;0;0;0;0;397124,934999999590218;5271879,367599999532104;7,631632907000039;47,592161052000051;1
202890;08230109222600714540;08;2;22;000;2023;01;11;2;3;1;5;0;0;1;1;0;0;0;0;463457,994199999608099;5483041,477499999105930;8,495339255000033;49,498905132000061;1
202891;08230109222400720380;08;2;22;000;2023;01;17;2;3;4;6;1;1;1;1;0;0;0;0;468436,179299999959767;5478461,391899999231100;8,564453371000070;49,457988534000037;1
202892;08230109222301660850;08;2;22;000;2023;01;11;2;3;6;4;0;0;0;1;1;0;0;0;465110,003800000064075;5484520,523399999365211;8,518022677000033;49,512305691000051;1
202893;08230109222200660110;08;2;22;000;2023;01;08;2;3;5;3;0;0;1;1;0;0;0;0;461357,724299999885261;5482129,690999999642372;8,466424079000035;49,490573951000044;1
202894;08230109221300670890;08;2;21;000;2023;01;15;2;3;5;3;0;0;1;1;0;0;0;0;476533,845999999903142;5473512,984999999403954;8,676483120000057;49,413845445000049;1
202895;08230109221300670330;08;2;21;000;2023;01;13;2;3;6;6;0;1;0;1;1;0;0;0;475928,580099999904633;5473562,662399999797344;8,668135735000021;49,414268637000077;1
202896;08230109221011683650;08;2;26;065;2023;01;09;2;2;6;2;0;0;0;1;1;0;0;0;478640,887099999934435;5457156,249199999496341;8,706408043000067;49,266794800000071;1
202898;08230109215402669380;08;2;15;009;2023;01;13;2;3;5;2;0;0;1;1;0;0;0;0;468169,559000000357628;5442925,420900000259280;8,563605792000033;49,138332586000047;1
202899;08230109212010665760;08;2;12;000;2023;01;11;2;3;3;6;0;0;1;1;0;0;0;0;455616,016499999910593;5427034,334899999201298;8,393248832000040;48,994613437000055;1
202901;08230109121200678120;08;1;21;000;2023;01;19;2;3;6;4;2;1;0;1;1;0;0;0;516542,686400000005960;5443489,762499999254942;9,226825323000071;49,144010948000073;1
202904;08230109116010664930;08;1;16;019;2023;01;15;2;3;6;4;0;1;0;1;1;0;0;0;522448,549899999983609;5398994,855699999257922;9,305350856000075;48,743566168000029;1
202906;08230109115300681330;08;1;15;028;2023;01;16;2;3;6;7;0;1;0;1;1;0;0;0;500047,703700000420213;5404923,894300000742078;9,000649570000064;48,797308204000046;1
202908;08230109111240663790;08;1;11;000;2023;01;17;2;3;0;7;2;1;1;0;0;0;0;0;520168,378800000064075;5402051,556299999356270;9,274485558000038;48,771141929000066;1
202911;08230108226600675300;08;2;26;107;2023;01;21;1;2;5;4;2;0;0;0;1;0;0;1;475139,035699999891222;5482616,205399999395013;8,656682433000071;49,495671178000066;1
202914;08230108212402667090;08;2;12;000;2023;01;22;1;2;0;7;1;1;1;0;0;0;0;0;457170,939299999736249;5427573,361999999731779;8,414447386000063;48,999571890000027;1
202915;08230108136300675770;08;1;36;065;2023;01;03;1;3;0;1;2;0;1;0;0;0;0;0;561004,234199999831617;5405510,244999999180436;9,830722037000044;48,799589484000080;1
202916;08230127325100704520;08;3;25;061;2023;01;08;6;3;0;1;0;2;1;0;0;0;0;0;475476,366399999707937;5353960,334899999201298;8,669075293000049;48,338349023000035;1
202918;08230108111500711620;08;1;11;000;2023;01;00;1;3;6;2;2;0;0;1;1;0;0;0;512863,710300000384450;5403531,657299999147654;9,175118151000049;48,784650690000035;1
202920;08230107415400657640;08;4;15;061;2023;01;12;7;3;5;3;0;0;1;1;0;0;0;0;517222,685999999754131;5373420,422000000253320;9,233205496000039;48,513661817000070;1
202921;08230207121500767570;08;1;25;065;2023;02;09;3;3;6;7;0;2;0;1;1;0;0;0;516047,611399999819696;5447359,819000000134110;9,220191431000046;49,178836391000061;1
202922;08230107415400657250;08;4;15;061;2023;01;03;7;3;5;3;2;0;1;1;0;0;0;0;517207,963100000284612;5373532,391400000080466;9,233010760000070;48,514669532000028;1
202926;08230107311200663780;08;3;11;000;2023;01;11;7;3;0;7;0;0;1;0;0;0;0;0;414957,736200000159442;5318519,964600000530481;7,859631319000073;48,014311189000068;1
202927;08230107311010681270;08;3;36;008;2023;01;18;7;3;6;7;2;0;0;1;1;0;0;0;395396,763000000268221;5275614,757999999448657;7,607761417000063;47,625484953000068;1
202928;08230107222301679330;08;2;22;000;2023;01;15;7;3;3;6;0;0;1;1;0;0;0;0;467086,838399999774992;5482024,261399999260902;8,545538118000024;49,489963478000050;1
202930;08230107221011663230;08;2;21;000;2023;01;11;7;3;6;7;0;0;0;0;1;0;0;1;479214,085300000384450;5473378,605799999088049;8,713440843000058;49,412734198000066;1
202931;08230107136300675050;08;1;36;065;2023;01;14;7;3;6;7;0;0;0;1;1;0;0;0;559028,055700000375509;5404912,687300000339746;9,803728462000038;48,794405213000061;1
202933;08230107121200658750;08;1;21;000;2023;01;15;7;2;6;4;0;0;0;1;1;0;0;0;516264,027099999599159;5442748,314099999144673;9,222974590000035;49,137348819000067;1
202934;08230107121100657520;08;1;25;006;2023;01;14;7;3;5;3;0;0;1;1;0;0;0;0;501268,494199999608099;5454685,695000000298023;9,017428397000060;49,244943325000065;1
202935;08230107119400677600;08;1;19;090;2023;01;14;7;3;0;7;0;0;1;0;1;0;0;0;532037,636099999770522;5406540,686200000345707;9,436368641000058;48,811026815000048;1
202936;08230107118400678740;08;1;18;048;2023;01;18;7;3;2;6;2;0;1;1;0;0;0;0;513466,564299999736249;5415520,073000000789762;9,183718946000056;48,892483600000048;1
202937;08230107117400663550;08;1;17;018;2023;01;07;7;2;6;7;0;0;0;1;1;0;0;0;539448,589700000360608;5396716,364199999719858;9,536363325000025;48,722224978000042;1
202941;08230106226601715720;08;2;26;096;2023;01;20;6;3;6;6;2;0;0;1;1;0;0;0;474616,971300000324845;5488044,588400000706315;8,649123941000028;49,544475876000035;1
202943;08230106121400664270;08;1;25;058;2023;01;14;6;3;0;3;0;0;1;0;0;0;0;0;508673,598199999891222;5443184,119100000709295;9,118921963000048;49,141423113000030;1
202947;08230105435200659490;08;4;35;034;2023;01;11;5;3;0;1;0;1;1;0;0;0;0;0;529139,688099999912083;5284851,265799999237061;9,388511623000056;47,716383171000075;1
202948;08230105335200672930;08;3;35;063;2023;01;13;5;3;6;6;0;0;0;1;1;0;0;0;498654,539900000207126;5287191,843699999153614;8,982053897000071;47,738099041000055;1
202949;08230105311010656760;08;3;11;000;2023;01;17;5;3;2;2;2;0;1;1;0;0;0;0;410978,140800000168383;5314779,554199999198318;7,807054887000049;47,980123245000073;1
202950;08230105226600671200;08;2;26;096;2023;01;11;5;3;6;7;0;0;0;1;1;0;0;0;476096,959800000302494;5488257,037200000137091;8,669568942000069;49,546446994000064;1
202951;08230105225200666580;08;2;25;014;2023;01;22;5;3;6;7;2;0;0;1;1;0;0;0;524001,847400000318885;5485461,590600000694394;9,331626762000042;49,521299078000027;1
202952;08230105222700673570;08;2;22;000;2023;01;17;5;3;6;4;2;0;0;0;1;0;0;1;465444,845099999569356;5480633,864900000393391;8,522987943000032;49,477366202000042;1
202954;08230105221200670720;08;2;21;000;2023;01;10;5;3;0;4;0;0;0;0;1;0;0;1;477740,035600000061095;5473017,835699999704957;8,693139797000072;49,409436982000045;1
202955;08230105215102682820;08;2;12;000;2023;01;19;5;3;1;5;2;0;1;1;0;0;0;0;453682,763000000268221;5432371,419299999251962;8,366212692000033;49,042478706000054;1
202957;08230116421300678300;08;4;21;000;2023;01;09;2;3;6;7;0;1;1;0;1;0;0;0;570622,184999999590218;5363261,190999999642372;9,954486322000037;48,418542228000035;1
202958;08230105121200672890;08;1;21;000;2023;01;15;5;3;0;7;0;0;1;0;0;0;0;0;515351,396700000390410;5442724,699300000444055;9,210461912000028;49,137159879000080;1
202959;08230105119300670540;08;1;19;055;2023;01;21;5;3;0;7;2;1;1;0;0;0;0;0;544023,293200000189245;5404954,157299999147654;9,599441110000043;48,796021754000037;1
202960;08230105119300662330;08;1;19;055;2023;01;08;5;3;6;4;1;0;0;1;1;0;0;0;543842,682099999859929;5405127,219499999657273;9,597000441000034;48,797591289000081;1
202963;08230105118100656690;08;1;18;079;2023;01;18;5;3;6;7;2;0;0;1;1;0;0;0;507262,086600000038743;5421491,402100000530481;9,099180226000044;48,946303844000056;1
202964;08230105117200662380;08;1;17;033;2023;01;21;5;3;7;7;2;1;1;0;0;0;0;1;558116,333899999968708;5388514,048399999737740;9,789005031000045;48,646982099000070;1
202965;08230112337010698070;08;3;37;126;2023;01;10;5;2;6;7;0;0;0;0;1;0;0;1;441192,674499999731779;5274800,821200000122190;8,217319464000070;47,623939956000072;1
202966;08230105115200662690;08;1;15;021;2023;01;16;5;2;0;7;0;1;1;0;0;0;0;0;490076,366200000047684;5382371,084599999710917;8,865414263000048;48,594342375000053;1
202968;08230104436000678000;08;4;36;082;2023;01;05;4;2;5;3;2;1;1;1;0;0;0;0;547730,384999999776483;5296367,682900000363588;9,637628820000032;47,818889563000027;1
202969;08230114311010690840;08;3;11;000;2023;01;21;7;3;5;3;2;0;1;1;0;0;0;0;413205,064000000245869;5315452,199300000444055;7,836754562000067;47,986479951000035;1
202971;08230104425000666480;08;4;25;020;2023;01;19;4;3;6;4;2;0;0;0;1;0;0;1;558632,480700000189245;5361320,518699999898672;9,792187347000038;48,402314567000076;1
202972;08230104336200674210;08;3;37;096;2023;01;22;4;2;1;7;2;1;1;1;0;0;0;0;419836,758999999612570;5267393,458799999207258;7,934486090000064;47,555010251000056;1
202975;08230120231000666100;08;2;31;000;2023;01;11;6;3;6;2;0;0;0;1;1;0;0;0;476469,211500000208616;5415304,990100000053644;8,678993031000061;48,890248320000069;1
202978;08230104225100668000;08;2;25;058;2023;01;07;4;3;6;7;1;1;0;1;1;0;0;0;510838,322499999776483;5467295,467900000512600;9,149254358000064;49,358275011000046;1
202980;08230104136100659740;08;1;36;088;2023;01;13;4;3;1;5;0;0;1;0;0;0;1;0;580113,004200000315905;5409872,976700000464916;10,091743204000068;48,836660265000035;1
202984;08230103435200655020;08;4;35;034;2023;01;07;3;2;1;5;2;1;1;1;0;0;0;0;529252,494199999608099;5286011,207900000736117;9,390093505000038;47,726814552000064;1
202985;08230103435100658300;08;4;35;016;2023;01;10;3;3;0;1;0;1;1;0;0;0;0;0;537901,758799999952316;5277648,152499999850988;9,504704280000055;47,651119391000066;1
202987;08230130115300732410;08;1;15;028;2023;01;07;2;3;6;7;0;0;0;1;1;0;0;0;500293,330299999564886;5404783,641400000080466;9,003994111000054;48,796046430000047;1
202990;08230103311010654560;08;3;11;000;2023;01;11;3;3;1;7;0;0;1;1;0;0;0;0;412430,801699999719858;5314993,580299999564886;7,826473493000037;47,982248983000034;1
202992;08230203118010763960;08;1;18;011;2023;02;14;6;3;6;7;0;0;0;1;1;0;0;0;505348,651999999769032;5408761,710300000384450;9,072881354000060;48,831809806000081;1
202997;08230103118300659380;08;1;18;046;2023;01;12;3;3;4;2;0;0;1;1;0;0;0;0;512944,020499999634922;5413848,217700000852346;9,176537180000025;48,877455137000027;1
203000;08230102336200663990;08;3;36;105;2023;01;17;2;2;4;6;2;1;1;1;0;0;0;0;398622,341099999845028;5267398,885800000280142;7,652578952000056;47,552093310000032;1
203001;08230102335400654420;08;3;35;079;2023;01;11;2;2;0;1;0;1;1;0;0;0;0;0;501309,991200000047684;5300695,888499999418855;9,017513796000060;47,859601806000057;1
203003;08230102317300665690;08;3;17;065;2023;01;05;2;3;3;6;2;0;1;0;0;0;0;1;413090,939899999648333;5355499,178899999707937;7,827039207000041;48,346689063000042;1
203006;08230102212402657720;08;2;12;000;2023;01;09;2;3;0;7;0;0;1;0;0;0;0;0;455618,016800000332296;5426838,755599999800324;8,393297540000049;48,992854321000038;1
203009;08230102117300659030;08;1;17;026;2023;01;15;2;3;5;3;0;0;1;1;0;0;0;0;547471,188500000163913;5394747,044700000435114;9,645209531000035;48,703950616000043;1
203010;08230102115400654220;08;1;15;045;2023;01;18;2;3;6;2;2;0;0;1;1;0;0;0;500793,501899999566376;5397152,241599999368191;9,010789946000045;48,727393997000036;1
203012;08230101426100653530;08;4;26;066;2023;01;17;1;3;0;7;2;0;1;0;0;0;0;0;584094,858699999749660;5325686,094200000166893;10,129075254000043;48,078898549000030;1
203013;08230101335300653310;08;3;35;075;2023;01;16;1;3;0;1;1;0;1;0;0;0;0;0;487484,999800000339746;5290805,216299999505281;8,832967968000048;47,770490497000026;1
203014;08230101311010660700;08;3;11;000;2023;01;02;1;3;0;4;2;0;1;0;1;0;0;0;412162,365600000135601;5316327,700899999588728;7,822603972000024;47,994212998000080;1
203015;08230101311010653580;08;3;11;000;2023;01;13;1;3;1;6;0;0;1;1;0;0;0;0;413993,836000000126660;5315226,123199999332428;7,847368922000044;47,984552866000058;1
203017;08230128416000723120;08;4;16;041;2023;01;01;7;3;4;3;2;0;1;1;0;0;0;0;503567,628999999724329;5374413,115000000223517;9,048316527000054;48,522818527000027;1
203018;08230101136300665030;08;1;36;079;2023;01;13;1;3;3;6;0;0;1;1;0;0;0;0;561822,381000000052154;5398377,566700000315905;9,840790006000077;48,735350144000051;1
203019;08230101136100653330;08;1;36;088;2023;01;12;1;3;0;7;0;0;1;0;0;0;0;0;578701,069299999624491;5409308,774199999868870;10,072397231000025;48,831766247000076;1
203020;08230101118500653490;08;1;18;049;2023;01;01;1;3;6;7;2;0;0;1;1;0;0;0;518558,144899999722838;5419839,136600000783801;9,253377123000064;48,931204877000027;1
203021;08230101118010662070;08;1;15;044;2023;01;02;1;3;8;7;2;0;1;0;0;0;0;0;504358,786299999803305;5390085,127499999478459;9,059195665000061;48,663802870000040;1
203022;08230101117300653810;08;1;17;026;2023;01;18;1;3;6;4;2;0;0;1;1;0;0;0;549156,695799999870360;5394862,731499999761581;9,668130453000060;48,704860712000027;1
203047;08230125421300711530;08;4;21;000;2023;01;08;4;3;0;1;0;1;1;0;0;0;0;0;569336,156000000424683;5363883,286499999463558;9,937210456000059;48,424281029000042;1
203051;08230202221200744360;08;2;21;000;2023;02;19;5;3;5;3;2;0;1;1;0;0;0;0;479564,708999999798834;5473542,349999999627471;8,718266126000060;49,414218932000040;1
203061;08230130417300739540;08;4;17;025;2023;01;13;2;3;6;4;0;1;0;1;1;0;0;0;484918,936999999918044;5357275,345000000670552;8,796374521000075;48,368468749000044;1
203082;08230122226400707370;08;2;26;062;2023;01;14;1;3;6;6;0;1;0;1;1;0;0;0;469953,696200000122190;5467526,630699999630451;8,586220342000047;49,359710144000076;1
203087;08230209212010764450;08;2;12;000;2023;02;19;5;2;2;6;2;0;1;1;0;0;0;0;454291,622600000351667;5429156,672599999234080;8,374905918000024;49,013607395000065;1
203101;08230111225100673270;08;2;25;058;2023;01;07;4;3;6;2;2;1;0;1;1;0;0;0;510714,261400000192225;5466846,045299999415874;9,147533828000064;49,354234635000068;1
203138;08230324326200888380;08;3;26;074;2023;03;07;6;3;5;3;0;1;1;1;0;0;0;0;465015,815399999730289;5323430,019200000911951;8,530440591000058;48,063188293000053;1
203139;08230324317500880150;08;3;17;096;2023;03;07;6;3;5;3;0;1;1;1;0;0;0;0;422325,434000000357628;5367994,521199999377131;7,949336189000064;48,460288415000036;1