OID_;UIDENTSTLAE;ULAND;UREGBEZ;UKREIS;UGEMEINDE;UJAHR;UMONAT;USTUNDE;UWOCHENTAG;UKATEGORIE;UART;UTYP1;ULICHTVERH;IstStrassenzustand;IstRad;IstPKW;IstFuss;IstKrad;IstGkfz;IstSonstige;LINREFX;LINREFY;XGCSWGS84;YGCSWGS84;PLST
203415;08230315311010862820;08;3;15;047;2023;03;07;4;3;1;5;0;0;1;1;0;0;0;0;415216,541400000452995;5321984,253000000491738;7,862415345000045;48,045508124000037;1
203418;08230315222014885360;08;2;22;000;2023;03;07;4;3;6;4;0;0;0;0;1;0;0;1;461676,320000000298023;5484140,852900000289083;8,470627979000028;49,508683453000060;1
203421;08230315212010867510;08;2;12;000;2023;03;07;4;3;5;3;0;0;1;1;0;0;0;0;457560,342000000178814;5428410,715500000864267;8,419683443000054;49,007130904000064;1
203422;08230315212010850930;08;2;12;000;2023;03;12;4;3;5;2;0;1;1;0;0;0;0;0;457118,418499999679625;5428399,312699999660254;8,413642149000054;49,006997785000067;1
203423;08230315136300851310;08;1;36;065;2023;03;17;4;3;5;2;0;0;1;1;0;0;0;0;558870,397699999623001;5405465,755100000649691;9,801661276000061;48,799395035000032;1
203426;08230315128100880510;08;1;28;007;2023;03;17;4;3;6;6;0;0;0;1;1;0;0;0;555790,797100000083447;5481896,622099999338388;9,770312241000056;49,487143306000064;1
203427;08230315127202877910;08;1;27;073;2023;03;07;4;3;6;7;0;0;0;1;1;0;0;0;578503,074900000356138;5446968,839999999850988;10,076979267000070;49,170507239000074;1
203429;08230315121200848820;08;1;21;000;2023;03;08;4;3;0;7;0;1;1;0;0;0;0;0;515821,010999999940395;5443438,622999999672174;9,216928127000074;49,143569945000081;1
203430;08230315119400876150;08;1;19;090;2023;03;12;4;3;0;3;0;0;1;0;0;0;0;1;531073,621899999678135;5407108,641899999231100;9,423281674000066;48,816184909000071;1
203431;08230315119200848150;08;1;19;020;2023;03;17;4;3;6;4;0;1;0;1;1;0;0;0;520353,911899999715388;5406609,157700000330806;9,277236370000026;48,812135332000025;1
203432;08230315116200892780;08;1;16;078;2023;03;17;4;2;0;1;0;1;1;0;0;0;0;0;510167,514999999664724;5394642,512900000438094;9,138194612000063;48,704733951000037;1
203433;08230315116200860950;08;1;16;080;2023;03;16;4;2;0;1;0;1;1;0;0;0;0;0;522028,060200000181794;5395609,539799999445677;9,299450451000041;48,713127152000027;1
203434;08230315116200856200;08;1;16;078;2023;03;06;4;3;0;1;1;2;1;0;0;0;0;0;510357,497499999590218;5394365,342700000852346;9,140769851000073;48,702237387000025;1
203435;08230315116010861440;08;1;16;004;2023;03;22;4;3;5;3;2;1;1;1;0;0;0;0;528309,702999999746680;5396525,735999999567866;9,384904475000042;48,721115556000029;1
203436;08230315111500921970;08;1;11;000;2023;03;06;4;3;6;4;1;0;0;1;1;0;0;0;519374,637099999934435;5401036,996799999848008;9,263635315000045;48,762040287000048;1
203437;08230315111130972890;08;1;11;000;2023;03;12;4;3;6;4;0;0;0;1;1;0;0;0;509329,232499999925494;5402914,406099999323487;9,126988217000076;48,779160997000076;1
203439;08230315115200849000;08;1;15;021;2023;03;11;4;3;6;7;0;0;0;0;1;1;0;0;490520,883600000292063;5382474,548499999567866;8,871440494000069;48,595280048000063;1
203440;08230314416010845260;08;4;16;041;2023;03;14;3;3;8;1;0;1;1;0;0;0;0;0;503889,562800000421703;5374780,360600000247359;9,052679913000077;48,526120488000061;1
203441;08230314335200846950;08;3;35;063;2023;03;18;3;3;5;3;2;1;1;0;0;0;0;0;497806,254200000315905;5287255,777499999850988;8,970738917000062;47,738671965000037;1
203442;08230314335100845620;08;3;35;043;2023;03;10;3;3;1;5;0;1;1;1;0;0;0;0;513351,495400000363588;5279939,891400000080466;9,177863228000035;47,672712053000055;1
203443;08230314316100875630;08;3;16;011;2023;03;12;3;3;0;7;0;1;1;0;0;0;0;0;415090,788900000043213;5330130,107200000435114;7,859109084000067;48,118765602000053;1
203444;08230314316100844590;08;3;16;039;2023;03;10;3;3;6;7;0;0;0;0;1;0;1;0;418131,036899999715388;5327151,268300000578165;7,900523419000024;48,092368106000038;1
203445;08230314311010871480;08;3;11;000;2023;03;11;3;3;5;3;0;0;1;1;0;0;0;0;413734,804999999701977;5318378,065999999642372;7,843264492000060;48,012870825000050;1
203446;08230314311010862930;08;3;15;047;2023;03;15;3;3;5;3;0;0;1;1;0;0;0;0;415766,962000000290573;5321851,691299999132752;7,869825225000056;48,044388562000051;1
203448;08230314311010857920;08;3;11;000;2023;03;20;3;2;5;3;2;1;1;0;0;0;0;0;412590,383999999612570;5314217,202999999746680;7,828769604000058;47,975287033000029;1
203449;08230314311010014840;08;3;11;000;2023;03;12;3;2;6;4;0;1;1;0;1;0;0;0;415138,744599999859929;5315874,946100000292063;7,862581277000061;47,990542236000067;1
203450;08230314231102860620;08;2;36;040;2023;03;13;3;3;6;7;0;0;0;1;1;0;0;0;484666,107599999755621;5420339,561799999326468;8,790624914000034;48,935794834000035;1
203453;08230314226500893460;08;2;26;085;2023;03;12;3;3;6;7;0;0;0;1;1;0;0;0;490423,315799999982119;5455071,964199999347329;8,868412693000039;49,248344282000062;1
203454;08230314222500871100;08;2;22;000;2023;03;07;3;3;5;3;0;0;1;1;0;0;0;0;464081,856399999931455;5477055,464299999177456;8,504498124000065;49,445100955000044;1
203457;08230314212010851080;08;2;12;000;2023;03;17;3;3;5;3;0;1;1;1;0;0;0;0;455904,885900000110269;5423873,785800000652671;8,397540354000057;48,966204526000070;1
203458;08230314135100862420;08;1;35;015;2023;03;21;3;3;1;5;2;0;1;1;0;0;0;0;570866,056200000457466;5387786,636199999600649;9,961951532000057;48,639123473000041;1
203459;08230314121200845390;08;1;21;000;2023;03;13;3;3;0;7;0;1;1;0;0;0;0;0;516174,166400000452995;5443639,032099999487400;9,221778388000075;49,145363491000069;1
203460;08230314119200908070;08;1;19;020;2023;03;12;3;3;0;7;0;0;0;1;1;0;0;0;519708,301900000311434;5408418,550899999216199;9,268529689000047;48,828433083000050;1
203461;08230314118010908100;08;1;18;079;2023;03;19;3;2;5;3;2;0;1;1;0;0;0;0;509449,606599999591708;5423100,190700000151992;9,129093026000021;48,960746414000027;1
203464;08230314116200870510;08;1;16;077;2023;03;06;3;3;1;5;1;1;1;1;0;0;0;0;517387,427000000141561;5391063,569900000467896;9,236174757000072;48,672378188000039;1
203465;08230314111210921040;08;1;11;000;2023;03;12;3;3;6;7;0;1;1;0;1;0;0;0;507976,064199999906123;5397794,202199999243021;9,108469905000049;48,733118553000054;1
203466;08230313426010845400;08;4;26;070;2023;03;17;2;3;0;1;0;0;1;0;0;0;0;0;566589,396999999880791;5339327,983999999240041;9,896210612000061;48,203688067000030;1
203467;08230313425000867340;08;4;25;033;2023;03;07;2;3;6;2;0;0;0;1;1;0;0;0;553969,459400000050664;5348405,416200000792742;9,727535027000044;48,286547874000064;1
203468;08230313421200841670;08;4;25;072;2023;03;12;2;3;0;1;0;0;1;0;0;0;0;0;582747,049800000153482;5371267,453299999237061;10,119911259000048;48,489080763000061;1
203470;08230313415400846250;08;4;15;061;2023;03;12;2;3;1;5;0;0;1;1;0;0;0;0;514730,433500000275671;5372364,800699999555945;9,199421868000059;48,504228514000033;1
203471;08230313327200887660;08;3;27;046;2023;03;13;2;3;6;4;0;0;0;1;1;0;0;0;480969,423600000329316;5324346,379499999806285;8,744526759000053;48,072108310000033;1
203474;08230313317500903850;08;3;17;096;2023;03;07;2;3;0;3;0;0;1;1;0;0;0;0;421397,953300000168383;5369828,611999999731779;7,936448158000076;48,476670673000058;1
203475;08230313317500844510;08;3;17;122;2023;03;18;2;3;0;1;2;1;1;0;0;0;0;0;419232,878200000151992;5367417,762900000438094;7,907623863000026;48,454711121000059;1
203477;08230313416010883020;08;4;16;048;2023;03;22;2;3;0;7;2;1;1;0;0;0;0;0;497317,806599999777973;5377875,471799999475479;8,963652664000051;48,553971471000068;1
203479;08230313311100855760;08;3;15;059;2023;03;06;2;2;0;1;1;0;1;0;0;0;0;0;398632,849100000225008;5321918,929199999198318;7,639978260000021;48,042502317000071;1
203482;08230313226700890160;08;2;26;098;2023;03;13;2;3;6;4;0;0;0;1;1;0;0;0;478175,769799999892712;5460393,075400000438094;8,699838200000045;49,295893799000055;1
203485;08230313221300886410;08;2;21;000;2023;03;18;2;2;0;7;1;1;1;0;0;0;0;0;481667,301699999719858;5475211,846899999305606;8,747176349000028;49,429302829000051;1
203487;08230313212502844630;08;2;12;000;2023;03;16;2;3;5;2;0;1;1;1;0;0;0;0;454294,365299999713898;5429156,445299999788404;8,374943450000046;49,013605553000048;1
203489;08230313212010850670;08;2;12;000;2023;03;08;2;2;5;3;0;0;1;1;0;0;0;0;456677,734899999573827;5424043,230699999257922;8,408080946000041;48,967783373000032;1
203490;08230313212010842340;08;2;12;000;2023;03;16;2;2;6;4;0;0;0;1;1;0;0;0;453774,417100000195205;5425686,302899999544024;8,368228148000071;48,982352637000076;1
203491;08230313121500875510;08;1;25;065;2023;03;17;2;3;0;7;0;0;1;0;0;0;0;0;517340,850399999879301;5448068,770700000226498;9,237966558000039;49,185178397000072;1
203493;08230313118500890910;08;1;18;049;2023;03;16;2;3;0;7;0;0;1;0;0;0;0;0;517053,577999999746680;5419459,608999999240041;9,232819357000039;48,927834075000078;1
203498;08230313111130920930;08;1;11;000;2023;03;17;2;3;5;3;1;0;1;1;0;0;0;0;512846,916299999691546;5408924,756599999964237;9,175058333000038;48,833166679000044;1
203502;08230312421300866970;08;4;21;000;2023;03;15;1;3;5;3;0;0;1;1;0;0;0;0;571393,148500000126660;5360199,090800000354648;9,964383749000035;48,390910900000051;1
203503;08230312335100870260;08;3;35;043;2023;03;16;1;3;2;6;0;0;1;1;0;0;0;0;515433,193400000222027;5279232,784800000488758;9,205569611000044;47,666303417000051;1
203508;08230312127202878250;08;1;27;014;2023;03;17;1;3;0;1;0;1;1;0;0;0;0;0;577728,300999999977648;5438441,732300000265241;10,064708317000054;49,093914323000035;1
203510;08230312118400860940;08;1;18;048;2023;03;02;1;3;0;1;2;0;1;0;0;0;0;0;513424,735700000077486;5415659,937200000509620;9,183152894000045;48,893742689000078;1
203516;08230311416200880690;08;4;16;041;2023;03;12;7;3;3;5;0;0;1;1;0;0;0;0;504074,728000000119209;5374445,922800000756979;9,055184505000057;48,523110591000034;1
203518;08230311335100838780;08;3;35;043;2023;03;18;7;3;5;2;1;0;1;1;0;0;0;0;515225,586000000126660;5280165,831000000238419;9,202836832000060;47,674703561000058;1
203519;08230311317600840400;08;3;17;041;2023;03;12;7;3;2;3;0;0;1;1;0;0;0;0;437415,633299999870360;5348167,872999999672174;8,156379132000040;48,283617732000039;1
203523;08230311231302863030;08;2;31;000;2023;03;09;7;3;5;3;0;0;1;0;0;0;0;1;479479,991100000217557;5416153,773299999535084;8,720022896000046;48,897990715000049;1
203524;08230311231000844070;08;2;37;004;2023;03;12;7;3;6;7;0;0;0;1;1;0;0;0;453538,955099999904633;5372050,575400000438094;8,371059128000070;48,499856139000030;1
203525;08230311226700847870;08;2;26;103;2023;03;15;7;3;6;6;0;0;0;0;1;0;0;1;471975,675599999725819;5457128,142400000244379;8,614795179000055;49,266272863000040;1
203527;08230311222700838830;08;2;22;000;2023;03;18;7;3;3;5;1;0;1;1;0;0;0;0;461439,999200000427663;5481640,618599999696016;8,467607793000070;49,486180241000056;1
203530;08230312111330920920;08;1;11;000;2023;03;15;1;3;5;3;0;0;1;1;0;0;0;0;510101,407999999821186;5406641,017000000923872;9,137590581000040;48,812673196000048;1
203532;08230311221011837490;08;2;21;000;2023;03;14;7;3;5;3;0;0;1;1;0;0;0;0;476423,187900000251830;5472952,588400000706315;8,674990835000074;49,408800496000026;1
203536;08230311212302840610;08;2;12;000;2023;03;17;7;3;5;3;0;0;1;1;0;0;0;0;455141,146599999628961;5430589,039999999105930;8,386364672000070;49,026553987000057;1
203538;08230311212010851580;08;2;12;000;2023;03;10;7;2;6;2;0;0;0;1;1;0;0;0;451175,366899999789894;5428263,363800000399351;8,332399314000043;49,005333363000034;1
203541;08230311118400865710;08;1;18;048;2023;03;10;7;3;0;1;0;0;1;0;0;0;0;0;514503,248900000005960;5415998,659800000488758;9,197878924000065;48,896765438000045;1
203542;08230311116400901660;08;1;16;033;2023;03;11;7;3;2;3;0;0;1;1;0;0;0;0;533362,680999999865890;5387719,306700000539422;9,452892907000034;48,641644407000058;1
203543;08230311115100838060;08;1;15;003;2023;03;21;7;3;6;7;2;0;0;1;1;0;0;0;500771,303399999625981;5392142,811400000005960;9,010478733000070;48,682328793000067;1
203544;08230311111500920900;08;1;11;000;2023;03;15;7;2;5;3;0;0;1;1;0;0;0;0;511703,613199999555945;5401343,078299999237061;9,159263125000052;48,764985288000048;1
203545;08230310436500859770;08;4;36;049;2023;03;08;6;2;6;2;0;1;0;1;1;0;0;0;578134,936499999836087;5282539,424200000241399;10,041261301000077;47,691515116000062;1
203546;08230310436400835110;08;4;36;011;2023;03;11;6;3;6;7;0;1;0;0;1;0;0;1;548753,368599999696016;5297794,654100000858307;9,651454551000029;47,831651136000062;1
203548;08230310426010857100;08;4;21;000;2023;03;13;6;2;0;1;0;1;1;0;0;0;0;0;572526,362099999561906;5361012,758400000631809;9,979829506000044;48,398100727000042;1
203549;08230310426010836580;08;4;26;021;2023;03;07;6;3;0;7;0;1;1;0;0;0;0;0;558990,609100000001490;5327380,685000000521541;9,792294949000052;48,096960846000059;1
203551;08230310415400848730;08;4;15;061;2023;03;10;6;3;5;3;0;0;1;1;0;0;0;0;515466,091000000014901;5370867,765100000426173;9,209325741000043;48,490742981000039;1
203556;08230310335200878140;08;3;35;063;2023;03;10;6;3;5;3;0;1;1;1;0;0;0;0;497236,518199999816716;5287957,226199999451637;8,963135090000037;47,744981125000038;1
203559;08230310311010836020;08;3;11;000;2023;03;05;6;3;0;7;2;1;1;0;0;0;0;0;413172,982699999585748;5316758,789899999275804;7,836060384000064;47,998228824000080;1
203560;08230310311010835490;08;3;36;050;2023;03;12;6;3;3;2;0;1;1;1;0;0;0;0;398997,128600000403821;5272534,641899999231100;7,656377390000046;47,598349800000051;1
203563;08230310222400865690;08;2;26;038;2023;03;15;6;3;6;2;0;0;0;1;1;0;0;0;471642,915099999867380;5479938,767200000584126;8,608595872000024;49,471435212000074;1
203564;08230310222014844850;08;2;22;000;2023;03;12;6;3;6;4;0;0;0;1;1;0;0;0;463241,991999999620020;5486755,269999999552965;8,492010438000023;49,532295623000039;1
203565;08230310221200916370;08;2;21;000;2023;03;17;6;3;5;3;0;0;1;1;0;0;0;0;476742,929100000299513;5471675,899800000712276;8,679473189000021;49,397329185000046;1
203566;08230310221011892190;08;2;21;000;2023;03;20;6;3;7;1;2;1;1;0;0;0;0;0;476713,383999999612570;5474145,859699999913573;8,678921152000044;49,419544939000048;1
203569;08230310121300863380;08;1;21;000;2023;03;12;6;2;6;4;0;1;0;1;1;0;0;0;514000,275700000114739;5442967,387000000104308;9,191947092000021;49,139375218000055;1
203572;08230310116200864350;08;1;16;077;2023;03;10;6;3;5;3;0;1;1;1;0;0;0;0;514688,479899999685585;5389030,263199999928474;9,199442820000058;48,654155702000025;1
203573;08230310116200862880;08;1;16;080;2023;03;21;6;3;5;3;2;1;1;1;0;0;0;0;518627,839100000448525;5398426,669500000774860;9,253355476000024;48,738580789000025;1
203577;08230309416010837560;08;4;15;061;2023;03;09;5;3;6;2;0;0;0;1;1;0;0;0;516043,952200000174344;5372381,817299999296665;9,217204923000054;48,504349421000029;1
203579;08230309316100849020;08;3;16;011;2023;03;17;5;3;3;6;0;0;1;1;0;0;0;0;414441,984799999743700;5330505,790100000798702;7,850317768000025;48,122058075000041;1
203580;08230309311400846820;08;3;15;006;2023;03;15;5;3;6;4;0;0;0;0;1;0;0;1;402859,032499999739230;5307815,819199999794364;7,699854111000036;47,916303472000038;1
203581;08230309311010835840;08;3;11;000;2023;03;18;5;3;6;7;1;0;0;1;1;0;0;0;412079,527999999932945;5314468,668299999088049;7,821874504000050;47,977479049000067;1
203583;08230309235100833670;08;2;35;085;2023;03;19;5;3;0;7;2;1;1;0;0;0;0;0;478018,261099999770522;5394884,453400000929832;8,701217855000039;48,706605946000082;1
203585;08230309222014833280;08;2;22;000;2023;03;11;5;2;5;3;0;1;1;1;0;0;0;0;463048,623999999836087;5478487,392500000074506;8,490111373000047;49,457918565000057;1
203588;08230309212302859870;08;2;12;000;2023;03;13;5;3;1;5;0;0;1;1;0;0;0;0;453969,911600000225008;5428668,795499999076128;8,370561899000052;49,009194996000076;1
203590;08230309212010842390;08;2;12;000;2023;03;10;5;3;4;6;0;1;1;1;0;0;0;0;455844,299999999813735;5427476,389299999922514;8,396321350000051;48,998606139000060;1
203591;08230309135010844870;08;1;35;020;2023;03;15;5;3;6;4;0;0;0;1;1;0;0;0;586550,509200000204146;5386171,148299999535084;10,174476016000028;48,622618645000045;1
203594;08230309118100885250;08;1;18;071;2023;03;08;5;3;5;3;2;0;1;1;0;0;0;0;510200,532800000160933;5419164,053999999538064;9,139253006000047;48,925326255000073;1
203595;08230309115300841690;08;1;15;028;2023;03;06;5;2;0;7;1;1;1;0;0;0;0;0;501217,847699999809265;5405294,049499999731779;9,016584248000072;48,800636903000054;1
203596;08230309111500834450;08;1;11;000;2023;03;13;5;2;6;4;0;0;0;1;1;0;0;0;512999,568900000303984;5406830,534900000318885;9,177072059000068;48,814324198000065;1
203597;08230309111110834260;08;1;11;000;2023;03;20;5;2;0;1;2;0;1;0;0;0;0;0;513067,080000000074506;5402796,130999999120831;9,177863299000023;48,778029717000038;1
203600;08230308417200871550;08;4;17;002;2023;03;10;4;2;0;1;0;1;1;0;0;0;0;0;489548,349000000394881;5346403,869200000539422;8,859150401000022;48,270755461000078;1
203601;08230308416200870780;08;4;16;041;2023;03;13;4;3;5;3;0;0;1;1;0;0;0;0;503057,944500000216067;5374724,972100000828505;9,041416141000070;48,525626796000040;1
203606;08230308311010830950;08;3;36;050;2023;03;07;4;3;8;6;0;0;1;0;0;0;0;1;401965,462700000032783;5276378,689799999818206;7,694993643000032;47,633384438000064;1
203607;08230308235200917840;08;2;35;046;2023;03;21;4;3;0;1;2;1;1;0;0;0;0;0;480663,364500000141561;5376470,369100000709295;8,738029173000029;48,541038402000027;1
203608;08230308226400832410;08;2;26;037;2023;03;20;4;3;6;2;2;1;0;1;1;0;0;0;466546,394000000320375;5467869,548100000247359;8,539269720000050;49,362617126000032;1
203610;08230308215202916880;08;2;15;039;2023;03;17;4;3;6;6;1;1;0;1;1;0;0;0;473144,695500000379980;5451517,684000000357628;8,631239391000065;49,215858950000040;1
203616;08230308116100870820;08;1;16;019;2023;03;16;4;3;5;3;0;0;1;1;0;0;0;0;523862,813500000163913;5398969,164499999955297;9,324586227000054;48,743282475000058;1
203617;08230308116010849970;08;1;16;016;2023;03;17;4;2;6;4;1;0;0;1;1;0;0;0;533665,535000000149012;5384541,004000000655651;9,456745866000063;48,613036429000033;1
203618;08230309317010837130;08;3;17;096;2023;03;16;5;2;0;7;0;0;1;0;0;0;0;0;421083,961799999698997;5367432,758700000122190;7,932652385000040;48,455080900000041;1
203619;08230308115400855190;08;1;15;045;2023;03;11;4;3;5;3;0;0;1;1;0;0;0;0;500616,350200000219047;5394227,350299999117851;9,008376688000055;48,701081686000066;1
203620;08230308111500920720;08;1;11;000;2023;03;20;4;3;6;4;2;1;0;1;1;0;0;0;516007,888899999670684;5405469,375099999830127;9,217996162000077;48,802009180000027;1
203622;08230308111210920740;08;1;11;000;2023;03;17;4;3;5;3;0;1;1;1;0;0;0;0;517310,793399999849498;5398949,196599999442697;9,235464581000031;48,743319406000069;1
203623;08230307435100830450;08;4;35;057;2023;03;10;3;3;5;3;0;0;1;1;0;0;0;0;544604,440499999560416;5278830,243899999186397;9,594074029000069;47,661327628000038;1
203624;08230307416200853450;08;4;16;041;2023;03;13;3;3;6;4;0;0;1;0;1;0;0;0;504825,837799999862909;5374929,485099999234080;9,065362462000053;48,527455563000046;1
203625;08230307416100869400;08;4;16;036;2023;03;17;3;3;5;3;0;0;1;1;0;0;0;0;495754,502299999818206;5370150,036100000143051;8,942546439000068;48,484461984000063;1
203626;08230307416100864200;08;4;16;036;2023;03;19;3;3;6;6;1;0;0;1;1;0;0;0;494940,575000000186265;5368971,967199999839067;8,931545975000063;48,473857548000069;1
203627;08230307415400832280;08;4;15;061;2023;03;14;3;3;0;1;0;0;1;0;0;0;0;0;516716,113300000317395;5371713,332800000905991;9,226277878000076;48,498317985000028;1
203628;08230307316100891390;08;3;16;011;2023;03;12;3;3;0;1;0;0;1;0;0;0;0;0;412962,268299999646842;5331203,549399999901652;7,830295882000030;48,128133892000051;1
203630;08230307226300861530;08;2;26;056;2023;03;08;3;3;6;4;0;1;1;0;1;0;0;0;485782,590400000102818;5470858,871200000867248;8,804085191000070;49,390258299000038;1
203632;08230307216300843290;08;2;16;015;2023;03;12;3;3;5;3;0;0;1;1;0;0;0;0;449872,695600000210106;5406231,785900000482798;8,317293728000038;48,807052209000062;1
203634;08230307215102832680;08;2;15;105;2023;03;05;3;3;0;2;2;0;1;1;0;0;0;0;457474,600700000301003;5442811,062999999150634;8,416997322000043;49,136656687000027;1
203636;08230323311010890300;08;3;11;000;2023;03;14;5;2;6;3;0;0;0;1;1;0;0;0;412978,104600000195205;5316380,304500000551343;7,833525303000044;47,994797728000037;1
203637;08230307212010829280;08;2;12;000;2023;03;12;3;3;4;6;0;0;1;0;0;0;0;1;455628,256299999542534;5428470,174900000914931;8,393259273000069;49,007529856000076;1
203640;08230307136100854920;08;1;36;088;2023;03;12;3;3;6;4;0;0;0;1;1;0;0;0;581732,744500000029802;5410461,126099999994040;10,113929271000075;48,841739060000066;1
203641;08230307127100857180;08;1;27;076;2023;03;16;3;2;5;3;0;0;1;1;0;0;0;0;555598,081799999810755;5440834,825899999588728;9,761935738000034;49,117837212000040;1
203642;08230307119400871630;08;1;19;079;2023;03;15;3;2;6;4;0;0;0;1;1;0;0;0;523856,818799999542534;5410667,444900000467896;9,325184148000062;48,848517999000080;1
203644;08230307116400830090;08;1;16;016;2023;03;07;3;3;5;3;0;0;1;1;0;0;0;0;533437,293399999849498;5385420,221300000324845;9,453720250000060;48,620958050000070;1
203645;08230307115300856420;08;1;15;041;2023;03;14;3;3;5;3;0;0;1;1;0;0;0;0;494925,101599999703467;5403095,372199999168515;8,930918892000022;48,780838215000074;1
203646;08230307115100840490;08;1;15;024;2023;03;08;3;3;3;6;0;0;1;0;0;0;0;1;501627,999099999666214;5387956,369799999520183;9,022101111000040;48,644665317000033;1
203652;08230306415400877320;08;4;15;061;2023;03;07;2;2;6;4;0;0;1;0;1;0;0;0;514910,479000000283122;5370076,185000000521541;9,201777610000022;48,483635067000080;1
203653;08230306415300828530;08;4;15;059;2023;03;20;2;3;0;1;2;0;1;0;0;0;0;0;516763,814699999988079;5368544,345899999141693;9,226796442000023;48,469807381000066;1
203657;08230316221011850460;08;2;21;000;2023;03;07;5;3;5;3;0;0;1;1;0;0;0;0;474112,468000000342727;5471293,453099999576807;8,643246035000061;49,393782965000071;1
203660;08230306311010852550;08;3;11;000;2023;03;13;2;3;4;6;0;0;1;1;0;0;0;0;413613,959499999880791;5314915,843599999323487;7,842341411000064;47,981710591000081;1
203662;08230306222500854560;08;2;22;000;2023;03;16;2;3;0;7;0;0;1;0;0;0;0;0;462593,544999999925494;5479815,905999999493361;8,483706505000043;49,469840060000081;1
203665;08230306215502850920;08;2;15;106;2023;03;17;2;3;5;3;0;0;1;1;0;0;0;0;464916,935899999924004;5452733,728399999439716;8,518158198000037;49,226381294000078;1
203667;08230306212010833540;08;2;12;000;2023;03;13;2;2;0;3;0;0;1;1;0;0;0;0;457877,900999999605119;5427933,164999999105930;8,424075029000051;49,002857020000079;1
203668;08230306135200829420;08;1;35;019;2023;03;12;2;3;6;7;0;0;0;1;1;0;0;0;584215,385999999940395;5392317,023299999535084;10,144045453000047;48,678215669000053;1
203669;08230306121200909560;08;1;21;000;2023;03;15;2;3;5;3;0;0;1;1;0;0;0;0;514966,654699999839067;5442340,036699999123812;9,205172997000034;49,133709200000055;1
203670;08230306119400831720;08;1;19;079;2023;03;09;2;3;6;4;0;0;0;1;1;0;0;0;522098,041799999773502;5407418,683800000697374;9,301036069000077;48,819358070000078;1
203672;08230306116200837180;08;1;16;077;2023;03;17;2;3;3;3;0;0;1;1;0;0;0;0;514560,831699999980628;5391538,044600000604987;9,197797866000030;48,676718911000080;1
203673;08230306116010852620;08;1;16;019;2023;03;13;2;3;5;1;0;0;1;1;0;0;0;0;522899,220300000160933;5396125,772900000214577;9,311321515000031;48,717739763000054;1
203674;08230306115200828630;08;1;15;021;2023;03;13;2;3;3;2;0;0;1;1;0;0;0;0;489884,047399999573827;5382684,448000000789762;8,862798382000051;48,597158385000057;1
203675;08230305311010827420;08;3;36;050;2023;03;17;1;3;5;3;0;0;1;1;0;0;0;0;399965,152999999932945;5272841,518300000578165;7,669181227000024;47,601260367000066;1
203680;08230304426300826010;08;4;26;097;2023;03;16;7;3;5;3;0;0;1;1;0;0;0;0;534835,971099999733269;5333765,061300000175834;9,468414366000047;48,156177825000043;1
203681;08230304415100834390;08;4;15;050;2023;03;11;7;3;0;1;0;0;1;0;0;0;0;0;522602,111100000329316;5375283,723400000482798;9,306146186000035;48,530253917000039;1
203683;08230304317100884910;08;3;17;001;2023;03;13;7;3;6;2;0;0;0;1;1;0;0;0;430911,784699999727309;5386602,458000000566244;8,062375269000029;48,628670816000067;1
203684;08230304311400825990;08;3;15;074;2023;03;12;7;3;8;1;0;0;1;0;0;0;0;0;396252,243300000205636;5296105,708100000396371;7,614264622000064;47,809938771000077;1
203687;08230304311010826490;08;3;11;000;2023;03;14;7;3;0;7;0;0;1;0;0;0;0;0;414442,397900000214577;5316734,807099999859929;7,853078462000042;47,998184235000053;1
203688;08230324126100878360;08;1;26;046;2023;03;13;6;3;5;3;0;1;1;1;0;0;0;0;549896,797699999995530;5458500,787299999967217;9,686003665000044;49,277225778000059;1
203689;08230304222200861720;08;2;22;000;2023;03;11;7;3;3;5;0;0;1;0;0;0;0;1;461526,360299999825656;5481797,118300000205636;8,468784883000069;49,487593354000069;1
203692;08230304212402833150;08;2;12;000;2023;03;22;7;3;5;3;2;0;1;1;0;0;0;0;455463,558199999853969;5426658,666999999433756;8,391205952000064;48,991223281000032;1
203694;08230304212010839170;08;2;12;000;2023;03;03;7;3;6;6;2;0;0;0;1;0;0;1;456738,612800000235438;5428663,782400000840425;8,408420836000062;49,009350216000030;1
203697;08230304111370835000;08;1;11;000;2023;03;14;7;3;0;1;0;0;1;0;0;0;0;0;507577,340099999681115;5403161,991699999198318;9,103146309000067;48,781412071000034;1
203703;08230303416000824500;08;4;16;026;2023;03;08;6;3;0;7;0;0;1;1;0;0;0;0;505079,716500000096858;5364164,154300000518560;9,068670220000058;48,430604041000038;1
203704;08230303415400888280;08;4;15;061;2023;03;13;6;3;6;7;0;0;1;0;1;0;0;0;515432,717500000260770;5371304,624099999666214;9,208890194000048;48,494673939000052;1
203706;08230303311010825620;08;3;11;000;2023;03;16;6;3;3;6;0;0;1;0;0;0;0;0;414110,401999999769032;5318059,210999999195337;7,848363711000047;48,010053210000081;1
203708;08230303311010824520;08;3;36;050;2023;03;09;6;2;6;4;0;0;1;0;1;0;0;0;399224,595900000073016;5273759,831299999728799;7,659120832000042;47,609406200000080;1
203709;08230303237200860910;08;2;37;040;2023;03;12;6;3;6;4;0;0;0;1;1;0;0;0;478629,641999999992549;5367647,679800000041723;8,710928517000070;48,461600992000058;1