OID_;UIDENTSTLAE;ULAND;UREGBEZ;UKREIS;UGEMEINDE;UJAHR;UMONAT;USTUNDE;UWOCHENTAG;UKATEGORIE;UART;UTYP1;ULICHTVERH;IstStrassenzustand;IstRad;IstPKW;IstFuss;IstKrad;IstGkfz;IstSonstige;LINREFX;LINREFY;XGCSWGS84;YGCSWGS84;PLST
203710;08230303226400878860;08;2;26;063;2023;03;15;6;3;4;6;0;0;1;0;0;0;0;0;470652,831699999980628;5471825,089800000190735;8,595530978000056;49,398407980000059;1
203711;08230303222600825830;08;2;22;000;2023;03;14;6;3;6;2;0;0;0;1;1;0;0;0;461530,285799999721348;5483803,446000000461936;8,468643742000040;49,505639421000069;1
203712;08230303216300878870;08;2;16;015;2023;03;16;6;3;6;7;0;0;0;1;1;0;0;0;449554,539099999703467;5405914,881699999794364;8,312999877000038;48,804175825000073;1
203713;08230307116500841110;08;1;16;049;2023;03;12;3;3;0;3;0;0;1;1;0;0;0;0;525123,210599999874830;5384606,698100000619888;9,340857222000068;48,614028726000072;1
203714;08230303212010847560;08;2;12;000;2023;03;16;6;3;5;3;0;0;0;1;1;0;0;0;453827,772300000302494;5425685,861999999731779;8,368957365000028;48,982352662000039;1
203715;08230303121400842490;08;1;25;058;2023;03;21;6;3;5;3;2;0;1;1;0;0;0;0;509186,468100000172853;5443048,964099999517202;9,125950721000038;49,140199887000051;1
203717;08230303115400859530;08;1;15;045;2023;03;13;6;3;5;3;0;0;1;1;0;0;0;0;499670,436700000427663;5394911,821900000795722;8,995520427000031;48,707239465000043;1
203721;08230303111210842370;08;1;11;000;2023;03;13;6;3;5;3;0;0;1;0;0;1;0;0;507928,949199999682605;5398043,276100000366569;9,107833961000040;48,735359827000082;1
203722;08230309111110836450;08;1;11;000;2023;03;17;5;3;5;3;0;0;1;1;0;0;0;0;511909,864000000059605;5401924,559000000357628;9,162086615000021;48,770212343000026;1
203723;08230303111140839720;08;1;11;000;2023;03;09;6;3;1;5;0;0;1;1;0;0;0;0;511584,203999999910593;5403255,926200000569224;9,157692090000069;48,782195382000054;1
203724;08230302436200823770;08;4;36;064;2023;03;09;5;3;0;1;0;0;1;0;0;0;0;0;545999,964999999850988;5292403,930999999865890;9,614093159000049;47,783353823000027;1
203725;08230302435100824060;08;4;35;016;2023;03;07;5;3;5;3;0;0;1;0;0;1;0;0;535547,626199999824166;5278085,477499999105930;9,473393074000057;47,655187803000047;1
203726;08230323221200903620;08;2;21;000;2023;03;16;5;3;3;2;0;0;1;0;0;0;0;1;476553,121000000275671;5472959,822000000625849;8,676781521000066;49,408870581000031;1
203728;08230302415100878820;08;4;15;050;2023;03;16;5;3;5;3;0;0;1;1;0;0;0;0;522638,076399999670684;5375336,567399999126792;9,306636200000071;48,530728017000058;1
203734;08230302311100827900;08;3;15;059;2023;03;10;5;3;0;1;0;0;1;0;0;0;0;0;398669,275600000284612;5322012,215500000864267;7,640444761000026;48,043347172000040;1
203737;08230302226700871940;08;2;26;010;2023;03;17;5;3;6;2;0;0;0;1;1;0;0;0;484619,866000000387430;5457396,335000000894070;8,788582244000054;49,269134004000080;1
203738;08230302226400838550;08;2;26;084;2023;03;11;5;3;3;2;0;0;1;1;0;0;0;0;469200,488099999725819;5470315,488800000399351;8,575632016000043;49,384757735000051;1
203739;08230302222700840200;08;2;22;000;2023;03;19;5;3;5;3;2;0;1;1;0;0;0;0;462208,666100000031292;5481703,378499999642372;8,478214195000021;49,486793089000059;1
203741;08230302221011833390;08;2;21;000;2023;03;17;5;3;6;6;0;0;0;1;1;0;0;0;477515,513700000010431;5475382,074899999424815;8,689910777000023;49,430694650000078;1
203742;08230316415400880360;08;4;15;061;2023;03;07;5;3;0;7;0;0;1;1;0;0;0;0;515114,752100000157952;5370924,801200000569224;9,204572643000063;48,491264648000026;1
203743;08230302212010824680;08;2;12;000;2023;03;17;5;3;6;7;0;0;1;0;1;0;0;0;456325,117600000463426;5428627,251700000837445;8,402770733000068;49,008992491000072;1
203744;08230302212010824570;08;2;12;000;2023;03;15;5;3;0;2;0;0;1;1;0;0;0;0;458947,560999999754131;5428906,740000000223517;8,438601034000044;49,011686567000027;1
203745;08230302211100825090;08;2;11;000;2023;03;13;5;2;2;2;0;0;1;1;0;0;0;0;444754,685300000011921;5401463,282800000160933;8,248236213000041;48,763724796000076;1
203748;08230302121500887830;08;1;25;063;2023;03;14;5;3;1;1;0;0;1;1;0;0;0;0;523947,751799999736249;5460308,486099999397993;9,329362319000040;49,295053367000037;1
203749;08230302121200824150;08;1;21;000;2023;03;15;5;3;6;7;0;0;0;1;1;0;0;0;515691,474000000394881;5443085,637099999934435;9,215138262000039;49,140398044000051;1
203750;08230303221011827780;08;2;21;000;2023;03;11;6;3;6;4;0;0;1;0;1;0;0;0;478463,429999999701977;5473018,860799999907613;8,703111804000059;49,409472237000045;1
203751;08230302119200835500;08;1;19;020;2023;03;12;5;3;0;3;0;0;1;1;0;0;0;0;520102,646900000050664;5406549,659199999645352;9,273811069000033;48,811608275000026;1
203754;08230302118100823590;08;1;18;079;2023;03;13;5;3;6;7;0;0;0;1;1;0;0;0;509613,862399999983609;5422912,385999999940395;9,131332517000033;48,959054455000057;1
203757;08230302111500825400;08;1;11;000;2023;03;17;5;2;6;4;1;0;1;0;1;0;0;0;512787,446700000204146;5402088,225700000301003;9,174035060000051;48,771667263000040;1
203758;08230302111330837200;08;1;11;000;2023;03;09;5;3;1;5;0;0;1;1;0;0;0;0;514923,234100000001490;5409297,747300000861287;9,203364657000066;48,836475604000043;1
203763;08230301416010823790;08;4;16;041;2023;03;11;4;2;0;1;0;0;1;0;0;0;0;0;503659,003700000233948;5376500,544399999082088;9,049572346000048;48,541597240000044;1
203764;08230301415400823150;08;4;15;061;2023;03;16;4;3;5;3;0;0;1;1;0;0;0;0;516077,028400000184774;5373268,532400000840425;9,217686873000048;48,512325751000049;1
203765;08230301415100837890;08;4;15;050;2023;03;08;4;3;5;3;0;0;1;1;0;0;0;0;521276,892400000244379;5376205,602700000628829;9,288243381000029;48,538593692000063;1
203766;08230301335100830050;08;3;35;043;2023;03;16;4;3;5;3;0;0;1;1;0;0;0;0;512841,067999999970198;5279137,640000000596046;9,171039967000070;47,665503999000066;1
203767;08230301311010823430;08;3;36;006;2023;03;09;4;2;6;4;0;0;0;0;1;0;0;1;391569,519600000232458;5287591,741399999707937;7,553863783000054;47,732586460000050;1
203768;08230301311010822740;08;3;36;036;2023;03;14;4;3;4;6;0;0;1;1;0;0;0;0;413123,873900000005960;5281616,046000000089407;7,842456804000051;47,682092466000029;1
203769;08230301226600827510;08;2;26;107;2023;03;16;4;3;0;2;0;0;1;1;0;0;0;0;475212,387000000104308;5482939,413000000640750;8,657675082000026;49,498581328000057;1
203770;08230301226100838560;08;2;26;013;2023;03;15;4;3;3;6;0;0;1;1;0;0;0;0;499032,571299999952316;5480145,084200000390410;8,986646211000050;49,473952443000030;1
203771;08230301222800873040;08;2;22;000;2023;03;07;4;2;5;3;0;0;1;1;0;0;0;0;463608,623100000433624;5485158,345699999481440;8,497224325000047;49,517954304000057;1
203772;08230313335100926250;08;3;35;043;2023;03;13;2;3;5;3;0;0;1;0;0;0;0;1;514710,991200000047684;5280391,195000000298023;9,195988982000074;47,676743220000048;1
203775;08230301212010822730;08;2;12;000;2023;03;12;4;3;5;2;0;0;1;1;0;0;0;0;455531,449699999764562;5428883,399499999359250;8,391890348000061;49,011239882000041;1
203776;08230301126200830230;08;1;26;066;2023;03;13;4;3;6;4;0;0;0;1;1;0;0;0;538301,519799999892712;5450125,547700000926852;9,525794312000073;49,202728134000040;1
203777;08230301118400823030;08;1;18;048;2023;03;06;4;3;5;3;1;0;1;1;0;0;0;0;515544,698200000450015;5416591,570000000298023;9,212110683000049;48,902073831000052;1
203778;08230301117200828030;08;1;17;025;2023;03;05;4;3;1;7;2;0;1;1;0;0;0;0;557563,570000000298023;5390095,778999999165535;9,781721218000030;48,661261431000071;1
203779;08230301116010838540;08;1;16;019;2023;03;13;4;2;5;3;0;0;1;0;0;0;1;0;521843,068799999542534;5398686,125399999320507;9,297098697000024;48,740810389000046;1
203784;08230228317500801550;08;3;17;096;2023;02;19;3;3;0;7;2;0;1;0;0;0;0;0;422247,094600000418723;5368103,655099999159575;7,948256436000065;48,461260391000053;1
203785;08230228231000816260;08;2;36;072;2023;02;17;3;2;5;3;0;0;1;1;0;0;0;0;465505,613300000317395;5410240,548599999397993;8,529859064000050;48,844177715000058;1
203786;08230228221200819790;08;2;21;000;2023;02;11;3;3;1;5;0;0;1;1;0;0;0;0;477125,150700000114739;5472413,745200000703335;8,684698358000048;49,403980478000051;1
203787;08230318215102910350;08;2;15;109;2023;03;15;7;3;4;7;0;0;1;1;0;0;0;0;461021,925300000235438;5434441,289300000295043;8,466434768000056;49,061605297000028;1
203789;08230310326200849830;08;3;26;074;2023;03;13;6;3;0;1;0;1;1;0;0;0;0;0;465097,185399999842048;5323432,822399999946356;8,531532477000042;48,063217971000029;1
203790;08230228221011802500;08;2;21;000;2023;02;08;3;3;5;3;0;0;1;1;0;0;0;0;476977,016400000080466;5470334,131500000134110;8,682777032000047;49,385269057000073;1
203794;08230228119200815750;08;1;19;020;2023;02;20;3;2;5;3;2;0;1;1;0;0;0;0;519747,481900000013411;5407292,630100000649691;9,269009306000044;48,818303287000049;1
203795;08230228116400816450;08;1;16;012;2023;02;12;3;3;2;6;0;0;1;0;0;0;0;0;536425,386300000362098;5383198,271900000050664;9,494069982000042;48,600802769000040;1
203796;08230228116200820630;08;1;16;047;2023;02;07;3;3;5;3;1;0;1;1;0;0;0;0;520207,404500000178814;5391993,377100000157952;9,274523746000057;48,680657858000075;1
203798;08230228115300808590;08;1;15;042;2023;02;09;3;3;6;2;0;0;0;1;1;0;0;0;496531,955900000408292;5405984,981100000441074;8,952767491000031;48,806843988000026;1
203799;08230228111210869460;08;1;11;000;2023;02;09;3;3;6;7;0;0;1;0;1;0;0;0;511175,821499999612570;5398566,901399999856949;9,152005590000044;48,740020577000053;1
203804;08230227416200818310;08;4;16;041;2023;02;11;2;3;5;3;0;0;1;1;0;0;0;0;504475,982400000095367;5373624,013299999758601;9,060609914000054;48,515713659000028;1
203805;08230227416200799310;08;4;16;041;2023;02;10;2;3;7;1;0;0;1;0;0;0;0;0;504371,493999999947846;5371811,821000000461936;9,059176039000022;48,499411217000045;1
203806;08230227416010813200;08;4;16;041;2023;02;17;2;3;4;7;1;0;1;1;0;0;0;0;502185,702999999746680;5374250,880000000819564;9,029600207000044;48,521365335000041;1
203808;08230227317600814150;08;3;17;088;2023;02;17;2;2;8;1;0;0;1;0;0;0;0;0;436494,997000000439584;5359309,583000000566244;8,142291167000053;48,383753014000035;1
203811;08230227311010803010;08;3;36;091;2023;02;19;2;3;3;2;2;0;1;1;0;0;0;0;396614,076899999752641;5272046,486300000920892;7,624800477000065;47,593583074000037;1
203812;08230227311010797710;08;3;11;000;2023;02;13;2;3;1;5;0;0;1;1;0;0;0;0;410001,527099999599159;5314419,591700000688434;7,794046096000045;47,976748651000037;1
203813;08230227311010797660;08;3;36;050;2023;02;13;2;3;1;6;0;0;1;1;0;0;0;0;398844,754700000397861;5272790,495600000023842;7,654291938000028;47,600627531000043;1
203816;08230227222014820400;08;2;22;000;2023;02;10;2;2;6;4;0;0;0;1;1;0;0;0;463872,952399999834597;5478158,671599999070168;8,501515735000055;49,455011449000040;1
203817;08230312212502844360;08;2;12;000;2023;03;17;1;3;5;3;0;0;1;1;0;0;0;0;453774,224000000394881;5428571,630000000819564;8,367897204000030;49,008306360000063;1
203818;08230227216100873070;08;2;16;043;2023;02;19;2;3;5;2;2;0;1;1;0;0;0;0;441928,906299999915063;5412963,662900000810623;8,208159857000055;48,866914040000040;1
203819;08230227215302807680;08;2;15;007;2023;02;09;2;3;6;7;0;0;0;0;1;0;0;1;478393,647499999962747;5431505,259099999442697;8,704385725000066;49,036048817000051;1
203820;08230227212502798460;08;2;12;000;2023;02;10;2;3;0;7;0;0;1;0;0;0;0;0;451669,690700000151992;5428366,937300000339746;8,339145619000021;49,006303916000036;1
203823;08230227121200820480;08;1;21;000;2023;02;17;2;3;3;2;0;0;1;1;0;0;0;0;515118,104700000025332;5441483,267899999395013;9,207217040000046;49,125998553000045;1
203825;08230227119200815270;08;1;19;020;2023;02;16;2;3;6;4;0;0;0;0;1;0;0;1;520519,562400000169873;5405840,142400000244379;9,279454188000045;48,805211968000037;1
203826;08230227119200814750;08;1;19;020;2023;02;13;2;3;6;6;0;0;0;1;1;0;0;0;520467,069899999536574;5405998,407500000670552;9,278747197000030;48,806637423000041;1
203828;08230227119100802040;08;1;19;008;2023;02;18;2;2;6;6;1;0;1;0;1;0;0;0;531924,119699999690056;5424221,459499999880791;9,436203919000036;48,970080547000066;1
203830;08230227117400816650;08;1;17;018;2023;02;16;2;3;6;4;0;0;0;1;1;0;0;0;538947,989500000141561;5395922,329900000244379;9,529482240000050;48,715113586000029;1
203832;08230227115100805130;08;1;15;048;2023;02;14;2;3;6;7;0;0;0;1;1;0;0;0;511244,723699999973178;5386804,501199999824166;9,152622651000058;48,634203899000056;1
203835;08230226311010797670;08;3;36;034;2023;02;10;1;3;6;4;0;0;0;0;1;1;0;0;417242,908699999563396;5278309,733599999919534;7,897954705000075;47,652889229000039;1
203836;08230226311010795060;08;3;36;091;2023;02;16;1;3;6;4;0;0;0;0;1;1;0;0;395721,488400000147521;5272161,423200000077486;7,612903856000059;47,594474018000028;1
203838;08230226117400805570;08;1;17;018;2023;02;15;1;3;0;1;0;0;1;0;0;0;0;0;538556,246899999678135;5395295,869200000539422;9,524098355000035;48,709502488000055;1
203839;08230226111500824970;08;1;11;000;2023;02;16;1;3;6;2;0;0;0;1;1;0;0;0;516009,262099999934435;5405468,827899999916553;9,218014841000070;48,802004222000051;1
203840;08230225436400810630;08;4;36;012;2023;02;10;7;2;0;1;0;1;1;0;0;0;0;0;549460,508000000379980;5298928,502000000327826;9,661032439000053;47,841798184000027;1
203842;08230225326200804200;08;3;26;074;2023;02;09;7;3;6;7;0;0;0;1;1;0;0;0;465304,239599999971688;5323276,420900000259280;8,534324166000033;48,061822156000062;1
203844;08230225317000807710;08;3;17;096;2023;02;15;7;2;4;1;0;0;1;1;0;0;0;0;424616,118499999865890;5370350,591700000688434;7,979891158000044;48,481759988000078;1
203845;08230225311010806880;08;3;36;081;2023;02;12;7;3;1;7;0;0;1;1;0;0;0;0;410978,555700000375509;5277529,191199999302626;7,814711324000029;47,645036092000055;1
203846;08230225311010795630;08;3;11;000;2023;02;15;7;3;1;6;0;0;1;1;0;0;0;0;412981,091000000014901;5316374,733300000429153;7,833566455000039;47,994748019000042;1
203848;08230225231000792740;08;2;31;000;2023;02;13;7;3;6;4;0;0;0;1;1;0;0;0;478607,307699999772012;5416019,337300000712276;8,708123114000045;48,896751853000069;1
203849;08230225225100800660;08;2;25;058;2023;02;01;7;3;0;1;2;0;1;0;0;0;0;0;511166,951799999922514;5468387,034399999305606;9,153810512000064;49,368087737000053;1
203850;08230225222200817420;08;2;22;000;2023;02;13;7;3;6;2;0;0;0;1;1;0;0;0;461254,680100000463426;5481961,801999999210238;8,465017757000055;49,489057309000032;1
203853;08230225119500806250;08;1;19;085;2023;02;12;7;3;6;7;0;0;0;1;1;0;0;0;529238,897199999541044;5413677,585400000214577;9,398758793000070;48,875365820000070;1
203854;08230225119200811990;08;1;19;093;2023;02;18;7;3;6;4;2;1;0;1;1;0;0;0;523355,917799999937415;5406193,963300000876188;9,318101820000038;48,808294747000048;1
203857;08230224417010794910;08;4;17;002;2023;02;17;6;3;5;3;1;1;1;1;0;0;0;0;488844,650799999944866;5345206,620699999853969;8,849698769000042;48,259972123000068;1
203858;08230224416010811910;08;4;16;041;2023;02;23;6;2;6;2;2;1;0;1;1;0;0;0;505022,524799999780953;5375275,651699999347329;9,068030613000076;48,530568256000038;1
203859;08230224327100804530;08;3;27;050;2023;02;17;6;3;6;1;0;0;0;1;1;0;0;0;486027,151600000448525;5314210,159299999475479;8,812753667000038;47,981042646000049;1
203863;08230322119200870180;08;1;19;020;2023;03;17;4;2;7;7;0;0;1;0;0;0;0;0;519929,144000000320375;5407487,119000000879169;9,271493410000062;48,820047068000065;1
203867;08230224212010805150;08;2;12;000;2023;02;19;6;2;6;4;2;0;1;0;1;0;0;0;455693,473500000312924;5428749,780200000852346;8,394120487000066;49,010049619000029;1
203868;08230224136200800160;08;1;36;019;2023;02;18;6;3;6;4;2;1;0;1;1;0;0;0;583125,828700000420213;5423769,910499999299645;10,135620642000049;48,961253360000057;1
203870;08230224121200803910;08;1;21;000;2023;02;15;6;3;5;2;0;0;1;1;0;0;0;0;515576,734199999831617;5443051,746700000017881;9,213563822000026;49,140096109000069;1
203873;08230224118400791070;08;1;18;048;2023;02;11;6;3;4;6;0;0;1;0;0;0;0;1;513438,018899999558926;5415680,714099999517202;9,183334798000033;48,893929305000029;1
203879;08230223435200807130;08;4;35;034;2023;02;10;5;3;6;4;0;0;0;0;1;0;0;1;529209,780899999663234;5285374,009899999946356;9,389481181000065;47,721083353000040;1
203882;08230223327100807120;08;3;27;050;2023;02;22;5;3;6;4;2;0;0;1;1;0;0;0;486195,360799999907613;5314615,382300000637770;8,814994753000065;47,984692158000030;1
203883;08230223317000811530;08;3;17;096;2023;02;08;5;2;6;6;0;1;0;0;1;0;1;0;420277,771399999968708;5368267,205900000408292;7,921591593000073;48,462485012000059;1
203884;08230223311010801570;08;3;11;000;2023;02;11;5;3;5;3;0;0;1;1;0;0;0;0;413023,252100000157952;5320322,665999999269843;7,833330597000042;48,030266600000061;1
203886;08230306317500837080;08;3;17;096;2023;03;13;2;3;9;1;0;0;1;0;0;0;0;0;421684,776200000196695;5370480,140200000256300;7,940206339000042;48,482566893000069;1
203887;08230223115300810320;08;1;15;050;2023;02;13;5;3;1;7;0;0;1;1;0;0;0;0;489242,409699999727309;5401905,250800000503659;8,853595637000069;48,770059635000052;1
203895;08230222326200794930;08;3;26;003;2023;02;19;4;3;6;4;2;0;0;1;1;0;0;0;464984,130599999800324;5318541,758799999952316;8,530415196000035;48,019207757000061;1
203896;08230222426010788840;08;4;26;125;2023;02;08;4;3;0;1;0;0;1;0;0;0;0;0;575916,725200000219047;5337517,970799999311566;10,021401737000076;48,186359140000036;1
203897;08230222311010796900;08;3;11;000;2023;02;09;4;3;6;7;0;0;0;0;1;0;0;1;414124,008500000461936;5316494,614499999210238;7,848859330000039;47,995980924000037;1
203898;08230222311010785130;08;3;11;000;2023;02;19;4;3;5;3;2;1;1;1;0;0;0;0;414081,808000000193715;5318057,394999999552965;7,847980757000073;48,010033031000034;1
203902;08230222212010786300;08;2;12;000;2023;02;11;4;3;1;7;0;0;1;0;0;0;0;1;459628,564399999566376;5427162,068199999630451;8,448086870000054;48,996037841000032;1
203903;08230222136010789300;08;1;36;019;2023;02;15;4;2;6;2;0;0;0;1;1;0;0;0;582651,216599999926984;5423485,877900000661612;10,129080396000063;48,958762432000071;1
203904;08230222117100813120;08;1;17;019;2023;02;13;4;3;0;7;0;0;1;1;0;0;0;0;551933,141499999910593;5393807,714900000020862;9,705731890000038;48,695145408000030;1
203906;08230221417300785400;08;4;17;031;2023;02;12;3;3;6;7;0;0;0;1;1;0;0;0;497374,526700000278652;5355980,504300000146031;8,964558661000069;48,356994308000026;1
203907;08230221417200805160;08;4;17;002;2023;02;12;3;3;6;3;0;0;0;1;1;0;0;0;488817,740199999883771;5346668,141200000420213;8,849297540000066;48,273120563000077;1
203912;08230221317200783370;08;3;17;057;2023;02;17;3;3;1;2;0;0;1;1;0;0;0;0;414287,805999999865890;5378212,817600000649691;7,838538990000075;48,551153579000072;1
203914;08230221226400819160;08;2;26;062;2023;02;17;3;3;3;6;0;0;1;1;0;0;0;0;469605,765999999828637;5468591,242000000551343;8,581347695000034;49,369268866000027;1
203916;08230221222014781540;08;2;22;000;2023;02;18;3;2;6;3;1;0;0;1;1;0;0;0;464140,698900000192225;5483626,205800000578165;8,504714243000024;49,504205211000055;1
203917;08230221221011807510;08;2;21;000;2023;02;11;3;3;6;4;0;0;0;1;1;0;0;0;477259,334400000050664;5472648,247800000011921;8,686534458000040;49,406094822000057;1
203920;08230221216100784920;08;2;16;002;2023;02;16;3;2;6;6;0;0;0;0;1;1;0;0;444019,731900000013411;5422611,084300000220537;8,235343889000035;48,953884425000069;1
203921;08230221216100782810;08;2;16;043;2023;02;13;3;3;1;5;0;0;1;1;0;0;0;0;442801,799800000153482;5411749,298499999567866;8,220230926000056;48,856071953000026;1
203922;08230221215502814440;08;2;15;099;2023;02;14;3;3;2;3;0;0;1;1;0;0;0;0;462673,542299999855459;5445916,383099999278784;8,487981331000071;49,164926987000058;1
203923;08230221215402818870;08;2;15;009;2023;02;14;3;3;5;3;0;0;1;0;0;0;0;0;470847,203599999658763;5441168,338800000026822;8,600442258000044;49,122660203000066;1
203925;08230221212010780170;08;2;12;000;2023;02;06;3;3;5;3;0;0;1;1;0;0;0;0;454711,574900000356138;5427522,765300000086427;8,380830960000026;48,998941235000075;1
203926;08230221136300805730;08;1;36;042;2023;02;18;3;3;0;1;2;0;1;0;0;0;0;0;546732,618999999947846;5403516,104000000283122;9,636166655000068;48,782888153000044;1
203928;08230221128100806050;08;1;28;007;2023;02;09;3;2;1;5;0;0;1;1;0;0;0;0;555307,142300000414252;5481989,100199999287724;9,763647909000042;49,488019331000032;1
203929;08230221119010803610;08;1;19;038;2023;02;18;3;2;6;4;1;0;0;1;1;0;0;0;525606,051400000229478;5421213,285900000482798;9,349687960000040;48,943314584000063;1
203930;08230315111320129710;08;1;11;000;2023;03;15;4;3;5;3;0;1;1;1;0;0;0;0;516257,006000000052154;5405350,821900000795722;9,221383930000059;48,800936226000033;1
203931;08230221119010784170;08;1;19;067;2023;02;11;3;2;6;2;0;0;0;0;1;0;1;0;538731,155199999921024;5406105,424000000581145;9,527492961000064;48,806730241000025;1
203933;08230221118100803550;08;1;18;040;2023;02;10;3;3;5;3;0;0;1;1;0;0;0;0;510045,264999999664724;5432185,244000000879169;9,137455136000028;49,042462419000060;1
203938;08230221115400805140;08;1;15;045;2023;02;17;3;3;5;3;0;0;1;1;0;0;0;0;500776,764200000092387;5395084,702099999412894;9,010558455000023;48,708794311000077;1
203943;08230220336400781580;08;3;36;091;2023;02;13;2;3;9;1;0;0;1;0;0;0;0;0;396699,832700000144541;5272949,577099999412894;7,625728090000052;47,601720251000074;1
203944;08230220336300818580;08;3;36;087;2023;02;16;2;3;6;6;0;0;0;1;1;0;0;0;420923,553199999965727;5297851,957100000232458;7,943408094000063;47,829152694000072;1
203945;08230220336300806830;08;3;36;087;2023;02;14;2;3;6;1;0;0;0;1;1;0;0;0;421211,051799999549985;5297939,087600000202656;7,947233025000060;47,829971802000045;1
203946;08230220335100792530;08;3;35;043;2023;02;15;2;3;0;7;0;0;1;0;0;0;0;1;513419,065799999982119;5279813,462700000032783;9,178759484000068;47,671573091000027;1
203947;08230220317300809220;08;3;17;065;2023;02;16;2;3;6;4;0;0;0;1;1;0;0;0;414334,731700000353158;5354500,513299999758601;7,844025514000066;48,337876179000034;1
203948;08230220316200781960;08;3;16;056;2023;02;15;2;3;1;5;0;0;1;1;0;0;0;0;423514,112999999895692;5327100,442299999296665;7,972813217000066;48,092579792000038;1
203949;08230221116010797100;08;1;16;049;2023;02;16;3;1;6;4;0;0;0;1;1;0;0;0;524592,863499999977648;5386130,426599999889731;9,333752266000033;48,627757348000046;1
203952;08230220231000802880;08;2;31;000;2023;02;07;2;3;6;4;0;0;0;1;1;0;0;0;477949,667399999685585;5415660,624900000169873;8,699169914000038;48,893501941000068;1
203953;08230220231000800940;08;2;37;019;2023;02;11;2;3;6;4;0;0;0;1;1;0;0;0;462892,336199999786913;5368820,346899999305606;8,497956581000039;48,471418914000026;1
203954;08230220231000799590;08;2;31;000;2023;02;18;2;3;6;4;2;0;1;1;1;0;0;0;478658,463200000114739;5416246,676799999549985;8,708809180000060;48,898798686000077;1
203955;08230322231000121700;08;2;35;079;2023;03;16;4;3;5;2;0;0;1;0;0;0;0;1;468488,969600000418723;5402597,157800000160933;8,571106272000065;48,775578992000078;1
203957;08230220226700778660;08;2;26;076;2023;02;11;2;3;4;2;0;0;1;1;0;0;0;0;475255,523000000044703;5465595,964099999517202;8,659352350000063;49,342582261000075;1
203958;08230302119300842610;08;1;19;067;2023;03;17;5;3;8;7;0;0;1;0;0;0;0;0;539102,393500000238419;5407591,876299999654293;9,532690400000035;48,820078406000050;1
203962;08230220222400793670;08;2;26;038;2023;02;09;2;3;6;7;0;0;0;1;1;0;0;0;471515,124900000169873;5479763,806099999696016;8,606844662000071;49,469855513000027;1
203963;08230220222014780220;08;2;22;000;2023;02;11;2;3;5;3;0;0;1;0;0;0;0;1;461677,766800000332296;5482370,418999999761581;8,470819713000026;49,492759468000031;1
203964;08230221222400806060;08;2;26;038;2023;02;06;3;3;5;3;1;0;1;1;0;0;0;0;470842,571999999694526;5480656,525000000372529;8,597496364000051;49,477853286000027;1
203967;08230220212010777630;08;2;12;000;2023;02;04;2;3;6;2;2;0;0;1;1;0;0;0;456438,820600000210106;5427171,301899999380112;8,404481646000022;48,995904076000045;1
203968;08230220136100818520;08;1;36;088;2023;02;20;2;3;5;3;1;0;1;1;0;0;0;0;580637,237099999561906;5413235,344299999997020;10,099547940000036;48,866834176000054;1
203969;08230312215502840860;08;2;15;111;2023;03;13;1;3;3;6;0;0;1;1;0;0;0;0;456888,608000000007451;5445496,492799999192357;8,408676690000050;49,160771028000056;1
203972;08230220117300805940;08;1;17;026;2023;02;18;2;3;0;7;2;0;1;0;0;0;0;0;548114,118999999947846;5394439,969900000840425;9,653911611000069;48,701139061000049;1
203973;08230220117300805050;08;1;17;026;2023;02;17;2;3;4;2;1;0;1;1;0;0;0;0;549459,250300000421703;5393570,067900000140071;9,672087609000073;48,693208677000030;1
203975;08230313212702842800;08;2;15;046;2023;03;19;2;3;0;7;2;1;1;0;0;0;0;0;450442,836299999617040;5415363,651100000366569;8,323953223000046;48,889241149000043;1
203977;08230220115300793410;08;1;15;041;2023;02;08;2;3;5;3;0;0;1;1;0;0;0;0;495135,916400000452995;5402088,256400000303984;8,933800480000059;48,771779925000033;1
203980;08230220111500821840;08;1;11;000;2023;02;17;2;3;6;4;0;0;0;1;1;0;0;0;511286,815000000409782;5398670,857000000774860;9,153518087000066;48,740953759000035;1
203981;08230219436300800740;08;4;36;081;2023;02;16;1;3;6;4;0;0;0;1;1;0;0;0;561705,175200000405312;5280934,134299999102950;9,822110307000059;47,678850610000040;1
203985;08230219212010810100;08;2;12;000;2023;02;22;1;2;0;7;2;0;1;0;0;0;0;0;455746,149899999611080;5428574,153200000524521;8,394859926000038;49,008473616000060;1
203988;08230219115400362940;08;1;15;045;2023;02;18;1;3;0;7;2;0;0;1;1;0;0;0;502202,561599999666214;5395052,059200000017881;9,029938958000059;48,708497247000025;1
203991;08230218416201796650;08;4;16;041;2023;02;12;7;2;0;1;0;0;1;0;0;0;0;0;505204,613800000399351;5370945,224799999967217;9,070443005000072;48,491608619000033;1
203992;08230322212102867870;08;2;12;000;2023;03;09;4;3;1;1;0;0;1;1;0;0;0;0;461840,231800000183284;5426960,255999999120831;8,478339920000053;48,994363154000041;1
203993;08230218326200774900;08;3;26;074;2023;02;17;7;3;5;3;0;0;1;1;0;0;0;0;465396,979199999943376;5323111,543299999088049;8,535582188000035;48,060343824000029;1
203994;08230218325000786530;08;3;27;050;2023;02;13;7;2;6;2;0;0;0;1;1;0;0;0;486246,918800000101328;5314117,957000000402331;8,815701644000058;47,980217849000041;1
203998;08230218311010773730;08;3;11;000;2023;02;09;7;3;0;7;0;0;1;0;0;0;0;0;415395,315299999900162;5315628,942999999970198;7,866067948000023;47,988363327000059;1