OID_;UIDENTSTLAE;ULAND;UREGBEZ;UKREIS;UGEMEINDE;UJAHR;UMONAT;USTUNDE;UWOCHENTAG;UKATEGORIE;UART;UTYP1;ULICHTVERH;IstStrassenzustand;IstRad;IstPKW;IstFuss;IstKrad;IstGkfz;IstSonstige;LINREFX;LINREFY;XGCSWGS84;YGCSWGS84;PLST
204000;08230218212010787610;08;2;15;106;2023;02;08;7;2;5;3;0;0;1;1;0;0;0;0;466808,257799999788404;5454250,957699999213219;8,544007716000067;49,240134147000049;1
204001;08230218136100820880;08;1;36;088;2023;02;11;7;3;6;7;0;0;0;1;1;0;0;0;579857,294300000183284;5409702,493699999526143;10,088225948000058;48,835159842000053;1
204003;08230218121600800070;08;1;25;102;2023;02;18;7;3;6;2;2;0;0;1;1;0;0;0;521487,839999999850988;5444191,538000000640750;9,294667480000044;49,150170501000048;1
204006;08230217436300789380;08;4;36;006;2023;02;12;6;3;6;2;0;0;0;0;1;0;0;1;556056,986899999901652;5283580,384899999946356;9,747205321000024;47,703173154000069;1
204007;08230217436000813070;08;4;35;016;2023;02;09;6;1;0;1;0;0;1;0;0;0;0;0;535566,578399999998510;5281433,589199999347329;9,473918099000059;47,685311057000035;1
204010;08230217335100795980;08;3;35;043;2023;02;00;6;3;0;1;2;0;1;0;0;0;0;0;513449,597000000067055;5279293,251499999314547;9,179150179000032;47,666891771000053;1
204011;08230217317500776950;08;3;17;096;2023;02;07;6;3;5;2;1;0;1;1;0;0;0;0;420453,649199999868870;5368197,932399999350309;7,923983439000040;48,461884172000055;1
204012;08230217311010777360;08;3;36;050;2023;02;18;6;3;0;7;1;0;1;0;0;0;0;0;398701,009300000034273;5274353,466900000348687;7,652018931000043;47,614664500000060;1
204019;08230217212702784600;08;2;15;017;2023;02;09;6;3;5;3;0;0;1;1;0;0;0;0;454871,430999999865890;5421823,892000000923872;8,383648612000059;48,947690797000064;1
204020;08230217212302771630;08;2;12;000;2023;02;19;6;3;0;7;2;0;1;0;0;0;0;0;456874,461199999786913;5428653,922199999913573;8,410279443000036;49,009271031000026;1
204021;08230217212010779730;08;2;15;106;2023;02;15;6;3;6;4;0;0;0;1;1;0;0;0;466885,106800000183284;5454573,316999999806285;8,545036805000052;49,243037917000038;1
204022;08230217212010777680;08;2;12;000;2023;02;12;6;3;6;7;0;0;0;1;1;0;0;0;455407,998300000093877;5432563,822399999946356;8,389797546000068;49,044336607000048;1
204024;08230322436400885190;08;4;36;082;2023;03;11;4;3;7;7;0;0;1;0;0;0;0;0;548578,250400000251830;5295913,812999999150634;9,648903802000063;47,814742674000058;1
204026;08230321136100899380;08;1;36;088;2023;03;17;3;3;0;7;0;0;1;0;0;0;0;0;578226,722500000149012;5409280,394200000911951;10,065929439000058;48,831570927000030;1
204027;08230220111110821820;08;1;11;000;2023;02;08;2;3;6;4;0;0;1;0;1;0;0;0;512742,844600000418723;5402026,679300000891089;9,173426129000063;48,771114511000064;1
204028;08230217136100801980;08;1;36;088;2023;02;18;6;2;6;4;2;0;0;1;1;0;0;0;580537,163999999873340;5410048,790999999269843;10,097556903000054;48,838186700000051;1
204030;08230217121500771660;08;1;25;005;2023;02;11;6;3;5;7;0;0;1;1;0;0;0;0;515430,529299999587238;5452862,873299999162555;9,211935869000058;49,228353497000057;1
204031;08230217121200809250;08;1;21;000;2023;02;18;6;2;6;2;2;0;0;1;1;0;0;0;514898,563000000081956;5441142,080900000408292;9,204195299000048;49,122934813000029;1
204032;08230217119300801200;08;1;19;067;2023;02;17;6;3;5;2;0;0;1;1;0;0;0;0;536264,536700000055134;5405093,042099999263883;9,493811167000047;48,797772095000028;1
204035;08230217111500822410;08;1;11;000;2023;02;13;6;2;1;5;0;0;1;1;0;0;0;0;512510,425800000317395;5401789,965800000354648;9,170255797000038;48,768989767000051;1
204037;08230217111000822500;08;1;11;000;2023;02;19;6;3;8;1;2;0;1;0;0;0;0;0;512641,774400000460446;5401845,264499999582767;9,172045026000035;48,769484576000082;1
204038;08230216436200798530;08;4;36;064;2023;02;19;5;3;3;2;2;0;1;1;0;0;0;0;546724,776700000278652;5293472,029300000518560;9,623883702000057;47,792911316000072;1
204039;08230216426100769430;08;4;26;021;2023;02;20;5;3;5;3;2;0;1;1;0;0;0;0;559169,707999999634922;5327795,168999999761581;9,794757634000064;48,100673004000043;1
204040;08230216416100768860;08;4;16;036;2023;02;10;5;3;0;1;0;0;1;0;0;0;0;0;495662,966900000348687;5369080,357599999755621;8,941318808000062;48,474838073000058;1
204043;08230216337010836660;08;3;37;126;2023;02;11;5;3;5;3;0;0;1;1;0;0;0;0;441237,071200000122190;5274747,891000000759959;8,217917397000065;47,623467776000041;1
204045;08230216335100798740;08;3;35;066;2023;02;17;5;3;0;1;1;0;1;0;0;0;0;0;503299,622499999590218;5282491,936499999836087;9,043975635000038;47,695803978000072;1
204046;08230216327100798230;08;3;27;050;2023;02;12;5;3;5;3;0;0;1;1;0;0;0;0;485616,487300000153482;5314337,800799999386072;8,807246223000050;47,982181955000044;1
204048;08230216317500803630;08;3;17;096;2023;02;06;5;3;4;2;2;0;1;1;0;0;0;0;422993,966500000096858;5364499,828600000590086;7,959020167000062;48,428935846000059;1
204049;08230216317500794870;08;3;17;096;2023;02;12;5;3;1;5;0;0;1;1;0;0;0;0;422093,844499999657273;5369849,247300000861287;7,945858639000051;48,476942902000076;1
204050;08230216316100800790;08;3;16;012;2023;02;21;5;3;6;1;2;0;0;0;1;1;0;0;403614,626000000163913;5332752,503799999132752;7,704353653000055;48,140719220000051;1
204051;08230216311400784550;08;3;15;074;2023;02;17;5;2;6;6;0;0;0;1;1;0;0;0;396991,782300000078976;5295932,279400000348687;7,624180732000070;47,808497600000067;1
204053;08230216311010806490;08;3;11;000;2023;02;15;5;2;2;6;0;0;1;1;0;0;0;0;412560,472500000149012;5317480,621500000357628;7,827704171000050;48,004638435000061;1
204054;08230216226700771300;08;2;26;095;2023;02;17;5;3;0;7;0;0;1;0;0;0;0;0;474533,200600000098348;5461724,268999999389052;8,649655786000039;49,307726868000032;1
204055;08230216222700821430;08;2;22;000;2023;02;06;5;3;5;3;0;0;1;1;0;0;0;0;464177,377999999560416;5480506,642799999564886;8,505503557000054;49,476148426000066;1
204056;08230216222200784760;08;2;22;000;2023;02;12;5;3;5;3;0;0;1;1;0;0;0;0;461187,487599999643862;5482241,145700000226498;8,464062599000044;49,491565559000037;1
204057;08230216221300816780;08;2;21;000;2023;02;14;5;2;0;7;0;0;1;0;0;0;0;0;477581,209499999880791;5475134,297199999913573;8,690830797000046;49,428468362000046;1
204059;08230216212010815470;08;2;12;000;2023;02;17;5;3;5;3;2;0;1;1;0;0;0;0;452742,460199999623001;5428826,585500000044703;8,353759858000046;49,010521543000038;1
204060;08230216212010769520;08;2;12;000;2023;02;07;5;3;5;3;0;0;1;1;0;0;0;0;456615,584300000220537;5428678,731899999082088;8,406736975000058;49,009476051000036;1
204062;08230228118400815560;08;1;18;048;2023;02;08;3;3;5;3;0;0;1;1;0;0;0;0;514262,098100000061095;5415927,136199999600649;9,194586242000071;48,896127630000080;1
204063;08230216127100782820;08;1;27;076;2023;02;16;5;3;5;3;0;0;1;1;0;0;0;0;551978,789800000376999;5439053,849600000306964;9,712110526000060;49,102134455000055;1
204065;08230216119100794490;08;1;19;087;2023;02;22;5;3;0;1;2;1;1;0;0;0;0;0;529342,265700000338256;5423726,056199999526143;9,400891270000045;48,965752166000073;1
204068;08230216116010775310;08;1;16;078;2023;02;15;5;2;0;1;0;0;1;0;0;0;0;0;511220,705199999734759;5392993,843100000172853;9,152464495000061;48,689884361000054;1
204069;08230216115400787070;08;1;15;045;2023;02;12;5;3;5;3;0;0;1;1;0;0;0;0;500082,238599999807775;5394882,641400000080466;9,001117818000068;48,706977037000058;1
204070;08230216115100781020;08;1;15;003;2023;02;14;5;3;5;3;0;0;1;1;0;0;0;0;502037,745900000445545;5393652,496200000867248;9,027691746000073;48,695907224000052;1
204071;08230216111500786040;08;1;11;000;2023;02;16;5;3;8;1;0;0;1;0;0;0;0;0;512830,328399999998510;5402298,990199999883771;9,174625245000072;48,773562403000028;1
204075;08230215437000764870;08;4;37;053;2023;02;06;4;1;0;1;1;2;1;0;0;0;0;0;527500,748999999836087;5319697,583000000566244;9,368878967000057;48,029974400000071;1
204076;08230215426200781360;08;4;26;070;2023;02;14;4;3;6;4;0;0;0;1;1;0;0;0;566114,002799999900162;5343172,232300000265241;9,890412773000037;48,238319669000077;1
204077;08230215417100792300;08;4;17;079;2023;02;11;4;3;6;4;0;0;0;1;1;0;0;0;501909,095800000242889;5344831,776399999856949;9,025720492000062;48,256695079000053;1
204078;08230306317500831430;08;3;17;034;2023;03;14;2;3;5;2;0;0;1;1;0;0;0;0;427214,570600000210106;5361034,684000000357628;8,016667234000067;48,398268097000027;1
204079;08230215416010790410;08;4;16;041;2023;02;10;4;2;5;3;0;1;0;1;1;0;0;0;504325,889800000004470;5374695,721699999645352;9,058588608000036;48,525356190000082;1
204080;08230215415400792140;08;4;15;061;2023;02;10;4;3;5;3;0;0;1;1;0;0;0;0;514301,572999999858439;5370482,391000000759959;9,193551481000043;48,487303598000040;1
204081;08230215415400777180;08;4;15;061;2023;02;05;4;3;3;1;2;2;1;1;0;0;0;0;514693,317699999548495;5369896,601600000634789;9,198832556000070;48,482024582000065;1
204084;08230215326400790130;08;3;26;074;2023;02;06;4;3;6;4;2;0;0;1;1;0;0;0;460119,152400000020862;5322856,881400000303984;8,464773588000071;48,057744573000036;1
204086;08230215317200776760;08;3;17;057;2023;02;12;4;3;6;4;0;0;0;1;1;0;0;0;413293,283999999985099;5379422,387199999764562;7,824813461000076;48,561896231000048;1
204088;08230215311010795290;08;3;11;000;2023;02;12;4;3;1;5;0;0;1;1;0;0;0;0;414268,437800000421703;5316906,081499999389052;7,850712746000056;47,999701608000066;1
204090;08230215311010767280;08;3;36;069;2023;02;09;4;2;5;3;0;0;1;1;0;0;0;0;408710,129900000058115;5268656,033299999311566;7,786362934000067;47,564899087000072;1
204091;08230215235200766580;08;2;35;046;2023;02;12;4;3;5;3;0;0;1;1;0;0;0;0;479876,198200000450015;5377318,347400000318885;8,727323869000031;48,548642249000068;1
204094;08230215222014770510;08;2;26;084;2023;02;06;4;2;6;2;0;1;0;1;1;0;0;0;469149,515399999916553;5469928,582900000736117;8,574959733000071;49,381275026000026;1
204095;08230215221300766820;08;2;21;000;2023;02;14;4;3;3;7;0;0;1;1;0;0;0;0;475606,530399999581277;5473669,593200000002980;8,663689256000055;49,415217632000065;1
204096;08230215215102785170;08;2;15;090;2023;02;16;4;3;5;3;0;0;1;1;0;0;0;0;465230,893000000156462;5433884,414000000804663;8,524096338000049;49,056848052000078;1
204097;08230324337101915140;08;3;37;116;2023;03;13;6;3;6;7;0;1;0;1;1;0;0;0;418336,598000000230968;5276193,076199999079108;7,912911403000066;47,633986471000071;1
204098;08230215118400800720;08;1;18;048;2023;02;11;4;3;8;1;0;2;1;0;0;0;0;0;515804,392599999904633;5417049,314300000667572;9,215671960000066;48,906184991000032;1
204099;08230215118100777340;08;1;18;079;2023;02;08;4;3;0;2;0;1;1;0;0;0;0;0;506946,249200000427663;5421298,222300000488758;9,094863464000071;48,944569687000069;1
204100;08230215117300790180;08;1;17;026;2023;02;20;4;3;8;1;2;0;1;0;0;0;0;0;548788,160899999551475;5395159,117300000041723;9,663156765000053;48,707555779000074;1
204102;08230215116500790110;08;1;16;049;2023;02;07;4;3;5;3;0;0;1;1;0;0;0;0;525451,178999999538064;5384672,221000000834465;9,345310844000039;48,614604919000044;1
204103;08230317221400883120;08;2;21;000;2023;03;13;6;3;5;3;0;0;1;0;0;0;0;1;477474,451299999840558;5469894,951400000602007;8,689655729000037;49,381337285000029;1
204104;08230215111500792820;08;1;11;000;2023;02;18;4;3;5;3;2;0;1;1;0;0;0;0;507772,806400000117719;5397742,289000000804663;9,105704741000068;48,732654110000055;1
204106;08230214436100762870;08;4;36;055;2023;02;09;3;3;6;6;0;0;0;1;1;0;0;0;576637,558899999596179;5297370,445000000298023;10,023924594000050;47,825116278000053;1
204107;08230214435100789630;08;4;35;016;2023;02;11;3;3;4;6;0;1;1;0;1;0;0;0;536011,266900000162423;5278918,059599999338388;9,479635830000063;47,662653244000069;1
204108;08230214417200776840;08;4;17;002;2023;02;06;3;3;2;6;2;1;1;1;0;0;0;0;489684,582000000402331;5346669,161299999803305;8,860979839000038;48,273144457000058;1
204109;08230214417100787450;08;4;17;079;2023;02;16;3;3;6;4;0;0;0;1;1;0;0;0;501739,176400000229478;5339935,097699999809265;9,023411130000056;48,212641044000065;1
204110;08230214416200814950;08;4;16;041;2023;02;14;3;3;3;7;0;0;1;1;0;0;0;0;504453,983400000259280;5374004,055299999192357;9,060316081000053;48,519132813000056;1
204111;08230214415400814910;08;4;15;061;2023;02;08;3;3;6;7;0;0;0;1;1;0;0;0;515051,319600000046194;5370087,639599999412894;9,203683950000027;48,483734760000061;1
204117;08230215335100795960;08;3;35;043;2023;02;12;4;3;0;1;0;0;1;0;0;0;0;0;513009,002000000327826;5279309,190400000661612;9,173281906000057;47,667044197000052;1
204119;08230214311010778480;08;3;11;000;2023;02;13;3;3;4;6;0;0;1;0;0;0;0;0;413530,119599999859929;5316407,551300000399351;7,840917660000059;47,995117715000049;1
204120;08230214311010765360;08;3;15;064;2023;02;15;3;3;0;1;0;0;1;0;0;0;0;0;421631,848899999633431;5314427,620200000703335;7,949858515000074;47,978351245000056;1
204121;08230324311010888420;08;3;11;000;2023;03;08;6;3;0;1;0;1;1;0;0;0;0;0;414109,868900000117719;5316173,644400000572205;7,848734069000045;47,993091777000075;1
204123;08230214311010762450;08;3;16;043;2023;02;07;3;3;0;1;1;1;1;0;0;0;0;0;411204,890800000168383;5331062,474400000646710;7,806713065000054;48,126622150000060;1
204124;08230214226400766370;08;2;26;084;2023;02;15;3;3;5;3;0;0;1;1;0;0;0;0;469988,710900000296533;5469507,619899999350309;8,586553132000063;49,377530480000075;1
204125;08230214222200814870;08;2;22;000;2023;02;07;3;2;5;3;0;0;1;1;0;0;0;0;461427,380400000140071;5482086,601500000804663;8,467390058000035;49,490190816000052;1
204126;08230322311010871920;08;3;11;000;2023;03;14;4;2;5;3;0;1;1;0;0;0;0;1;412186,790900000371039;5316478,063599999994040;7,822900537000066;47,995568910000031;1
204127;08230214222200801030;08;2;22;000;2023;02;19;3;3;5;3;2;0;1;1;0;0;0;0;460682,264499999582767;5482304,109300000593066;8,457080357000052;49,492099353000071;1
204128;08230214222014789840;08;2;26;084;2023;02;07;3;2;5;3;0;0;1;1;0;0;0;0;469241,517699999734759;5470417,833000000566244;8,576189404000047;49,385680371000035;1
204129;08230214212702776250;08;2;15;110;2023;02;08;3;2;5;3;0;0;1;1;0;0;0;0;460822,915900000371039;5419863,124099999666214;8,465116577000060;48,930458733000080;1
204132;08230214121200763750;08;1;21;000;2023;02;17;3;3;0;1;0;0;1;0;0;0;0;0;516877,998100000433624;5443522,284399999305606;9,231424279000066;49,144294369000079;1
204135;08230214119010796800;08;1;19;079;2023;02;14;3;3;6;3;0;0;0;1;1;0;0;0;523183,429600000381470;5408592,880899999290705;9,315888185000063;48,829881300000068;1
204136;08230214117300764430;08;1;17;026;2023;02;15;3;3;6;4;0;0;0;1;1;0;0;0;545971,322700000368059;5395392,145600000396371;9,624897085000043;48,709865998000055;1
204138;08230214116010777750;08;1;16;033;2023;02;14;3;3;3;2;0;0;1;1;0;0;0;0;533401,187199999578297;5387589,164000000804663;9,453405112000041;48,640471600000069;1
204140;08230214116010762040;08;1;16;015;2023;02;08;3;3;5;3;0;0;1;1;0;0;0;0;522888,952800000086427;5394381,667400000616908;9,311085195000032;48,702050274000044;1
204142;08230214111500767010;08;1;11;000;2023;02;07;3;3;6;4;0;0;0;1;1;0;0;0;516174,783099999651313;5405373,455800000578165;9,220265139000048;48,801141982000047;1
204144;08230213436400760260;08;4;36;013;2023;02;09;2;3;5;3;0;0;1;1;0;0;0;0;544589,578999999910593;5298035,509999999776483;9,595845028000042;47,834120333000044;1
204147;08230213426100772420;08;4;26;021;2023;02;08;2;3;5;3;0;0;1;1;0;0;0;0;559378,151999999769032;5326744,962999999523163;9,797411028000056;48,091205783000078;1
204152;08230213415100773660;08;4;15;078;2023;02;19;2;3;6;2;2;0;0;1;1;0;0;0;528121,629999999888241;5371731,907999999821186;9,380667221000067;48,498078066000062;1
204153;08230213317600788780;08;3;17;041;2023;02;15;2;3;0;1;0;0;1;0;0;0;0;0;438775,947499999776483;5348290,124099999666214;8,174696095000058;48,284850521000067;1
204154;08230213317500773920;08;3;17;096;2023;02;08;2;2;0;1;0;2;1;0;0;0;0;0;422923,953499999828637;5374199,017400000244379;7,956285927000067;48,516171021000048;1
204155;08230213317500761140;08;3;17;097;2023;02;14;2;2;0;7;0;0;1;0;0;0;0;0;425896,331199999898672;5365026,434200000017881;7,998155310000072;48,434020943000064;1
204158;08230213317100820280;08;3;17;068;2023;02;16;2;3;5;3;0;0;1;1;0;0;0;0;435404,082200000062585;5387810,848899999633431;8,123146038000073;48,640020611000068;1
204159;08230213316100759050;08;3;16;011;2023;02;20;2;3;0;1;2;2;1;0;0;0;0;0;414373,131000000052154;5330325,083599999547005;7,849429045000022;48,120423329000062;1
204160;08230213231102762530;08;2;36;050;2023;02;14;2;2;2;6;0;0;1;1;0;0;0;0;486119,518400000408292;5423365,363800000399351;8,810367124000038;48,963048195000056;1
204162;08230213222500788580;08;2;22;000;2023;02;07;2;3;6;2;1;0;0;1;1;0;0;0;463210,019799999892712;5478838,369300000369549;8,492305755000075;49,461085237000077;1
204164;08230213222014757750;08;2;22;000;2023;02;08;2;3;4;2;0;0;1;1;0;0;0;0;462137,322399999946356;5482780,646400000900030;8,477125994000062;49,496478098000068;1
204165;08230213221011786650;08;2;21;000;2023;02;13;2;3;4;6;0;0;1;0;0;0;0;0;477649,209800000302494;5472015,018500000238419;8,691944193000040;49,400413460000038;1
204166;08230213216100760410;08;2;16;043;2023;02;16;2;3;0;7;0;0;1;0;0;0;0;0;441929,740100000053644;5412958,016000000759959;8,208172026000057;48,866863324000064;1
204167;08230213212102778650;08;2;12;000;2023;02;16;2;3;5;2;0;0;1;1;0;0;0;0;460314,161500000394881;5425092,047399999573827;8,457661262000045;48,977461972000071;1
204168;08230213212010790060;08;2;12;000;2023;02;08;2;3;6;4;0;0;0;1;1;0;0;0;454715,661500000394881;5433242,698599999770522;8,380248210000047;49,050392629000044;1
204169;08230317118000885220;08;1;15;003;2023;03;16;6;2;0;7;0;0;1;0;0;0;0;0;499630,558500000275671;5392645,942800000309944;8,994980411000029;48,686855386000047;1
204171;08230213212010762000;08;2;12;000;2023;02;20;2;3;5;2;2;0;1;1;0;0;0;0;460094,178999999538064;5427196,905999999493361;8,454448506000062;48,996381486000075;1
204172;08230213135010789700;08;1;35;019;2023;02;15;2;3;6;2;0;0;0;1;1;0;0;0;585535,362399999983609;5396003,995799999684095;10,162736680000023;48,711197739000056;1
204173;08230213121200787790;08;1;21;000;2023;02;21;2;3;0;1;2;0;1;0;0;0;0;0;513636,570899999700487;5440438,388199999928474;9,186875126000075;49,116634124000029;1
204174;08230213119400774710;08;1;19;079;2023;02;19;2;3;0;4;2;0;0;1;1;0;0;0;523653,000300000421703;5407504,016899999231100;9,322223460000032;48,820068445000061;1
204175;08230227436300801840;08;4;36;049;2023;02;18;2;2;0;1;2;1;1;0;0;0;0;0;578159,387400000356138;5282871,411599999293685;10,041646570000069;47,694498778000082;1
204177;08230213118400822070;08;1;18;048;2023;02;13;2;3;6;6;0;0;1;0;1;0;0;0;515036,870299999602139;5415365,869500000029802;9,205136190000076;48,891060308000078;1
204179;08230321335100908140;08;3;35;043;2023;03;18;3;3;0;2;1;0;1;1;0;0;0;0;511621,820700000040233;5280526,542999999597669;9,154836908000050;47,678023952000046;1
204180;08230217212010778260;08;2;12;000;2023;02;12;6;2;5;3;0;0;1;0;0;0;0;1;454603,294700000435114;5428822,053999999538064;8,379205415000058;49,010620488000029;1
204181;08230213117010789350;08;1;17;026;2023;02;14;2;2;2;6;0;0;0;1;1;0;0;0;547810,424499999731779;5395418,849799999967217;9,649897798000040;48,709967925000058;1
204182;08230213115100762880;08;1;15;003;2023;02;15;2;3;5;3;0;0;1;1;0;0;0;0;500725,578599999658763;5391810,870999999344349;9,009856945000024;48,679342673000065;1
204183;08230212436000783940;08;4;35;035;2023;02;09;1;1;6;2;0;0;0;1;1;0;0;0;542132,709200000390410;5283048,301699999719858;9,561562533000028;47,699444309000057;1
204185;08230428115200987250;08;1;15;015;2023;04;17;6;3;4;2;0;1;1;1;0;0;0;0;492756,695500000379980;5387795,092900000512600;8,901670481000053;48,643174591000047;1
204186;08230428111500131990;08;1;11;000;2023;04;16;6;3;4;7;0;1;1;1;0;0;0;0;508173,331000000238419;5399335,434599999338388;9,111183190000077;48,746980934000078;1
204189;08230427416200999310;08;4;16;041;2023;04;16;5;3;0;1;0;0;1;0;0;0;0;0;503350,925800000317395;5375336,413499999791384;9,045389131000036;48,531126043000029;1
204192;08230427415100018240;08;4;15;050;2023;04;09;5;3;0;7;0;0;1;0;0;0;0;0;521460,352099999785423;5375822,121999999508262;9,290708970000026;48,535137563000035;1
204193;08230427336200002690;08;3;36;069;2023;04;18;5;3;5;3;0;0;1;1;0;0;0;0;409037,216599999926984;5268420,714199999347329;7,790759056000070;47,562828111000044;1
204196;08230427311010013580;08;3;11;000;2023;04;15;5;3;0;6;0;0;1;0;0;0;0;1;417513,011900000274181;5315159,483100000768900;7,894535471000040;47,984416938000038;1
204198;08230427231000984510;08;2;31;000;2023;04;11;5;3;6;4;0;0;1;0;1;0;0;0;477942,375799999572337;5415410,865299999713898;8,699083921000067;48,891254929000070;1
204199;08230427226700997270;08;2;26;103;2023;04;09;5;3;5;3;0;0;1;1;0;0;0;0;472938,872999999672174;5456939,813500000163913;8,628047123000044;49,264622223000060;1
204200;08230427226400006020;08;2;26;084;2023;04;08;5;3;5;2;0;0;1;1;0;0;0;0;468987,336000000126660;5470134,662000000476837;8,572709311000040;49,383120424000026;1
204207;08230427212010985860;08;2;12;000;2023;04;14;5;3;6;7;0;0;1;0;1;0;0;0;455464,427199999801815;5432957,878100000321865;8,390526361000070;49,047885232000056;1
204208;08230427135010002090;08;1;35;020;2023;04;19;5;2;5;3;0;0;1;1;0;0;0;0;586808,626000000163913;5386254,558499999344349;10,177995308000050;48,623333094000031;1
204209;08230427128100007210;08;1;28;007;2023;04;08;5;3;0;4;0;0;0;1;1;0;0;0;556137,650200000032783;5482183,887599999085069;9,775141630000064;49,489694992000068;1
204211;08230427121200996610;08;1;21;000;2023;04;18;5;3;3;6;0;0;1;1;0;0;0;0;514765,763799999840558;5442266,448799999430776;9,202416372000073;49,133052112000030;1
204214;08230427118600008770;08;1;18;050;2023;04;16;5;3;5;3;0;0;1;1;0;0;0;0;506936,100599999539554;5416882,424399999901652;9,094649767000021;48,904846509000038;1
204215;08230427118500999830;08;1;18;006;2023;04;12;5;3;0;7;0;0;1;0;0;0;0;0;517600,059899999760091;5421890,530999999493361;9,240384973000062;48,949686457000041;1
204216;08230427118400016010;08;1;18;048;2023;04;11;5;3;5;3;0;0;1;1;0;0;0;0;512368,294599999673665;5415566,800300000235438;9,168737177000025;48,892926843000055;1
204218;08230427116200998490;08;1;16;078;2023;04;12;5;3;7;7;0;0;1;0;0;0;0;0;511206,112399999983609;5392053,874900000169873;9,152240722000045;48,681428596000046;1
204221;08230427116010996380;08;1;16;007;2023;04;10;5;3;6;7;0;0;0;0;1;0;1;0;532296,712700000032783;5399428,724099999293685;9,439338594000048;48,747036341000069;1
204222;08230427115100006340;08;1;15;003;2023;04;13;5;3;1;5;0;0;0;1;1;0;0;0;500875,911199999973178;5391537,041200000792742;9,011898625000072;48,676879074000055;1
204225;08230426435100981510;08;4;35;013;2023;04;16;4;3;3;2;0;0;1;1;0;0;0;0;540361,923600000329316;5274986,716099999845028;9,537217151000050;47,627024707000032;1
204228;08230426416100978760;08;4;16;036;2023;04;15;4;3;9;1;0;0;1;0;0;0;0;0;495467,678700000047684;5369039,478499999269843;8,938676952000037;48,474468929000068;1
204230;08230426415400005380;08;4;15;061;2023;04;09;4;3;0;7;0;0;1;0;0;0;0;0;514336,179800000041723;5370226,146900000050664;9,194011039000031;48,484997542000031;1
204231;08230426415400003080;08;4;15;061;2023;04;07;4;3;0;1;0;1;1;0;0;0;0;0;517101,144199999980628;5370118,384199999272823;9,231424507000042;48,483958920000077;1
204232;08230426336400015060;08;3;36;091;2023;04;12;4;3;5;3;0;0;1;1;0;0;0;0;396070,893299999646842;5271739,652300000190735;7,617650121000054;47,590736202000073;1
204233;08230426335300997180;08;3;35;075;2023;04;15;4;3;0;7;0;0;1;0;0;0;0;0;488303,996100000105798;5290405,528999999165535;8,843909457000052;47,766909689000045;1
204234;08230426335300978420;08;3;35;028;2023;04;13;4;3;0;2;0;0;1;1;0;0;0;0;483187,073800000362098;5286831,086400000378489;8,775759561000029;47,734635422000053;1
204235;08230426335100978530;08;3;35;043;2023;04;12;4;3;0;1;0;0;1;0;0;0;0;0;513420,433100000023842;5279814,587600000202656;9,178777733000061;47,671583184000042;1
204236;08230426335100006980;08;3;35;043;2023;04;16;4;3;5;3;0;0;1;0;0;1;0;0;513274,303700000047684;5279871,934000000357628;9,176832851000029;47,672102184000039;1
204237;08230426317500995340;08;3;17;096;2023;04;13;4;3;3;6;0;0;1;0;0;0;0;0;421678,858000000007451;5363924,000000000000000;7,941353043000049;48,423594098000081;1
204238;08230426317500980490;08;3;17;096;2023;04;16;4;3;6;7;0;0;0;1;1;0;0;0;422204,667299999855459;5369492,585000000894070;7,947424280000064;48,473748476000026;1
204240;08230426311010993130;08;3;11;000;2023;04;08;4;3;0;3;0;0;1;1;0;0;0;0;414031,810999999754131;5317932,128000000491738;7,847335634000046;48,008899486000075;1
204241;08230426311010978650;08;3;11;000;2023;04;15;4;3;1;5;0;0;1;1;0;0;0;0;411860,209400000050664;5316575,114399999380112;7,818503877000069;47,996396971000081;1
204242;08230426311010977320;08;3;11;000;2023;04;08;4;3;0;7;0;1;1;0;0;0;0;0;414372,478799999691546;5317819,492000000551343;7,851924858000075;48,007932021000045;1
204243;08230426311010004950;08;3;11;000;2023;04;20;4;3;5;3;1;0;1;0;0;0;0;1;412149,144999999552965;5314624,498999999836087;7,822775291000028;47,978890359000047;1
204244;08230426226600003140;08;2;26;096;2023;04;19;4;3;0;6;0;0;1;1;0;0;0;0;476767,510999999940395;5488838,382999999448657;8,678804076000063;49,551702073000058;1
204245;08230426222800002930;08;2;22;000;2023;04;05;4;3;3;2;0;0;1;1;0;0;0;0;463520,404299999587238;5484834,884700000286102;8,496035459000041;49,515039644000069;1
204246;08230426222014985190;08;2;26;032;2023;04;13;4;3;3;6;0;0;1;0;0;0;0;1;466770,184999999590218;5462382,880999999120831;8,542809092000027;49,313277894000066;1
204247;08230426221400982760;08;2;21;000;2023;04;13;4;3;1;5;0;0;1;1;0;0;0;0;474975,260499999858439;5473087,806900000199676;8,655022830000064;49,409958937000056;1
204248;08230426215502994380;08;2;15;106;2023;04;07;4;3;5;3;0;0;1;1;0;0;0;0;464630,523000000044703;5453250,483100000768900;8,514179087000059;49,231012994000025;1
204256;08230426118100995700;08;1;18;079;2023;04;17;4;3;3;6;0;0;1;0;0;0;0;1;509493,510400000028312;5421212,539400000125170;9,129648797000073;48,943765056000075;1
204258;08230426116200007190;08;1;16;078;2023;04;18;4;3;0;1;0;0;1;0;0;0;0;0;511867,929399999789894;5391006,540799999609590;9,161201742000060;48,671994454000071;1