OID_;UIDENTSTLAE;ULAND;UREGBEZ;UKREIS;UGEMEINDE;UJAHR;UMONAT;USTUNDE;UWOCHENTAG;UKATEGORIE;UART;UTYP1;ULICHTVERH;IstStrassenzustand;IstRad;IstPKW;IstFuss;IstKrad;IstGkfz;IstSonstige;LINREFX;LINREFY;XGCSWGS84;YGCSWGS84;PLST
204259;08230426116200006220;08;1;16;077;2023;04;15;4;3;0;1;0;0;1;0;0;0;0;0;514109,580699999816716;5388780,705199999734759;9,191573963000053;48,651923992000036;1
204260;08230426116200005740;08;1;16;077;2023;04;15;4;3;5;3;0;0;1;1;0;0;0;0;517542,034799999557436;5391269,866800000891089;9,238283539000065;48,674229721000074;1
204263;08230426111230131030;08;1;11;000;2023;04;07;4;3;6;4;0;0;0;1;1;0;0;0;507756,627700000070035;5396761,517000000923872;9,105466270000022;48,723831259000065;1
204264;08230426111140131690;08;1;11;000;2023;04;18;4;3;0;7;0;0;1;1;0;0;0;0;511003,342699999921024;5400621,801100000739098;9,149714572000050;48,758509482000079;1
204266;08230425426010004910;08;4;21;000;2023;04;16;3;2;6;4;0;0;0;0;1;1;0;0;572111,481399999931455;5361574,702400000765920;9,974321860000032;48,403203149000035;1
204267;08230425421300004410;08;4;21;000;2023;04;11;3;3;0;1;0;1;1;0;0;0;0;0;570723,199199999682605;5360581,912100000306964;9,955399812000053;48,394429992000028;1
204269;08230425317100004330;08;3;17;110;2023;04;06;3;3;5;3;0;0;1;1;0;0;0;0;426975,680499999783933;5382382,717599999159575;8,009707407000064;48,590267521000044;1
204270;08230425316200974780;08;3;16;056;2023;04;14;3;3;5;3;0;0;1;1;0;0;0;0;421573,407999999821186;5327010,814300000667572;7,946770998000034;48,091537634000076;1
204271;08230425311400991540;08;3;15;006;2023;04;07;3;3;1;5;0;1;1;1;0;0;0;0;403413,803999999538064;5306562,268200000748038;7,707558106000022;47,905111551000061;1
204272;08230425311400975920;08;3;15;006;2023;04;10;3;3;5;3;0;1;1;1;0;0;0;0;403077,464599999599159;5308034,529200000688434;7,702727670000058;47,918303828000035;1
204273;08230425311100003180;08;3;15;015;2023;04;13;3;2;4;7;0;0;1;1;0;0;0;0;394134,306400000117719;5320989,186000000685453;7,579870943000060;48,033409665000079;1
204275;08230425222200005860;08;2;22;000;2023;04;17;3;3;3;2;0;0;1;1;0;0;0;0;461518,128299999982119;5481593,446599999442697;8,468691052000054;49,485760913000036;1
204278;08230425215102979030;08;2;15;102;2023;04;07;3;3;0;7;0;1;1;0;0;0;0;0;456361,741000000387430;5437135,744699999690056;8,402354941000056;49,085529430000065;1
204279;08230425212010996250;08;2;12;000;2023;04;10;3;3;5;3;0;1;1;1;0;0;0;0;457346,061200000345707;5428571,927400000393391;8,416736605000040;49,008566254000073;1
204280;08230425212010995520;08;2;12;000;2023;04;17;3;3;5;2;0;0;1;0;0;0;0;1;454792,768899999558926;5428237,669999999925494;8,381861369000035;49,005377818000056;1
204285;08230425111110977340;08;1;11;000;2023;04;18;3;2;6;4;0;0;0;1;1;0;0;0;513404,726499999873340;5402438,178099999204278;9,182447500000023;48,774802417000046;1
204286;08230424415112973870;08;4;15;060;2023;04;13;2;3;6;1;0;0;0;1;1;0;0;0;515198,386400000192225;5378433,539400000125170;9,205978333000076;48,558813519000068;1
204287;08230424415100001000;08;4;15;014;2023;04;17;2;3;5;2;0;0;1;1;0;0;0;0;525829,920099999755621;5375428,447699999436736;9,349875116000021;48,531431321000071;1
204290;08230427231000008020;08;2;36;071;2023;04;16;5;2;0;7;0;0;1;0;0;0;0;0;468630,399199999868870;5419591,058599999174476;8,571729314000038;48,928456434000054;1
204291;08230424311010970660;08;3;11;000;2023;04;08;2;3;5;3;0;0;1;1;0;0;0;0;411040,809899999760091;5318011,066199999302626;7,807224666000025;48,009200204000081;1
204292;08230424311010008250;08;3;11;000;2023;04;09;2;3;6;4;0;0;0;1;1;0;0;0;410981,061099999584258;5316663,147099999710917;7,806703443000060;47,997067044000062;1
204293;08230424311010000300;08;3;15;047;2023;04;19;2;3;5;7;0;0;1;1;0;0;0;0;416117,862200000323355;5321774,263299999758601;7,874547568000025;48,043738280000071;1
204296;08230424221300001890;08;2;21;000;2023;04;09;2;3;5;2;0;1;1;1;0;0;0;0;476526,700199999846518;5474163,948100000619888;8,676346104000061;49,419700465000062;1
204297;08230424216100996880;08;2;16;005;2023;04;16;2;3;5;3;0;0;1;1;0;0;0;0;445252,241700000129640;5418042,301799999549985;8,252791289000072;48,912898799000061;1
204298;08230424215502971750;08;2;15;106;2023;04;05;2;3;1;5;1;1;1;1;0;0;0;0;467652,503999999724329;5454497,925799999386072;8,555585770000050;49,242400814000064;1
204299;08230424215102010620;08;2;15;090;2023;04;06;2;3;0;7;0;0;1;0;0;0;0;0;465431,952999999746680;5433517,064999999478459;8,526879618000066;49,053554981000048;1
204300;08230424212302976270;08;2;12;000;2023;04;16;2;3;4;6;0;1;1;1;0;0;0;0;456298,352099999785423;5428780,521199999377131;8,402388251000048;49,010369272000048;1
204301;08230424212102010310;08;2;12;000;2023;04;17;2;2;0;1;0;1;1;0;0;0;0;0;460916,510900000110269;5427571,699699999764562;8,465654006000022;48,999805448000075;1
204303;08230424136100004010;08;1;36;088;2023;04;08;2;3;0;1;0;1;1;0;0;0;0;0;580086,522199999541044;5410160,616499999538064;10,091438599000071;48,839250782000079;1
204307;08230424118000990720;08;1;18;048;2023;04;15;2;3;5;3;0;0;1;1;0;0;0;0;514560,911700000055134;5415610,888900000602007;9,198651835000021;48,893275804000041;1
204309;08230424115100002060;08;1;15;003;2023;04;08;2;3;6;7;0;0;0;1;1;0;0;0;500247,974999999627471;5392800,051000000908971;9,003369320000047;48,688241820000030;1
204311;08230424111500976140;08;1;11;000;2023;04;16;2;2;6;4;0;0;0;1;1;0;0;0;512805,597000000067055;5404130,119999999180436;9,174345688000074;48,790035604000082;1
204312;08230424111500131480;08;1;11;000;2023;04;08;2;3;5;3;0;0;1;1;0;0;0;0;507785,571299999952316;5398447,257899999618530;9,105891653000072;48,738995861000035;1
204313;08230424111140130940;08;1;11;000;2023;04;19;2;3;4;6;0;0;1;1;0;0;0;0;511234,304200000129640;5402717,621799999848008;9,152914323000061;48,777359251000064;1
204314;08230424111130131540;08;1;11;000;2023;04;08;2;3;6;4;0;1;1;0;1;0;0;0;511071,335400000214577;5402340,392500000074506;9,150685945000021;48,773968642000057;1
204315;08230423436100988090;08;4;36;055;2023;04;18;1;3;1;7;0;1;1;1;0;0;0;0;576357,577200000174344;5297876,833100000396371;10,020273765000070;47,829705061000027;1
204318;08230423417200996570;08;4;17;002;2023;04;08;1;3;8;1;0;1;1;0;0;0;0;0;489520,831699999980628;5346313,488500000908971;8,858781811000028;48,269941875000029;1
204319;08230423335300968450;08;3;35;075;2023;04;16;1;3;5;2;0;0;1;1;0;0;0;0;488596,830000000074506;5290143,586400000378489;8,847824370000069;47,764558103000070;1
204321;08230423311010998590;08;3;11;000;2023;04;15;1;2;1;6;0;0;1;1;0;0;0;0;413158,408599999733269;5316585,652699999511242;7,835900095000056;47,996669418000067;1
204322;08230423311010971630;08;3;11;000;2023;04;13;1;3;5;2;0;0;1;1;0;0;0;0;413050,965200000442564;5318232,228599999099970;7,834126374000050;48,011466286000029;1
204323;08230423311010969200;08;3;11;000;2023;04;20;1;3;0;7;1;1;1;0;0;0;0;0;411691,974399999715388;5314571,813899999484420;7,816661265000050;47,978353497000057;1
204325;08230423212702002680;08;2;15;108;2023;04;14;1;3;5;2;0;0;1;1;0;0;0;0;450040,619900000281632;5424799,309299999848008;8,317310417000044;48,974083405000044;1
204326;08230423212502008110;08;2;12;000;2023;04;20;1;3;5;3;2;1;1;1;0;0;0;0;455040,071999999694526;5429892,758899999782443;8,385059306000073;49,020283536000079;1
204329;08230423121500968270;08;1;25;063;2023;04;13;1;3;8;1;0;0;1;0;0;0;0;0;526526,384100000374019;5463266,148800000548363;9,365022982000028;49,321550878000039;1
204330;08230423119100001300;08;1;19;053;2023;04;13;1;3;0;1;0;0;1;0;0;0;0;0;533457,633399999700487;5424441,788799999281764;9,457174941000062;48,971981364000044;1
204331;08230423115100001280;08;1;15;003;2023;04;12;1;3;6;2;0;0;0;1;1;0;0;0;500125,391900000162423;5392697,527100000530481;9,001703711000062;48,687319541000079;1
204332;08230423111500131760;08;1;11;000;2023;04;17;1;3;6;4;0;0;0;1;1;0;0;0;516046,168800000101328;5410011,428600000217557;9,218695156000024;48,842867731000069;1
204334;08230422436200982910;08;4;36;064;2023;04;11;7;3;1;5;0;0;1;1;0;0;0;0;546327,767900000326335;5292719,382099999114871;9,618502687000046;47,786168442000076;1
204335;08230422415400999320;08;4;15;061;2023;04;17;7;3;0;1;0;0;1;0;0;0;0;0;516629,194500000216067;5370938,204900000244379;9,225070443000050;48,491346978000081;1
204336;08230422415400966360;08;4;15;061;2023;04;11;7;3;0;1;0;0;1;0;0;0;0;0;513767,662399999797344;5371292,252399999648333;9,186352495000051;48,494601332000059;1
204338;08230422337010965930;08;3;37;126;2023;04;11;7;3;5;3;0;0;1;1;0;0;0;0;438794,565899999812245;5274177,329500000923872;8,185492872000054;47,618108299000028;1
204342;08230422317010970280;08;3;17;146;2023;04;11;7;2;5;3;0;0;1;1;0;0;0;0;430613,616899999789894;5355674,812200000509620;8,063466594000033;48,350437211000042;1
204343;08230422311400984630;08;3;15;006;2023;04;15;7;3;5;3;0;0;1;0;0;0;0;0;403677,699699999764562;5307485,931099999696016;7,710882084000048;47,913459631000080;1
204344;08230422311010994850;08;3;11;000;2023;04;20;7;3;0;1;2;0;1;0;0;0;0;0;413510,848000000230968;5315550,334000000730157;7,840832110000065;47,987404133000041;1
204345;08230422311010969190;08;3;11;000;2023;04;15;7;2;2;6;0;0;1;0;0;0;0;0;413212,274000000208616;5315214,654999999329448;7,836899184000060;47,984344134000025;1
204348;08230422226700999370;08;2;26;010;2023;04;11;7;3;6;4;0;0;0;1;1;0;0;0;481134,787100000306964;5458659,377100000157952;8,740616700000032;49,280397598000036;1
204349;08230422226600998080;08;2;26;031;2023;04;14;7;3;0;1;0;0;1;0;0;0;0;0;475179,790099999867380;5493157,283299999311566;8,656581346000053;49,590485681000075;1
204351;08230422222800008980;08;2;22;000;2023;04;14;7;3;5;2;0;0;1;1;0;0;0;0;461772,782100000418723;5488313,897399999201298;8,471555941000076;49,546223608000048;1
204352;08230422222600006390;08;2;22;000;2023;04;14;7;2;6;4;0;0;0;1;1;0;0;0;461735,618599999696016;5484114,694299999624491;8,471449579000023;49,508451916000070;1
204354;08230422212402119900;08;2;12;000;2023;04;14;7;3;1;5;0;0;1;1;0;0;0;0;455738,494800000451505;5428373,420099999755621;8,394777138000052;49,006667453000034;1
204355;08230425435100974620;08;4;35;057;2023;04;12;3;3;0;1;0;1;1;0;0;0;0;0;544974,763199999928474;5278708,459100000560284;9,598993443000040;47,660206259000063;1
204359;08230422136200982250;08;1;36;089;2023;04;16;7;2;5;2;0;0;1;1;0;0;0;0;583092,558100000023842;5418359,066400000825524;10,134063126000058;48,912592975000052;1
204361;08230422128100971800;08;1;28;006;2023;04;11;7;3;5;3;0;0;1;0;0;0;0;0;549825,002199999988079;5475201,813400000333786;9,687105829000075;49,427447664000056;1
204362;08230422128010015440;08;1;28;007;2023;04;18;7;2;5;3;0;0;1;1;0;0;0;0;557139,777800000272691;5484026,794600000604987;9,789244036000071;49,506176526000047;1
204364;08230422415100986710;08;4;15;014;2023;04;16;7;3;1;6;0;0;1;1;0;0;0;0;526048,082399999722838;5374947,205499999225140;9,352800066000043;48,527092959000072;1
204365;08230422118500013160;08;1;18;049;2023;04;10;7;3;0;7;0;0;1;0;0;0;0;0;518543,411199999973178;5419856,385800000280142;9,253176748000044;48,931360486000074;1
204366;08230422118100966350;08;1;18;079;2023;04;08;7;3;5;3;0;0;1;1;0;0;0;0;510941,808000000193715;5421873,611999999731779;9,149445267000033;48,949687921000077;1
204370;08230422111210130770;08;1;11;000;2023;04;15;7;3;0;1;0;0;1;0;0;0;0;0;517147,787399999797344;5398711,249199999496341;9,233237459000065;48,741183353000054;1
204372;08230421437000984650;08;4;37;104;2023;04;17;6;3;0;7;0;0;1;0;0;0;0;0;518194,608199999667704;5326447,385500000789762;9,244340514000044;48,091035415000079;1
204380;08230421335100005300;08;3;35;002;2023;04;11;6;2;0;1;0;0;1;0;0;0;0;0;504436,163399999961257;5284919,926000000908971;9,059147558000063;47,717643359000078;1
204381;08230421326200993600;08;3;26;074;2023;04;13;6;3;0;1;0;0;1;0;0;0;0;0;466052,071000000461936;5324164,179999999701977;8,544290497000077;48,069849385000055;1
204382;08230421317500993880;08;3;17;096;2023;04;14;6;3;4;6;0;0;1;0;0;0;0;0;422332,995000000111759;5369947,500000000000000;7,949075740000069;48,477856266000060;1
204383;08230421316100014650;08;3;16;020;2023;04;16;6;3;5;3;0;0;1;1;0;0;0;0;408450,571000000461936;5338494,827299999073148;7,768107675000067;48,193084871000053;1
204384;08230421311400014930;08;3;15;006;2023;04;15;6;3;5;2;0;0;1;1;0;0;0;0;402522,769999999552965;5307420,132999999448657;7,695444221000059;47,912693244000081;1
204385;08230421311300979720;08;3;11;000;2023;04;10;6;3;1;5;0;0;1;0;0;0;0;1;409622,087500000372529;5315877,389399999752641;7,788656083000035;47,989808346000075;1
204386;08230421311010981370;08;3;11;000;2023;04;14;6;3;3;2;0;0;1;0;0;0;0;0;414438,862499999813735;5317380,821399999782443;7,852902241000038;48,003994906000059;1
204387;08230421311010980730;08;3;11;000;2023;04;17;6;3;5;3;0;0;1;0;0;0;0;1;413173,844999999739230;5316760,384600000455976;7,836071618000062;47,998243286000047;1
204388;08230421311010976650;08;3;15;047;2023;04;07;6;3;0;7;0;0;1;0;0;0;0;0;415851,637000000104308;5322208,205499999225140;7,870891003000054;48,047606707000057;1
204390;08230421311010974570;08;3;11;000;2023;04;07;6;3;4;6;0;0;1;1;0;0;0;0;409338,085599999874830;5318029,089900000020862;7,784395799000038;48,009123039000031;1
204391;08230421311010002710;08;3;11;000;2023;04;13;6;3;3;2;0;0;1;1;0;0;0;0;412980,620400000363588;5316374,980299999937415;7,833560098000021;47,994750177000071;1
204394;08230421226700973550;08;2;26;060;2023;04;04;6;3;6;2;2;1;0;1;1;0;0;0;477341,364099999889731;5463749,942099999636412;8,688171762000025;49,326058425000042;1
204397;08230421222301994880;08;2;22;000;2023;04;18;6;3;5;3;0;0;1;1;0;0;0;0;465546,255400000140071;5484188,020199999213219;8,524077939000051;49,509339937000050;1
204399;08230421222301014510;08;2;22;000;2023;04;09;6;3;1;5;0;0;1;1;0;0;0;0;465051,676900000311434;5484221,162200000137091;8,517243467000071;49,509609729000033;1
204400;08230421215402982610;08;2;15;009;2023;04;15;6;3;0;7;0;0;1;0;0;0;0;0;469043,947499999776483;5440645,716299999505281;8,575768268000047;49,117870943000071;1
204401;08230427336100008610;08;3;36;050;2023;04;08;5;3;8;7;0;0;1;0;0;0;0;0;400128,355499999597669;5275334,235300000756979;7,670783622000044;47,623708454000052;1
204402;08230421215102990750;08;2;12;000;2023;04;15;6;3;0;7;0;0;1;0;0;0;0;0;459810,154000000096858;5433010,654999999329448;8,449989792000054;49,048658704000047;1
204404;08230421212010996690;08;2;12;000;2023;04;10;6;3;5;3;0;0;1;1;0;0;0;0;452917,281499999575317;5428320,297299999743700;8,356209073000059;49,005980827000030;1
204405;08230421212010974810;08;2;12;000;2023;04;17;6;3;5;3;0;1;1;1;0;0;0;0;457671,765100000426173;5429098,492799999192357;8,421135233000030;49,013325210000062;1
204406;08230421136100965150;08;1;36;021;2023;04;15;6;3;4;6;0;0;1;1;0;0;0;0;575430,718100000172853;5407020,316899999976158;10,027421553000067;48,811588721000078;1
204407;08230421121600965570;08;1;25;030;2023;04;13;6;3;5;3;0;0;1;1;0;0;0;0;514725,278599999845028;5438887,003699999302626;9,201738059000036;49,102653704000033;1
204410;08230421118300965560;08;1;18;048;2023;04;13;6;3;5;3;0;0;1;1;0;0;0;0;511903,478900000452995;5416015,730699999257922;9,162408935000030;48,896974411000031;1
204411;08230421118300963010;08;1;18;046;2023;04;10;6;3;3;2;0;0;1;0;0;0;0;1;513581,995699999853969;5411543,389299999922514;9,185161653000023;48,856707764000078;1
204413;08230421116200997530;08;1;16;080;2023;04;15;6;3;0;3;0;0;1;1;0;0;0;0;519841,409400000236928;5395769,242200000211596;9,269733064000036;48,714637247000041;1
204414;08230421115400993200;08;1;15;045;2023;04;06;6;3;5;3;1;0;1;1;0;0;0;0;500518,299800000153482;5393923,666699999943376;9,007043724000027;48,698349811000071;1
204416;08230421115100983850;08;1;15;003;2023;04;17;6;3;0;7;0;0;1;0;0;0;0;0;500907,155000000260770;5392541,717000000178814;9,012325254000075;48,685917210000071;1
204417;08230421111500131120;08;1;11;000;2023;04;19;6;2;6;4;0;0;0;1;1;0;0;0;512756,814899999648333;5408292,968299999833107;9,173810914000057;48,827485070000080;1
204418;08230421111500130700;08;1;11;000;2023;04;17;6;3;5;3;0;0;1;1;0;0;0;0;510732,250000000000000;5397514,788000000640750;9,145945067000071;48,730563562000043;1
204420;08230421111230131010;08;1;11;000;2023;04;08;6;3;6;7;0;0;0;0;1;0;1;0;512466,467199999839067;5395052,581499999389052;9,169453717000067;48,708381228000064;1
204421;08230420426200992240;08;4;26;070;2023;04;21;5;2;6;2;2;1;0;1;1;0;0;0;565338,878800000064075;5342483,508500000461936;9,879868573000067;48,232204440000032;1
204422;08230420415400993280;08;4;15;061;2023;04;16;5;3;5;3;0;1;1;1;0;0;0;0;515149,586199999786913;5371202,303600000217557;9,205054172000075;48,493760319000046;1
204425;08230420335100005610;08;3;35;043;2023;04;15;5;3;5;7;0;1;1;1;0;0;0;0;512677,147800000384450;5278749,499099999666214;9,168845337000050;47,662014867000039;1
204428;08230420311010977660;08;3;11;000;2023;04;16;5;3;0;7;0;0;1;0;0;0;0;0;412547,158099999651313;5317514,789100000634789;7,827518738000038;48,004943961000038;1
204429;08230420311010977250;08;3;11;000;2023;04;16;5;3;1;5;0;0;1;1;0;0;0;0;412399,394999999552965;5318341,637900000438094;7,825369205000072;48,012361463000047;1
204431;08230420311010960320;08;3;36;091;2023;04;10;5;2;6;7;0;1;0;1;1;0;0;0;396672,701100000180304;5272109,348500000312924;7,625565233000032;47,594157879000079;1
204433;08230420226600989730;08;2;26;096;2023;04;09;5;3;6;4;0;0;0;1;1;0;0;0;475046,224100000225008;5488497,183900000527501;8,655028834000063;49,548564630000044;1
204436;08230420221011995190;08;2;21;000;2023;04;09;5;2;5;3;0;0;1;0;0;0;0;0;477139,247700000181794;5472135,174699999392033;8,684908698000072;49,401475308000045;1
204437;08230420216200960520;08;2;16;008;2023;04;13;5;3;0;1;0;1;1;0;0;0;0;0;438757,098699999973178;5394346,018799999728799;8,167688602000055;48,699143162000041;1
204438;08230420337100964820;08;3;37;096;2023;04;16;5;3;0;7;0;0;1;0;0;0;0;0;420668,045800000429153;5267022,273499999195337;7,945600444000036;47,551773041000047;1
204441;08230420212010972820;08;2;12;000;2023;04;11;5;2;0;7;0;0;1;0;0;0;0;0;457404,095999999903142;5427549,970000000670552;8,417637351000053;48,999377608000032;1
204444;08230420119400994610;08;1;19;079;2023;04;18;5;2;5;3;0;1;1;1;0;0;0;0;522621,684000000357628;5408109,216000000014901;9,308207496000023;48,825551087000065;1
204448;08230420118400003520;08;1;18;048;2023;04;17;5;3;4;6;0;1;1;0;0;0;0;0;514453,907399999909103;5415609,135600000619888;9,197191942000075;48,893262538000045;1
204451;08230420116200975390;08;1;16;077;2023;04;16;5;2;0;5;0;1;1;1;0;0;0;0;515098,743200000375509;5388393,547599999234080;9,204990192000025;48,648417961000064;1
204453;08230420111500131400;08;1;11;000;2023;04;17;5;2;0;3;0;1;1;0;0;0;0;1;512788,451500000432134;5402089,612199999392033;9,174048778000042;48,771679715000062;1
204454;08230420116400979330;08;1;16;033;2023;04;17;5;3;6;7;0;1;0;1;1;0;0;0;532196,728000000119209;5387780,521999999880791;9,437070534000043;48,642256239000062;1
204455;08230420111500130680;08;1;11;000;2023;04;17;5;3;5;3;0;0;1;1;0;0;0;0;508178,044700000435114;5397340,377699999138713;9,111207715000035;48,729033320000042;1
204456;08230420111110990330;08;1;11;000;2023;04;09;5;3;4;6;0;0;1;1;0;0;0;0;512793,910500000230968;5402201,667300000786781;9,174126560000047;48,772687643000040;1
204457;08230419436200973010;08;4;36;064;2023;04;12;4;3;0;1;0;0;1;0;0;0;0;0;545055,298399999737740;5291969,103900000452995;9,601437590000046;47,779508443000054;1
204459;08230419416000010230;08;4;16;025;2023;04;12;4;3;0;7;0;1;1;1;0;0;0;0;503701,668200000189245;5361255,143799999728799;9,050015386000041;48,404442658000050;1
204462;08230419415400987640;08;4;15;061;2023;04;08;4;3;5;3;0;0;1;1;0;0;0;0;515312,404099999926984;5373006,090299999341369;9,207324114000073;48,509983849000037;1
204465;08230419335300959580;08;3;35;075;2023;04;15;4;3;4;6;0;0;1;0;0;0;0;0;488169,183299999684095;5288683,349500000476837;8,842157177000047;47,751411863000044;1
204467;08230419325302973720;08;3;25;050;2023;04;17;4;3;6;7;0;1;0;1;1;0;0;0;453408,854700000025332;5350855,981300000101328;8,371651114000031;48,309179778000043;1
204468;08230419317500975500;08;3;17;096;2023;04;19;4;3;5;3;0;0;1;0;0;0;0;0;422976,327600000426173;5374050,181900000199676;7,957022503000076;48,514838690000033;1
204469;08230419311010971070;08;3;11;000;2023;04;12;4;3;0;7;0;0;1;0;0;0;0;0;412833,171000000089407;5316149,437000000849366;7,831629864000035;47,992701257000078;1
204470;08230419311010961010;08;3;11;000;2023;04;16;4;3;0;7;0;0;1;0;0;0;0;0;414080,716500000096858;5316722,794700000435114;7,848233448000030;47,998027673000081;1
204471;08230419231202985510;08;2;36;070;2023;04;22;4;3;0;7;2;0;1;0;0;0;0;0;468987,970599999651313;5416449,337300000712276;8,576849644000049;48,900213086000065;1
204477;08230419222200968090;08;2;22;000;2023;04;08;4;3;4;6;0;0;1;0;0;0;0;0;461695,733799999579787;5482444,362400000914931;8,471060636000061;49,493425683000055;1
204479;08230419221400000610;08;2;21;000;2023;04;16;4;3;0;7;0;0;1;0;0;0;0;0;477432,953999999910593;5469857,072000000625849;8,689086162000024;49,380995028000029;1
204480;08230419221200989670;08;2;21;000;2023;04;21;4;3;0;1;2;0;1;0;0;0;0;0;477889,188299999572337;5472952,861400000751019;8,695199499000068;49,408857987000033;1
204484;08230419121200961980;08;1;21;000;2023;04;13;4;3;0;7;0;0;1;0;0;0;0;0;516658,443900000303984;5443345,182299999520183;9,228406544000052;49,142707274000031;1
204485;08230419119300989380;08;1;19;067;2023;04;18;4;3;3;6;0;0;1;0;0;0;0;1;538470,298499999567866;5406022,219100000336766;9,523932622000075;48,805997970000078;1
204486;08230419119300973830;08;1;19;067;2023;04;12;4;3;6;4;0;0;0;1;1;0;0;0;538844,227599999867380;5405945,692399999126792;9,529017750000037;48,805286313000067;1
204487;08230419118100957790;08;1;18;047;2023;04;14;4;3;5;3;0;0;1;1;0;0;0;0;507644,035000000149012;5427696,638800000771880;9,104513208000071;49,002119329000038;1
204490;08230419117200968040;08;1;17;024;2023;04;11;4;3;5;3;0;0;1;1;0;0;0;0;560705,235999999567866;5385837,517799999564886;9,823756967000065;48,622659910000039;1
204491;08230419115200004100;08;1;15;016;2023;04;14;4;2;0;3;0;0;1;1;0;0;0;0;486987,587000000290573;5377829,326999999582767;8,823666121000031;48,553427047000071;1
204493;08230418437200968460;08;4;37;104;2023;04;12;3;3;6;4;0;0;0;1;1;0;0;0;514508,190399999730289;5324851,077800000086427;9,194780676000050;48,076768028000060;1
204494;08230418417010985760;08;4;17;025;2023;04;15;3;3;5;3;0;0;1;1;0;0;0;0;487098,587399999611080;5353735,792600000277162;8,825912654000035;48,336673168000061;1
204495;08230418335200958080;08;3;35;063;2023;04;16;3;2;0;1;0;0;1;0;0;0;0;0;498083,082899999804795;5288075,972400000318885;8,974427758000047;47,746052626000051;1
204496;08230419326300244530;08;3;26;003;2023;04;16;4;3;0;2;0;0;1;0;0;0;0;1;464933,337000000290573;5319152,388000000268221;8,529684076000024;48,024698710000052;1
204499;08230418316100958810;08;3;16;011;2023;04;17;3;3;5;2;0;0;1;1;0;0;0;0;414706,649000000208616;5329738,182199999690056;7,854027031000044;48,115188807000038;1
204500;08230418311400996500;08;3;15;006;2023;04;15;3;3;2;6;0;0;1;1;0;0;0;0;402995,799200000241399;5307880,491399999707937;7,701669570000035;47,916905906000068;1
204501;08230418311400969260;08;3;15;074;2023;04;09;3;3;3;2;0;0;1;0;0;0;0;0;397476,144999999552965;5295890,353000000119209;7,630658076000032;47,808197820000032;1
204502;08230418311010000080;08;3;15;131;2023;04;17;3;3;5;3;0;0;1;1;0;0;0;0;405245,797199999913573;5308082,922299999743700;7,731731919000026;47,919063277000078;1
204505;08230418225200971980;08;2;25;039;2023;04;17;3;2;5;3;0;0;1;1;0;0;0;0;531003,604100000113249;5494380,768300000578165;9,429067906000057;49,601204788000075;1
204506;08230418221300972370;08;2;21;000;2023;04;17;3;3;6;4;0;0;0;1;1;0;0;0;482362,043399999849498;5474108,048699999228120;8,756806416000074;49,419394856000054;1
204507;08230418212010998280;08;2;15;109;2023;04;10;3;3;2;6;0;0;1;0;0;0;0;1;461326,888500000350177;5434584,292600000277162;8,470595514000024;49,062910854000052;1
204508;08230418212010996680;08;2;12;000;2023;04;14;3;3;0;7;0;0;0;1;1;0;0;0;460735,789900000207126;5427801,851999999955297;8,463161067000044;49,001864250000040;1
204510;08230418212010012470;08;2;12;000;2023;04;12;3;3;5;3;0;0;1;1;0;0;0;0;458409,757799999788404;5431215,256599999964237;8,431010181000033;49,032415977000028;1
204512;08230418118010995400;08;1;15;003;2023;04;13;3;3;6;4;0;0;0;1;1;0;0;0;500394,031999999657273;5392726,254899999126792;9,005353776000049;48,687577868000062;1
204514;08230418117400010900;08;1;17;018;2023;04;14;3;3;5;3;0;0;1;1;0;0;0;0;539120,412999999709427;5396058,324999999254942;9,531839058000060;48,716326159000062;1
204515;08230418117010956010;08;1;17;029;2023;04;08;3;2;0;1;0;0;1;0;0;0;0;0;542430,453200000338256;5390278,016100000590086;9,576242870000044;48,664112056000079;1
204517;08230418116010955310;08;1;16;019;2023;04;22;3;3;6;4;2;0;0;1;1;0;0;0;522088,742399999871850;5398559,770400000736117;9,300433407000071;48,739665049000052;1
204519;08230417436300952600;08;4;36;081;2023;04;07;2;3;6;4;0;0;0;1;1;0;0;0;561992,839100000448525;5281499,845699999481440;9,826022842000043;47,683912653000050;1
204521;08230417421300955860;08;4;21;000;2023;04;13;2;3;0;1;0;0;1;0;0;0;0;0;570698,452800000086427;5357623,824899999424815;9,954567877000045;48,367823776000080;1
204523;08230417416010951840;08;4;15;061;2023;04;16;2;2;6;4;0;0;0;1;1;0;0;0;514976,360100000165403;5373841,656400000676513;9,202804234000041;48,517508976000045;1
204524;08230417336200981550;08;3;36;069;2023;04;06;2;3;1;5;2;1;1;1;0;0;0;0;408027,347199999727309;5267904,495400000363588;7,777445243000045;47,558041986000035;1
204525;08230417336100954020;08;3;36;084;2023;04;16;2;3;6;7;0;1;1;0;1;0;0;0;405497,724700000137091;5277271,695000000298023;7,741809276000026;47,641942719000042;1
204527;08230417311400985140;08;3;15;074;2023;04;15;2;3;5;2;0;0;1;1;0;0;0;0;397335,526200000196695;5295902,779400000348687;7,628777538000065;47,808287177000068;1
204528;08230417311010980720;08;3;15;015;2023;04;08;2;2;2;6;0;0;1;1;0;0;0;0;395258,048299999907613;5320601,811100000515580;7,595035321000069;48,030110770000078;1