OID_;UIDENTSTLAE;ULAND;UREGBEZ;UKREIS;UGEMEINDE;UJAHR;UMONAT;USTUNDE;UWOCHENTAG;UKATEGORIE;UART;UTYP1;ULICHTVERH;IstStrassenzustand;IstRad;IstPKW;IstFuss;IstKrad;IstGkfz;IstSonstige;LINREFX;LINREFY;XGCSWGS84;YGCSWGS84;PLST
204529;08230417311010957800;08;3;36;091;2023;04;17;2;3;5;3;0;1;1;1;0;0;0;0;396570,349200000055134;5271954,285800000652671;7,624240743000030;47,592746736000038;1
204536;08230417221011984770;08;2;21;000;2023;04;15;2;3;3;6;0;0;1;0;0;0;0;1;477342,755099999718368;5471949,872300000861287;8,687724180000032;49,399816149000060;1
204537;08230417212702998860;08;2;15;096;2023;04;10;2;3;6;7;0;1;0;1;1;0;0;0;463812,371399999596179;5417911,453600000590086;8,506103003000021;48,913084717000061;1
204539;08230417212010957390;08;2;12;000;2023;04;17;2;2;8;7;0;1;1;0;0;0;0;0;461206,741799999959767;5427507,113500000908971;8,469628007000040;48,999242788000061;1
204540;08230417212010953960;08;2;12;000;2023;04;09;2;2;5;3;0;1;1;0;0;0;0;0;460756,058899999596179;5427222,258300000801682;8,463494182000034;48,996651965000069;1
204541;08230417212010953520;08;2;12;000;2023;04;07;2;3;5;3;0;0;1;1;0;0;0;0;455669,783300000242889;5427727,531300000846386;8,393908157000055;49,000852682000072;1
204542;08230417135200955030;08;1;35;019;2023;04;14;2;3;6;4;0;0;0;1;1;0;0;0;582697,694500000216067;5392653,406700000166893;10,123499451000043;48,681444116000080;1
204544;08230417121500987170;08;1;25;065;2023;04;15;2;3;5;3;0;0;1;1;0;0;0;0;516511,248100000433624;5448977,520099999383092;9,226619446000029;49,193375720000063;1
204545;08230417115300951580;08;1;15;028;2023;04;13;2;3;5;3;0;1;1;1;0;0;0;0;501657,432699999772012;5404205,707100000232458;9,022565979000035;48,790845228000080;1
204546;08230417115300112710;08;1;15;041;2023;04;00;2;3;0;7;2;0;1;0;0;0;0;0;494332,964999999850988;5401905,440999999642372;8,922874949000061;48,770128528000043;1
204547;08230422335000996420;08;3;35;043;2023;04;15;7;3;5;3;0;0;1;0;0;0;0;1;510769,798399999737740;5280930,145500000566244;9,143495456000039;47,681670188000055;1
204553;08230416416200950360;08;4;16;041;2023;04;14;1;3;0;7;0;1;1;0;0;0;0;0;504271,715800000354648;5374729,791600000113249;9,057855240000038;48,525663066000050;1
204554;08230416335100989550;08;3;35;043;2023;04;19;1;3;0;6;1;0;1;1;0;0;0;0;507880,971800000406802;5287117,749800000339746;9,105117056000040;47,737385638000035;1
204557;08230416231000950480;08;2;37;028;2023;04;17;1;3;6;2;0;1;0;1;1;0;0;0;456692,307000000029802;5367781,438200000673532;8,414185889000066;48,461676464000050;1
204558;08230416222200991790;08;2;22;000;2023;04;00;1;3;5;5;2;1;1;1;0;0;0;0;461131,444500000216067;5481826,583799999207258;8,463329536000060;49,487833213000044;1
204564;08230416121100016940;08;1;25;006;2023;04;05;1;3;6;7;2;0;0;1;1;0;0;0;507506,346300000324845;5454656,353399999439716;9,103132340000059;49,244634672000075;1
204566;08230415435200960860;08;4;35;018;2023;04;12;7;3;0;7;0;0;1;0;0;0;0;0;524692,345900000073016;5279853,581700000911951;9,328934598000046;47,671601829000053;1
204567;08230415435100974150;08;4;35;035;2023;04;15;7;2;0;1;0;0;1;0;0;0;0;0;541979,110299999825656;5283174,190099999308586;9,559527522000053;47,700586956000052;1
204570;08230415415400958050;08;4;15;061;2023;04;01;7;3;8;1;2;0;1;0;0;0;0;0;517260,448499999940395;5372935,962600000202656;9,233696776000045;48,509302434000062;1
204571;08230415335200971470;08;3;35;063;2023;04;11;7;3;6;2;0;0;0;1;1;0;0;0;497318,034099999815226;5287450,695199999958277;8,964225637000027;47,740423911000050;1
204574;08230415226700971240;08;2;26;041;2023;04;20;7;3;1;5;2;1;1;1;0;0;0;0;476352,565399999730289;5465856,469499999657273;8,674439188000065;49,344969011000046;1
204576;08230415222200971460;08;2;22;000;2023;04;22;7;3;6;2;2;1;0;1;1;0;0;0;461535,544700000435114;5482020,386600000783801;8,468889964000027;49,489602115000082;1
204578;08230415215202958540;08;2;15;084;2023;04;00;7;2;0;7;2;0;1;0;0;0;0;0;472641,304100000299513;5447464,042600000277162;8,624603342000057;49,179373712000029;1
204580;08230415212502957310;08;2;12;000;2023;04;22;7;3;6;4;2;1;0;1;1;0;0;0;454782,723199999891222;5428137,965500000864267;8,381735121000077;49,004480231000059;1
204584;08230415116500990790;08;1;16;042;2023;04;13;7;3;3;6;0;0;1;0;0;0;0;0;516949,323300000280142;5381771,436799999326468;9,229844038000067;48,588797058000068;1
204585;08230415111500973030;08;1;11;000;2023;04;22;7;1;6;4;2;1;0;0;1;0;0;1;518176,650500000454485;5401798,393200000748038;9,247367827000062;48,768925870000032;1
204586;08230414426200956350;08;4;26;070;2023;04;05;6;3;6;4;1;1;0;1;1;0;0;0;565757,472099999897182;5342025,272099999710917;9,885433632000058;48,228038989000027;1
204587;08230414426200946990;08;4;26;070;2023;04;14;6;3;0;1;0;0;1;0;0;0;0;0;565636,076000000350177;5342323,450999999418855;9,883845409000060;48,230733909000037;1
204588;08230414416100009470;08;4;16;018;2023;04;19;6;3;6;7;0;0;1;0;1;0;0;0;491688,443300000391901;5362006,211600000038743;8,887682950000055;48,411155728000040;1
204589;08230414335300957930;08;3;35;100;2023;04;14;6;3;6;4;0;0;0;1;1;0;0;0;488641,251000000163913;5285754,652300000190735;8,848531772000058;47,725069199000075;1
204592;08230414317300959420;08;3;17;065;2023;04;10;6;3;6;6;0;0;0;1;1;0;0;0;416602,899000000208616;5354782,226999999955297;7,874570355000060;48,340713653000080;1
204595;08230414317200007440;08;3;17;057;2023;04;17;6;3;0;7;0;0;1;0;0;0;0;0;412601,685200000181794;5380840,743400000035763;7,815143870000043;48,574557405000064;1
204596;08230414317100976260;08;3;17;056;2023;04;18;6;3;4;6;0;0;1;1;0;0;0;0;434296,319899999536574;5378912,160000000149012;8,109518828000034;48,559860079000032;1
204597;08230414311010974110;08;3;36;050;2023;04;18;6;3;3;5;0;0;1;1;0;0;0;0;399239,720999999903142;5273305,061000000685453;7,659426575000055;47,605317738000053;1
204599;08230414226600009500;08;2;26;096;2023;04;00;6;3;0;1;2;0;1;0;0;0;0;0;475404,200799999758601;5488913,363399999216199;8,659951573000058;49,552322644000071;1
204600;08230414222500958990;08;2;22;000;2023;04;20;6;3;0;7;2;0;1;0;0;0;0;0;464763,800999999977648;5475810,069399999454618;8,514016110000057;49,433939043000066;1
204602;08230414221011947700;08;2;26;012;2023;04;09;6;3;6;7;0;0;0;1;1;0;0;1;476379,500599999912083;5477092,947000000625849;8,674142048000022;49,446040507000077;1
204603;08230414216200943770;08;2;16;022;2023;04;07;6;3;5;3;0;0;1;1;0;0;0;0;433895,965099999681115;5404175,526200000196695;8,100055064000060;48,787062540000079;1
204605;08230414212010974010;08;2;12;000;2023;04;11;6;3;5;2;0;0;1;1;0;0;0;0;456585,059100000187755;5426832,562799999490380;8,406516935000070;48,992867370000056;1
204606;08230414212010950930;08;2;12;000;2023;04;16;6;3;5;2;0;0;1;1;0;0;0;0;453547,435499999672174;5429833,493899999186397;8,364651808000076;49,019639847000064;1
204609;08230414127010951700;08;1;27;075;2023;04;13;6;2;6;4;0;0;0;0;1;0;0;1;570931,421000000089407;5466065,348699999973178;9,976503534000074;49,343181480000055;1
204611;08230414121200962070;08;1;21;000;2023;04;18;6;3;4;2;0;0;1;1;0;0;0;0;516398,318900000303984;5443383,214800000190735;9,224841506000075;49,143056388000048;1
204614;08230414118100972750;08;1;18;079;2023;04;15;6;3;0;3;0;0;1;1;0;0;0;0;510429,235999999567866;5423491,905999999493361;9,142485942000064;48,964254395000069;1
204616;08230414115100972430;08;1;15;003;2023;04;13;6;3;0;7;0;0;1;0;0;0;0;0;501199,105600000359118;5392529,574599999934435;9,016291868000053;48,685807483000076;1
204618;08230414111500130790;08;1;11;000;2023;04;10;6;2;3;6;0;0;1;0;0;0;0;1;515392,219800000078976;5403130,480000000447035;9,209524385000066;48,780984303000025;1
204620;08230414111250130420;08;1;11;000;2023;04;14;6;2;8;1;0;0;1;0;0;0;0;0;517039,059500000439584;5400486,934900000691414;9,231832070000053;48,757160292000037;1
204621;08230414111140946070;08;1;11;000;2023;04;14;6;3;2;6;0;0;1;0;0;0;0;0;511450,887000000104308;5400850,934000000357628;9,155810338000038;48,760562681000067;1
204622;08230414111110946080;08;1;11;000;2023;04;13;6;3;6;7;0;0;0;0;1;0;0;1;513008,638199999928474;5401039,232499999925494;9,177012255000022;48,762225999000066;1
204623;08230413426010998930;08;4;25;039;2023;04;17;5;3;0;1;0;0;1;0;0;0;0;0;567083,198499999940395;5350599,438300000503659;9,904642697000043;48,305030314000078;1
204626;08230413337010968310;08;3;37;096;2023;04;16;5;2;6;4;0;1;0;1;1;0;0;0;420891,418499999679625;5267374,424100000411272;7,948505392000072;47,554968372000076;1
204627;08230413336400976550;08;3;36;008;2023;04;10;5;3;5;3;0;0;1;1;0;0;0;0;396663,529000000096858;5276251,752199999988079;7,624466303000077;47,631418178000047;1
204629;08230413335100958870;08;3;35;043;2023;04;13;5;3;5;3;0;0;1;1;0;0;0;0;514474,793399999849498;5279614,687100000679493;9,192816488000062;47,669761805000064;1
204631;08230413311400944980;08;3;15;074;2023;04;13;5;3;5;3;0;0;1;1;0;0;0;0;397527,124200000427663;5296210,059000000357628;7,631263198000056;47,811081668000043;1
204632;08230413311200958640;08;3;11;000;2023;04;16;5;3;3;6;0;0;1;1;0;0;0;0;414008,314000000245869;5317282,293299999088049;7,847150939000073;48,003050832000042;1
204633;08230413311010973250;08;3;15;047;2023;04;13;5;3;0;7;0;1;1;0;0;0;0;1;415393,424999999813735;5321311,115000000223517;7,864921252000045;48,039476482000055;1
204634;08230413311010967320;08;3;11;000;2023;04;09;5;3;5;3;0;0;1;0;0;0;0;0;418131,424399999901652;5314792,299100000411272;7,902891661000069;47,981193366000070;1
204635;08230413311010945190;08;3;11;000;2023;04;17;5;3;2;6;0;0;1;1;0;0;0;0;415193,275000000372529;5317426,500000000000000;7,863005366000039;48,004506346000028;1
204646;08230413115300951150;08;1;15;028;2023;04;07;5;3;5;2;0;0;1;1;0;0;0;0;500847,791299999691546;5404827,094200000166893;9,011543978000077;48,796436820000054;1
204649;08230412436200942160;08;4;36;064;2023;04;17;4;3;5;3;0;1;1;0;1;0;0;0;546026,209900000132620;5292886,890799999237061;9,614494716000024;47,787697140000034;1
204652;08230412421200950220;08;4;21;000;2023;04;20;4;3;0;1;2;1;1;0;0;0;0;0;572588,385900000110269;5361836,969499999657273;9,980809856000064;48,405507562000025;1
204655;08230412415400967000;08;4;15;061;2023;04;05;4;3;4;2;2;1;1;1;0;0;0;0;513502,995000000111759;5372028,413799999281764;9,182793911000033;48,501229848000037;1
204658;08230412311010948520;08;3;11;000;2023;04;20;4;3;4;2;2;1;1;1;0;0;0;0;413096,416799999773502;5316618,567399999126792;7,835062615000027;47,996957073000033;1
204665;08230412212702955750;08;2;15;017;2023;04;15;4;2;0;7;0;0;1;0;0;0;0;0;455067,909400000236928;5419869,301599999889731;8,386547395000036;48,930123180000066;1
204667;08230412126200963220;08;1;26;066;2023;04;05;4;3;1;2;2;1;1;1;0;0;0;0;535905,894100000150502;5450474,565999999642372;9,492940248000025;49,206012563000058;1
204670;08230426421200994220;08;4;21;000;2023;04;07;4;3;5;3;0;0;1;1;0;0;0;0;573848,406000000424683;5360979,832800000905991;9,997681706000037;48,397651079000070;1
204671;08230412119400969050;08;1;19;079;2023;04;05;4;3;5;2;2;0;1;0;0;0;0;1;522403,990299999713898;5407976,297499999403954;9,305234326000061;48,824363275000053;1
204679;08230411416200979700;08;4;16;041;2023;04;10;3;3;5;2;0;1;1;0;0;1;0;0;504249,672000000253320;5374267,823499999940395;9,057551975000024;48,521507185000075;1
204681;08230411415400965280;08;4;15;061;2023;04;19;3;3;6;4;0;0;0;1;1;0;0;0;515326,683100000023842;5372915,439899999648333;9,207514115000038;48,509167980000029;1
204683;08230426325102001020;08;3;25;070;2023;04;19;4;3;6;7;0;0;0;1;1;0;0;0;462230,535899999551475;5347650,915699999779463;8,490905508000026;48,280934254000044;1
204684;08230411415400000010;08;4;15;061;2023;04;10;3;3;5;3;0;0;1;0;0;0;0;1;515522,712000000290573;5372497,701300000771880;9,210152672000049;48,505405051000025;1
204686;08230411326400965200;08;3;26;074;2023;04;16;3;3;5;7;0;0;1;1;0;0;0;0;459903,946999999694526;5322836,579399999231100;8,461887429000058;48,057548433000079;1
204688;08230411325302974850;08;3;25;053;2023;04;09;3;3;6;7;0;1;0;1;1;0;0;0;451782,276300000026822;5337747,650100000202656;8,351209240000060;48,191132482000057;1
204693;08230411226700965360;08;2;26;041;2023;04;17;3;3;6;4;0;0;0;1;1;0;0;0;476785,029000000096858;5466913,882999999448657;8,680331314000057;49,354496985000026;1
204694;08230411226600971480;08;2;26;096;2023;04;14;3;3;5;3;0;0;1;1;0;0;0;0;475673,339999999850988;5487931,021500000730157;8,663733134000040;49,543497741000067;1
204695;08230411222400982000;08;2;26;028;2023;04;18;3;2;5;5;0;0;1;0;0;0;0;0;472231,737800000235438;5484778,617300000041723;8,616382947000034;49,514995150000061;1
204696;08230411216100962770;08;2;16;043;2023;04;11;3;2;5;3;0;0;1;1;0;0;0;0;443831,219800000078976;5412536,007600000128150;8,234155476000069;48,863242479000064;1
204697;08230411212402939260;08;2;12;000;2023;04;18;3;3;0;7;0;0;1;0;0;0;0;0;456033,884800000116229;5424019,787399999797344;8,399286954000047;48,967527026000027;1
204698;08230411212302130470;08;2;12;000;2023;04;20;3;3;0;1;2;0;1;0;0;0;0;0;455788,535500000230968;5428742,036499999463558;8,395421201000033;49,009986782000055;1
204701;08230411212000974530;08;2;12;000;2023;04;07;3;3;6;3;0;1;1;0;1;0;0;0;453813,984299999661744;5425686,129599999636412;8,368768904000035;48,982354038000040;1
204702;08230411121500939770;08;1;25;039;2023;04;11;3;3;3;2;0;0;1;1;0;0;0;0;511873,717899999581277;5459164,449899999424815;9,163270731000068;49,285116596000080;1
204704;08230411119500946700;08;1;19;089;2023;04;13;3;3;2;6;0;0;1;0;0;0;0;0;534644,843899999745190;5413558,637399999424815;9,472472362000076;48,874017306000042;1
204705;08230411119400972690;08;1;19;079;2023;04;19;3;3;6;4;1;0;0;1;1;0;0;0;522044,288499999791384;5408438,611999999731779;9,300358636000055;48,828535019000071;1
204706;08230411119300964380;08;1;19;067;2023;04;05;3;3;6;6;2;1;1;0;1;0;0;0;538542,969299999997020;5404931,761399999260902;9,524819939000054;48,796184200000027;1
204707;08230411118400965320;08;1;18;048;2023;04;14;3;3;6;7;0;0;0;0;1;0;0;1;513643,377899999730289;5415471,865100000053644;9,186129520000065;48,892046066000034;1
204708;08230411115200960210;08;1;15;021;2023;04;06;3;3;5;3;0;1;1;1;0;0;0;0;489790,185700000263751;5382455,963500000536442;8,861530967000022;48,595101364000072;1
204710;08230411111130131020;08;1;11;000;2023;04;08;3;3;0;3;0;1;1;0;0;0;0;0;511912,200500000268221;5401919,740700000897050;9,162118274000022;48,770168954000042;1
204711;08230410437000936570;08;4;37;076;2023;04;17;2;3;5;3;0;0;1;1;0;0;0;0;524542,096499999985099;5321924,904100000858307;9,329321744000026;48,050134118000074;1
204713;08230410421300937060;08;4;21;000;2023;04;14;2;3;0;1;0;0;1;0;0;0;0;0;571987,940899999812245;5362005,701099999248981;9,972726847000047;48,407094212000061;1
204714;08230410416200957270;08;4;16;022;2023;04;10;2;3;2;2;0;0;1;0;0;0;0;0;510440,283400000073016;5375483,057399999350309;9,141419732000031;48,532367393000072;1
204715;08230410416200947720;08;4;16;041;2023;04;15;2;3;0;1;0;0;1;0;0;0;0;0;504288,408099999651313;5374971,425599999725819;9,058083803000045;48,527836777000061;1
204717;08230410335200946460;08;3;35;063;2023;04;12;2;3;0;1;0;0;1;0;0;0;0;0;495690,173399999737740;5289683,716000000014901;8,942489712000054;47,760506862000057;1
204719;08230410311010934830;08;3;11;000;2023;04;18;2;2;6;4;0;0;0;1;1;0;0;0;409890,666299999691546;5314428,402300000190735;7,792559086000040;47,976812300000063;1
204720;08230410231302964600;08;2;31;000;2023;04;13;2;3;5;3;0;0;1;1;0;0;0;0;479036,590200000442564;5415829,918600000441074;8,713989788000049;48,895062580000058;1
204722;08230410226700938260;08;2;26;076;2023;04;19;2;3;3;2;1;0;1;0;0;0;0;1;474474,661100000143051;5465755,783299999311566;8,648592499000074;49,343987641000069;1
204723;08230410121600934540;08;1;25;021;2023;04;15;2;3;0;1;0;0;1;0;0;0;0;0;524236,951999999582767;5447955,244799999520183;9,332592713000054;49,183923453000034;1
204725;08230410118300935310;08;1;18;051;2023;04;14;2;3;6;7;0;0;0;1;1;0;0;0;509160,468000000342727;5414684,200999999418855;9,124954041000024;48,885042914000053;1
204726;08230417435200962360;08;4;35;036;2023;04;15;2;2;0;7;0;0;1;0;0;0;0;0;520521,276600000448525;5282370,987500000745058;9,273489538000035;47,694398233000072;1
204727;08230410118000953730;08;1;15;021;2023;04;13;2;3;5;3;0;0;1;0;0;0;0;0;490328,428199999965727;5382533,018400000408292;8,868828983000071;48,595803113000045;1
204729;08230422311010997240;08;3;11;000;2023;04;23;7;2;0;1;2;1;1;0;0;0;0;0;413803,847000000067055;5315821,370999999344349;7,844703772000059;47,989881768000032;1
204731;08230410111250130180;08;1;11;000;2023;04;12;2;2;2;1;0;0;1;1;0;0;0;0;519857,475300000049174;5401314,667300000786781;9,270218734000025;48,764522964000037;1
204732;08230409436300935060;08;4;36;049;2023;04;16;1;3;0;7;0;0;1;0;0;0;0;0;578175,106200000271201;5282495,491000000387430;10,041788657000041;47,691115027000080;1
204734;08230409231202960980;08;2;36;071;2023;04;14;1;3;0;7;0;0;1;0;0;0;0;0;468484,786000000312924;5420870,731300000101328;8,569642464000026;48,939960287000076;1
204735;08230409216100994960;08;2;16;043;2023;04;17;1;2;5;2;0;0;1;1;0;0;0;0;441410,281000000424683;5412076,609999999403954;8,201215749000028;48,858886259000030;1
204738;08230417327200960290;08;3;27;019;2023;04;14;2;2;8;1;0;1;1;0;0;0;0;0;482905,328999999910593;5331823,996500000357628;8,770215141000051;48,139438885000061;1
204740;08230409111500131290;08;1;11;000;2023;04;17;1;3;6;4;0;0;0;1;1;0;0;0;511316,065000000409782;5410877,092700000852346;9,154252216000032;48,850759354000047;1
204742;08230408437100932020;08;4;37;086;2023;04;12;7;3;5;3;0;0;1;1;0;0;0;0;531533,673600000329316;5309907,260999999940395;9,422253782000041;47,941704800000025;1
204743;08230408426300956480;08;4;26;097;2023;04;19;7;3;5;3;0;0;1;1;0;0;0;0;535487,250400000251830;5333271,181700000539422;9,477130144000057;48,151698552000028;1
204744;08230408421200952320;08;4;21;000;2023;04;04;7;3;0;1;2;1;1;0;0;0;0;0;573584,931300000287592;5360937,404699999839067;9,994115322000027;48,397300237000081;1
204746;08230408317010941330;08;3;17;121;2023;04;16;7;2;9;1;0;0;1;0;0;0;0;0;426579,948300000280142;5343674,577999999746680;8,011117897000076;48,242034488000058;1
204751;08230408231102989750;08;2;36;038;2023;04;18;7;3;6;7;0;0;0;1;1;0;0;0;489403,900000000372529;5428575,389000000432134;8,855101811000054;49,009980577000078;1
204753;08230413119400971920;08;1;19;079;2023;04;17;5;3;6;4;0;1;0;1;1;0;0;0;522988,948200000450015;5408564,957100000232458;9,313236735000032;48,829637335000029;1
204754;08230408231000956110;08;2;31;000;2023;04;10;7;3;6;7;0;0;0;1;1;0;0;0;477850,942099999636412;5415317,158199999481440;8,697841655000047;48,890408710000031;1
204755;08230408231000954160;08;2;31;000;2023;04;15;7;3;0;5;0;0;1;1;0;0;0;0;477361,683000000193715;5415203,554300000891089;8,691173557000070;48,889369086000045;1
204756;08230408226600958380;08;2;26;107;2023;04;12;7;3;1;5;0;0;1;1;0;0;0;0;475692,471699999645352;5482626,471799999475479;8,664324338000029;49,495785949000037;1
204758;08230408226400970440;08;2;26;063;2023;04;15;7;2;6;4;0;0;1;0;1;0;0;0;469854,654099999926984;5471383,548900000751019;8,584564122000074;49,394397422000054;1
204760;08230408222014938450;08;2;22;000;2023;04;18;7;3;5;3;0;0;1;1;0;0;0;0;461962,775899999774992;5482157,560799999162555;8,474775630000067;49,490862857000081;1
204762;08230408136200956470;08;1;36;019;2023;04;14;7;3;4;2;0;0;1;1;0;0;0;0;581358,315999999642372;5423457,665999999269843;10,111416228000053;48,958680198000081;1
204763;08230408128100951420;08;1;28;126;2023;04;19;7;3;6;7;1;0;0;1;1;0;0;0;565168,331699999980628;5481452,700999999418855;9,899700561000031;49,482216218000076;1
204765;08230408119200108730;08;1;19;020;2023;04;15;7;2;0;7;0;0;0;0;1;0;0;1;519211,346099999733269;5409350,567600000649691;9,261802319000026;48,836832878000052;1
204771;08230407221400951520;08;2;21;000;2023;04;16;6;3;4;7;0;0;1;1;0;0;0;0;477540,800599999725819;5470501,860700000077486;8,690535556000043;49,386798814000031;1
204773;08230407215102938830;08;2;12;000;2023;04;14;6;3;0;1;0;1;1;0;0;0;0;0;454466,497000000439584;5431677,421000000089407;8,377014311000039;49,036294571000042;1
204776;08230407121500952110;08;1;25;063;2023;04;10;6;3;0;7;0;1;1;0;0;0;0;1;524311,671799999661744;5461395,701700000092387;9,334433526000055;49,304818491000049;1
204779;08230407116100951000;08;1;16;019;2023;04;17;6;3;8;1;0;0;1;0;0;0;0;0;525796,820199999958277;5396603,171599999070168;9,350744354000028;48,721921219000080;1
204783;08230406417200949870;08;4;17;002;2023;04;11;5;3;6;7;0;0;0;0;1;0;0;1;489061,163700000382960;5345461,309599999338388;8,852609352000059;48,262267270000052;1
204785;08230406337200946380;08;3;37;126;2023;04;08;5;3;0;6;0;0;0;1;1;0;0;0;440878,283999999985099;5274730,740900000557303;8,213145035000025;47,623280826000041;1
204786;08230427416200999810;08;4;16;041;2023;04;14;5;3;3;6;0;0;1;1;0;0;0;0;504959,019600000232458;5373116,503699999302626;9,067144752000047;48,511144283000078;1
204787;08230406337010932920;08;3;37;126;2023;04;19;5;2;6;6;1;0;0;1;1;0;0;0;445589,210199999623001;5276115,844900000840425;8,275665511000057;47,636155565000081;1
204789;08230406336200950120;08;3;36;069;2023;04;19;5;3;0;1;0;0;1;0;0;0;0;0;409448,514999999664724;5268855,246500000357628;7,796135955000068;47,566794623000078;1
204790;08230406335100952010;08;3;35;043;2023;04;13;5;3;5;3;0;0;1;1;0;0;0;0;511053,914699999615550;5280945,825999999418855;9,147281370000030;47,681806479000045;1
204791;08230406335100937670;08;3;35;043;2023;04;19;5;3;0;1;0;0;1;0;0;0;0;0;515582,661299999803305;5281043,673499999567866;9,207625128000075;47,682593559000054;1
204795;08230406316100940020;08;3;16;043;2023;04;18;5;3;1;3;0;0;1;1;0;0;0;0;410760,122399999760091;5332272,966499999165535;7,800483736000047;48,137448326000026;1
204797;08230406311010929160;08;3;11;000;2023;04;10;5;3;0;1;0;0;1;0;0;0;0;0;411264,461600000038743;5316928,185699999332428;7,810446760000048;47,999490529000070;1
204803;08230406225200934480;08;2;25;014;2023;04;11;5;2;6;2;0;0;0;1;1;0;0;0;523456,239000000059605;5485707,195699999108911;9,324102974000027;49,523529571000040;1
204805;08230406222500930870;08;2;22;000;2023;04;15;5;3;6;7;0;0;0;1;1;0;0;0;465552,514299999922514;5475830,509999999776483;8,524892010000030;49,434168098000043;1
204809;08230406212010936540;08;2;15;101;2023;04;07;5;3;6;4;0;0;1;0;1;0;0;0;464801,994599999859929;5427985,529100000858307;8,518738057000064;49,003761746000066;1
204811;08230406118200987330;08;1;18;067;2023;04;08;5;3;3;6;0;0;1;1;0;0;0;0;505960,712199999950826;5413554,782400000840425;9,081291127000043;48,874921929000038;1
204812;08230406117300975090;08;1;17;026;2023;04;10;5;3;6;7;0;0;0;1;1;0;0;0;547340,583200000226498;5395418,618899999186397;9,643511536000062;48,710001693000038;1
204814;08230406116010932390;08;1;16;019;2023;04;10;5;3;6;7;0;0;0;1;1;0;0;0;522367,312800000421703;5398429,073200000450015;9,304215148000026;48,738479370000050;1
204816;08230406115100948940;08;1;15;003;2023;04;15;5;3;5;3;0;0;1;1;0;0;0;0;502432,606999999843538;5392275,292700000107288;9,033049561000041;48,683516346000033;1
204818;08230406111500130620;08;1;11;000;2023;04;22;5;3;5;3;2;0;1;1;0;0;0;0;512874,924599999561906;5402483,992699999362230;9,175238004000050;48,775225751000050;1
204821;08230406111130130230;08;1;11;000;2023;04;19;5;2;0;7;1;0;1;0;0;0;0;0;511022,583200000226498;5402786,645700000226498;9,150034370000071;48,777983973000062;1
204822;08230405421200929750;08;4;21;000;2023;04;15;4;3;6;4;0;0;0;1;1;0;0;0;573083,196600000374019;5361205,401699999347329;9,987384707000047;48,399769292000030;1
204823;08230405416100929340;08;4;16;036;2023;04;17;4;3;6;4;0;0;1;0;1;0;0;0;495961,975700000301003;5369656,341600000858307;8,945358909000049;48,480021866000072;1
204824;08230405415400947770;08;4;15;061;2023;04;17;4;3;5;3;0;0;1;1;0;0;0;0;515422,538499999791384;5372937,887800000607967;9,208812761000047;48,509367582000039;1
204825;08230405415400935140;08;4;15;061;2023;04;12;4;3;0;7;0;0;1;0;0;0;0;0;515606,552099999971688;5371076,867599999532104;9,211234612000055;48,492620668000029;1
204827;08230405317600926960;08;3;17;051;2023;04;13;4;3;8;1;0;0;1;0;0;0;0;0;442943,281999999657273;5339903,846999999135733;8,231996998000056;48,209797076000029;1
204829;08230405317100928810;08;3;17;089;2023;04;15;4;3;5;3;0;0;1;1;0;0;0;0;431603,559100000187755;5376051,151399999856949;8,073498673000074;48,533836867000048;1
204831;08230405316100927870;08;3;16;011;2023;04;17;4;3;0;1;0;0;1;0;0;0;0;0;414238,140200000256300;5329322,997300000861287;7,847817125000063;48,111391207000054;1
204834;08230405311010951490;08;3;36;105;2023;04;18;4;2;6;4;0;0;1;0;1;0;0;0;398581,106900000013411;5267553,760600000619888;7,651995328000055;47,553480032000039;1
204836;08230405311010944270;08;3;36;050;2023;04;12;4;2;6;7;0;0;0;1;1;0;0;0;399484,787899999879301;5273896,068800000473857;7,662550625000051;47,610672113000078;1
204837;08230405311010928010;08;3;11;000;2023;04;16;4;3;0;1;0;0;1;0;0;0;0;0;413817,843999999575317;5315879,484999999403954;7,844879669000022;47,990406412000027;1
204838;08230405311010927290;08;3;11;000;2023;04;09;4;3;0;1;0;0;1;0;0;0;0;0;418063,076000000350177;5314616,388100000098348;7,902009467000028;47,979602196000030;1
204840;08230405226700927390;08;2;26;098;2023;04;08;4;3;5;3;0;0;1;1;0;0;0;0;475340,480800000019372;5459843,290699999779463;8,660877364000044;49,290840620000040;1
204841;08230405222600926500;08;2;22;000;2023;04;06;4;3;6;4;1;0;0;1;1;0;0;0;461409,002600000239909;5483721,398800000548363;8,466976633000058;49,504893747000040;1
204842;08230405222014941130;08;2;22;000;2023;04;14;4;2;3;2;0;0;1;1;0;0;0;0;467908,716900000348687;5484431,914499999955297;8,556690586000059;49,511663291000048;1
204844;08230413435200942570;08;4;35;059;2023;04;20;5;3;6;7;1;1;0;1;1;0;0;0;511249,447700000368059;5291388,584699999541044;9,150156450000054;47,775762699000040;1
204845;08230405221011930410;08;2;21;000;2023;04;13;4;3;5;3;0;0;1;1;0;0;0;0;479096,007899999618530;5473018,510900000110269;8,711831985000060;49,409491150000065;1
204846;08230421416010974900;08;4;15;061;2023;04;17;6;2;1;7;0;0;1;1;0;0;0;0;514118,323599999770522;5370300,731699999421835;9,191065336000065;48,485673466000037;1