OID_;UIDENTSTLAE;ULAND;UREGBEZ;UKREIS;UGEMEINDE;UJAHR;UMONAT;USTUNDE;UWOCHENTAG;UKATEGORIE;UART;UTYP1;ULICHTVERH;IstStrassenzustand;IstRad;IstPKW;IstFuss;IstKrad;IstGkfz;IstSonstige;LINREFX;LINREFY;XGCSWGS84;YGCSWGS84;PLST
204849;08230405119200962270;08;1;19;093;2023;04;19;4;3;5;1;0;0;1;1;0;0;0;0;524999,794300000183284;5404078,916200000792742;9,340361860000030;48,789204306000045;1
204851;08230405116500963060;08;1;16;049;2023;04;16;4;3;6;4;0;0;0;1;1;0;0;0;525782,142699999734759;5386517,913000000640750;9,349915890000034;48,631195288000072;1
204852;08230405116500929770;08;1;16;049;2023;04;15;4;2;1;6;0;0;1;0;0;0;1;0;525320,823599999770522;5386148,905400000512600;9,343632433000039;48,627894533000074;1
204853;08230405116400926670;08;1;16;033;2023;04;08;4;3;5;3;0;0;1;1;0;0;0;0;533700,350899999961257;5387956,105900000780821;9,457495834000042;48,643756513000028;1
204854;08230405111500131040;08;1;11;000;2023;04;13;4;3;6;1;0;0;0;0;1;0;0;1;510137,973500000312924;5402305,622899999842048;9,137981645000025;48,773671765000074;1
204855;08230405111320129960;08;1;11;000;2023;04;09;4;2;0;1;0;0;1;0;0;0;0;0;517925,756699999794364;5405550,871600000187755;9,244117097000071;48,802689958000030;1
204856;08230405111240929690;08;1;11;000;2023;04;16;4;3;0;4;0;0;0;1;1;0;0;0;519053,177199999801815;5404152,578400000929832;9,259405545000050;48,790077594000081;1
204857;08230405111240130020;08;1;11;000;2023;04;13;4;3;6;4;0;0;0;1;1;0;0;0;514585,849100000225008;5401582,182499999180436;9,198492935000047;48,767075379000062;1
204858;08230405111240130010;08;1;11;000;2023;04;18;4;3;5;3;0;0;1;1;0;0;0;0;515109,931200000457466;5409771,906199999153614;9,205926317000035;48,840736532000051;1
204859;08230404435100927140;08;4;35;016;2023;04;19;3;3;5;3;1;0;1;1;0;0;0;0;535323,899299999698997;5278041,843200000002980;9,470410247000075;47,654807461000075;1
204863;08230404416200926390;08;4;16;041;2023;04;18;3;3;1;7;0;0;1;1;0;0;0;0;505520,136400000192225;5372938,923599999397993;9,074739876000024;48,509542024000041;1
204867;08230413311010944640;08;3;11;000;2023;04;12;5;3;5;3;0;0;1;1;0;0;0;0;410056,388500000350177;5316853,212300000712276;7,794271219000052;47,998647301000062;1
204869;08230404336300927620;08;3;36;057;2023;04;13;3;2;0;7;0;0;1;0;0;0;0;0;408961,504499999806285;5277529,951899999752641;7,787860982000041;47,644762361000062;1
204870;08230404335400925070;08;3;35;098;2023;04;07;3;3;0;7;0;0;1;0;0;0;0;0;503757,696800000034273;5296718,930500000715256;9,050203606000025;47,823809738000080;1
204871;08230404335200925490;08;3;35;063;2023;04;08;3;3;5;3;0;0;1;1;0;0;0;0;497474,381699999794364;5287401,517699999734759;8,966311420000068;47,739982062000081;1
204873;08230404311100945480;08;3;15;015;2023;04;08;3;3;6;4;0;0;0;1;1;0;0;0;394981,902300000190735;5320770,963500000536442;7,591290901000036;48,031586845000049;1
204878;08230404222014938610;08;2;22;000;2023;04;17;3;3;0;4;0;0;0;0;1;0;0;1;461662,685200000181794;5481025,679199999198318;8,470741868000061;49,480663293000077;1
204881;08230404136100946940;08;1;36;088;2023;04;13;3;3;6;4;0;0;0;0;1;0;1;0;580346,535199999809265;5410818,244200000539422;10,095110406000060;48,845132032000038;1
204884;08230404121200966750;08;1;21;000;2023;04;14;3;3;3;2;0;0;1;1;0;0;0;0;517453,964300000108778;5443065,750700000673532;9,239301849000071;49,140171607000070;1
204886;08230404119200931670;08;1;19;020;2023;04;08;3;3;0;1;0;0;1;0;0;0;0;0;519942,660600000061095;5407552,914899999275804;9,271680743000047;48,820638521000035;1
204887;08230404118400946860;08;1;18;048;2023;04;15;3;3;0;7;0;0;1;0;0;0;0;0;513716,154199999757111;5415705,096699999645352;9,187130194000076;48,894142549000037;1
204890;08230404115300946270;08;1;15;028;2023;04;18;3;3;1;7;1;0;1;1;0;0;0;0;501360,497800000011921;5407014,225400000810623;9,018532511000046;48,816111166000042;1
204892;08230404111500928890;08;1;11;000;2023;04;19;3;3;5;3;0;0;1;1;0;0;0;0;507785,319799999706447;5398447,098600000143051;9,105888230000062;48,738994431000037;1
204893;08230404111500129910;08;1;11;000;2023;04;13;3;3;5;3;0;0;1;1;0;0;0;0;515815,231399999931455;5405796,627699999138713;9,215385169000058;48,804958030000080;1
204897;08230426311010982550;08;3;11;000;2023;04;18;4;3;0;7;0;0;1;0;0;0;0;0;411473,144999999552965;5318576,012000000104308;7,812903532000064;48,014342060000047;1
204898;08230403337200954180;08;3;37;125;2023;04;17;2;3;0;1;0;0;1;0;0;0;0;0;446324,833300000056624;5273704,245400000363588;8,285753226000054;47,614519626000060;1
204899;08230403311400924830;08;3;15;006;2023;04;11;2;2;2;6;0;0;1;0;0;0;0;1;402640,648299999535084;5308190,953700000420213;7,696847267000066;47,919644677000065;1
204900;08230403311010928210;08;3;36;050;2023;04;17;2;3;4;6;0;0;1;0;0;0;0;0;399477,170800000429153;5274108,095399999991059;7,662400660000060;47,612578184000029;1
204902;08230403231000925280;08;2;36;076;2023;04;18;2;2;9;1;0;0;1;0;0;0;0;0;471845,968200000002980;5423463,651000000536442;8,615360843000076;48,963446981000061;1
204905;08230403222014976880;08;2;22;000;2023;04;11;2;2;5;3;0;0;1;0;0;0;0;1;464418,025200000032783;5477185,229599999263883;8,509123844000044;49,446287916000074;1
204906;08230403235100953950;08;2;35;007;2023;04;18;2;3;6;4;0;0;0;1;1;0;0;0;484444,352800000458956;5397000,383600000292063;8,788482616000067;48,725834248000069;1
204908;08230403221300933460;08;2;21;000;2023;04;18;2;3;0;5;0;0;1;0;0;0;0;1;476891,104600000195205;5475930,479399999603629;8,681267571000035;49,435604028000057;1
204909;08230403215302925660;08;2;15;007;2023;04;18;2;3;1;5;0;0;1;1;0;0;0;0;478950,042000000365078;5431637,958499999716878;8,711991222000051;49,037261756000078;1
204910;08230403212010943400;08;2;12;000;2023;04;19;2;3;5;3;0;0;1;1;0;0;0;0;455737,430200000293553;5428258,533700000494719;8,394775107000044;49,005633961000058;1
204912;08230403212010935620;08;2;12;000;2023;04;13;2;3;5;3;0;0;1;1;0;0;0;0;453583,872800000011921;5427973,894200000911951;8,365362793000031;49,002915405000067;1
204917;08230407231000957530;08;2;31;000;2023;04;17;6;3;4;6;0;0;1;0;0;0;0;1;477679,146399999968708;5414785,821799999102950;8,695527067000057;48,885622821000027;1
204918;08230403121200925150;08;1;21;000;2023;04;18;2;3;6;7;0;0;1;0;1;0;0;0;515989,566200000233948;5442912,807000000029802;9,219218373000047;49,138835692000043;1
204921;08230403111500130220;08;1;11;000;2023;04;08;2;3;0;7;0;0;1;0;0;0;0;0;514248,990500000305474;5401511,844799999147654;9,193906354000035;48,766450430000077;1
204922;08230403111500018960;08;1;11;000;2023;04;15;2;3;5;2;0;0;1;1;0;0;0;0;507486,102800000458956;5397166,391599999740720;9,101795321000054;48,727476832000036;1
204923;08230402426010923890;08;4;26;128;2023;04;14;1;2;0;1;0;0;1;0;0;0;0;0;560117,959599999710917;5332096,247899999842048;9,808099727000069;48,139277167000046;1
204924;08230402317600930430;08;3;17;011;2023;04;14;1;3;0;1;0;0;1;0;0;0;0;0;428183,037100000306964;5354480,102099999785423;8,030868747000056;48,339418624000075;1
204926;08230414118500973210;08;1;18;049;2023;04;16;6;3;4;2;0;0;1;0;0;0;0;0;518482,166000000201166;5422057,603000000119209;9,252440408000041;48,951163635000057;1
204927;08230402311010930530;08;3;11;000;2023;04;18;1;3;5;3;0;1;1;1;0;0;0;0;413764,317400000058115;5315853,385700000450015;7,844167633000040;47,990164423000067;1
204928;08230402226700942130;08;2;26;098;2023;04;15;1;3;6;6;0;0;0;1;1;0;0;0;480681,118800000287592;5460757,508099999278784;8,734277739000049;49,299256255000046;1
204934;08230402111240129900;08;1;11;000;2023;04;18;1;3;6;4;0;0;0;1;1;0;0;0;519686,765599999576807;5401275,046700000762939;9,267893863000040;48,764171964000070;1
204935;08230401436400922690;08;4;36;064;2023;04;00;7;2;0;1;2;1;1;0;0;0;0;0;547506,132199999876320;5294089,789000000804663;9,634383598000056;47,798412097000039;1
204940;08230401311010930950;08;3;11;000;2023;04;14;7;3;0;6;0;0;1;0;0;0;0;1;414522,335799999535084;5315625,542400000616908;7,854370744000050;47,988216652000062;1
204942;08230401212502924150;08;2;12;000;2023;04;09;7;3;5;2;0;1;1;0;0;0;0;1;451456,842799999751151;5427833,752499999478459;8,336299143000076;49,001491210000040;1
204943;08230401211000923910;08;2;11;000;2023;04;17;7;2;6;7;0;1;0;1;1;0;0;0;445281,050999999977648;5397881,928999999538064;8,255874056000039;48,731556113000067;1
204944;08230401118600937100;08;1;18;050;2023;04;08;7;2;0;7;0;0;1;0;0;0;0;0;505876,467400000430644;5416694,190799999982119;9,080187359000035;48,903164166000067;1
204945;08230401118010934500;08;1;18;076;2023;04;07;7;2;0;1;0;0;1;0;0;0;0;0;501051,019000000320375;5427778,966900000348687;9,014370302000032;49,002906359000065;1
204946;08230403311400924740;08;3;15;006;2023;04;17;2;3;5;3;0;0;1;1;0;0;0;0;402640,890200000256300;5307338,578800000250340;7,697043041000029;47,911977610000065;1
204947;08230401116400937690;08;1;16;033;2023;04;15;7;3;1;3;0;1;1;1;0;0;0;0;533118,286799999885261;5388201,811400000005960;9,449613983000063;48,645997967000028;1
204949;08230401111250130310;08;1;11;000;2023;04;17;7;3;0;1;0;0;1;0;0;0;0;0;516033,251600000075996;5403383,889399999752641;9,218260158000021;48,783247755000048;1
204950;08230331436400914370;08;4;36;082;2023;03;11;6;3;6;4;0;1;0;1;1;0;0;0;548141,274400000460446;5295087,417899999767542;9,642975314000068;47,807340511000064;1
204951;08230331421200906730;08;4;21;000;2023;03;08;6;2;4;2;0;1;1;1;0;0;0;0;573269,999599999748170;5362284,483599999919534;9,990096498000071;48,409454172000039;1
204955;08230331415300907790;08;4;15;059;2023;03;11;6;3;6;7;0;0;0;1;1;0;0;0;516732,038200000301003;5367992,203299999237061;9,226344453000024;48,464840942000080;1
204956;08230331336400900050;08;3;36;091;2023;03;08;6;3;3;6;0;0;1;0;0;0;0;1;396471,109100000001490;5271931,470699999481440;7,622926488000076;47,592525671000033;1
204958;08230405215102937280;08;2;15;105;2023;04;14;4;3;5;3;0;0;1;1;0;0;0;0;457078,543200000189245;5442487,353599999099970;8,411602329000061;49,133717401000069;1
204960;08230331335300914600;08;3;35;075;2023;03;15;6;3;5;3;0;0;1;1;0;0;0;0;488964,474999999627471;5288910,277000000700355;8,852761898000040;47,753467756000077;1
204961;08230331335300896520;08;3;35;035;2023;03;08;6;3;6;4;0;1;0;1;1;0;0;0;483143,935399999842048;5290264,231200000271201;8,775051141000063;47,765524056000061;1
204962;08230331335200896950;08;3;35;063;2023;03;11;6;3;0;1;0;0;1;0;0;0;0;0;497237,032700000330806;5287939,953500000759959;8,963142063000021;47,744825715000047;1
204964;08230331335100914180;08;3;35;043;2023;03;11;6;3;4;6;0;1;1;1;0;0;0;0;513265,908999999985099;5278275,027499999850988;9,176672532000055;47,657733915000051;1
204965;08230331335100908380;08;3;35;043;2023;03;16;6;3;5;2;0;0;1;1;0;0;0;0;512712,297000000253320;5279863,225500000640750;9,169345893000070;47,672035122000068;1
204968;08230331316100912760;08;3;16;011;2023;03;22;6;3;4;1;2;1;1;1;0;0;0;0;414574,820899999700487;5330228,742900000885129;7,852157901000055;48,119583823000028;1
204970;08230426118600005500;08;1;18;012;2023;04;20;4;3;4;6;0;0;1;1;0;0;0;0;497489,896200000308454;5413932,734999999403954;8,965765318000024;48,878345491000061;1
204971;08230331311010915350;08;3;11;000;2023;03;13;6;3;1;6;0;0;1;1;0;0;0;0;413777,980899999849498;5315845,698300000280142;7,844352273000027;47,990097115000026;1
204972;08230331311010913740;08;3;11;000;2023;03;09;6;3;0;7;0;1;1;0;0;0;0;1;417440,610600000247359;5315204,461400000378489;7,893556711000031;47,984812200000079;1
204974;08230418135010980930;08;4;25;031;2023;04;07;3;2;0;3;0;0;1;0;0;0;0;1;571675,507000000216067;5368326,853000000119209;9,969587172000047;48,463989936000075;1
204979;08230331221011916120;08;2;21;000;2023;03;17;6;3;6;5;0;1;0;1;1;0;0;0;481424,012600000016391;5473516,366499999538064;8,743900597000049;49,414044826000065;1
204980;08230331221011915890;08;2;21;000;2023;03;10;6;2;6;7;0;1;0;1;1;0;0;0;477218,421099999919534;5475074,603499999269843;8,685831224000026;49,427917945000047;1
204981;08230331222200898050;08;2;22;000;2023;03;13;6;3;0;5;0;1;1;1;0;0;0;0;461707,477099999785423;5481688,890799999237061;8,471295979000047;49,486631361000036;1
204982;08230331221011911310;08;2;21;000;2023;03;13;6;3;0;7;0;0;1;0;0;0;0;0;476669,268299999646842;5473387,800699999555945;8,678357450000021;49,412724642000057;1
204985;08230422118400994830;08;1;18;048;2023;04;08;7;3;7;1;0;0;1;0;0;0;0;0;513822,136300000362098;5415492,685900000855327;9,188568918000044;48,892229403000044;1
204986;08230331212010908670;08;2;12;000;2023;03;14;6;3;0;6;0;0;1;1;0;0;0;0;457407,069500000216067;5428640,337200000882149;8,417563629000028;49,009185824000042;1
204987;08230331136100912940;08;1;36;088;2023;03;21;6;3;0;1;2;1;1;0;0;0;0;0;579741,000000000000000;5410018,910900000482798;10,086703052000075;48,838020725000035;1
204991;08230331115100914320;08;1;15;024;2023;03;08;6;3;6;4;0;1;0;1;1;0;0;0;500683,528099999763072;5387976,608300000429153;9,009279357000025;48,644849132000047;1
204994;08230330435100895950;08;4;35;057;2023;03;12;5;3;3;6;0;1;1;0;0;0;0;0;544209,640200000256300;5279400,786599999293685;9,588873814000067;47,666488043000072;1
204995;08230330417300902400;08;4;17;031;2023;03;12;5;3;0;1;0;1;1;0;0;0;0;0;497271,045099999755621;5355183,995400000363588;8,963166925000053;48,349827973000060;1
204998;08230330336300893790;08;3;36;081;2023;03;11;5;3;5;2;0;1;1;1;0;0;0;0;411424,562400000169873;5277801,318800000473857;7,820593329000076;47,647545299000058;1
205004;08230330317500895000;08;3;17;096;2023;03;16;5;3;0;2;0;0;1;1;0;0;0;0;422221,244199999608099;5369651,161599999293685;7,947619025000051;48,475176911000062;1
205005;08230330317300912700;08;3;17;065;2023;03;09;5;3;5;2;0;1;1;1;0;0;0;0;415324,718000000342727;5355021,793099999427795;7,857276891000026;48,342698480000081;1
205006;08230330317300906420;08;3;17;065;2023;03;08;5;3;6;3;0;1;1;0;1;0;0;0;416049,342100000008941;5354870,264399999752641;7,867084163000072;48,341432217000033;1
205008;08230330311010917420;08;3;15;064;2023;03;14;5;3;5;3;0;1;1;1;0;0;0;0;421789,679499999620020;5313438,994799999520183;7,952153058000022;47,969477161000043;1
205010;08230330311010897180;08;3;15;047;2023;03;14;5;3;1;5;0;0;1;1;0;0;0;0;415804,115699999965727;5321969,634199999272823;7,870300423000060;48,045454404000054;1
205011;08230330311010893230;08;3;36;091;2023;03;18;5;3;4;3;0;0;1;1;0;0;0;0;396301,742300000041723;5271768,282899999991059;7,620712932000060;47,591030697000065;1
205012;08230330231000896090;08;2;37;004;2023;03;08;5;2;0;7;0;1;1;0;0;0;0;0;455617,346300000324845;5374872,748099999502301;8,398892319000026;48,525394364000078;1
205013;08230330222500913630;08;2;22;000;2023;03;13;5;2;3;2;0;0;1;1;0;0;0;0;463052,387799999676645;5478869,800499999895692;8,490127622000045;49,461358378000057;1
205014;08230330222300895990;08;2;22;000;2023;03;07;5;3;5;3;0;0;1;0;0;0;0;1;465914,473699999973178;5482084,179300000891089;8,529345613000032;49,490437687000053;1
205015;08230330222014919760;08;2;22;000;2023;03;22;5;3;1;5;2;0;1;1;0;0;0;0;461844,927000000141561;5479518,969000000506639;8,473402971000041;49,467122680000045;1
205016;08230330222014915950;08;2;22;000;2023;03;12;5;3;6;2;0;0;0;0;1;0;1;0;462322,640800000168383;5481238,326700000092387;8,479832094000074;49,482617274000063;1
205017;08230330212502894360;08;2;12;000;2023;03;06;5;3;5;3;2;1;1;1;0;0;0;0;454264,171000000089407;5428845,960000000894070;8,374565534000055;49,010810482000068;1
205019;08230330212010903240;08;2;15;108;2023;03;08;5;2;5;3;0;1;1;0;0;0;0;1;450451,227099999785423;5425663,184100000187755;8,322815648000073;48,981887043000029;1
205023;08230330121200892010;08;1;21;000;2023;03;08;5;3;0;7;0;1;1;0;0;0;0;0;516837,944299999624491;5444189,494999999180436;9,230902969000056;49,150297237000075;1
205024;08230330121200209540;08;1;21;000;2023;03;19;5;2;0;7;1;0;1;0;0;0;0;0;515786,123999999836087;5443328,421700000762939;9,216445464000060;49,142579546000036;1
205027;08230330118400896540;08;1;18;048;2023;03;14;5;3;5;3;0;0;1;1;0;0;0;0;513268,597699999809265;5415150,601299999281764;9,181006183000022;48,889164198000060;1
205028;08230330116500919380;08;1;16;049;2023;03;13;5;2;6;4;0;1;0;1;1;0;0;0;524977,673999999649823;5386198,371400000527501;9,338978568000073;48,628353331000028;1
205029;08230330116500919030;08;1;16;035;2023;03;16;5;2;3;3;0;0;1;1;0;0;0;0;526378,075799999758601;5391965,718299999833107;9,358350919000031;48,680178783000031;1
205030;08230330116010918360;08;1;16;019;2023;03;13;5;3;5;3;0;1;1;1;0;0;0;0;522958,209699999541044;5398224,244000000879169;9,312240331000055;48,736615252000036;1
205032;08230330111250246930;08;1;11;000;2023;03;18;5;3;0;1;0;1;1;0;0;0;0;0;517786,221199999563396;5402147,302100000903010;9,242069573000038;48,772075900000061;1
205037;08230329335200916180;08;3;35;063;2023;03;08;4;3;0;6;0;0;1;0;0;0;0;1;498220,610100000165403;5287376,188899999484420;8,976265273000024;47,739756654000075;1
205038;08230329335000891310;08;3;35;043;2023;03;16;4;2;6;4;0;0;0;1;1;0;0;0;510957,030700000002980;5282072,071900000795722;9,146018781000066;47,691941696000072;1
205039;08230329327100893710;08;3;27;050;2023;03;17;4;3;0;4;0;0;0;1;1;0;0;0;486308,546400000341237;5314324,491699999198318;8,816520897000032;47,982077399000048;1
205041;08230329231202912220;08;2;36;070;2023;03;18;4;3;0;3;0;0;1;1;0;0;0;0;469175,338999999687076;5416508,988700000569224;8,579401658000052;48,900759034000032;1
205042;08230329231000895970;08;2;31;000;2023;03;13;4;3;0;7;0;0;1;1;0;0;0;0;478322,079900000244379;5415040,435799999162555;8,704283526000040;48,887936068000045;1
205044;08230329222200919240;08;2;22;000;2023;03;17;4;3;6;4;0;0;0;1;1;0;0;0;461376,120199999772012;5482418,233999999240041;8,466649881000023;49,493170409000072;1
205047;08230329222014903000;08;2;22;000;2023;03;05;4;2;5;3;2;0;1;1;0;0;0;0;460167,650899999774992;5483730,412399999797344;8,449830848000033;49,504894557000057;1
205048;08230329222014889400;08;2;22;000;2023;03;07;4;3;5;3;0;0;1;0;0;0;0;1;465409,337199999950826;5484440,545199999585748;8,522164584000052;49,511603479000030;1
205050;08230418212010953810;08;2;12;000;2023;04;07;3;3;5;3;0;0;1;1;0;0;0;0;457339,138799999840558;5429310,924699999392033;8,416564278000067;49,015213153000047;1
205051;08230329221200913070;08;2;21;000;2023;03;15;4;3;5;3;0;0;1;1;0;0;0;0;476986,829300000332296;5472231,713600000366569;8,682802346000074;49,402337917000068;1
205054;08230329215102907920;08;2;15;102;2023;03;19;4;3;6;4;0;0;1;0;1;0;0;0;456675,854399999603629;5438160,052300000563264;8,406546811000055;49,094765261000077;1
205055;08230329212010896430;08;2;12;000;2023;03;13;4;3;6;6;0;0;0;0;1;0;0;1;454293,827200000174344;5429774,859699999913573;8,374866435000058;49,019168185000069;1
205056;08230329121500912440;08;1;25;039;2023;03;06;4;3;0;1;2;1;1;0;0;0;0;0;511787,646099999547005;5458559,947000000625849;9,162069376000034;49,279680675000066;1
205057;08230329119400918140;08;1;19;090;2023;03;08;4;3;0;7;0;0;1;0;0;0;0;0;529886,205799999646842;5406726,842000000178814;9,407079441000064;48,812808615000051;1
205058;08230423311010998530;08;3;11;000;2023;04;17;1;3;0;7;0;0;1;0;0;0;0;0;413421,374200000427663;5315266,161399999633431;7,839690496000060;47,984835791000080;1
205061;08230329116200912430;08;1;16;078;2023;03;17;4;3;0;7;0;1;1;0;0;0;0;0;512093,981200000271201;5392986,011299999430776;9,164330100000029;48,689797592000048;1
205062;08230329115300905830;08;1;15;041;2023;03;17;4;3;0;4;0;0;0;1;1;0;0;0;495171,161799999885261;5401929,873900000005960;8,934282025000073;48,770355395000081;1
205063;08230329115300901480;08;1;15;028;2023;03;12;4;3;6;7;0;0;0;1;1;0;0;0;499867,750900000333786;5404570,560799999162555;8,998199308000039;48,794129626000029;1
205064;08230329115300900250;08;1;15;028;2023;03;19;4;3;5;3;1;0;1;1;0;0;0;0;501655,629999999888241;5404200,690099999308586;9,022541415000035;48,790800100000070;1
205066;08230329111500019130;08;1;11;000;2023;03;16;4;3;3;2;0;1;1;1;0;0;0;0;515815,096099999733269;5405493,741200000047684;9,215371659000027;48,802233309000030;1
205068;08230329111130130530;08;1;11;000;2023;03;12;4;3;6;4;0;0;0;1;1;0;0;0;511946,402900000102818;5403445,236999999731779;9,162628070000039;48,783891556000071;1
205069;08230328436300887030;08;4;36;081;2023;03;07;3;3;9;1;0;0;1;0;0;0;0;0;562106,048700000159442;5281560,807099999859929;9,827539815000023;47,684450239000057;1
205070;08230328435200915770;08;4;35;053;2023;03;19;3;2;0;1;2;0;1;0;0;0;0;0;506846,509700000286102;5293877,081100000068545;9,091425853000032;47,798214810000047;1
205071;08230328417200910840;08;4;17;022;2023;03;08;3;3;1;6;0;0;1;1;0;0;0;0;486304,753200000151992;5348237,965299999341369;8,815379489000065;48,287194431000046;1
205072;08230328416200911880;08;4;16;041;2023;03;18;3;3;0;7;0;0;1;0;0;0;0;0;504021,872899999842048;5376169,833699999377131;9,054485319000037;48,538619835000077;1
205074;08230328415400890370;08;4;15;061;2023;03;17;3;3;5;3;0;0;1;1;0;0;0;0;515107,907999999821186;5371575,251000000163913;9,204503543000044;48,497116488000074;1
205076;08230328335200909860;08;3;35;063;2023;03;10;3;3;5;3;0;0;1;1;0;0;0;0;494914,770499999634922;5288817,373099999502301;8,932152883000072;47,752706235000062;1
205078;08230427416200984750;08;4;16;023;2023;04;15;5;3;0;1;0;0;1;0;0;0;0;0;511226,410500000230968;5371084,784800000488758;9,151949887000058;48,492785422000054;1
205081;08230328311200890400;08;3;11;000;2023;03;15;3;3;5;3;0;0;1;1;0;0;0;0;414407,441200000233948;5317396,706599999219179;7,852477901000043;48,004133593000063;1
205082;08230328311010910610;08;3;11;000;2023;03;09;3;3;3;6;0;0;1;1;0;0;0;0;414619,198800000362098;5316660,762299999594688;7,855462767000063;47,997541810000030;1
205084;08230328235100918920;08;2;35;057;2023;03;15;3;3;5;3;0;1;1;1;0;0;0;0;488672,586000000126660;5397213,689200000837445;8,845969756000045;48,727844340000047;1
205085;08230328231202891120;08;2;36;043;2023;03;18;3;2;0;1;0;0;1;0;0;0;0;0;469725,132299999706447;5410872,217299999669194;8,587320602000034;48,850080133000063;1
205087;08230328231000918960;08;2;36;076;2023;03;15;3;3;1;5;0;0;1;1;0;0;0;0;471507,740100000053644;5423645,720000000670552;8,610727349000058;48,965069277000055;1
205088;08230328226400903380;08;2;26;062;2023;03;17;3;3;6;2;0;0;0;1;1;0;0;0;469713,751199999824166;5468630,504499999806285;8,582832061000033;49,369627401000059;1
205090;08230328221400912230;08;2;21;000;2023;03;12;3;3;6;4;0;0;0;0;1;0;0;1;476932,627799999900162;5469743,142799999564886;8,682199717000060;49,379951506000054;1
205091;08230328221011908220;08;2;21;000;2023;03;15;3;2;2;6;0;0;1;1;0;0;0;0;477538,435300000011921;5473451,471599999815226;8,690336185000035;49,413330060000078;1
205092;08230426119400983920;08;1;19;090;2023;04;18;4;3;0;7;0;0;1;0;0;0;0;0;529958,150000000372529;5406661,943399999290705;9,408054628000059;48,812221343000033;1
205093;08230328212302018890;08;2;12;000;2023;03;08;3;3;5;3;0;0;1;1;0;0;0;0;455824,490600000135601;5425855,160399999469519;8,396226789000025;48,984021557000062;1
205095;08230328212010895270;08;2;12;000;2023;03;08;3;3;6;4;0;0;0;1;1;0;0;0;455975,581699999980628;5428069,961400000378489;8,398051731000066;49,003954766000049;1
205096;08230328212010888720;08;2;12;000;2023;03;08;3;3;5;3;0;0;1;1;0;0;0;0;456363,097000000067055;5425508,777000000700355;8,403625005000038;48,980944073000046;1
205097;08230328212010886480;08;2;12;000;2023;03;13;3;3;1;6;0;0;1;1;0;0;0;0;459353,401399999856949;5431109,197599999606609;8,443930015000035;49,031524890000071;1
205100;08230328127100898580;08;1;27;076;2023;03;08;3;2;6;4;0;0;0;1;1;0;0;0;553347,351200000382960;5439172,441800000146031;9,730873932000065;49,103083985000069;1
205102;08230328121200910410;08;1;21;000;2023;03;12;3;2;4;2;0;0;1;1;0;0;0;0;517129,415799999609590;5442871,441299999132752;9,234843922000039;49,138432867000063;1
205104;08230328118300912100;08;1;18;003;2023;03;14;3;3;6;6;0;0;0;1;1;0;0;0;509872,770600000396371;5416642,651499999687076;9,134717559000023;48,902649723000081;1
205106;08230328116100915280;08;1;16;056;2023;03;08;3;3;4;6;0;0;1;1;0;0;0;0;530852,492999999783933;5395530,638000000268221;9,419401417000074;48,712043163000033;1
205108;08230328115100903550;08;1;15;003;2023;03;15;3;3;3;2;0;0;1;1;0;0;0;0;499645,225899999961257;5392392,060799999162555;8,995179915000051;48,684571445000074;1
205110;08230328111320922810;08;1;11;000;2023;03;07;3;3;1;7;0;0;1;1;0;0;0;0;510110,332499999552965;5402354,228499999269843;9,137606637000033;48,774109468000063;1
205112;08230328111110129790;08;1;11;000;2023;03;10;3;3;0;1;0;0;1;0;0;0;0;0;512428,496700000017881;5401445,087700000032783;9,169130400000029;48,765888905000054;1
205116;08230327426010902240;08;4;21;000;2023;03;17;2;3;6;6;0;1;0;1;1;0;0;0;573660,606599999591708;5360821,262000000104308;9,995117140000048;48,396246673000064;1
205117;08230327416010888950;08;4;15;019;2023;03;17;2;3;6;7;0;0;0;1;1;0;0;0;518953,000099999830127;5370633,552500000223517;9,256508223000026;48,488540431000047;1
205118;08230327336400884700;08;3;36;091;2023;03;23;2;3;5;3;2;0;1;1;0;0;0;0;395089,445600000210106;5270889,781899999827147;7,604803167000057;47,582933438000055;1
205119;08230327336300884550;08;3;36;081;2023;03;07;2;3;5;3;0;1;1;1;0;0;0;0;412224,526700000278652;5277999,011399999260902;7,831203099000049;47,649432709000052;1
205122;08230327336200909910;08;3;36;069;2023;03;14;2;3;1;5;0;0;1;1;0;0;0;0;408450,245099999941885;5267967,792999999597669;7,783052154000075;47,558671178000054;1
205124;08230327335300915800;08;3;35;075;2023;03;15;2;3;0;3;0;0;1;1;0;0;0;0;488350,695299999788404;5288779,715900000184774;8,844576259000064;47,752282229000059;1
205126;08230327327100885340;08;3;27;050;2023;03;14;2;3;4;6;0;0;1;1;0;0;0;0;486637,810600000433624;5314402,492200000211596;8,820930915000076;47,982786146000080;1
205128;08230327326300907110;08;3;26;052;2023;03;20;2;2;6;2;2;1;0;1;1;0;0;0;450433,277599999681115;5330469,796299999579787;8,333907237000062;48,125554649000037;1
205129;08230327325102910790;08;3;25;045;2023;03;12;2;3;6;4;0;0;0;1;1;0;0;0;468158,565000000409782;5348776,966000000014901;8,570721960000071;48,291390702000058;1
205131;08230327317000908190;08;3;17;031;2023;03;15;2;2;8;1;0;0;1;0;0;0;0;0;416414,530299999751151;5358599,975600000470877;7,871270441000036;48,375028938000071;1
205132;08230327311010914900;08;3;11;000;2023;03;18;2;3;5;2;0;0;1;1;0;0;0;0;417175,578700000420213;5315316,600800000131130;7,889983869000048;47,985786687000029;1