OID_;UIDENTSTLAE;ULAND;UREGBEZ;UKREIS;UGEMEINDE;UJAHR;UMONAT;USTUNDE;UWOCHENTAG;UKATEGORIE;UART;UTYP1;ULICHTVERH;IstStrassenzustand;IstRad;IstPKW;IstFuss;IstKrad;IstGkfz;IstSonstige;LINREFX;LINREFY;XGCSWGS84;YGCSWGS84;PLST
205133;08230327311010908600;08;3;11;000;2023;03;23;2;2;0;7;2;0;1;0;0;0;0;0;413845,012199999764562;5315950,758500000461936;7,845229429000028;47,991051205000076;1
205134;08230327311010908590;08;3;11;000;2023;03;11;2;3;3;6;0;0;1;1;0;0;0;0;414039,889999999664724;5315683,169999999925494;7,847894492000023;47,988670370000079;1
205135;08230327235100974830;08;2;35;085;2023;03;12;2;3;0;5;0;0;0;0;1;0;0;1;482621,271099999547005;5395400,872099999338388;8,763760922000074;48,711396902000047;1
205136;08230327226700901100;08;2;26;095;2023;03;13;2;3;5;3;0;0;1;1;0;0;0;0;474030,768500000238419;5460699,351199999451637;8,642810660000066;49,298486606000040;1
205137;08230327226500891970;08;2;26;085;2023;03;12;2;3;0;3;0;0;1;1;0;0;0;0;491368,972799999639392;5454955,359899999573827;8,881408863000047;49,247309471000051;1
205138;08230327222400884290;08;2;26;105;2023;03;21;2;3;6;2;2;0;0;1;1;0;0;0;470221,132899999618530;5476879,751399999484420;8,589202016000058;49,443852311000057;1
205140;08230327221011915160;08;2;21;000;2023;03;08;2;3;5;3;0;0;1;1;0;0;0;0;477124,385499999858439;5472347,445399999618530;8,684691630000032;49,403384093000057;1
205143;08230327216200885090;08;2;16;007;2023;03;17;2;3;0;2;0;0;1;0;0;1;0;0;436161,369699999690056;5394009,700500000268221;8,132467905000055;48,695857732000036;1
205144;08230327212702883920;08;2;15;108;2023;03;08;2;3;5;3;0;0;1;1;0;0;0;0;447442,893000000156462;5423729,082000000402331;8,281953857000076;48,964241244000050;1
205145;08230327212102895530;08;2;12;000;2023;03;06;2;3;5;3;0;0;1;1;0;0;0;0;457896,002500000409782;5428021,981100000441074;8,424313305000055;49,003657170000054;1
205147;08230327212010886540;08;2;12;000;2023;03;17;2;3;5;3;0;0;1;1;0;0;0;0;453389,369099999777973;5428830,198599999770522;8,362605253000027;49,010603247000063;1
205148;08230327212010886030;08;2;12;000;2023;03;14;2;3;4;6;0;0;1;0;0;0;0;0;456851,327100000344217;5428338,640300000086427;8,409996622000051;49,006433413000082;1
205149;08230327136300886690;08;1;36;066;2023;03;14;2;3;8;1;0;1;1;0;0;0;0;0;554660,141699999570847;5413817,600999999791384;9,745447769000066;48,874905272000035;1
205150;08230405135200928190;08;1;35;019;2023;04;15;4;3;0;7;0;0;1;0;0;0;0;0;585553,723899999633431;5393809,170099999755621;10,162531463000050;48,691454453000063;1
205158;08230326416200917430;08;4;16;041;2023;03;09;1;3;0;1;0;1;1;0;0;0;0;0;503035,972299999557436;5374161,028100000694394;9,041114448000030;48,520553458000052;1
205159;08230326311010920010;08;3;15;028;2023;03;10;1;3;1;5;0;0;1;1;0;0;0;0;408817,504099999554455;5312316,332800000905991;7,778630430000021;47,957661784000038;1
205164;08230414221011970170;08;2;26;018;2023;04;11;6;3;5;3;0;0;1;0;0;0;0;1;473207,671900000423193;5472618,803300000727177;8,630687995000073;49,405665085000066;1
205167;08230326116500884530;08;1;16;049;2023;03;14;1;3;5;3;0;0;1;1;0;0;0;0;525103,628999999724329;5387541,505599999800324;9,340769268000031;48,640431164000063;1
205170;08230326111110129980;08;1;11;000;2023;03;22;1;2;0;7;2;1;1;0;0;0;0;0;512876,059299999848008;5403393,408800000324845;9,175281931000029;48,783406763000073;1
205171;08230325415400906630;08;4;15;061;2023;03;13;7;3;5;2;0;0;0;1;1;0;0;0;513761,128200000151992;5370463,886499999091029;9,186236760000043;48,487149191000071;1
205173;08230404221400943580;08;2;26;018;2023;04;08;3;3;5;3;0;0;1;1;0;0;0;0;473452,870900000445545;5472077,492900000885129;8,634103986000071;49,400806851000027;1
205177;08230325311010882460;08;3;36;050;2023;03;18;7;3;5;3;0;0;1;1;0;0;0;0;400796,523500000126660;5275695,545399999246001;7,679592131000049;47,627061258000026;1
205178;08230417118300998370;08;1;18;081;2023;04;19;2;3;5;3;0;0;1;1;0;0;0;0;516349,747000000439584;5413564,253000000491738;9,222974540000052;48,874820199000055;1
205179;08230325311010875690;08;3;11;000;2023;03;01;7;3;0;7;2;0;1;0;0;0;0;0;414326,107599999755621;5318149,307000000029802;7,851237359000038;48,010892611000031;1
205181;08230325226700903700;08;2;26;076;2023;03;12;7;3;5;7;0;1;1;1;0;0;0;0;475266,308699999935925;5465878,287000000476837;8,659483307000073;49,345122170000081;1
205182;08230325226700880540;08;2;26;041;2023;03;16;7;3;5;3;0;0;1;1;0;0;0;0;477117,892599999904633;5465735,116299999877810;8,684982458000036;49,343906641000046;1
205187;08230325222014896900;08;2;22;000;2023;03;17;7;3;5;3;0;0;1;1;0;0;0;0;462792,639399999752641;5482713,596699999645352;8,486181683000041;49,495915568000044;1
205191;08230325212302880600;08;2;12;000;2023;03;18;7;3;4;6;0;0;1;0;0;0;0;0;456060,893600000068545;5428551,344100000336766;8,399166043000037;49,008290937000027;1
205193;08230325117300904630;08;1;17;026;2023;03;11;7;3;6;7;0;0;0;1;1;0;0;0;548085,327399999834597;5394458,794700000435114;9,653522527000064;48,701310619000026;1
205194;08230325116100881290;08;1;16;058;2023;03;14;7;3;0;7;0;0;1;0;0;0;0;0;533512,621899999678135;5395467,022600000724196;9,455556261000027;48,711333596000031;1
205197;08230325111120880890;08;1;11;000;2023;03;20;7;3;6;7;2;1;0;0;1;0;0;1;513186,316999999806285;5402532,979900000616908;9,179477853000037;48,775659914000073;1
205198;08230324425000900640;08;4;25;123;2023;03;09;6;2;6;2;0;1;0;1;1;0;0;0;545428,525399999693036;5342884,685200000181794;9,611813490000031;48,237552651000044;1
205199;08230324416200911950;08;4;16;041;2023;03;19;6;3;5;2;1;0;1;1;0;0;0;0;504442,315100000239909;5373876,898900000378489;9,060156714000072;48,517988951000063;1
205201;08230324416010880800;08;4;15;061;2023;03;13;6;3;5;3;0;0;1;1;0;0;0;0;514805,320399999618530;5369568,659099999815226;9,200336569000058;48,479071659000056;1
205204;08230524326400107360;08;3;26;074;2023;05;07;4;3;5;2;0;0;1;1;0;0;0;0;458967,862999999895692;5322648,599199999123812;8,449343261000024;48,055797714000050;1
205206;08230524317500081230;08;3;17;096;2023;05;15;4;3;5;3;0;0;1;1;0;0;0;0;422588,720099999569356;5368905,056600000709295;7,952728400000069;48,468511092000028;1
205207;08230524317200081530;08;3;17;057;2023;05;19;4;3;6;2;0;0;0;1;1;0;0;0;413933,468200000002980;5378453,085300000384450;7,833688823000045;48,553266123000071;1
205208;08230524311100112040;08;3;15;115;2023;05;17;4;3;5;3;0;0;1;1;0;0;0;0;407628,571999999694526;5320390,337099999189377;7,760971059000042;48,030117771000050;1
205209;08230524311010082000;08;3;11;000;2023;05;15;4;3;4;6;0;0;1;0;0;0;0;0;410379,766499999910593;5317024,406099999323487;7,798569479000037;48,000232639000046;1
205210;08230524311010077620;08;3;11;000;2023;05;20;4;3;0;7;0;0;1;1;0;0;0;0;414866,945600000210106;5319345,325699999928474;7,858250185000031;48,021723527000063;1
205213;08230524226500125260;08;2;26;085;2023;05;10;4;2;3;6;0;0;1;1;0;0;0;0;490279,590300000272691;5455638,306900000199676;8,866424111000072;49,253436381000029;1
205215;08230524216200079400;08;2;16;041;2023;05;16;4;3;5;3;0;0;1;0;0;0;0;0;430484,123300000093877;5393001,142300000414252;8,055497429000070;48,686179150000044;1
205216;08230524216100075990;08;2;16;043;2023;05;06;4;3;5;3;0;0;1;1;0;0;0;0;440489,174200000241399;5412242,389900000765920;8,188635022000028;48,860289760000057;1
205218;08230524215102079990;08;2;12;000;2023;05;14;4;3;5;3;0;0;1;1;0;0;0;0;458947,609699999913573;5431541,646800000220537;8,438335027000051;49,035387945000082;1
205221;08230524212010112900;08;2;12;000;2023;05;07;4;3;5;3;0;0;1;1;0;0;0;0;463905,190700000151992;5428128,500800000503659;8,506463828000051;49,004996022000057;1
205222;08230524212010084850;08;2;15;017;2023;05;10;4;1;6;3;0;0;0;1;1;0;0;0;455425,808100000023842;5421813,122899999842048;8,391220843000042;48,947634134000054;1
205223;08230524127100109580;08;1;27;076;2023;05;08;4;3;0;3;0;0;1;1;0;0;0;0;552119,354100000113249;5440938,994200000539422;9,714279495000028;49,119078953000042;1
205224;08230524121600110800;08;1;25;001;2023;05;08;4;3;5;3;0;0;1;1;0;0;0;0;521394,925999999977648;5435342,729000000283122;9,292924360000029;49,070575826000038;1
205225;08230524119300354270;08;1;19;067;2023;05;15;4;3;6;3;0;0;0;1;1;0;0;0;538379,121600000187755;5405884,410299999639392;9,522678041000063;48,804763942000079;1
205227;08230524118000113640;08;1;15;041;2023;05;10;4;2;8;1;0;0;1;0;0;0;0;0;495563,657700000330806;5401525,792899999767542;8,939628044000074;48,766723215000070;1
205229;08230524117200104190;08;1;17;006;2023;05;19;4;3;0;6;0;0;1;0;0;0;1;0;550252,372399999760091;5380999,402000000700355;9,681339797000021;48,580065273000059;1
205232;08230524116500079100;08;1;16;049;2023;05;16;4;3;3;2;0;0;1;1;0;0;0;0;525504,671799999661744;5384047,467900000512600;9,345998195000050;48,608982424000033;1
205233;08230524116010106000;08;1;16;033;2023;05;16;4;3;2;6;0;0;1;1;0;0;0;0;533444,144999999552965;5388454,847100000828505;9,454058126000064;48,648256895000031;1
205234;08230524111500135500;08;1;11;000;2023;05;17;4;2;5;2;0;0;1;0;0;0;0;0;508339,410199999809265;5399014,849700000137091;9,113435898000034;48,744094751000034;1
205235;08230524111500082770;08;1;11;000;2023;05;13;4;2;5;3;0;0;1;1;0;0;0;0;508599,221699999645352;5406904,991900000721216;9,117134986000053;48,815070491000029;1
205237;08230524111320082020;08;1;11;000;2023;05;18;4;3;5;2;0;0;1;1;0;0;0;0;516138,603500000201166;5405566,303999999538064;9,219780036000031;48,802877758000079;1
205238;08230524111230136080;08;1;11;000;2023;05;20;4;2;0;2;0;0;1;1;0;0;0;0;507356,145600000396371;5396898,406899999827147;9,100023397000029;48,725067581000076;1
205241;08230523436100077650;08;4;36;010;2023;05;17;3;3;0;1;0;0;1;0;0;0;0;0;566870,468399999663234;5306319,068199999630451;9,894832583000039;47,906710461000046;1
205245;08230523416010099020;08;4;16;041;2023;05;16;3;2;6;4;0;0;0;0;1;0;0;1;503487,663300000131130;5374172,677799999713898;9,047231538000062;48,520655916000067;1
205246;08230523415400109360;08;4;15;061;2023;05;13;3;3;5;2;0;0;1;1;0;0;0;0;516518,395999999716878;5372841,555999999865890;9,223646146000021;48,508473080000044;1
205247;08230523415100077560;08;4;15;050;2023;05;12;3;3;9;1;0;0;1;0;0;0;0;0;520508,614400000311434;5377261,573400000110269;9,277887456000030;48,548119031000056;1
205249;08230523335100126060;08;3;35;043;2023;05;14;3;3;3;6;0;0;1;0;0;0;0;0;512894,223500000312924;5279424,052200000733137;9,171756436000067;47,668079985000077;1
205250;08230523335100073140;08;3;35;043;2023;05;14;3;3;9;1;0;0;1;0;0;0;0;0;512066,949300000444055;5280049,742599999532104;9,160754133000069;47,673725707000074;1
205251;08230523327100073030;08;3;27;050;2023;05;12;3;3;5;2;0;0;1;1;0;0;0;0;489269,489500000141561;5317191,487299999222159;8,856128644000023;48,007928763000052;1
205253;08230523326200092260;08;3;26;074;2023;05;16;3;3;5;3;0;0;1;1;0;0;0;0;464861,348399999551475;5322330,574999999254942;8,528457735000075;48,053288333000069;1
205256;08230523316100103980;08;3;16;011;2023;05;20;3;3;0;1;0;0;1;0;0;0;0;0;414614,837700000032783;5329962,460300000384450;7,852748824000059;48,117193928000063;1
205257;08230523311010119230;08;3;11;000;2023;05;17;3;3;3;2;0;0;1;1;0;0;0;0;413569,453999999910593;5319039,898000000044703;7,840914319000035;48,018801871000051;1
205259;08230523311010103720;08;3;11;000;2023;05;19;3;3;5;3;0;0;1;0;0;0;0;0;409932,456500000320375;5315821,282700000330806;7,792826802000036;47,989347443000042;1
205261;08230523311010084490;08;3;11;000;2023;05;07;3;3;5;7;0;0;1;0;0;0;0;1;414775,080000000074506;5316487,969200000166893;7,857586255000058;47,996008265000057;1
205262;08230523231202077900;08;2;36;072;2023;05;11;3;3;6;7;0;0;0;1;1;0;0;0;467373,958100000396371;5410930,085300000384450;8,555267902000026;48,850481525000077;1
205264;08230523225100108440;08;2;25;074;2023;05;17;3;3;1;6;0;0;1;1;0;0;0;0;506999,883899999782443;5466452,694099999964237;9,096380571000054;49,350750382000058;1
205267;08230523222400104370;08;2;26;105;2023;05;19;3;3;5;3;0;0;1;1;0;0;0;0;472113,009200000204146;5477106,109699999913573;8,615283785000031;49,445978094000054;1
205268;08230523417100091690;08;4;17;079;2023;05;07;3;3;0;1;0;0;1;0;0;0;0;0;500689,994900000281632;5344624,102600000798702;9,009295690000044;48,254829183000027;1
205269;08230523221200103610;08;2;21;000;2023;05;08;3;3;5;3;0;0;1;0;0;0;0;0;476135,815600000321865;5472723,009600000455976;8,671043239000028;49,406724271000030;1
205270;08230523221011083480;08;2;26;098;2023;05;11;3;3;6;7;0;0;0;1;1;0;0;0;477947,763299999758601;5459862,984899999573827;8,696731588000034;49,291117431000032;1
205271;08230523216300075360;08;2;16;015;2023;05;16;3;3;4;6;0;0;1;1;0;0;0;0;449905,710599999874830;5406062,639799999073148;8,317763981000041;48,805533354000033;1
205273;08230523212010118330;08;2;12;000;2023;05;16;3;3;1;5;0;0;1;1;0;0;0;0;457366,486899999901652;5428555,842299999669194;8,417017586000043;49,008422978000056;1
205277;08230523118500074870;08;1;18;054;2023;05;08;3;2;2;1;0;0;1;1;0;0;0;0;518467,574900000356138;5422815,272800000384450;9,252275481000027;48,957979766000051;1
205278;08230523118400108740;08;1;18;048;2023;05;14;3;3;5;3;0;0;1;1;0;0;0;0;514968,679999999701977;5415778,969000000506639;9,204221065000070;48,894778090000045;1
205279;08230523118400094260;08;1;18;048;2023;05;15;3;3;0;7;0;0;1;0;0;0;0;0;512202,412999999709427;5414894,012000000104308;9,166454020000060;48,886877896000044;1
205280;08230523116500090090;08;1;16;071;2023;05;08;3;3;5;3;0;0;1;1;0;0;0;0;527839,738900000229478;5391368,005499999970198;9,378167187000031;48,674738326000067;1
205284;08230523111330132510;08;1;11;000;2023;05;08;3;3;0;7;0;0;1;0;1;0;0;0;513098,185300000011921;5408537,809900000691414;9,178469866000057;48,829680520000068;1
205287;08230522437200122860;08;4;37;044;2023;05;19;2;3;8;1;0;0;1;0;0;0;0;0;534213,578800000250340;5321552,119400000199676;9,459066443000040;48,046334984000055;1
205288;08230522436200104150;08;4;36;064;2023;05;13;2;3;5;3;0;0;1;1;0;0;0;0;545393,713100000284612;5290705,078700000420213;9,605822675000070;47,768112199000029;1
205289;08230522436200069080;08;4;36;064;2023;05;08;2;3;5;3;0;0;1;1;0;0;0;0;545613,750000000000000;5291909,436899999156594;9,608885590000057;47,778932315000077;1
205290;08230522436100096040;08;4;36;055;2023;05;11;2;3;7;7;0;0;1;0;0;0;0;0;575253,357400000095367;5297456,266899999231100;10,005448699000056;47,826051786000050;1
205291;08230522435100073310;08;4;35;042;2023;05;13;2;2;0;1;0;0;1;0;0;0;0;0;551728,967400000430644;5278264,047100000083447;9,688889999000025;47,655702983000026;1
205295;08230522416010071630;08;4;16;041;2023;05;16;2;3;6;2;0;1;0;1;1;0;0;0;504289,423600000329316;5374039,484099999070168;9,058087969000042;48,519452690000037;1
205296;08230522415300071730;08;4;15;089;2023;05;12;2;3;0;1;0;0;1;0;0;0;0;0;521573,053999999538064;5359663,362999999895692;9,291402345000051;48,389763956000081;1
205298;08230522335100117570;08;3;35;043;2023;05;19;2;3;2;6;0;0;1;0;0;1;0;0;512941,995900000445545;5281073,826799999922514;9,172441682000056;47,682923137000046;1
205301;08230522317500106460;08;3;17;096;2023;05;17;2;3;4;6;0;0;1;0;0;0;0;1;421883,183100000023842;5369272,274599999189377;7,943116508000060;48,471726946000047;1
205302;08230522317500074840;08;3;17;096;2023;05;17;2;3;5;3;0;0;1;1;0;0;0;0;421151,648099999874830;5370182,263000000268221;7,933049330000074;48,479820878000055;1
205303;08230522317100105820;08;3;17;001;2023;05;18;2;3;6;4;0;0;0;1;1;0;0;0;430883,214499999769032;5386590,939500000327826;8,061989506000032;48,628564050000080;1
205305;08230522311400104180;08;3;15;050;2023;05;12;2;3;5;2;0;0;1;1;0;0;0;0;398991,144500000402331;5303057,985200000926852;7,649214170000050;47,872909789000062;1
205306;08230522311010106560;08;3;11;000;2023;05;17;2;3;1;6;0;0;1;1;0;0;0;0;411729,292000000365078;5316130,531999999657273;7,816840782000043;47,992379769000081;1
205311;08230522226500125510;08;2;26;085;2023;05;09;2;3;6;4;0;0;0;1;1;0;0;0;491030,908499999903142;5455329,932700000703335;8,876755452000054;49,250673969000047;1
205313;08230522221300104440;08;2;21;000;2023;05;15;2;3;3;5;0;0;1;1;0;0;0;0;477540,651899999938905;5473832,241399999707937;8,690345198000045;49,416755103000071;1
205314;08230522221200125480;08;2;21;000;2023;05;16;2;3;0;7;0;0;1;0;0;0;0;0;476999,949000000022352;5472447,832800000905991;8,682970661000070;49,404282372000068;1
205315;08230522215402091140;08;2;15;103;2023;05;13;2;2;5;3;0;0;1;1;0;0;0;0;465154,355999999679625;5441488,006400000303984;8,522393133000037;49,125239269000076;1
205316;08230522215102074560;08;2;15;109;2023;05;15;2;3;0;7;0;0;1;0;0;0;0;0;460878,821000000461936;5434975,648800000548363;8,464424271000041;49,066402854000046;1
205317;08230522212302117820;08;2;12;000;2023;05;09;2;3;1;7;0;0;1;1;0;0;0;0;456751,570199999958277;5429027,356699999421835;8,408559274000027;49,012621518000060;1
205318;08230522212102074830;08;2;12;000;2023;05;16;2;3;1;1;0;0;1;1;0;0;0;0;462768,550900000147521;5428942,698000000789762;8,490848140000026;49,012252406000073;1
205319;08230522212010117270;08;2;12;000;2023;05;16;2;3;5;2;0;0;1;1;0;0;0;0;457433,960900000296533;5429500,588800000026822;8,417841113000065;49,016925755000045;1
205320;08230522212010095110;08;2;15;066;2023;05;18;2;3;5;3;0;0;1;0;0;0;0;1;460844,900000000372529;5449526,904999999329448;8,462546828000029;49,197289463000061;1
205321;08230522212010073400;08;2;12;000;2023;05;19;2;3;1;5;0;0;1;0;0;0;0;0;460457,197999999858439;5427224,439999999478459;8,459408418000066;48,996652519000065;1
205322;08230522128100244680;08;1;28;007;2023;05;19;2;3;2;6;0;0;1;1;0;0;0;0;557974,097000000067055;5482156,103000000119209;9,800492418000033;49,489272419000031;1
205324;08230522121400102530;08;1;25;017;2023;05;09;2;3;6;2;0;0;0;0;1;0;0;1;503839,818099999800324;5431325,234300000593066;9,052534358000059;49,034796054000026;1
205326;08230522119300105630;08;1;19;055;2023;05;11;2;3;5;3;0;0;1;1;0;0;0;0;543648,935499999672174;5404931,969100000336766;9,594341616000065;48,795848557000056;1
205327;08230522119100107990;08;1;19;008;2023;05;13;2;3;3;6;0;0;1;1;0;0;0;0;531567,911399999633431;5421460,319299999624491;9,431122807000065;48,945261210000069;1
205328;08230522116500116270;08;1;16;020;2023;05;15;2;3;5;3;0;0;1;1;0;0;0;0;526713,492999999783933;5382100,519200000911951;9,362271547000034;48,591417115000070;1
205329;08230522116400118590;08;1;16;033;2023;05;12;2;2;5;3;0;0;1;1;0;0;0;0;530679,529199999757111;5389254,546800000593066;9,416584357000033;48,655592771000045;1
205330;08230522116200103780;08;1;16;080;2023;05;18;2;3;0;1;0;0;1;0;0;0;0;0;520403,014299999922514;5395712,386299999430776;9,277364870000042;48,714107649000027;1
205332;08230522115400087340;08;1;15;029;2023;05;07;2;3;5;3;0;0;1;1;0;0;0;0;497271,192200000397861;5398811,248199999332428;8,962883011000031;48,742313001000070;1
205333;08230522115300071690;08;1;15;028;2023;05;17;2;3;5;3;0;0;1;1;0;0;0;0;500695,960099999792874;5404260,178400000557303;9,009475603000055;48,791337068000075;1
205334;08230522111210071540;08;1;11;000;2023;05;14;2;3;6;4;0;0;0;1;1;0;0;0;515410,554700000211596;5394874,110400000587106;9,209465081000076;48,706709896000064;1
205335;08230522111120132850;08;1;11;000;2023;05;12;2;3;0;7;0;0;1;0;0;0;0;0;513303,029799999669194;5402046,488299999386072;9,181050676000041;48,771280987000068;1
205336;08230522111110132420;08;1;11;000;2023;05;12;2;3;0;7;0;0;1;0;0;0;0;0;513057,660799999721348;5403019,323100000619888;9,177742179000063;48,780037733000029;1
205337;08230521437100066300;08;4;37;100;2023;05;15;1;3;2;6;0;0;1;0;0;0;0;0;537136,984899999573827;5318461,984099999070168;9,498022301000049;48,018370250000032;1
205339;08230521416200098560;08;4;16;023;2023;05;11;1;3;1;7;0;0;1;1;0;0;0;0;507443,415300000458956;5369538,154300000518560;9,100719454000057;48,478927504000069;1
205340;08230521415300096360;08;4;15;019;2023;05;12;1;3;8;7;0;0;1;0;0;0;0;0;517183,928999999538064;5370028,880000000819564;9,232541117000039;48,483151450000037;1
205342;08230521326200065460;08;3;26;061;2023;05;08;1;3;4;1;0;0;1;0;0;0;0;1;470060,397099999710917;5319802,797000000253320;8,598401117000037;48,030811311000036;1
205343;08230521325102078510;08;3;25;057;2023;05;10;1;2;0;1;0;0;1;0;0;0;0;0;476061,773900000378489;5359713,200699999928474;8,676647282000033;48,390126968000061;1
205345;08230521317300066760;08;3;17;065;2023;05;11;1;3;4;2;0;0;1;1;0;0;0;0;416573,009100000374019;5354399,187000000849366;7,874242948000074;48,337264294000079;1
205350;08230521221200123380;08;2;21;000;2023;05;16;1;3;1;5;0;0;1;1;0;0;0;0;477637,676199999637902;5472660,784299999475479;8,691748872000062;49,406221606000031;1
205351;08230521136300068460;08;1;36;021;2023;05;16;1;2;0;1;0;0;1;0;0;0;0;0;572781,872000000439584;5410028,874600000679493;9,991882027000031;48,838965217000066;1
205352;08230521136200089530;08;1;36;046;2023;05;17;1;2;0;1;0;0;1;0;0;0;0;0;578389,377700000070035;5419781,965099999681115;10,070158680000077;48,926004048000038;1
205355;08230524311010102990;08;3;11;000;2023;05;08;4;3;6;2;0;0;0;1;1;0;0;0;413958,739000000059605;5316580,804400000721216;7,846627127000033;47,996734014000026;1
205356;08230521119500070220;08;1;19;042;2023;05;12;1;3;0;7;0;0;1;0;0;0;0;0;529266,334999999962747;5415146,694700000807643;9,399238153000056;48,888580020000063;1
205358;08230521119400129070;08;1;19;091;2023;05;11;1;2;4;6;0;0;1;0;0;0;0;0;529358,046000000089407;5408421,187899999320507;9,400006839000071;48,828075586000068;1
205361;08230520421300066950;08;4;25;141;2023;05;16;7;3;0;1;0;0;1;0;0;0;0;0;563866,412200000137091;5360967,494999999180436;9,862841631000038;48,398630355000080;1
205363;08230520336300096380;08;3;36;081;2023;05;13;7;3;0;7;0;0;1;0;0;0;0;0;410903,120000000111759;5278120,316899999976158;7,813586714000053;47,650343367000062;1
205364;08230520326200067540;08;3;26;074;2023;05;15;7;3;5;3;0;0;1;1;0;0;0;0;464167,134899999946356;5323218,680299999192357;8,519067683000060;48,061239811000064;1
205366;08230520317500067220;08;3;17;034;2023;05;11;7;3;5;2;0;0;1;1;0;0;0;0;427065,233000000007451;5361726,035000000149012;8,014529862000074;48,404469694000056;1
205370;08230520231000107530;08;2;31;000;2023;05;15;7;3;6;7;0;0;0;1;1;0;0;0;475720,396800000220537;5416562,777300000190735;8,668703119000043;48,901534020000042;1
205373;08230520225100096820;08;2;25;058;2023;05;19;7;2;8;1;0;0;1;0;0;0;0;0;510541,344700000248849;5467810,520700000226498;9,145178333000047;49,362913131000028;1
205374;08230520216300104390;08;2;16;015;2023;05;19;7;3;0;7;0;0;1;0;0;0;0;0;448417,272400000132620;5405190,908600000664592;8,297603962000039;48,797570161000067;1
205375;08230520215402092900;08;2;15;009;2023;05;09;7;3;1;7;0;0;1;1;0;0;0;0;470468,328800000250340;5441218,094599999487400;8,595246029000066;49,123089679000032;1
205379;08230520212010080540;08;2;12;000;2023;05;11;7;2;5;3;0;0;1;1;0;0;0;0;455356,180800000205636;5428469,597599999979138;8,389539188000072;49,007505041000059;1
205380;08230520136300113340;08;1;36;065;2023;05;19;7;3;0;7;0;0;1;0;0;0;0;0;558750,041199999861419;5405737,362600000575185;9,800061360000029;48,801849545000039;1
205381;08230520135010063690;08;1;35;020;2023;05;14;7;3;0;1;0;0;1;0;0;0;0;0;583199,006799999624491;5379777,168700000271201;10,127725265000038;48,565562714000066;1
205382;08230520118400067000;08;1;18;048;2023;05;14;7;3;8;1;0;0;1;0;0;0;0;0;514216,284500000067055;5415605,686200000345707;9,193949997000061;48,893237005000060;1
205383;08230520118200096700;08;1;18;011;2023;05;18;7;3;5;2;0;0;1;0;0;0;0;0;505061,886800000444055;5408713,638100000098348;9,068973268000036;48,831379758000026;1
205384;08230522335100070570;08;3;35;043;2023;05;21;2;3;0;7;1;0;1;0;0;0;0;0;515237,592299999669194;5280097,648900000378489;9,202994401000069;47,674089800000047;1
205385;08230520118000104170;08;1;18;073;2023;05;14;7;2;5;3;0;0;1;1;0;0;0;0;496853,490899999625981;5419761,389299999922514;8,957040628000073;48,930775784000048;1
205386;08230520116500081450;08;1;16;035;2023;05;09;7;3;5;3;0;0;0;1;1;0;0;0;527029,650000000372529;5392772,443800000473857;9,367255246000070;48,687408154000082;1
205387;08230520116400124070;08;1;16;033;2023;05;11;7;3;3;2;0;0;1;1;0;0;0;0;532799,134800000116229;5388179,148299999535084;9,445279516000028;48,645810922000067;1
205389;08230519436400090690;08;4;36;011;2023;05;21;6;2;0;1;0;0;1;0;0;0;0;0;549000,784199999645352;5297079,703500000759959;9,654679456000054;47,825200012000039;1
205390;08230519435200079620;08;4;35;036;2023;05;13;6;3;0;1;0;0;1;0;0;0;0;0;520784,121199999935925;5281998,135500000789762;9,276974694000046;47,691035070000055;1
205392;08230519426010075500;08;4;21;000;2023;05;09;6;2;6;4;0;0;0;0;1;0;1;0;571361,914599999785423;5360415,611500000581145;9,963998693000065;48,392862103000027;1
205393;08230519415300064710;08;4;15;019;2023;05;12;6;3;5;3;0;0;1;1;0;0;0;0;518261,986600000411272;5370241,369200000539422;9,247139057000027;48,485032678000039;1
205394;08230519336200122980;08;3;36;105;2023;05;14;6;3;4;6;0;0;1;0;0;1;0;0;402908,678799999877810;5266291,218200000002980;7,709778484000026;47,542784229000063;1
205398;08230519316200092390;08;3;16;056;2023;05;09;6;3;0;1;0;0;1;0;0;0;0;0;423437,708399999886751;5328041,584899999201298;7,971618458000023;48,101036743000066;1
205400;08230519311010094150;08;3;11;000;2023;05;11;6;2;5;3;0;0;1;0;0;0;0;1;412911,820100000128150;5316928,384500000625849;7,832525757000042;47,999718859000041;1
205402;08230519235100097110;08;2;35;085;2023;05;13;6;2;9;1;0;0;1;0;0;0;0;0;479686,883999999612570;5398437,877000000327826;8,723722947000056;48,738628938000033;1
205403;08230519222500077590;08;2;26;009;2023;05;10;6;3;5;3;0;0;1;1;0;0;0;0;465952,250400000251830;5472038,037399999797344;8,530730427000037;49,400078610000037;1
205405;08230519221400126010;08;2;21;000;2023;05;22;6;3;5;2;2;0;1;1;0;0;0;0;477094,492399999871850;5471241,456299999728799;8,684343368000043;49,393434756000033;1
205406;08230519215102094650;08;2;15;109;2023;05;11;6;3;5;3;0;0;1;1;0;0;0;0;464074,145299999974668;5440023,053099999204278;8,507718377000060;49,111999675000050;1
205408;08230519212000243870;08;2;15;017;2023;05;12;6;3;7;7;0;0;1;0;0;0;0;0;456622,161299999803305;5421509,140499999746680;8,407591672000024;48,944984818000080;1