OID_;UIDENTSTLAE;ULAND;UREGBEZ;UKREIS;UGEMEINDE;UJAHR;UMONAT;USTUNDE;UWOCHENTAG;UKATEGORIE;UART;UTYP1;ULICHTVERH;IstStrassenzustand;IstRad;IstPKW;IstFuss;IstKrad;IstGkfz;IstSonstige;LINREFX;LINREFY;XGCSWGS84;YGCSWGS84;PLST
205409;08230519211100061250;08;2;11;000;2023;05;09;6;3;5;2;0;0;1;1;0;0;0;0;445354,207799999974668;5399466,187400000169873;8,256658727000058;48,745813362000035;1
205411;08230519128100090630;08;1;28;020;2023;05;11;6;3;0;7;0;0;1;0;0;0;0;0;574530,099600000306964;5480403,900399999693036;10,028729037000062;49,471706570000038;1
205412;08230519128100072670;08;1;28;007;2023;05;04;6;3;0;7;2;0;1;0;0;0;0;0;556078,013600000180304;5482615,982300000265241;9,774379562000036;49,493586777000075;1
205415;08230519118400090650;08;1;18;048;2023;05;21;6;3;5;3;2;0;1;1;0;0;0;0;511381,582999999634922;5418415,876000000163913;9,155355228000076;48,918575273000044;1
205416;08230519118400063790;08;1;18;048;2023;05;17;6;3;3;5;0;0;1;1;0;0;0;0;516476,852599999867380;5415348,239099999889731;9,224779874000035;48,890865093000059;1
205417;08230519116200097050;08;1;16;080;2023;05;20;6;3;5;3;0;0;1;1;0;0;0;0;521999,427500000223517;5395713,614499999210238;9,299066772000060;48,714064413000074;1
205418;08230519116200076040;08;1;16;078;2023;05;18;6;3;0;1;0;0;1;0;0;0;0;0;512141,691899999976158;5392669,004200000315905;9,164969064000047;48,686944848000053;1
205421;08230518426100059580;08;4;26;074;2023;05;15;5;3;0;7;0;0;1;0;0;0;0;0;555268,750000000000000;5328399,330399999395013;9,742443610000066;48,106458610000061;1
205422;08230518337010084690;08;3;37;002;2023;05;17;5;2;0;1;0;0;1;0;0;0;0;0;434396,915199999697506;5277274,765100000426173;8,126512510000055;47,645544647000065;1
205423;08230518337010058080;08;3;37;039;2023;05;13;5;3;0;1;0;0;1;0;0;0;0;0;443352,360999999567866;5293916,307000000029802;8,243576040000050;47,796111823000047;1
205424;08230518336200119800;08;3;36;069;2023;05;18;5;2;0;1;0;0;1;0;0;0;0;0;408005,526899999938905;5269210,697899999096990;7,776881733000039;47,569789260000050;1
205425;08230518336100056770;08;3;36;050;2023;05;02;5;3;6;6;2;0;0;0;1;0;0;1;400664,234600000083447;5273755,949999999254942;7,678271702000075;47,609593563000033;1
205428;08230518317100058840;08;3;17;098;2023;05;21;5;2;0;1;1;0;1;0;0;0;0;0;436901,175099999643862;5370902,451700000092387;8,146030414000052;48,488077466000050;1
205429;08230518311400118110;08;3;15;108;2023;05;19;5;3;0;1;0;0;1;0;0;0;0;0;402499,662299999967217;5302872,131400000303984;7,696162536000031;47,871780355000055;1
205431;08230518311010094100;08;3;11;000;2023;05;13;5;3;0;3;0;0;1;1;0;0;0;0;414930,037700000219047;5316847,574599999934435;7,859591696000052;47,999263699000039;1
205433;08230518226400121900;08;2;26;037;2023;05;21;5;3;8;7;0;0;1;0;0;0;0;0;465975,041199999861419;5468725,284199999645352;8,531328042000041;49,370282623000037;1
205434;08230518226400121750;08;2;26;084;2023;05;11;5;3;7;7;0;0;1;0;0;0;0;0;468611,873599999584258;5469725,351399999111891;8,567568673000039;49,379419538000036;1
205435;08230518225200061980;08;2;25;052;2023;05;17;5;2;0;1;0;0;1;0;0;0;0;0;510210,103699999861419;5479844,491699999198318;9,140925997000068;49,471163575000048;1
205436;08230518221200121890;08;2;21;000;2023;05;23;5;3;2;6;2;0;1;0;0;0;0;0;477089,043300000019372;5472613,995899999514222;8,684189118000063;49,405780344000050;1
205438;08230518216100072680;08;2;16;002;2023;05;17;5;3;5;3;0;0;1;0;0;0;0;0;443930,948400000110269;5422506,066700000315905;8,234145734000037;48,952931759000080;1
205439;08230518212102061270;08;2;12;000;2023;05;17;5;3;0;7;0;0;1;0;0;0;0;0;460709,666199999861419;5427649,216399999335408;8,462818675000051;49,000489597000069;1
205440;08230518212010245750;08;2;15;109;2023;05;11;5;2;4;6;0;0;1;0;0;0;0;0;461053,446200000122190;5438211,278100000694394;8,466503150000051;49,095518730000038;1
205441;08230518212010093890;08;2;12;000;2023;05;13;5;3;5;3;0;0;1;0;0;0;0;0;457160,105899999849498;5427840,277599999681115;8,414271127000063;49,001972082000066;1
205444;08230518211000079820;08;2;16;013;2023;05;17;5;2;0;7;0;0;0;1;1;0;0;0;453107,377100000157952;5394634,682499999180436;8,362666355000044;48,702983625000059;1
205446;08230518121400121850;08;1;25;056;2023;05;19;5;3;0;7;0;0;1;0;0;0;0;0;512379,679499999620020;5435636,117900000885129;9,169503662000068;49,073462242000062;1
205448;08230518121300090890;08;1;21;000;2023;05;16;5;3;0;6;0;0;1;1;0;0;0;0;512369,209999999962747;5444958,157500000670552;9,169646033000049;49,157317894000073;1
205449;08230518121300085460;08;1;25;058;2023;05;17;5;3;0;1;0;0;1;0;0;0;0;0;508555,368599999696016;5442432,418600000441074;9,117284989000041;49,134662939000066;1
205451;08230518119200077300;08;1;19;093;2023;05;13;5;3;4;6;0;0;1;0;0;0;0;1;524362,634700000286102;5404594,864600000903010;9,331717945000037;48,793870959000060;1
205452;08230518119100073950;08;1;19;006;2023;05;20;5;3;5;3;1;0;1;1;0;0;0;0;538208,263100000098348;5419680,139900000765920;9,521639576000041;48,928873306000071;1
205453;08230518115200087700;08;1;15;016;2023;05;20;5;3;0;7;0;0;1;0;0;0;0;0;488862,353799999691546;5379210,438400000333786;8,849034404000065;48,565888012000073;1
205457;08230517416200100730;08;4;16;041;2023;05;07;4;3;3;7;0;0;1;1;0;0;0;0;505520,319400000385940;5374071,177200000733137;9,074757337000051;48,519728195000027;1
205459;08230517416010080960;08;4;15;061;2023;05;15;4;3;6;4;0;0;0;1;1;0;0;0;515423,628800000064075;5371264,000600000843406;9,208765674000063;48,494308699000044;1
205460;08230517416010076670;08;4;16;041;2023;05;15;4;3;3;2;0;0;1;1;0;0;0;0;503755,701000000350177;5374416,110500000417233;9,050863619000040;48,522844378000059;1
205461;08230517416010075290;08;4;16;041;2023;05;13;4;3;5;3;0;0;1;1;0;0;0;0;504621,625400000251830;5373500,546000000089407;9,062580718000049;48,514601846000062;1
205463;08230517337200095420;08;3;37;022;2023;05;07;4;3;6;4;0;0;0;1;1;0;0;0;450393,883299999870360;5296120,465600000694394;8,337343338000039;47,816523472000029;1
205464;08230517337010060990;08;3;37;123;2023;05;12;4;2;0;6;0;0;1;0;0;0;0;0;451965,369099999777973;5278216,950200000777841;8,360310466000044;47,655564088000062;1
205465;08230517335300055870;08;3;35;077;2023;05;20;4;3;0;1;1;0;1;0;0;0;0;0;494861,585599999874830;5294034,806700000539422;8,931381555000030;47,799649846000079;1
205467;08230517317600116300;08;3;17;129;2023;05;12;4;3;0;1;0;0;1;0;0;0;0;0;430310,293300000019372;5349545,670399999246001;8,060386350000044;48,295269317000077;1
205470;08230517316200096400;08;3;16;009;2023;05;07;4;3;5;2;0;0;1;1;0;0;0;0;416023,774500000290573;5324428,959100000560284;7,872764261000043;48,067605844000070;1
205472;08230517311010057860;08;3;11;000;2023;05;17;4;3;6;4;0;0;0;1;1;0;0;0;414593,384999999776483;5317879,125000000000000;7,854874231000053;48,008498002000067;1
205473;08230517311010055120;08;3;36;050;2023;05;12;4;3;5;3;0;0;1;1;0;0;0;0;401772,765899999998510;5276457,394700000062585;7,692411545000027;47,634063218000051;1
205476;08230517226200121740;08;2;26;032;2023;05;16;4;3;0;7;0;0;1;0;0;0;0;0;466554,590499999932945;5461785,380300000309944;8,539893001000053;49,307891698000049;1
205477;08230517221400120230;08;2;21;000;2023;05;14;4;3;5;3;0;0;1;1;0;0;0;0;474393,617399999871850;5474968,950300000607967;8,646883398000057;49,426855229000068;1
205478;08230517216300066020;08;2;16;017;2023;05;11;4;3;5;3;0;0;1;1;0;0;0;0;451676,722400000318885;5402279,816500000655651;8,342326624000066;48,771645742000032;1
205479;08230517212010072090;08;2;12;000;2023;05;13;4;3;6;2;0;0;0;1;1;0;0;0;456356,326999999582767;5428251,419999999925494;8,403237882000042;49,005614049000030;1
205480;08230517212010054290;08;2;12;000;2023;05;08;4;3;6;7;0;0;1;0;1;0;0;0;455761,471699999645352;5428733,212300000712276;8,395052095000040;49,009905468000056;1
205482;08230517135200120170;08;1;35;019;2023;05;10;4;3;6;7;0;0;0;1;1;0;0;0;584944,228400000371039;5392059,525200000032783;10,153891611000063;48,675800913000046;1
205484;08230517126100067870;08;1;26;046;2023;05;06;4;3;0;6;0;0;1;0;0;0;0;0;549797,729399999603629;5459503,711500000208616;9,684766630000070;49,286254690000078;1
205485;08230517119100090040;08;1;19;008;2023;05;18;4;3;5;7;0;0;1;1;0;0;0;0;531886,455099999904633;5422577,890399999916553;9,435560525000028;48,955297906000055;1
205487;08230517118000090970;08;1;15;015;2023;05;12;4;2;3;6;0;0;1;1;0;0;0;0;492460,423999999649823;5387370,587999999523163;8,897656260000076;48,639352172000031;1
205489;08230517116400084810;08;1;16;033;2023;05;09;4;3;0;1;0;0;1;0;0;0;0;0;533714,728699999861419;5388674,254699999466538;9,457749478000039;48,650216120000039;1
205490;08230517116400055720;08;1;16;033;2023;05;18;4;3;5;3;0;0;1;1;0;0;0;0;535632,156000000424683;5385220,461999999359250;9,483484738000072;48,619039860000044;1
205493;08230517111500132840;08;1;11;000;2023;05;18;4;3;5;3;0;0;1;1;0;0;0;0;512790,629700000397861;5408390,198100000619888;9,174274670000045;48,828359039000077;1
205494;08230517111120084990;08;1;11;000;2023;05;07;4;3;5;2;0;0;1;0;0;0;0;1;513150,552600000053644;5402035,692399999126792;9,178975167000033;48,771187109000039;1
205497;08230516426010071830;08;4;21;000;2023;05;21;3;3;5;3;2;0;1;1;0;0;0;0;571477,576100000180304;5362411,723600000143051;9,965900807000025;48,410804581000036;1
205499;08230516416200082940;08;4;16;041;2023;05;19;3;3;3;6;0;0;1;1;0;0;0;0;503653,647699999623001;5374414,346499999985099;9,049481492000041;48,522829111000078;1
205502;08230516311300053690;08;3;11;000;2023;05;16;3;3;6;7;0;0;0;1;1;0;0;0;410395,474600000306964;5314617,730399999767542;7,799282347000030;47,978586252000071;1
205504;08230516311010071090;08;3;11;000;2023;05;15;3;3;0;3;0;1;0;0;1;0;0;1;413835,171699999831617;5316456,310699999332428;7,844996068000057;47,995597506000081;1
205505;08230516311010063320;08;3;11;000;2023;05;10;3;3;5;3;0;1;1;1;0;0;0;0;414405,604399999603629;5317397,767899999395013;7,852453069000035;48,004142893000051;1
205506;08230516237100080830;08;2;37;004;2023;05;21;3;3;0;7;2;0;1;0;0;0;0;0;452602,157999999821186;5370996,209000000730157;8,358498245000021;48,490301239000075;1
205508;08230516226600100100;08;2;26;096;2023;05;15;3;3;0;5;0;0;1;0;0;0;0;0;476180,264700000174344;5489650,480399999767542;8,670636246000072;49,558983745000035;1
205509;08230516226400080280;08;2;26;084;2023;05;08;3;3;5;3;0;0;1;1;0;0;0;0;468330,515100000426173;5470998,477199999615550;8,563591129000031;49,390856426000028;1
205510;08230516226400053600;08;2;26;084;2023;05;15;3;3;0;7;0;0;1;1;0;0;0;0;469311,861899999901652;5469534,406400000676513;8,577226801000052;49,377737698000033;1
205513;08230516212010080170;08;2;12;000;2023;05;18;3;2;5;2;0;0;1;1;0;0;0;0;457839,161999999545515;5428891,639000000432134;8,423445855000068;49,011475992000044;1
205514;08230516136200086410;08;1;36;019;2023;05;10;3;3;5;3;0;0;1;1;0;0;0;0;582726,042200000025332;5424118,866200000047684;10,130231015000049;48,964445473000069;1
205516;08230516119300054240;08;1;19;067;2023;05;19;3;3;5;3;0;0;1;1;0;0;0;0;537486,158900000154972;5404919,301300000399351;9,510429359000057;48,796136734000072;1
205517;08230516116500083250;08;1;16;042;2023;05;08;3;3;6;3;0;0;0;1;1;0;0;0;517842,463299999944866;5382246,668400000780821;9,241975910000065;48,593047516000070;1
205519;08230516111500053030;08;1;11;000;2023;05;22;3;3;0;7;2;0;1;1;0;0;0;0;511102,148000000044703;5402487,736500000581145;9,151109295000026;48,775293590000047;1
205522;08230515436000053780;08;4;36;064;2023;05;18;2;3;0;7;0;0;1;1;0;0;0;0;542799,021599999628961;5292154,619400000199676;9,571338706000063;47,781331402000035;1
205523;08230515435100050650;08;4;35;024;2023;05;13;2;3;6;4;0;0;0;1;1;0;0;0;527683,974000000394881;5279166,952999999746680;9,368742704000056;47,665302704000055;1
205525;08230515337010048040;08;3;37;062;2023;05;14;2;3;5;3;0;0;1;1;0;0;0;0;454672,308600000105798;5275137,657199999317527;8,396676430000070;47,628054234000047;1
205528;08230515335300117380;08;3;35;075;2023;05;13;2;3;5;3;0;0;1;1;0;0;0;0;488177,724100000225008;5288925,208799999207258;8,842264550000039;47,753588159000060;1
205529;08230515317300051910;08;3;17;026;2023;05;12;2;3;5;3;0;0;1;1;0;0;0;0;411278,273699999786913;5345814,728499999269843;7,804616176000025;48,259327849000044;1
205532;08230515311010072120;08;3;36;091;2023;05;16;2;2;0;1;0;0;1;0;0;0;0;0;395530,603000000119209;5272195,026000000536442;7,610357494000027;47,594745553000052;1
205533;08230515311010047910;08;3;11;000;2023;05;16;2;3;0;7;0;0;1;0;0;0;0;0;414445,987900000065565;5318019,985400000587106;7,852870248000045;48,009745377000058;1
205534;08230515231102063290;08;2;36;050;2023;05;13;2;3;5;3;0;0;1;1;0;0;0;0;487542,422000000253320;5422666,745999999344349;8,829827887000022;48,956793998000080;1
205537;08230515222800085520;08;2;22;000;2023;05;16;2;3;6;4;0;0;0;1;1;0;0;0;463364,232499999925494;5485666,818099999800324;8,493800806000024;49,522513012000047;1
205538;08230515221300086170;08;2;21;000;2023;05;18;2;3;5;3;0;0;1;1;0;0;0;0;482546,948699999600649;5474809,420199999585748;8,759325028000035;49,425708939000060;1
205539;08230515221011053810;08;2;21;000;2023;05;07;2;3;6;4;0;0;0;1;1;0;0;0;476401,121100000105798;5472647,517200000584126;8,674704777000045;49,406055575000039;1
205540;08230515215402064540;08;2;15;009;2023;05;07;2;3;5;2;0;0;1;1;0;0;0;0;470318,876299999654293;5441911,860600000247359;8,593146668000031;49,129323038000052;1
205541;08230515215102071150;08;2;15;102;2023;05;13;2;3;5;2;0;1;1;1;0;0;0;0;454830,223600000143051;5435829,243499999865890;8,381527340000048;49,073666996000043;1
205542;08230515215102065250;08;2;15;090;2023;05;16;2;3;5;7;0;0;1;1;0;0;0;0;465107,203200000338256;5433831,448499999940395;8,522407955000062;49,056364623000036;1
205543;08230515212502052230;08;2;12;000;2023;05;13;2;3;0;7;0;0;1;0;0;0;0;0;454850,048200000077486;5428133,474600000306964;8,382656112000063;49,004444764000027;1
205546;08230515212401050830;08;2;12;000;2023;05;15;2;3;5;3;0;0;1;1;0;0;0;0;456342,315999999642372;5427704,376499999314547;8,403105125000025;49,000692335000053;1
205548;08230515136100080460;08;1;36;088;2023;05;16;2;2;5;3;0;0;1;1;0;0;0;0;580008,786299999803305;5410341,621899999678135;10,090414738000050;48,840888811000070;1
205549;08230515128200080810;08;1;28;115;2023;05;14;2;3;5;3;0;0;1;1;0;0;0;0;547403,070899999700487;5499679,745799999684095;9,656652178000058;49,647800364000034;1
205553;08230515117010049500;08;4;25;008;2023;05;08;2;3;0;7;0;0;1;0;0;0;0;0;569283,181900000199676;5384011,246899999678135;9,939837544000056;48,605341290000069;1
205554;08230515116500079670;08;1;16;020;2023;05;16;2;2;6;4;0;0;0;1;1;0;0;0;524685,201700000092387;5380775,374299999326468;9,334686924000039;48,579579207000052;1
205557;08230515317500080300;08;3;17;057;2023;05;15;2;2;8;1;0;1;1;0;0;0;0;0;411942,031600000336766;5381738,460200000554323;7,806012821000024;48,582539399000041;1
205558;08230515111500053120;08;1;11;000;2023;05;13;2;3;1;5;0;0;1;1;0;0;0;0;510525,909799999557436;5397470,409199999645352;9,143137977000038;48,730167850000043;1
205560;08230514415200064390;08;4;15;053;2023;05;18;1;3;8;1;0;0;1;0;0;0;0;0;537948,144399999640882;5362075,695199999958277;9,512803016000021;48,410692973000039;1
205561;08230514336200048500;08;3;36;105;2023;05;13;1;3;5;3;0;1;1;1;0;0;0;0;401482,804899999871850;5266912,479299999773502;7,690696293000030;47,548158115000035;1
205563;08230514317300053140;08;3;17;031;2023;05;17;1;3;0;1;0;0;1;0;0;0;0;0;418876,275999999605119;5358489,521999999880791;7,904528502000062;48,374356733000070;1
205564;08230514311500044370;08;3;15;113;2023;05;15;1;3;8;1;0;1;1;0;0;0;0;0;441068,699000000022352;5306730,388100000098348;8,211338694000062;47,911189566000076;1
205568;08230514222500092010;08;2;22;000;2023;05;19;1;3;5;3;0;0;1;1;0;0;0;0;462305,288900000043213;5478797,219900000840425;8,479825105000032;49,460659644000032;1
205572;08230514212702081260;08;2;15;108;2023;05;18;1;3;2;6;0;0;1;0;0;0;0;0;451637,602400000207126;5423511,336200000718236;8,339284564000025;48,962625068000079;1
205573;08230514212302079300;08;2;12;000;2023;05;16;1;3;6;7;0;0;1;0;1;0;0;0;455704,778099999763072;5428540,393200000748038;8,394297912000070;49,008166974000062;1
205575;08230514126100045030;08;1;26;086;2023;05;19;1;3;5;3;0;0;1;1;0;0;0;0;543145,251000000163913;5460807,754799999296665;9,593434998000021;49,298490008000044;1
205576;08230514121500078750;08;1;25;065;2023;05;13;1;2;0;1;0;0;1;0;0;0;0;0;516788,697499999776483;5449121,318099999800324;9,230433459000039;49,194661683000049;1
205577;08230514121200078700;08;1;21;000;2023;05;19;1;3;1;1;0;0;1;1;0;0;0;0;514687,877500000409782;5442240,493400000035763;9,201347730000066;49,132820501000026;1
205578;08230514121200055190;08;1;21;000;2023;05;05;1;3;0;1;2;0;1;0;0;0;0;0;515924,672899999655783;5444540,997800000011921;9,218393045000028;49,153483479000045;1
205580;08230513435100100500;08;4;35;030;2023;05;02;7;3;8;1;2;0;1;0;0;0;0;0;539751,075400000438094;5273380,471200000494719;9,528941332000045;47,612610459000052;1
205581;08230519117300077570;08;1;17;026;2023;05;12;6;3;5;3;0;0;1;1;0;0;0;0;547449,001199999824166;5394878,085100000724196;9,644923051000035;48,705131079000068;1
205582;08230513435100065640;08;4;35;016;2023;05;03;7;3;6;4;2;0;0;1;1;0;0;0;537768,546299999579787;5277744,751099999994040;9,502938822000033;47,651996315000076;1
205584;08230513337010041530;08;3;37;065;2023;05;13;7;3;0;7;0;0;1;0;0;0;0;0;448538,730600000359118;5275306,543500000610948;8,315022689000045;47,629115358000035;1
205586;08230513335100132920;08;3;35;043;2023;05;14;7;3;5;3;0;0;1;0;0;0;0;0;514769,215300000272691;5279492,403699999675155;9,196734278000065;47,668654883000045;1
205587;08230513317200045230;08;3;17;057;2023;05;07;7;3;5;3;0;0;1;1;0;0;0;0;412960,250199999660254;5379534,001499999314547;7,820277307000026;48,562853980000057;1
205589;08230513231000060170;08;2;31;000;2023;05;11;7;3;6;4;0;0;0;1;1;0;0;0;477597,456100000068545;5415607,546199999749660;8,694367718000024;48,893011828000056;1
205592;08230513222400059460;08;2;22;000;2023;05;17;7;3;0;7;0;0;1;0;0;0;0;0;466509,042799999937415;5477995,558599999174476;8,537901248000026;49,453695352000068;1
205595;08230513136300074800;08;1;36;065;2023;05;22;7;3;0;1;2;0;1;0;0;0;0;0;558474,676199999637902;5405685,516100000590086;9,796304420000070;48,801409148000062;1
205596;08230513128200071410;08;1;28;115;2023;05;22;7;2;9;1;2;0;1;0;0;0;0;0;549826,319000000134110;5494211,117900000885129;9,689523294000026;49,598420357000066;1
205597;08230513119200059070;08;1;19;020;2023;05;12;7;3;2;6;0;0;1;1;0;0;0;0;519106,863599999807775;5406548,940300000831485;9,260247972000059;48,811633226000026;1
205604;08230512436400040610;08;4;36;082;2023;05;10;6;3;5;3;0;0;1;1;0;0;0;0;547779,710099999792874;5295983,082000000402331;9,638245301000040;47,815425679000043;1
205605;08230512435200046170;08;4;35;034;2023;05;09;6;2;0;7;0;0;1;0;0;0;0;0;530642,399899999611080;5284156,998999999836087;9,408497541000031;47,710066991000076;1
205606;08230512426010080790;08;4;21;000;2023;05;00;6;2;1;7;2;1;1;1;0;0;0;0;573411,979399999603629;5362451,983999999240041;9,992044079000038;48,410944347000054;1
205608;08230515222400068830;08;2;26;105;2023;05;14;2;3;2;6;0;0;1;1;0;0;0;0;471290,127999999560416;5477447,522800000384450;8,603907232000040;49,449010684000029;1
205609;08230512416010068800;08;4;16;036;2023;05;21;6;3;7;4;1;0;0;1;1;0;0;0;495227,207999999634922;5368934,627000000327826;8,935424544000057;48,473523860000057;1
205611;08230512336200039370;08;3;36;069;2023;05;10;6;3;6;7;0;0;0;1;1;0;0;0;408753,166600000113249;5267998,433399999514222;7,787071519000051;47,558989463000046;1
205613;08230512317300062310;08;3;17;065;2023;05;07;6;3;0;1;0;1;1;0;0;0;0;0;414777,363199999555945;5354722,190899999812245;7,849952314000063;48,339929997000070;1
205614;08230512317300053650;08;3;17;065;2023;05;07;6;3;8;2;0;0;1;1;0;0;0;0;416396,915400000289083;5354150,439200000837445;7,871916600000077;48,335003551000057;1
205615;08230512317200110270;08;3;17;057;2023;05;05;6;3;4;6;1;1;1;0;0;0;0;0;417460,420400000177324;5379107,019200000911951;7,881344139000021;48,559622185000080;1
205616;08230512317200061430;08;3;17;057;2023;05;15;6;3;6;2;0;0;0;1;1;0;0;0;412627,230700000189245;5381102,592900000512600;7,815435085000047;48,576916135000033;1
205617;08230512316200067900;08;3;16;056;2023;05;07;6;3;5;3;0;0;1;1;0;0;0;0;421825,682199999690056;5327104,016000000759959;7,950141254000073;48,092407032000040;1
205619;08230512231102056020;08;2;36;040;2023;05;06;6;3;5;3;0;0;1;1;0;0;0;0;484898,270800000056624;5420252,344799999147654;8,793798173000027;48,935015970000052;1
205620;08230512231000076580;08;2;31;000;2023;05;17;6;2;6;4;0;0;0;1;1;0;0;0;478807,937599999830127;5415481,211500000208616;8,710888340000054;48,891917948000071;1
205621;08230512231000046280;08;2;36;031;2023;05;15;6;3;6;4;0;0;0;1;1;0;0;0;481862,160000000149012;5420428,124900000169873;8,752335099000049;48,936515665000059;1
205622;08230512222014060230;08;2;26;038;2023;05;07;6;2;1;5;1;1;1;0;0;0;1;0;471732,287299999967217;5481144,866699999198318;8,609743227000024;49,482287836000069;1
205624;08230512215502084840;08;2;15;099;2023;05;10;6;3;0;7;0;0;1;0;0;0;0;0;463052,114900000393391;5446249,080299999564886;8,493143569000040;49,167942507000078;1
205627;08230515118400048200;08;1;18;048;2023;05;07;2;3;9;1;0;0;1;0;0;0;0;0;514700,740799999795854;5414423,028999999165535;9,200516756000070;48,882586827000068;1
205631;08230512212010053750;08;2;15;108;2023;05;10;6;2;5;3;0;0;1;1;0;0;0;0;447670,509700000286102;5423427,802899999544024;8,285102087000041;48,961550560000035;1
205632;08230512212010050340;08;2;12;000;2023;05;08;6;3;5;7;0;0;1;1;0;0;0;0;454067,046000000089407;5429843,416699999943376;8,371757131000038;49,019768013000032;1
205633;08230512135200054030;08;1;35;019;2023;05;18;6;2;0;1;0;0;1;0;0;0;0;0;584939,716199999675155;5392556,871200000867248;10,153932508000025;48,680274803000032;1
205634;08230512126200038540;08;1;26;011;2023;05;10;6;3;6;7;0;0;0;1;1;0;0;0;528720,580900000408292;5448900,310100000351667;9,394185641000036;49,192230847000076;1
205635;08230512121500070680;08;1;25;065;2023;05;08;6;3;0;7;0;0;1;0;0;0;0;0;518010,553500000387430;5449874,041999999433756;9,247237646000031;49,201397926000027;1
205637;08230512121200048700;08;1;21;000;2023;05;07;6;3;5;3;0;1;1;1;0;0;0;0;515065,408999999985099;5441019,482999999076128;9,206477447000054;49,121827933000077;1
205640;08230512119300070900;08;1;19;067;2023;05;20;6;3;5;3;0;0;1;1;0;0;0;0;538399,638799999840558;5405984,824599999934435;9,522966841000027;48,805665956000041;1
205641;08230512119300058920;08;1;19;067;2023;05;14;6;3;0;7;0;0;1;0;0;0;0;0;537999,957700000144541;5406467,198899999260902;9,517568451000045;48,810029744000076;1
205645;08230512117200051720;08;1;17;024;2023;05;06;6;3;4;2;0;0;1;1;0;0;0;0;561065,735999999567866;5385777,530999999493361;9,828639509000027;48,622085222000067;1
205646;08230512116400090230;08;1;16;033;2023;05;18;6;3;5;3;0;0;1;1;0;0;0;0;533555,877500000409782;5388502,623400000855327;9,455578896000077;48,648680695000053;1
205647;08230512115300069130;08;1;15;028;2023;05;18;6;3;0;7;0;0;1;0;0;0;0;0;500570,821499999612570;5404905,369400000199676;9,007772719000059;48,797141295000074;1
205648;08230512111500066240;08;1;11;000;2023;05;09;6;3;5;2;0;0;1;0;0;0;0;0;512695,754700000397861;5401363,269999999552965;9,172764779000033;48,765147484000067;1
205653;08230511426300036500;08;4;26;045;2023;05;15;5;3;6;4;0;1;1;0;1;0;0;0;534488,828499999828637;5327613,749700000509620;9,463248775000068;48,100855307000074;1
205654;08230511421300067890;08;4;21;000;2023;05;12;5;2;0;1;0;1;1;0;0;0;0;0;572386,229299999773502;5360317,794199999421835;9,977816796000070;48,391865453000037;1
205656;08230511416200050520;08;4;16;041;2023;05;16;5;3;0;7;0;0;1;0;0;0;0;0;504845,406000000424683;5371201,606000000610948;9,065584205000050;48,493918002000044;1
205659;08230511336200039400;08;3;36;069;2023;05;19;5;3;6;3;0;0;0;0;1;0;0;1;409689,437099999748170;5269098,121600000187755;7,799288301000047;47,569013071000029;1
205662;08230511311500068860;08;3;15;113;2023;05;17;5;3;0;7;0;0;0;1;1;0;0;0;441234,019799999892712;5306729,452600000426173;8,213551048000056;47,911196322000080;1
205663;08230511311400076900;08;3;15;006;2023;05;16;5;3;5;3;0;0;1;1;0;0;0;0;402122,844999999739230;5307778,620999999344349;7,690011995000020;47,915856912000038;1
205664;08230511311010065740;08;3;11;000;2023;05;17;5;3;6;4;0;0;0;1;1;0;0;0;414118,059000000357628;5315698,135999999940395;7,848938961000044;47,988815497000076;1
205665;08230511311010053150;08;3;11;000;2023;05;07;5;3;3;2;0;0;1;1;0;0;0;0;412835,996700000017881;5316131,073100000619888;7,831671460000052;47,992536453000071;1
205666;08230511311010051730;08;3;11;000;2023;05;17;5;3;5;2;0;0;1;1;0;0;0;0;412048,497700000181794;5315278,385199999436736;7,821292976000052;47,984758439000075;1
205670;08230511216100037660;08;2;16;043;2023;05;17;5;3;0;7;0;0;1;0;0;0;0;0;442174,214499999769032;5412209,645600000396371;8,211611021000067;48,860154592000072;1
205672;08230511215502056950;08;2;15;106;2023;05;15;5;3;5;3;0;0;1;1;0;0;0;0;466426,585699999704957;5455138,523199999704957;8,538690068000051;49,248096933000056;1
205673;08230511212702054360;08;2;15;108;2023;05;17;5;3;1;5;0;0;1;1;0;0;0;0;447615,261900000274181;5423486,032899999991059;8,284339888000034;48,962069658000075;1
205675;08230511212302051600;08;2;12;000;2023;05;14;5;3;6;7;0;0;0;0;1;0;0;1;456481,519399999640882;5428687,476999999955297;8,404902862000029;49,009545274000061;1
205677;08230511211100035170;08;2;11;000;2023;05;03;5;3;0;1;2;1;1;0;0;0;0;0;444990,483000000007451;5399889,813999999314547;8,251654870000038;48,749591967000072;1
205678;08230511128300065790;08;1;28;131;2023;05;14;5;3;0;1;0;1;1;0;0;0;0;0;540945,791600000113249;5513570,401499999687076;9,568664299000034;49,773206508000044;1
205679;08230520215102063500;08;2;12;000;2023;05;14;7;3;0;7;0;0;1;0;0;0;0;0;459580,200500000268221;5431849,485999999567866;8,446958797000036;49,038198799000043;1
205681;08230511121100040930;08;1;25;006;2023;05;07;5;3;0;7;0;0;1;0;0;0;0;0;508009,403099999763072;5454627,805299999192357;9,110043431000065;49,244371499000067;1