OID_;UIDENTSTLAE;ULAND;UREGBEZ;UKREIS;UGEMEINDE;UJAHR;UMONAT;USTUNDE;UWOCHENTAG;UKATEGORIE;UART;UTYP1;ULICHTVERH;IstStrassenzustand;IstRad;IstPKW;IstFuss;IstKrad;IstGkfz;IstSonstige;LINREFX;LINREFY;XGCSWGS84;YGCSWGS84;PLST
205682;08230511119300037490;08;1;19;067;2023;05;06;5;2;0;7;0;1;1;0;0;0;0;0;538695,978000000119209;5406203,523000000044703;9,527023139000050;48,807614886000067;1
205684;08230511118200050090;08;1;18;019;2023;05;11;5;3;0;7;0;1;1;0;0;0;0;0;505118,888199999928474;5405272,745799999684095;9,069707039000036;48,800425373000053;1
205685;08230511118000075550;08;1;18;003;2023;05;17;5;2;4;6;0;0;1;0;0;0;0;0;511242,694500000216067;5416711,597400000318885;9,153412503000027;48,903246591000027;1
205687;08230511116200108380;08;1;16;077;2023;05;21;5;3;5;7;2;1;1;1;0;0;0;0;516472,595800000242889;5391579,142999999225140;9,223769175000029;48,677041119000080;1
205688;08230511115300071370;08;1;15;052;2023;05;15;5;3;6;4;0;0;0;1;1;0;0;0;493663,253999999724329;5409072,135999999940395;8,913649978000024;48,834593057000063;1
205689;08230511115100065600;08;1;15;003;2023;05;07;5;3;6;4;0;0;0;0;1;0;0;1;501543,918999999761581;5391614,029999999329448;9,020973318000074;48,677570380000077;1
205690;08230511111500132340;08;1;11;000;2023;05;13;5;3;5;3;0;1;1;1;0;0;0;0;510940,729299999773502;5400480,425699999555945;9,148858882000070;48,757238777000055;1
205692;08230511111230132440;08;1;11;000;2023;05;16;5;3;5;3;0;0;1;1;0;0;0;0;510901,516300000250340;5397035,644999999552965;9,148234198000068;48,726250248000042;1
205699;08230510416200062680;08;4;16;041;2023;05;10;4;3;5;3;0;1;1;1;0;0;0;0;503771,151200000196695;5372608,037799999117851;9,051056516000074;48,506578187000059;1
205701;08230510416000060430;08;4;16;025;2023;05;12;4;3;6;7;0;0;0;1;1;0;0;0;504065,182099999859929;5361447,679199999198318;9,054928896000035;48,406172572000060;1
205702;08230510335100080070;08;3;35;043;2023;05;10;4;3;0;1;0;0;1;0;0;0;0;0;511308,908999999985099;5279817,119999999180436;9,150649644000055;47,671646349000071;1
205703;08230510317200072440;08;3;17;057;2023;05;12;4;3;8;1;0;0;1;0;0;0;0;0;414081,057199999690056;5378963,035800000652671;7,835583145000044;48,557873090000044;1
205704;08230510311400044340;08;3;15;006;2023;05;11;4;3;6;7;0;0;0;1;1;0;0;0;402827,034900000318885;5307878,873099999502301;7,699411750000024;47,916865793000056;1
205705;08230510311400036270;08;3;15;006;2023;05;14;4;3;5;2;0;0;1;1;0;0;0;0;402102,107900000177324;5307782,088300000876188;7,689733738000029;47,915884934000076;1
205706;08230510311010062850;08;3;11;000;2023;05;19;4;3;1;5;0;0;1;1;0;0;0;0;414083,144299999810755;5315970,225899999961257;7,848416646000032;47,991258360000074;1
205707;08230523317500079160;08;3;17;034;2023;05;18;3;3;5;3;0;0;1;1;0;0;0;0;427438,321200000122190;5362196,365000000223517;8,019488805000037;48,408743482000034;1
205708;08230510311010060240;08;3;11;000;2023;05;10;4;3;1;5;0;0;1;1;0;0;0;0;415655,939000000245869;5315896,384999999776483;7,869507761000023;47,990803513000060;1
205709;08230510311010037970;08;3;11;000;2023;05;08;4;3;5;3;0;0;1;1;0;0;0;0;414435,774799999780953;5316604,954500000923872;7,853015589000051;47,997015274000034;1
205710;08230510311010033840;08;3;36;050;2023;05;15;4;3;3;6;0;0;1;1;0;0;0;0;401890,524899999611080;5276670,239299999549985;7,693931000000021;47,635995699000034;1
205711;08230510237100110230;08;2;37;028;2023;05;07;4;3;6;4;0;0;1;0;1;0;0;0;456546,717500000260770;5368881,944399999454618;8,412102300000072;48,471566554000049;1
205713;08230510226600064780;08;2;26;096;2023;05;10;4;3;6;4;0;0;0;1;1;0;0;0;476122,027200000360608;5488730,305800000205636;8,669886779000024;49,550704849000056;1
205714;08230510222014054800;08;2;22;000;2023;05;08;4;2;6;4;0;1;0;1;1;0;0;1;461080,162700000219047;5481221,695100000128150;8,462681048000036;49,482389278000028;1
205715;08230510222014037780;08;2;22;000;2023;05;08;4;3;5;5;0;0;1;1;0;0;0;0;464209,518299999646842;5484257,258999999612570;8,505607540000028;49,509885277000080;1
205719;08230510215302066850;08;2;15;007;2023;05;14;4;3;5;2;0;0;1;1;0;0;0;0;479096,873700000345707;5431763,998299999162555;8,713993669000047;49,038400536000040;1
205720;08230510215102049170;08;2;12;000;2023;05;06;4;3;5;3;0;1;1;1;0;0;0;0;454640,369599999859929;5432303,647099999710917;8,379322986000034;49,041940309000040;1
205721;08230510212010035580;08;2;12;000;2023;05;18;4;3;6;4;0;0;1;0;1;0;0;0;457245,250799999572337;5428152,757899999618530;8,415402308000068;49,004788791000067;1
205723;08230510118300049970;08;1;18;046;2023;05;13;4;2;0;7;0;0;1;0;0;0;0;0;512954,949000000022352;5411477,051999999210238;9,176611148000063;48,856124418000036;1
205725;08230510117300035720;08;1;17;026;2023;05;16;4;3;0;1;0;1;1;0;0;0;0;0;548739,473000000230968;5394431,922000000253320;9,662409162000074;48,701018117000046;1
205726;08230510116500050880;08;1;16;049;2023;05;13;4;3;5;3;0;1;1;0;0;0;0;1;525057,047799999825656;5386206,035399999469519;9,340056214000072;48,628419101000077;1
205728;08230510111500066360;08;1;11;000;2023;05;15;4;3;5;2;0;0;1;1;0;0;0;0;507941,875599999912083;5398275,826199999079108;9,108014242000024;48,737451687000032;1
205729;08230510111210064340;08;1;11;000;2023;05;07;4;3;1;5;0;1;1;1;0;0;0;0;511598,358599999919534;5398918,009899999946356;9,157762503000072;48,743171420000067;1
205730;08230510111140034470;08;1;11;000;2023;05;08;4;3;5;3;0;1;1;1;0;0;0;0;509646,321200000122190;5402747,590299999341369;9,131300459000045;48,777655496000079;1
205734;08230509417300053250;08;4;17;031;2023;05;05;3;3;5;3;1;0;1;1;0;0;0;0;497022,652800000272691;5358286,961200000718236;8,959792376000053;48,377743033000058;1
205735;08230509417100058050;08;4;17;079;2023;05;21;3;3;6;3;2;1;0;1;1;0;0;0;499889,239000000059605;5347932,198000000789762;8,998506948000056;48,284591699000032;1
205736;08230509415300062130;08;4;15;019;2023;05;07;3;3;5;2;0;0;1;0;0;0;0;1;518369,011199999600649;5369559,085000000894070;9,248557413000071;48,478891495000028;1
205737;08230509336400032510;08;3;36;091;2023;05;12;3;3;5;2;0;0;1;1;0;0;0;0;396457,569899999536574;5272077,418199999257922;7,622712000000035;47,593836340000053;1
205738;08230509336100063430;08;3;36;050;2023;05;15;3;3;5;3;0;1;1;1;0;0;0;0;399740,796900000423193;5274536,583200000226498;7,665809542000034;47,616473426000027;1
205740;08230509335300064370;08;3;35;075;2023;05;16;3;3;5;3;0;0;1;1;0;0;0;0;487815,182000000029802;5289778,489600000903010;8,837403534000032;47,761258831000077;1
205743;08230509326400106090;08;3;26;074;2023;05;17;3;3;5;2;0;0;1;1;0;0;0;0;459720,186999999918044;5323776,735500000417233;8,459332809000045;48,065995149000059;1
205749;08230509226700076190;08;2;26;095;2023;05;17;3;3;0;7;0;0;1;0;0;0;0;0;473621,493900000117719;5460501,160800000652671;8,637194566000062;49,296686353000041;1
205752;08230509222014063030;08;2;22;000;2023;05;19;3;2;3;6;0;0;1;0;0;0;0;0;465554,196399999782443;5480312,402699999511242;8,524525406000066;49,474481006000076;1
205753;08230509216100043480;08;2;16;043;2023;05;21;3;3;5;3;2;1;1;1;0;0;0;0;440077,471900000236928;5413387,077199999243021;8,182854874000043;48,870546488000059;1
205754;08230509215102043040;08;2;15;109;2023;05;07;3;3;5;3;0;1;1;1;0;0;0;0;461448,321499999612570;5438694,971000000834465;8,471865820000062;49,099894457000062;1
205757;08230509212010067710;08;2;12;000;2023;05;08;3;3;4;6;0;1;1;0;0;0;0;0;456601,747999999672174;5428441,426000000908971;8,406573149000053;49,007340483000064;1
205758;08230509212010061710;08;2;12;000;2023;05;22;3;3;0;7;2;1;1;0;0;0;0;0;457262,713200000114739;5429887,524299999698997;8,415458396000076;49,020394446000068;1
205759;08230509136300057900;08;1;36;065;2023;05;20;3;3;6;4;1;1;0;1;1;0;0;0;561025,467000000178814;5406555,068299999460578;9,831166442000040;48,808985560000053;1
205760;08230509135010058110;08;4;25;011;2023;05;19;3;2;5;3;0;0;1;1;0;0;0;0;588202,118599999696016;5376049,474300000816584;10,194735644000048;48,531350380000049;1
205762;08230509121500041810;08;1;25;005;2023;05;22;3;3;5;3;2;1;1;1;0;0;0;0;515787,569600000046194;5452350,223600000143051;9,216819546000067;49,223733010000046;1
205763;08230509118400102480;08;1;18;048;2023;05;22;3;3;7;1;2;1;1;0;0;0;0;0;513248,210699999704957;5415768,016400000080466;9,180748091000055;48,894718741000077;1
205766;08230509117100033110;08;1;17;019;2023;05;16;3;3;5;3;0;0;1;1;0;0;0;0;554101,244099999777973;5396799,544800000265241;9,735584446000075;48,721873677000076;1
205767;08230509117100030880;08;1;17;049;2023;05;13;3;3;8;1;0;0;1;0;0;0;0;0;556984,463499999605119;5392329,578299999237061;9,774165408000044;48,681408246000046;1
205769;08230509111500063910;08;1;11;000;2023;05;14;3;3;6;7;0;0;0;1;1;0;0;0;516272,170099999755621;5406401,484899999573827;9,221632075000059;48,810387440000056;1
205771;08230508437100033450;08;4;37;076;2023;05;07;2;3;5;3;0;0;1;1;0;0;0;0;524677,297699999995530;5321691,791999999433756;9,331122486000027;48,048031604000073;1
205772;08230508437100028720;08;4;37;100;2023;05;13;2;3;5;3;0;1;1;1;0;0;0;0;536696,349899999797344;5319152,393600000068545;9,492172554000035;48,024607204000063;1
205775;08230508426010051190;08;4;21;000;2023;05;16;2;3;3;2;0;0;1;1;0;0;0;0;571576,393400000408292;5362187,927100000903010;9,967197781000039;48,408780257000046;1
205776;08230508426010041260;08;4;21;000;2023;05;10;2;2;6;2;0;0;0;1;1;0;0;0;573549,283400000073016;5361233,690700000151992;9,993685710000022;48,399969551000027;1
205777;08230523136100077940;08;1;36;088;2023;05;13;3;3;0;7;0;0;1;0;0;0;0;0;580553,839999999850988;5411062,343499999493361;10,097983398000054;48,847300640000071;1
205778;08230508425000030350;08;4;25;081;2023;05;18;2;3;0;1;0;0;1;0;0;0;0;0;548053,913200000301003;5342282,639900000765920;9,647100600000044;48,231942939000078;1
205780;08230508337101028080;08;3;37;116;2023;05;09;2;3;6;7;0;1;0;1;1;0;0;0;417593,663200000301003;5274866,705299999564886;7,903273120000051;47,621960146000049;1
205781;08230508336400044530;08;3;36;091;2023;05;09;2;3;6;4;0;1;1;0;1;0;0;0;396001,184000000357628;5274459,129899999126792;7,616078063000032;47,615187232000039;1
205782;08230508335300029060;08;3;35;097;2023;05;21;2;3;8;1;2;1;1;0;0;0;0;0;485036,224399999715388;5296776,821799999102950;8,800079456000049;47,824167515000056;1
205784;08230508316100072760;08;3;16;053;2023;05;15;2;3;5;3;0;0;1;1;0;0;0;0;404708,715300000272691;5342812,587899999693036;7,716799861000027;48,231370877000074;1
205785;08230508311010057920;08;3;11;000;2023;05;14;2;2;1;5;0;0;1;1;0;0;0;0;415643,167700000107288;5315897,247199999168515;7,869336448000070;47,990809585000079;1
205786;08230508311010057340;08;3;11;000;2023;05;09;2;3;3;2;0;0;1;0;0;0;1;0;413115,657899999991059;5320139,003900000825524;7,834607076000054;48,028627088000064;1
205787;08230508311010046740;08;3;11;000;2023;05;09;2;3;5;2;0;1;1;1;0;0;0;0;414506,369099999777973;5315437,401399999856949;7,854194256000028;47,986522113000035;1
205788;08230508311010045580;08;3;11;000;2023;05;17;2;3;0;7;0;1;1;0;0;0;0;0;414287,889000000432134;5316490,198000000789762;7,851056521000032;47,995963187000029;1
205791;08230508226700057760;08;2;26;041;2023;05;16;2;3;5;3;0;0;1;1;0;0;0;0;475751,460699999704957;5464272,499600000679493;8,666260112000032;49,330697701000076;1
205793;08230508222200042280;08;2;22;000;2023;05;10;2;3;5;3;0;1;1;0;0;0;0;0;461825,534699999727309;5481958,757699999958277;8,472899864000055;49,489066109000078;1
205795;08230508221400058650;08;2;21;000;2023;05;06;2;3;5;3;0;1;1;1;0;0;0;0;476947,959300000220537;5469060,018999999389052;8,682450526000025;49,373807464000038;1
205796;08230508221400029610;08;2;21;000;2023;05;09;2;3;5;3;0;1;1;1;0;0;0;0;477530,625799999572337;5470502,085500000044703;8,690395347000049;49,386800461000064;1
205798;08230508212302057520;08;2;12;000;2023;05;23;2;3;0;1;2;0;1;0;0;0;0;0;455816,796299999579787;5428379,990100000053644;8,395847040000035;49,006732161000059;1
205799;08230511226600110340;08;2;26;096;2023;05;18;5;3;5;3;0;0;1;1;0;0;0;0;475081,112900000065565;5488385,725600000470877;8,655518192000045;49,547563545000060;1
205800;08230508136100041630;08;1;36;088;2023;05;16;2;3;3;6;0;0;1;0;0;0;0;0;578724,287399999797344;5409310,353800000622869;10,072713851000060;48,831777511000041;1
205801;08230508127100042290;08;1;27;059;2023;05;12;2;3;0;7;0;0;1;0;0;0;0;0;550789,531100000254810;5438699,270600000396371;9,695774343000039;49,099044440000057;1
205804;08230508121200039310;08;1;21;000;2023;05;17;2;2;6;4;0;0;0;1;1;0;0;1;516826,932199999690056;5441885,652699999511242;9,230655768000076;49,129573730000061;1
205805;08230508119100058380;08;1;19;053;2023;05;07;2;3;1;6;0;0;1;1;0;0;0;0;534098,220200000330806;5426060,645199999213219;9,466063562000045;48,986508527000069;1
205807;08230508118500120210;08;1;18;054;2023;05;06;2;3;8;6;1;0;1;0;0;0;0;1;519235,309899999760091;5423588,657400000840425;9,262799528000073;48,964913399000068;1
205809;08230508116100059180;08;1;16;019;2023;05;10;2;3;0;7;0;0;1;0;0;0;0;0;522089,645200000144541;5397236,019400000572205;9,300374738000073;48,727756672000055;1
205810;08230508116010030920;08;1;16;078;2023;05;14;2;2;5;3;0;0;1;1;0;0;1;0;510529,192099999636412;5394479,797700000926852;9,143106282000076;48,703264155000056;1
205811;08230508111500131800;08;1;11;000;2023;05;08;2;3;1;5;0;1;1;1;0;0;0;0;518777,400200000032783;5400651,543199999257922;9,255491068000026;48,758591088000060;1
205812;08230508111130132080;08;1;11;000;2023;05;17;2;3;6;7;0;1;1;0;1;0;0;0;512261,940299999900162;5402897,019200000911951;9,166907154000057;48,778953691000027;1
205814;08230507425000027220;08;4;25;079;2023;05;09;1;3;5;3;0;0;1;1;0;0;0;0;555553,625799999572337;5372923,732999999076128;9,752132763000077;48,506972445000031;1
205815;08230507317500056430;08;3;17;151;2023;05;10;1;3;5;3;0;0;1;1;0;0;0;0;413997,487900000065565;5366120,840800000354648;7,837096288000055;48,442351978000033;1
205816;08230507311400039570;08;3;15;108;2023;05;21;1;2;4;2;2;1;1;1;0;0;0;0;405282,747999999672174;5302779,145999999716878;7,733390597000039;47,871360481000067;1
205817;08230507311010037750;08;3;36;069;2023;05;12;1;2;8;1;0;0;1;0;0;0;0;0;408402,643600000068545;5268029,755300000309944;7,782406631000072;47,559221866000030;1
205818;08230507311010025730;08;3;11;000;2023;05;01;1;3;0;7;2;0;1;0;0;0;0;0;413511,893099999986589;5315176,359600000083447;7,840921443000070;47,984040237000045;1
205819;08230507231202094990;08;2;36;070;2023;05;13;1;3;5;3;0;0;1;1;0;0;0;0;470366,653800000436604;5416273,667899999767542;8,595673630000022;48,898700332000033;1
205820;08230507231102095070;08;2;36;046;2023;05;18;1;3;0;7;0;0;1;0;0;0;0;0;484270,238900000229478;5418444,087700000032783;8,785292720000029;48,918733841000062;1
205822;08230507222400028120;08;2;22;000;2023;05;14;1;3;0;7;0;0;1;0;0;0;0;0;468433,790000000037253;5479395,533999999985099;8,564345916000036;49,466390675000071;1
205824;08230507212502037530;08;2;12;000;2023;05;10;1;2;0;7;0;0;1;0;0;0;0;0;451307,873999999836087;5428376,953999999910593;8,334197392000021;49,006365575000075;1
205827;08230507212010095000;08;2;12;000;2023;05;14;1;3;5;3;0;0;1;1;0;0;0;0;456533,700199999846518;5427710,343499999493361;8,405720975000065;49,000759515000027;1
205833;08230507119500038630;08;1;19;085;2023;05;09;1;3;3;6;0;0;1;0;0;0;0;0;531374,161700000055134;5412993,161499999463558;9,427826117000052;48,869104662000041;1
205834;08230507119300071840;08;1;19;055;2023;05;13;1;3;0;7;0;0;1;0;0;0;0;0;543639,111100000329316;5404525,086999999359250;9,594164627000055;48,792189157000053;1
205835;08230507119300071780;08;1;19;055;2023;05;13;1;3;0;7;0;0;1;0;0;0;0;0;543639,431699999608099;5404524,976999999955297;9,594168980000063;48,792188145000068;1
205836;08230507116400068720;08;1;16;079;2023;05;10;1;3;5;3;0;0;1;1;0;0;0;0;535369,592899999581277;5377163,514900000765920;9,479236494000077;48,546574823000071;1
205837;08230507116200051750;08;1;16;078;2023;05;12;1;2;0;1;0;0;1;0;0;0;0;0;508671,345099999569356;5393085,366499999538064;9,117826355000034;48,690748347000067;1
205838;08230507116100059010;08;1;16;058;2023;05;18;1;3;5;3;0;1;1;1;0;0;0;0;534164,531999999657273;5395344,344900000840425;9,464407591000054;48,710194638000075;1
205839;08230507111500132220;08;1;11;000;2023;05;17;1;3;1;5;0;0;1;1;0;1;0;0;507823,711500000208616;5407063,501599999144673;9,106574354000031;48,816506677000064;1
205842;08230507111230026880;08;1;11;000;2023;05;12;1;3;3;6;0;0;1;1;0;0;0;0;508448,292600000277162;5397821,241299999877810;9,114892482000073;48,733355573000040;1
205845;08230509222400044910;08;2;22;000;2023;05;19;3;3;5;2;0;1;1;1;0;0;0;0;468651,895200000144541;5475890,556199999526143;8,567633324000042;49,434875908000038;1
205846;08230506426100038550;08;4;26;021;2023;05;13;7;3;5;3;0;0;1;1;0;0;0;0;558973,365100000053644;5327940,452600000426173;9,792140732000064;48,101998207000065;1
205847;08230506426010060180;08;4;21;000;2023;05;23;7;2;6;1;2;0;0;1;1;0;0;0;572914,019999999552965;5361218,212999999523163;9,985101637000071;48,399904123000056;1
205848;08230506425000045450;08;4;25;033;2023;05;15;7;3;0;6;0;0;1;1;0;0;0;0;551683,577700000256300;5348607,715399999171495;9,696747385000037;48,288558574000035;1
205850;08230506425000025840;08;4;25;020;2023;05;10;7;3;6;4;0;0;0;1;1;0;0;0;558010,528400000184774;5362497,792199999094009;9,783947692000027;48,412962516000050;1
205851;08230506415400049920;08;4;15;061;2023;05;11;7;2;0;1;0;0;1;0;0;0;0;0;511895,654000000096858;5371153,719900000840425;9,161010050000073;48,493393274000027;1
205852;08230506336400080620;08;3;36;019;2023;05;12;7;3;6;4;0;0;0;1;1;0;0;0;394254,394700000062585;5276708,001199999824166;7,592297440000038;47,635133227000040;1
205858;08230506325102037580;08;3;25;057;2023;05;11;7;3;0;1;0;0;1;0;0;0;0;0;473319,970900000073016;5356986,000700000673532;8,639785414000073;48,365481900000077;1
205859;08230506317300058410;08;3;17;065;2023;05;10;7;3;6;4;0;0;0;1;1;0;0;0;418160,863300000317395;5354678,364000000059605;7,895610901000055;48,339983167000071;1
205862;08230506311400051080;08;3;15;074;2023;05;16;7;2;6;6;0;0;1;0;1;0;0;0;396463,328999999910593;5295935,839999999850988;7,617123766000077;47,808444826000027;1
205863;08230506311100051570;08;3;16;038;2023;05;18;7;2;0;7;0;0;1;0;0;0;0;0;395908,491600000299513;5330650,025699999183416;7,601309617000027;48,120594673000028;1
205864;08230506311010125640;08;3;36;091;2023;05;14;7;3;6;2;0;0;0;1;1;0;0;0;396274,646800000220537;5274331,712200000882149;7,619746135000071;47,614084924000053;1
205865;08230506311010051820;08;3;11;000;2023;05;12;7;3;1;5;0;0;1;1;0;0;0;0;413755,869500000029802;5316375,605100000277162;7,843949497000040;47,994860838000079;1
205867;08230506226700050030;08;2;26;103;2023;05;09;7;3;5;5;0;0;1;1;0;0;0;0;472600,519299999810755;5457051,749500000849366;8,623388922000061;49,265614023000069;1
205868;08230506226700027120;08;2;26;098;2023;05;14;7;3;1;5;0;0;1;1;0;0;0;0;482742,217600000090897;5463118,323999999091029;8,762524877000033;49,320553629000074;1
205869;08230509215402075950;08;2;15;009;2023;05;09;3;3;0;7;0;0;1;0;0;0;0;0;467440,708999999798834;5437354,534499999135733;8,554062997000074;49,088183340000057;1
205871;08230506226400085960;08;2;26;084;2023;05;21;7;3;6;4;2;0;0;1;1;0;0;0;469133,610100000165403;5469931,257799999788404;8,574740397000028;49,381298280000067;1
205873;08230506221400040450;08;2;21;000;2023;05;17;7;3;5;5;0;0;1;0;0;0;0;0;476398,372600000351667;5469630,963800000026822;8,674846038000055;49,378922002000081;1
205874;08230506216100068120;08;2;16;043;2023;05;14;7;3;6;4;0;0;1;0;1;0;0;0;441448,119599999859929;5412060,415400000289083;8,201733886000056;48,858744162000050;1
205876;08230506212502027270;08;2;12;000;2023;05;16;7;2;0;7;0;0;1;0;0;0;0;0;452837,188299999572337;5428710,606200000271201;8,355068640000070;49,009485553000047;1
205878;08230521127100087150;08;1;27;023;2023;05;19;1;3;0;7;0;0;1;0;0;0;0;0;552119,264600000344217;5426102,374099999666214;9,712368863000052;48,985625988000038;1
205879;08230506136100026800;08;1;36;088;2023;05;17;7;3;0;7;0;0;1;0;0;0;0;0;582111,446600000374019;5408743,498299999162555;10,118745473000047;48,826240463000033;1
205881;08230514215102075060;08;2;15;102;2023;05;20;1;3;1;7;1;0;0;1;1;0;0;0;455934,972799999639392;5438766,983100000768900;8,396332613000027;49,100171964000026;1
205882;08230506127100038100;08;1;27;076;2023;05;13;7;3;5;3;0;0;1;1;0;0;0;0;553589,476599999703467;5440660,144600000232458;9,734388321000040;49,116444385000079;1
205884;08230506119400055640;08;1;19;091;2023;05;16;7;3;0;7;0;0;0;1;1;0;0;0;529018,400299999862909;5405762,570100000128150;9,395191206000050;48,804175447000034;1
205886;08230506119200053410;08;1;19;020;2023;05;13;7;3;0;7;0;0;1;0;0;0;0;0;519406,375799999572337;5408512,452700000256300;9,264420375000043;48,829287312000076;1
205888;08230506118400033560;08;1;18;048;2023;05;09;7;3;0;7;0;0;1;0;0;0;0;0;511804,044800000265241;5414776,711999999359250;9,161016485000061;48,885830409000050;1
205889;08230506118100025180;08;1;18;007;2023;05;08;7;3;0;1;0;0;1;0;0;0;0;0;510471,260999999940395;5427217,263000000268221;9,143156039000075;48,997765573000038;1
205892;08230506116200067670;08;1;16;078;2023;05;17;7;2;0;1;0;0;1;0;0;0;0;0;512201,283999999985099;5393653,607799999415874;9,165807818000076;48,695801241000026;1
205893;08230506111500247020;08;1;11;000;2023;05;10;7;3;6;4;0;0;0;1;1;0;0;0;512324,372600000351667;5409009,003799999132752;9,167940464000026;48,833935146000044;1
205895;08230505436300036020;08;4;36;049;2023;05;17;6;2;0;1;0;0;1;0;0;0;0;0;577775,561800000257790;5282712,740100000053644;10,036503821000053;47,693117656000027;1
205896;08230509416000054230;08;4;16;041;2023;05;15;3;3;8;6;0;1;1;1;0;0;0;0;503808,332000000402331;5374752,425000000745058;9,051579475000040;48,525869667000052;1
205897;08230505436300024210;08;4;36;049;2023;05;17;6;3;0;1;0;0;1;0;0;0;0;0;577829,322599999606609;5282696,068900000303984;10,037217189000046;47,692961206000064;1
205900;08230505426100046380;08;4;26;021;2023;05;08;6;3;3;2;0;0;1;0;0;0;1;0;559053,993800000287592;5327033,088999999687076;9,793098082000029;48,093827940000040;1
205901;08230505426100024400;08;4;26;021;2023;05;21;6;3;0;1;2;0;1;0;0;0;0;0;558037,623800000175834;5327694,660199999809265;9,779539471000021;48,099872958000049;1
205902;08230505426100024320;08;4;26;021;2023;05;07;6;2;0;1;0;0;1;0;0;0;0;0;559596,075000000186265;5326693,797000000253320;9,800330158000065;48,090725141000064;1
205905;08230505416200044000;08;4;16;041;2023;05;08;6;3;1;6;0;0;1;0;0;0;0;1;503859,728000000119209;5373780,078400000929832;9,052266574000043;48,517121770000074;1
205906;08230505415300024930;08;4;15;059;2023;05;16;6;3;1;5;0;0;1;1;0;0;0;0;516884,111299999989569;5368700,795499999076128;9,228430229000026;48,471211642000071;1
205908;08230505335100031460;08;3;35;043;2023;05;14;6;3;0;7;0;0;1;1;0;0;0;0;512882,184299999848008;5279123,731100000441074;9,171587214000056;47,665378034000071;1
205910;08230510335000033020;08;3;35;075;2023;05;05;4;2;6;7;1;0;0;0;1;0;0;1;487403,783099999651313;5290727,933399999514222;8,831886251000071;47,769793560000039;1
205912;08230505311010048350;08;3;11;000;2023;05;18;6;2;0;7;0;1;1;0;0;0;0;0;413165,754999999888241;5315428,790999999269843;7,836232581000047;47,986264049000056;1
205915;08230505311010030680;08;3;11;000;2023;05;19;6;3;5;3;0;0;1;1;0;0;0;0;411290,210300000384450;5319821,867100000381470;7,810193151000021;48,025523421000059;1
205916;08230515316100079330;08;3;16;011;2023;05;09;2;3;0;7;0;0;1;0;0;0;0;0;414684,173000000417233;5329059,710000000894070;7,853860855000050;48,109082797000042;1
205918;08230505231302023460;08;2;36;073;2023;05;07;6;3;5;3;0;0;1;1;0;0;0;0;480315,376899999566376;5423683,235899999737740;8,731057293000049;48,965750039000056;1
205919;08230505231102047160;08;2;36;040;2023;05;12;6;3;1;1;0;0;1;1;0;0;0;0;490156,917700000107288;5419863,450200000777841;8,865609847000030;48,931623604000038;1
205920;08230505231000041330;08;2;31;000;2023;05;07;6;3;5;3;0;0;1;1;0;0;0;0;477020,792000000365078;5414942,025000000372529;8,686537983000051;48,887003911000079;1
205921;08230505226700049390;08;2;26;098;2023;05;19;6;3;2;6;0;0;1;1;0;0;0;0;477762,560700000263751;5460935,540899999439716;8,694124975000022;49,300758387000030;1
205922;08230517116400120300;08;1;16;033;2023;05;22;4;3;7;1;2;0;1;0;1;0;0;0;533272,911999999545515;5387969,595899999141693;9,451694452000027;48,643900768000037;1
205923;08230505226400048550;08;2;26;063;2023;05;20;6;3;1;5;1;1;1;1;0;0;0;0;469911,688299999572337;5471898,174799999222159;8,585311122000064;49,399029179000081;1
205925;08230505225100065030;08;2;25;058;2023;05;19;6;3;1;5;0;1;1;0;0;0;1;0;509451,380900000222027;5465388,738600000739098;9,130109625000046;49,341146976000061;1
205928;08230505221300033850;08;2;21;000;2023;05;17;6;3;5;3;0;0;1;1;0;0;0;0;475391,906200000084937;5473987,686599999666214;8,660710582000036;49,418070177000061;1
205930;08230505221200050080;08;2;21;000;2023;05;15;6;3;6;7;0;0;0;1;1;0;0;0;477601,196600000374019;5472648,423399999737740;8,691246728000067;49,406109080000078;1
205931;08230511311010051070;08;3;11;000;2023;05;17;5;2;2;6;0;0;1;1;0;0;0;0;413844,705699999816716;5315950,304300000891089;7,845225413000037;47,991047078000065;1
205932;08230505221011050980;08;2;21;000;2023;05;01;6;3;6;7;2;0;0;1;1;0;0;0;478826,753200000151992;5473442,434599999338388;8,708097666000072;49,413294973000063;1
205933;08230505216300043920;08;2;16;033;2023;05;07;6;3;3;6;0;0;1;0;0;0;0;0;446997,435999999754131;5413424,580600000917912;8,277207076000025;48,871513933000074;1
205934;08230505215102037160;08;2;15;105;2023;05;14;6;3;5;3;0;0;1;0;0;0;0;1;457270,658900000154972;5442397,432700000703335;8,414245372000039;49,132921959000043;1
205935;08230505212010052080;08;2;12;000;2023;05;17;6;2;6;4;0;0;0;1;1;0;0;0;457150,584099999628961;5428097,692199999466538;8,414113785000040;49,004286902000047;1
205936;08230522212302071920;08;2;12;000;2023;05;17;2;3;6;6;0;0;1;0;1;0;0;0;455700,427000000141561;5428535,976500000804663;8,394238900000062;49,008126933000028;1
205937;08230505212010039090;08;2;12;000;2023;05;08;6;3;5;3;0;0;1;1;0;0;0;0;457845,326000000350177;5428686,841000000014901;8,423551412000052;49,009634226000060;1
205939;08230505136100037220;08;1;36;033;2023;05;15;6;3;0;7;0;0;1;0;0;0;0;0;580272,274799999780953;5415241,372099999338388;10,094966116000023;48,884924070000068;1