OID_;UIDENTSTLAE;ULAND;UREGBEZ;UKREIS;UGEMEINDE;UJAHR;UMONAT;USTUNDE;UWOCHENTAG;UKATEGORIE;UART;UTYP1;ULICHTVERH;IstStrassenzustand;IstRad;IstPKW;IstFuss;IstKrad;IstGkfz;IstSonstige;LINREFX;LINREFY;XGCSWGS84;YGCSWGS84;PLST
205940;08230505136100024960;08;1;36;088;2023;05;13;6;3;6;4;0;0;0;1;1;0;0;0;578943,838499999605119;5409324,305999999865890;10,075707637000050;48,831875128000036;1
205942;08230505126200063600;08;1;26;066;2023;05;13;6;3;5;3;0;0;1;1;0;0;0;0;535217,018199999816716;5449053,899900000542402;9,483358701000043;49,193273668000074;1
205944;08230505119300048530;08;1;19;067;2023;05;07;6;3;5;3;0;0;1;1;0;0;0;0;538180,247999999672174;5405930,146999999880791;9,519973989000050;48,805187617000058;1
205945;08230505118500081570;08;1;18;021;2023;05;23;6;3;0;1;2;1;1;0;0;0;0;0;521961,183100000023842;5427591,213500000536442;9,300257080000051;49,000827623000077;1
205947;08230505116010046610;08;1;16;078;2023;05;13;6;3;5;3;0;0;1;1;0;0;0;0;509708,233900000341237;5394426,086699999868870;9,131947094000054;48,702794286000028;1
205948;08230505115300055150;08;1;15;028;2023;05;14;6;3;0;7;0;0;1;0;0;0;0;0;500412,173700000159442;5404936,590500000864267;9,005612487000064;48,797422283000060;1
205949;08230505115200079660;08;1;15;021;2023;05;17;6;3;5;2;0;1;1;1;0;0;0;0;490543,025200000032783;5383474,259299999102950;8,871718015000056;48,604274003000057;1
205951;08230505111500025200;08;1;11;000;2023;05;17;6;2;6;4;0;0;0;1;1;0;0;0;511613,084800000302494;5411042,975600000470877;9,158305659000064;48,852246118000039;1
205953;08230505111250131580;08;1;11;000;2023;05;09;6;3;6;7;0;0;0;1;1;0;0;0;515722,537600000388920;5403438,184900000691414;9,214032526000040;48,783744123000076;1
205955;08230504437100024430;08;4;37;086;2023;05;15;5;3;5;3;0;0;1;1;0;0;0;0;527854,630300000309944;5311061,782800000160933;9,373065200000042;47,952262680000047;1
205956;08230504437100023570;08;4;37;076;2023;05;18;5;3;8;1;0;0;1;0;0;0;0;0;524410,166899999603629;5322037,156400000676513;9,327557862000049;48,051149108000061;1
205958;08230504435100029200;08;4;35;016;2023;05;16;5;3;4;2;0;0;1;0;0;0;0;1;536604,372999999672174;5278866,288000000640750;9,487530809000077;47,662154140000041;1
205960;08230504435100023410;08;4;35;057;2023;05;07;5;3;6;4;0;0;0;1;1;0;0;0;544425,563199999742210;5280027,891699999570847;9,591813540000032;47,672115453000060;1
205962;08230504416200060660;08;4;16;041;2023;05;18;5;3;1;5;0;0;1;1;0;0;0;0;503859,994699999690056;5372431,755699999630451;9,052257711000038;48,504991745000041;1
205963;08230504416200046480;08;4;16;041;2023;05;12;5;3;0;7;0;0;0;1;1;0;0;0;505207,272699999623001;5373288,221799999475479;9,070508221000068;48,512687114000073;1
205965;08230504337010038730;08;3;37;096;2023;05;15;5;3;5;3;0;0;1;1;0;0;0;0;421143,633299999870360;5267729,226399999111891;7,951793535000036;47,558190990000071;1
205967;08230504337010030290;08;3;37;013;2023;05;18;5;3;6;6;0;0;0;1;1;0;0;0;429971,641999999992549;5293713,145600000396371;8,064956433000020;47,792967748000081;1
205968;08230504336400055770;08;3;36;091;2023;05;10;5;3;5;3;0;0;1;0;0;0;0;1;394856,093000000342727;5271692,388000000268221;7,601508455000044;47,590115220000030;1
205970;08230504327200023350;08;3;27;010;2023;05;19;5;3;5;2;0;0;1;1;0;0;0;0;480420,865899999625981;5329274,741000000387430;8,736936732000061;48,116431894000073;1
205973;08230504317600059530;08;3;17;129;2023;05;06;5;3;0;3;0;0;1;0;0;1;0;0;430075,496000000275671;5351137,987999999895692;8,056957235000027;48,309567091000076;1
205979;08230504311010032010;08;3;15;047;2023;05;06;5;3;4;6;0;0;1;0;0;0;0;0;415340,112599999643862;5321018,978199999779463;7,864263925000046;48,036841540000069;1
205980;08230504311010030640;08;3;11;000;2023;05;18;5;3;5;3;0;0;1;1;0;0;0;0;412800,636800000444055;5316744,532400000840425;7,831072957000060;47,998049895000065;1
205982;08230504311010023730;08;3;11;000;2023;05;17;5;2;6;4;0;0;0;0;1;0;0;1;413964,575500000268221;5316579,087799999862909;7,846705693000047;47,996719358000064;1
205983;08230504226300037980;08;2;26;049;2023;05;15;5;3;3;6;0;0;1;0;0;0;0;0;486505,207799999974668;5462150,350500000640750;8,814337779000027;49,311941430000047;1
205984;08230504226200031940;08;2;26;032;2023;05;07;5;3;5;3;0;0;1;1;0;0;0;0;466788,667000000365078;5462902,301000000908971;8,543020145000071;49,317950997000025;1
205986;08230504225100061800;08;2;25;058;2023;05;09;5;3;1;6;0;0;1;0;0;0;0;1;508087,701999999582767;5466051,343000000342727;9,111350434000030;49,347126749000040;1
205987;08230506231000028460;08;2;37;028;2023;05;13;7;3;0;7;0;0;1;0;0;0;0;0;456798,709599999710917;5368310,729000000283122;8,415570432000038;48,466445274000080;1
205988;08230504222600086720;08;2;22;000;2023;05;07;5;3;5;3;0;0;1;1;0;0;0;0;460376,180300000123680;5487310,606499999761581;8,452351425000074;49,537109880000060;1
205989;08230516226700080480;08;2;26;054;2023;05;20;3;3;0;1;0;0;1;0;0;0;0;0;477821,334099999628961;5454357,577500000596046;8,695298024000067;49,241591320000055;1
205991;08230504311010043060;08;3;11;000;2023;05;20;5;3;3;2;0;0;1;1;0;0;0;0;413573,562599999830127;5319032,878299999982119;7,840970821000042;48,018739282000070;1
205994;08230504222014022440;08;2;22;000;2023;05;14;5;2;6;4;0;0;0;1;1;0;0;0;461627,200000000186265;5483688,860999999567866;8,469993426000030;49,504614933000028;1
205996;08230504221200034600;08;2;21;000;2023;05;17;5;3;0;1;0;0;1;0;0;0;0;0;477137,447999999858439;5472556,787000000476837;8,684859624000069;49,405267579000054;1
205997;08230504221200027970;08;2;21;000;2023;05;15;5;3;1;5;0;0;1;1;0;0;0;0;477613,698200000450015;5472961,085899999365211;8,691401425000038;49,408921892000080;1
205998;08230504221011022490;08;2;21;000;2023;05;14;5;2;0;7;0;0;1;0;0;0;0;0;473525,845900000073016;5476260,074300000444055;8,634830723000050;49,438431415000082;1
205999;08230504215502055690;08;2;15;111;2023;05;23;5;3;0;7;2;0;1;0;0;0;0;0;457740,061700000427663;5445143,627599999308586;8,420391783000071;49,157656250000059;1
206000;08230504215402033390;08;2;15;103;2023;05;13;5;3;5;2;0;0;1;1;0;0;0;0;466875,247399999760091;5442909,051300000399351;8,545862745000022;49,138116911000054;1
206001;08230504215102031990;08;2;12;000;2023;05;09;5;3;5;3;0;0;1;1;0;0;0;0;459746,635599999688566;5430419,405500000342727;8,449377907000041;49,025345899000058;1
206002;08230504212010028800;08;2;12;000;2023;05;19;5;3;4;6;0;0;1;0;0;0;0;0;456417,469700000248849;5428757,229800000786781;8,404019569000070;49,010168188000080;1
206003;08230504212010023430;08;2;12;000;2023;05;10;5;2;6;4;0;0;0;1;1;0;0;0;458941,237399999983609;5432173,992799999192357;8,438183787000071;49,041075551000063;1
206004;08230504212010023400;08;2;12;000;2023;05;09;5;3;5;2;0;0;1;0;0;0;0;1;456729,048600000329316;5428852,021900000050664;8,408269991000054;49,011042782000061;1
206006;08230504136100049180;08;1;36;050;2023;05;12;5;3;4;2;0;0;1;1;0;0;0;0;581418,836000000126660;5404467,619999999180436;10,108462645000031;48,787873403000049;1
206008;08230504127010033280;08;1;27;086;2023;05;14;5;2;5;2;0;0;1;0;0;0;0;1;554911,678999999538064;5445700,163000000640750;9,753192775000059;49,161660766000068;1
206009;08230504126200046040;08;1;26;069;2023;05;16;5;3;0;7;0;0;1;1;0;0;0;0;536489,592699999921024;5447626,925400000065565;9,500694749000047;49,180363645000057;1
206010;08230504119400057850;08;1;19;079;2023;05;22;5;3;0;7;2;0;1;0;0;0;0;0;522877,641499999910593;5409361,601199999451637;9,311764608000033;48,836807853000039;1
206011;08230504119400024090;08;1;19;091;2023;05;16;5;3;4;6;0;0;1;1;0;0;0;0;528100,940799999982119;5407401,018899999558926;9,382809140000063;48,818956616000037;1
206012;08230504119200032070;08;1;19;020;2023;05;10;5;3;0;1;0;0;1;0;0;0;0;0;520342,475499999709427;5406107,266400000080466;9,277055724000036;48,807620788000065;1
206013;08230504118400086680;08;1;18;048;2023;05;17;5;3;5;3;0;0;1;0;0;0;0;0;513832,209699999541044;5415160,909399999305606;9,188695113000051;48,889244603000066;1
206015;08230504118400023240;08;1;18;048;2023;05;16;5;3;5;2;0;0;1;1;0;0;0;0;513505,341799999587238;5415702,506999999284744;9,184253999000020;48,894123884000066;1
206018;08230504117010044380;08;1;17;024;2023;05;13;5;3;6;4;0;0;0;1;1;0;0;0;562089,654900000430644;5385058,113299999386072;9,842424463000043;48,615513089000046;1
206021;08230504115400063920;08;1;15;029;2023;05;17;5;3;6;4;0;0;0;1;1;0;0;0;497555,452100000344217;5398224,810200000181794;8,966752966000058;48,737038572000074;1
206022;08230504115100034590;08;1;15;002;2023;05;14;5;3;0;7;0;0;1;0;0;0;0;0;499454,570000000298023;5386200,632999999448657;8,992597756000066;48,628872264000051;1
206023;08230504115100023330;08;1;15;044;2023;05;16;5;3;1;6;0;0;1;1;0;0;0;0;504132,036799999885261;5389207,259199999272823;9,056107468000050;48,655906980000054;1
206025;08230503436100039480;08;4;36;055;2023;05;11;4;3;6;6;0;0;0;1;1;0;0;1;576867,513799999840558;5297217,483500000089407;10,026969278000024;47,823712792000038;1
206027;08230503426100031420;08;4;26;021;2023;05;13;4;3;5;3;0;0;1;1;0;0;0;0;558842,410899999551475;5326194,346100000664592;9,790141193000068;48,086302025000066;1
206029;08230503417200119960;08;4;17;002;2023;05;15;4;3;0;7;0;0;1;1;0;0;0;0;489042,503800000064075;5344915,264200000092387;8,852372073000026;48,257354314000054;1
206030;08230503416100022830;08;4;16;036;2023;05;15;4;3;0;1;0;0;1;0;0;0;0;0;498163,589300000108778;5368896,115399999544024;8,975153687000045;48,473192826000059;1
206031;08230503415300055340;08;4;15;019;2023;05;19;4;3;0;1;0;0;1;0;0;0;0;0;519050,610000000335276;5369457,188999999314547;9,257775621000064;48,477954518000047;1
206034;08230503335100022540;08;3;35;043;2023;05;16;4;3;6;6;0;0;1;0;1;0;0;0;511057,910099999979138;5281026,314099999144673;9,147336643000074;47,682530615000076;1
206036;08230503325302041460;08;3;25;053;2023;05;11;4;2;6;4;0;0;0;0;1;0;0;1;454549,666400000452995;5341028,247899999842048;8,388091962000033;48,220849997000073;1
206037;08230503317000039070;08;3;17;057;2023;05;12;4;2;6;4;0;0;1;0;1;0;0;0;412631,830000000074506;5380794,107000000774860;7,815562251000074;48,574142144000064;1
206038;08230503311500039430;08;3;15;070;2023;05;10;4;3;6;7;0;0;1;0;1;0;0;0;451242,057900000363588;5303424,212500000372529;8,347849502000031;47,882298966000064;1
206039;08230503311400027870;08;3;15;022;2023;05;07;4;3;0;1;0;0;1;0;0;0;0;0;397460,450400000438094;5301021,999399999156594;7,629233287000034;47,854353847000027;1
206042;08230503311010042910;08;3;11;000;2023;05;08;4;3;5;3;0;0;1;1;0;0;0;0;411712,138799999840558;5321235,896500000730157;7,815559467000071;48,038301379000075;1
206043;08230503231102057200;08;2;36;050;2023;05;10;4;3;5;3;0;0;1;1;0;0;0;0;486470,876500000245869;5423456,298100000247359;8,815164272000061;48,963873997000064;1
206045;08230521435100115240;08;4;35;024;2023;05;12;1;3;0;7;0;0;1;0;0;0;0;0;527298,286799999885261;5279163,891300000250340;9,363605376000066;47,665291551000053;1
206047;08230503222700045640;08;2;22;000;2023;05;18;4;3;1;5;0;0;1;1;0;0;0;0;462394,878299999982119;5481356,986999999731779;8,480818066000040;49,483689043000027;1
206048;08230503222600357720;08;2;22;000;2023;05;17;4;3;5;3;0;0;1;1;0;0;0;0;463508,826700000092387;5483083,001299999654293;8,496037410000042;49,499281677000056;1
206049;08230503222401022160;08;2;21;000;2023;05;19;4;3;0;6;0;0;1;0;0;0;0;0;477126,480800000019372;5472550,539499999955297;8,684708813000043;49,405210972000077;1
206051;08230503222200022610;08;2;22;000;2023;05;16;4;3;0;7;0;0;1;0;0;0;0;0;462154,065700000151992;5482906,748299999162555;8,477345126000046;49,497613362000038;1
206053;08230503221400045720;08;2;21;000;2023;05;14;4;3;1;6;0;0;1;1;0;0;0;0;477531,844499999657273;5470420,795700000599027;8,690416734000053;49,386069313000064;1
206056;08230503215102028290;08;2;15;102;2023;05;17;4;3;5;3;0;0;1;1;0;0;0;0;455287,351400000043213;5436248,227099999785423;8,387739721000059;49,077469114000053;1
206057;08230503212502022900;08;2;12;000;2023;05;18;4;3;0;7;0;0;1;0;0;0;0;0;453906,752299999818206;5429465,332699999213219;8,369607821000045;49,016355175000058;1
206059;08230503212010023390;08;2;12;000;2023;05;18;4;3;5;3;0;0;1;1;0;0;0;0;454605,832700000144541;5428517,951799999922514;8,379274126000041;49,007885253000040;1
206060;08230503136300029920;08;1;36;028;2023;05;16;4;3;6;4;0;0;0;1;1;0;0;0;567723,063299999572337;5405059,959699999541044;9,922129335000022;48,794843629000070;1
206062;08230503135200044950;08;1;35;019;2023;05;16;4;3;6;6;0;0;0;1;1;0;0;0;585434,603299999609590;5392475,283999999985099;10,160637407000024;48,679473453000071;1
206064;08230503121600042790;08;1;25;021;2023;05;19;4;2;8;1;0;0;1;0;0;0;0;0;523351,767599999904633;5447047,767899999395013;9,320393234000051;49,175794864000068;1
206066;08230503119400350650;08;1;19;055;2023;05;18;4;3;0;7;0;0;1;0;0;0;0;0;543691,405399999581277;5404514,677200000733137;9,594875488000071;48,792091844000026;1
206071;08230503118200021040;08;1;18;080;2023;05;10;4;3;5;3;0;0;1;1;0;0;0;0;508448,641800000332296;5408915,808900000527501;9,115125279000040;48,833161614000062;1
206073;08230503116010030110;08;1;16;019;2023;05;22;4;2;0;1;2;0;1;0;0;0;0;0;523866,791199999861419;5398108,498199999332428;9,324590476000026;48,735539871000071;1
206074;08230505221200079650;08;2;21;000;2023;05;09;6;3;3;6;0;0;1;0;0;0;0;0;476551,760300000198185;5473065,817800000309944;8,676756504000025;49,409823943000049;1
206075;08230503116100023140;08;1;16;056;2023;05;18;4;3;4;6;0;0;1;1;0;0;0;0;531539,272099999710917;5396345,002499999478459;9,428799314000059;48,719334672000059;1
206080;08230503111250247140;08;1;11;000;2023;05;12;4;3;6;4;0;0;0;1;1;0;0;0;516868,460799999535084;5398852,500499999150634;9,229443984000056;48,742461669000079;1
206081;08230502436200040640;08;4;36;064;2023;05;07;3;3;5;3;0;1;1;1;0;0;0;0;545057,935499999672174;5288232,720399999991059;9,601085400000045;47,745891774000029;1
206083;08230502435100046980;08;4;35;024;2023;05;19;3;3;0;1;0;0;1;0;0;0;0;0;527840,789300000295043;5279300,638800000771880;9,370839915000033;47,666498814000079;1
206085;08230509116400045860;08;1;16;033;2023;05;13;3;3;8;1;0;0;1;0;0;0;0;0;531914,503700000233948;5389066,586799999698997;9,433338571000036;48,653840037000066;1
206086;08230502416200040750;08;4;16;041;2023;05;13;3;3;3;2;0;0;1;1;0;0;0;0;503551,036600000225008;5374494,659199999645352;9,048092511000050;48,523552222000035;1
206088;08230502415400021620;08;4;15;060;2023;05;17;3;3;5;3;0;0;1;1;0;0;0;0;515456,970999999903142;5378791,971999999135733;9,209496129000058;48,562031744000080;1
206089;08230502415100037700;08;4;15;050;2023;05;06;3;2;5;3;0;0;1;0;0;0;0;1;521870,568599999882281;5375609,674000000581145;9,296254670000053;48,533212167000045;1
206091;08230502335300078940;08;3;35;035;2023;05;16;3;3;0;3;0;0;1;1;0;0;0;0;483755,618800000287592;5289724,454099999740720;8,783234341000025;47,760683122000046;1
206094;08230502335200037850;08;3;35;063;2023;05;09;3;3;0;1;0;1;1;0;0;0;0;0;498093,014499999582767;5287938,920499999076128;8,974560849000056;47,744819519000032;1
206097;08230502317300020040;08;3;17;026;2023;05;16;3;3;5;3;0;0;1;1;0;0;0;0;412370,900299999862909;5345251,724700000137091;7,819450921000055;48,254415781000034;1
206098;08230502317100036520;08;3;17;001;2023;05;10;3;3;5;2;0;0;1;1;0;0;0;0;432150,565000000409782;5385281,359999999403954;8,079401139000026;48,616923107000048;1
206099;08230502317000019720;08;3;17;100;2023;05;07;3;2;6;4;0;0;0;1;1;0;0;0;423946,603099999949336;5366653,904500000178814;7,971504798000069;48,448427625000079;1
206100;08230502316100040690;08;3;16;011;2023;05;16;3;3;1;6;0;0;1;1;0;0;0;0;415544,148099999874830;5328871,785000000149012;7,865448674000049;48,107506994000062;1
206101;08230502311400082970;08;3;15;006;2023;05;13;3;3;3;6;0;0;1;0;0;0;0;1;400741,571000000461936;5308806,863800000399351;7,671293279000054;47,924893495000049;1
206102;08230502311100026560;08;3;15;059;2023;05;17;3;3;3;6;0;0;1;0;0;0;0;0;398106,457600000314415;5321607,072899999096990;7,632992080000065;48,039613499000041;1
206103;08230502311010036200;08;3;11;000;2023;05;10;3;1;6;4;0;0;0;0;1;1;0;0;414244,470800000242889;5317620,833200000226498;7,850248635000071;48,006127849000052;1
206104;08230502311010021700;08;3;11;000;2023;05;17;3;3;5;3;0;0;1;1;0;0;0;0;417330,155700000002980;5315270,520300000905991;7,892063987000029;47,985392168000033;1
206108;08230502222600020170;08;2;22;000;2023;05;21;3;3;0;7;2;0;1;1;0;0;0;0;461733,558799999766052;5483596,703299999237061;8,471471321000024;49,503792746000045;1
206110;08230502221201030030;08;2;21;000;2023;05;13;3;3;0;7;0;0;1;0;0;0;0;0;475821,511099999770522;5472915,658500000834465;8,666699043000051;49,408444708000047;1
206111;08230502221200112600;08;2;21;000;2023;05;16;3;3;0;7;0;0;1;0;0;0;0;0;476402,924700000323355;5472844,131999999284744;8,674717954000073;49,407824163000043;1
206112;08230502221200070320;08;2;21;000;2023;05;20;3;3;3;2;0;0;1;0;0;0;0;0;478141,598000000230968;5472986,425799999386072;8,698677102000033;49,409169013000053;1
206113;08230502221011048380;08;2;21;000;2023;05;13;3;2;5;5;0;0;1;1;0;0;0;0;474276,588999999687076;5475282,916999999433756;8,645249225000043;49,429674349000038;1
206116;08230510121100034520;08;1;25;006;2023;05;19;4;3;0;1;0;0;1;0;0;0;0;0;510820,821200000122190;5456366,110600000247359;9,148717136000073;49,259964637000053;1
206117;08230502212010038940;08;2;12;000;2023;05;13;3;3;3;6;0;0;1;1;0;0;0;0;463162,723600000143051;5428173,015799999237061;8,496308200000044;49,005352577000053;1
206119;08230502136100058830;08;1;36;088;2023;05;16;3;3;4;2;0;1;1;1;0;0;0;0;580182,494199999608099;5410219,264900000765920;10,092757756000026;48,839765891000070;1
206120;08230502135200027580;08;1;35;019;2023;05;09;3;3;5;7;0;0;1;1;0;0;0;0;585404,326299999840558;5394815,168899999931455;10,160709851000036;48,700523118000035;1
206124;08230502119100025290;08;1;19;008;2023;05;09;3;3;5;3;0;0;1;1;0;0;0;0;531431,702800000086427;5420620,111300000920892;9,429197848000058;48,937710094000067;1
206128;08230502116200020190;08;1;16;080;2023;05;06;3;3;0;1;1;1;1;0;0;0;0;0;517882,650999999605119;5397152,043999999761581;9,243165039000075;48,727136154000050;1
206129;08230502111320131700;08;1;11;000;2023;05;07;3;3;0;3;0;0;1;1;0;0;0;0;516414,087299999780953;5405917,390699999406934;9,223545658000035;48,806028869000045;1
206131;08230502111230131450;08;1;11;000;2023;05;08;3;2;5;7;0;1;1;1;0;0;0;0;511672,374400000087917;5397142,745200000703335;9,158718991000057;48,727199761000065;1
206133;08230504425000034400;08;4;25;033;2023;05;13;5;3;5;3;0;0;1;1;0;0;0;0;552034,612800000235438;5349689,128200000151992;9,701612602000068;48,298258252000039;1
206136;08230501416100025690;08;4;16;048;2023;05;19;2;3;0;7;0;1;1;0;0;0;0;0;492572,121199999935925;5378351,607599999755621;8,899333801000068;48,558216669000046;1
206137;08230508221011030010;08;2;21;000;2023;05;09;2;3;1;5;0;1;1;1;0;0;0;0;477388,164300000295043;5471896,921199999749660;8,688353041000028;49,399341550000031;1
206138;08230501415100068990;08;4;15;078;2023;05;17;2;3;0;1;0;0;1;0;0;0;0;0;529528,554700000211596;5371143,378399999812245;9,399669907000032;48,492718987000046;1
206139;08230501337010019320;08;3;37;126;2023;05;13;2;3;5;3;0;0;1;1;0;0;0;0;445452,699099999852479;5275659,792899999767542;8,273905225000021;47,632040959000051;1
206140;08230501327100019350;08;3;27;050;2023;05;16;2;3;0;1;0;0;1;0;0;0;0;0;486191,868599999696016;5313889,916099999099970;8,814971278000030;47,978164940000056;1
206141;08230501317500019420;08;3;17;122;2023;05;21;2;3;0;1;2;0;1;0;0;0;0;0;416878,520700000226498;5368202,818800000473857;7,875631502000033;48,461465869000051;1
206143;08230501316100038060;08;3;16;011;2023;05;18;2;3;0;7;0;0;1;0;0;0;0;0;414311,898900000378489;5330207,919700000435114;7,848629992000042;48,119361179000066;1
206144;08230502435100019870;08;4;35;013;2023;05;12;3;3;4;2;0;0;1;1;0;0;0;0;539513,568699999712408;5275609,628900000825524;9,525982275000047;47,632681615000081;1
206145;08230501231101039140;08;2;36;038;2023;05;18;2;3;0;7;0;0;0;1;1;0;0;0;489787,417399999685585;5428473,672800000756979;8,860348828000042;49,009072047000075;1
206146;08230501231000019610;08;2;35;046;2023;05;13;2;3;6;7;0;0;0;1;1;0;0;0;481795,789499999955297;5373640,088300000876188;8,753494611000065;48,515610309000067;1
206148;08230501215102030840;08;2;15;109;2023;05;00;2;3;0;7;2;0;1;0;0;0;0;0;462095,928600000217557;5439333,821499999612570;8,480677292000053;49,105681218000029;1
206149;08230501121500019570;08;1;25;111;2023;05;18;2;3;0;1;0;0;1;0;0;0;0;0;528112,848500000312924;5454722,330499999225140;9,386252694000063;49,244628494000040;1
206151;08230518135200084350;08;1;35;025;2023;05;20;5;3;8;1;1;0;1;0;0;0;0;0;578922,320299999788404;5397785,693900000303984;10,073199430000045;48,728095222000036;1
206152;08230501118400037710;08;1;18;048;2023;05;15;2;3;5;3;0;0;1;1;0;0;0;0;513804,994099999777973;5415751,941500000655651;9,188343817000032;48,894561980000049;1
206154;08230501118000028630;08;1;18;046;2023;05;16;2;2;8;1;0;0;1;0;0;0;0;0;513334,002000000327826;5412417,809000000357628;9,181809292000025;48,864579239000079;1
206155;08230501116500027030;08;1;16;011;2023;05;18;2;3;0;1;0;1;1;0;0;0;0;0;529590,146099999547005;5379782,158800000324845;9,401116899000044;48,570431691000067;1
206156;08230501116400040540;08;1;16;072;2023;05;16;2;3;0;7;0;1;1;0;0;0;0;0;531602,913200000301003;5392110,693199999630451;9,429340454000055;48,681240307000053;1
206157;08230509435100049110;08;4;35;045;2023;05;18;3;3;5;3;0;0;1;1;0;0;0;0;535133,757299999706447;5285087,666099999099970;9,468445478000035;47,718211763000056;1
206159;08230501115200040390;08;1;15;021;2023;05;15;2;3;9;7;0;1;1;0;0;0;0;0;493066,891999999992549;5380746,643100000917912;8,905999238000049;48,579768747000060;1
206162;08230430435100993350;08;4;35;030;2023;04;14;1;3;0;7;0;0;1;1;0;0;0;0;540901,356700000353158;5271415,514499999582767;9,544063314000027;47,594859355000040;1
206163;08230430435100006370;08;4;35;034;2023;04;12;1;3;5;3;0;0;1;1;0;0;0;0;532287,240399999544024;5285321,708799999207258;9,430510796000021;47,720466180000074;1
206168;08230430415400993230;08;4;15;061;2023;04;17;1;3;6;4;0;0;0;1;1;0;0;0;515379,218500000424683;5371138,243499999865890;9,208159934000037;48,493178433000026;1
206169;08230430415400011780;08;4;15;061;2023;04;17;1;3;1;1;0;0;1;1;0;0;0;0;513976,228799999691546;5372432,936000000685453;9,189213722000034;48,504858719000026;1
206171;08230430317500004250;08;3;17;096;2023;04;17;1;3;5;3;0;0;1;0;0;0;0;1;422027,893600000068545;5369129,860999999567866;7,945100583000055;48,470463907000067;1
206172;08230430316100122940;08;3;16;020;2023;04;17;1;3;0;7;0;0;1;0;0;0;0;1;408535,347500000149012;5338182,042700000107288;7,769315536000022;48,190283650000026;1
206176;08230430226700015250;08;2;26;046;2023;04;17;1;3;9;1;0;0;1;0;0;0;0;0;476066,554999999701977;5453536,601999999955297;8,671239382000067;49,234140467000032;1
206179;08230430221300011520;08;2;21;000;2023;04;10;1;2;8;1;0;0;1;0;0;0;0;0;478542,694000000134110;5475498,870999999344349;8,704070356000045;49,431782327000064;1
206180;08230513116010068160;08;1;16;027;2023;05;14;7;2;0;1;0;0;1;0;0;0;0;0;534241,862300000153482;5392880,865100000053644;9,465254448000053;48,688029446000030;1
206181;08230430221200013780;08;2;21;000;2023;04;09;1;3;0;7;0;0;1;0;0;0;0;0;477682,391999999992549;5472977,776499999687076;8,692347427000072;49,409074545000067;1
206185;08230430118600994720;08;1;18;073;2023;04;15;1;3;0;7;0;0;1;0;0;0;0;0;494007,197999999858439;5420420,224999999627471;8,918170462000035;48,936681460000045;1
206186;08230517212302121720;08;2;12;000;2023;05;13;4;3;3;6;0;0;1;0;0;0;0;0;455652,080799999646842;5428491,174499999731779;8,393582737000031;49,007720462000066;1
206191;08230429436400010830;08;4;36;011;2023;04;12;7;3;6;4;0;0;0;1;1;0;0;0;549234,524899999611080;5297399,381999999284744;9,657838500000025;47,828058266000028;1
206192;08230429435200011010;08;4;35;059;2023;04;10;7;3;0;1;0;0;1;0;0;0;0;0;514826,936800000257790;5288680,337999999523163;9,197815737000042;47,751322832000028;1
206193;08230501225200027370;08;2;25;109;2023;05;17;2;3;8;1;0;0;1;0;0;0;0;0;526565,764999999664724;5492149,786000000312924;9,367502009000077;49,581349557000067;1
206194;08230429435100988550;08;4;35;029;2023;04;13;7;3;0;3;0;0;1;1;0;0;0;0;547232,969100000336766;5273260,492100000381470;9,628479333000030;47,611028757000042;1
206196;08230429421200992300;08;4;21;000;2023;04;19;7;3;5;3;1;0;1;1;0;0;0;0;572870,501899999566376;5360982,207599999383092;9,984472812000035;48,397786232000044;1
206197;08230429421200990640;08;4;21;000;2023;04;23;7;3;6;6;2;0;0;0;1;0;0;1;574169,404799999669194;5361939,750800000503659;10,002187290000052;48,406248030000029;1
206198;08230517212010060000;08;2;15;105;2023;05;17;4;3;5;7;0;0;1;1;0;0;0;0;457268,633700000122190;5440910,772700000554323;8,414375118000066;49,119549388000053;1
206200;08230429337100998900;08;3;37;096;2023;04;12;7;3;5;3;0;0;1;1;0;0;0;0;419302,105899999849498;5267203,337799999862909;7,927415772000074;47,553233630000079;1
206201;08230429335100998670;08;3;35;002;2023;04;20;7;2;0;7;1;1;1;0;0;0;0;0;505435,216000000014901;5284718,619000000879169;9,072465448000059;47,715824436000048;1
206204;08230429311010002720;08;3;11;000;2023;04;12;7;3;5;3;0;0;1;1;0;0;0;0;410247,565100000239909;5315785,994599999859929;7,797056607000059;47,989074321000032;1
206205;08230429222700004050;08;2;22;000;2023;04;13;7;3;5;2;0;0;1;1;0;0;0;0;462607,313299999572337;5480669,037100000306964;8,483815897000056;49,477514404000033;1
206207;08230512135200070920;08;1;35;019;2023;05;07;6;3;4;6;0;1;1;1;0;0;0;0;582980,178299999795854;5392435,610600000247359;10,127292675000035;48,679447689000028;1
206209;08230429215302247010;08;2;15;007;2023;04;18;7;3;6;7;0;0;1;0;1;0;0;0;480018,940200000070035;5428829,256400000303984;8,726754240000048;49,012031717000070;1
206210;08230429212010009870;08;2;12;000;2023;04;20;7;3;2;2;0;0;1;1;0;0;0;0;453266,796000000089407;5428907,862999999895692;8,360920248000070;49,011292571000070;1
206213;08230429117300010180;08;1;17;026;2023;04;12;7;3;4;6;0;0;1;1;0;0;0;0;549869,063699999824166;5396752,414599999785423;9,678040535000036;48,721802683000078;1