OID_;UIDENTSTLAE;ULAND;UREGBEZ;UKREIS;UGEMEINDE;UJAHR;UMONAT;USTUNDE;UWOCHENTAG;UKATEGORIE;UART;UTYP1;ULICHTVERH;IstStrassenzustand;IstRad;IstPKW;IstFuss;IstKrad;IstGkfz;IstSonstige;LINREFX;LINREFY;XGCSWGS84;YGCSWGS84;PLST
206214;08230429116500988170;08;1;16;049;2023;04;11;7;3;0;1;0;0;1;0;0;0;0;0;525085,833599999547005;5385646,079399999231100;9,340412986000047;48,623380558000065;1
206215;08230429116400009510;08;1;16;072;2023;04;12;7;2;7;1;0;0;1;0;0;0;0;0;531144,328300000168383;5392350,173499999567866;9,423128586000075;48,683417690000056;1
206216;08230429116200017370;08;1;16;078;2023;04;10;7;3;6;3;0;0;0;1;1;0;0;0;512273,177799999713898;5392669,674200000241399;9,166755573000046;48,686948303000065;1
206219;08230429111500002310;08;1;11;000;2023;04;15;7;3;4;6;0;0;1;1;0;0;0;0;510804,149899999611080;5402328,617200000211596;9,147049131000074;48,773867409000047;1
206220;08230429111320016600;08;1;11;000;2023;04;10;7;3;6;6;0;0;0;1;1;0;0;0;517230,495699999853969;5408363,913899999111891;9,234767089000059;48,828015273000062;1
206221;08230515111250117340;08;1;11;000;2023;05;08;2;3;5;3;0;0;1;1;0;0;0;0;519319,276999999769032;5401934,317099999636412;9,262924161000058;48,770114201000069;1
206225;08230428436100997860;08;4;36;055;2023;04;07;6;3;5;3;1;1;1;1;0;0;0;0;576636,836500000208616;5297380,709100000560284;10,023916760000077;47,825208700000076;1
206226;08230428426010986160;08;4;26;087;2023;04;06;6;3;5;3;0;1;1;1;0;0;0;0;570827,807000000029802;5324557,401000000536442;9,950789747000044;48,070357112000067;1
206227;08230428416010011070;08;4;16;041;2023;04;12;6;3;6;4;0;0;1;0;1;0;0;0;503562,117700000293553;5374413,313699999824166;9,048241889000053;48,522820346000060;1
206228;08230428336100001760;08;3;36;050;2023;04;23;6;3;2;2;2;0;1;1;0;0;0;0;399412,353400000371039;5276062,505000000819564;7,661089530000027;47,630148673000065;1
206229;08230428327100003300;08;3;27;016;2023;04;12;6;3;6;4;0;1;0;1;1;0;0;0;494898,905100000090897;5318572,970200000330806;8,931589577000068;48,020427915000027;1
206231;08230510416200106140;08;4;16;011;2023;05;12;4;3;5;7;0;0;1;1;0;0;0;0;505382,364500000141561;5366004,417099999263883;9,072785215000067;48,447157433000029;1
206232;08230428317100005230;08;3;17;110;2023;04;01;6;3;7;7;2;0;1;0;0;0;0;0;430778,233900000341237;5381152,226099999621511;8,061471908000044;48,579631059000064;1
206234;08230428317000008800;08;3;17;065;2023;04;19;6;2;6;4;1;1;0;1;1;0;0;0;417091,907700000330806;5354954,565500000491738;7,881134204000034;48,342328195000050;1
206236;08230428311010006160;08;3;36;050;2023;04;07;6;3;1;6;0;1;1;1;0;0;0;0;399531,074000000022352;5273659,160000000149012;7,663220646000070;47,608548213000063;1
206241;08230428222400006280;08;2;26;038;2023;04;08;6;3;0;7;0;1;1;0;0;0;0;0;471442,935300000011921;5479924,553700000047684;8,605836707000037;49,471297993000064;1
206242;08230428222301999430;08;2;22;000;2023;04;09;6;3;6;7;0;0;0;1;1;0;0;0;466325,640200000256300;5484414,796700000762939;8,534824144000027;49,511423467000043;1
206244;08230428221300006580;08;2;21;000;2023;04;11;6;3;6;2;0;1;0;1;1;0;0;0;477543,720200000330806;5473900,535599999129772;8,690383637000025;49,417369512000050;1
206245;08230428221200009960;08;2;21;000;2023;04;12;6;3;3;6;0;1;1;1;0;0;0;0;476266,645600000396371;5472644,230699999257922;8,672851347000062;49,406020784000077;1
206247;08230428212010001120;08;2;12;000;2023;04;10;6;3;2;2;0;1;1;1;0;0;0;0;457837,746000000275671;5428680,572000000625849;8,423448415000053;49,009577317000037;1
206248;08230428136300988610;08;1;36;065;2023;04;16;6;2;0;1;0;1;1;0;0;0;0;0;558750,453200000338256;5406119,272700000554323;9,800121618000048;48,805284805000042;1
206251;08230428128100008790;08;1;28;007;2023;04;07;6;3;5;3;0;1;1;1;0;0;0;0;555183,011599999852479;5482975,919399999082088;9,762071932000026;49,496906133000039;1
206252;08230428121500986670;08;1;25;065;2023;04;10;6;2;6;4;0;1;0;1;1;0;0;0;516395,109400000423193;5447967,420199999585748;9,224984235000022;49,184292735000042;1
206253;08230428121200009690;08;1;21;000;2023;04;14;6;3;5;2;0;1;1;1;0;0;0;0;515466,247100000269711;5444336,670700000599027;9,212098333000029;49,151657211000042;1
206254;08230428117300007580;08;1;17;026;2023;04;05;6;3;0;1;2;1;1;0;0;0;0;0;550511,760900000110269;5391424,870699999853969;9,686126636000040;48,673827310000036;1
206256;08230428116200010990;08;1;16;077;2023;04;14;6;3;1;2;0;1;1;1;1;0;0;0;518128,255699999630451;5388461,301799999549985;9,246123394000051;48,648946945000034;1
206259;08230616118600199640;08;1;18;073;2023;06;12;6;3;5;3;0;0;1;0;0;0;1;0;497006,196600000374019;5421237,540999999269843;8,959114679000038;48,944055577000029;1
206260;08230616118400195210;08;1;18;048;2023;06;12;6;3;5;3;0;0;1;1;0;0;0;0;513601,962899999693036;5414844,754100000485778;9,185543645000052;48,886405647000061;1
206261;08230616118300167460;08;1;18;046;2023;06;14;6;3;2;3;0;0;1;1;0;0;0;0;513623,783999999985099;5412083,871400000527501;9,185749335000025;48,861568911000063;1
206262;08230616118000206100;08;1;15;041;2023;06;13;6;2;0;7;0;0;1;0;0;0;0;0;495190,279799999669194;5401919,988199999555945;8,934542326000042;48,770266612000057;1
206264;08230616115200208960;08;1;15;015;2023;06;17;6;3;6;4;0;0;1;0;1;0;0;0;492964,315899999812245;5387056,864000000059605;8,904501509000056;48,636535731000038;1
206265;08230616111240247640;08;1;11;000;2023;06;00;6;3;0;7;2;0;1;0;0;0;0;0;516786,529699999839067;5403151,115800000727177;9,228504920000034;48,781133876000069;1
206268;08230615416010172960;08;4;16;041;2023;06;07;5;3;5;3;0;0;1;1;0;0;0;0;504304,696000000461936;5375032,057000000029802;9,058305038000071;48,528382127000043;1
206269;08230615415400239890;08;4;15;061;2023;06;22;5;3;8;7;2;0;1;0;0;0;0;0;515427,394100000150502;5371055,937899999320507;9,208808953000073;48,492436802000043;1
206270;08230615415400182920;08;4;15;061;2023;06;19;5;3;6;4;0;0;0;0;1;0;0;1;517213,657300000078976;5373416,013399999588728;9,233083062000048;48,513622404000046;1
206272;08230615336400182100;08;3;36;091;2023;06;10;5;3;6;7;0;0;0;1;1;0;0;0;394233,377500000409782;5271670,107499999925494;7,593233817000055;47,589813539000033;1
206273;08230615326300188340;08;3;26;017;2023;06;15;5;3;0;2;0;0;1;1;0;0;0;0;440556,420199999585748;5322091,070100000128150;8,202357689000053;48,049332317000051;1
206275;08230615311010187970;08;3;36;050;2023;06;14;5;2;6;4;0;0;0;0;1;0;0;1;399553,478000000119209;5274173,732999999076128;7,663400703000036;47,613180450000073;1
206277;08230615226100178320;08;2;26;013;2023;06;07;5;2;1;5;0;0;1;1;0;0;0;0;500043,825699999928474;5478894,939999999478459;9,000604805000023;49,462708311000029;1
206278;08230615222700234690;08;2;22;000;2023;06;22;5;3;4;6;2;0;1;0;0;0;0;1;461728,718299999833107;5482427,480000000447035;8,471517730000073;49,493275917000062;1
206280;08230615222200192050;08;2;22;000;2023;06;12;5;3;3;2;0;0;1;1;0;0;0;0;461405,179399999789894;5481661,525399999693036;8,467125022000062;49,486366073000056;1
206281;08230615222014239380;08;2;26;062;2023;06;10;5;1;8;7;0;0;1;0;0;0;0;0;469694,031000000424683;5468678,066999999806285;8,582556817000068;49,370054235000055;1
206282;08230615221200163830;08;2;21;000;2023;06;07;5;3;0;7;0;0;1;0;0;0;0;0;477169,074199999682605;5472149,933000000193715;8,685318944000073;49,401609176000079;1
206283;08230615221011170470;08;2;21;000;2023;06;19;5;2;5;3;0;0;1;1;0;0;0;0;477600,484299999661744;5469971,828800000250340;8,691387784000028;49,382033437000075;1
206284;08230615215302221600;08;2;15;007;2023;06;10;5;3;1;7;0;0;1;1;0;0;0;0;477660,088700000196695;5431528,790599999949336;8,694348154000068;49,036234348000050;1
206286;08230615212702163200;08;2;15;096;2023;06;20;5;3;5;3;0;0;1;1;0;0;0;0;463845,551099999807775;5417644,658500000834465;8,506579464000026;48,910686721000047;1
206287;08230615212010165040;08;2;12;000;2023;06;08;5;3;5;3;0;0;1;1;0;0;0;0;463292,475599999539554;5428060,139499999582767;8,498092487000065;49,004344956000068;1
206291;08230615136100163870;08;1;36;088;2023;06;12;5;2;0;1;0;0;1;0;0;0;0;0;580920,938900000415742;5410799,539799999445677;10,102934231000063;48,844889178000074;1
206295;08230615121500162860;08;1;25;065;2023;06;12;5;3;5;3;0;0;1;1;0;0;0;0;516428,013000000268221;5449093,948000000789762;9,225481801000058;49,194425254000066;1
206296;08230615121300179070;08;1;21;000;2023;06;19;5;3;5;3;0;0;1;1;0;0;0;0;513083,774400000460446;5444165,086300000548363;9,179420602000050;49,150169142000038;1
206297;08230615121200192570;08;1;21;000;2023;06;07;5;3;5;3;0;0;1;1;0;0;0;0;515465,180599999614060;5444334,130899999290705;9,212083610000036;49,151634392000062;1
206300;08230615118500232150;08;1;18;049;2023;06;14;5;3;5;3;0;0;1;0;0;0;1;0;519011,922600000165403;5421010,969699999317527;9,259627213000044;48,941732471000080;1
206301;08230615118500196730;08;1;18;054;2023;06;09;5;3;0;7;0;0;1;0;0;0;0;0;518175,082999999634922;5422806,244999999180436;9,248279545000059;48,957907224000053;1
206302;08230615118100197250;08;1;18;007;2023;06;14;5;3;0;7;0;0;1;0;0;0;0;0;510431,151999999769032;5427381,432000000029802;9,142611914000042;48,999243050000075;1
206303;08230615118010198030;08;1;15;028;2023;06;17;5;3;6;2;0;0;0;1;1;0;0;0;498567,840300000272691;5406588,143999999389052;8,980492807000076;48,812278017000040;1
206304;08230615117400186230;08;1;17;018;2023;06;07;5;3;6;4;0;0;0;1;1;0;0;0;538702,602300000376999;5395988,914000000804663;9,526152693000029;48,715727836000042;1
206306;08230615115200199950;08;1;15;015;2023;06;12;5;3;0;7;0;0;1;0;0;0;0;0;493213,874699999578297;5387845,397099999710917;8,907875961000059;48,643632267000044;1
206308;08230615111250234740;08;1;11;000;2023;06;18;5;3;0;7;0;0;1;0;0;0;0;0;520089,869199999608099;5400726,403699999675155;9,273352373000023;48,759223552000037;1
206309;08230615111250176750;08;1;11;000;2023;06;17;5;3;4;6;0;0;1;1;0;0;0;0;518147,403099999763072;5400436,329800000414252;9,246909731000073;48,756673731000035;1
206311;08230614437100160900;08;4;37;100;2023;06;18;4;3;1;5;0;0;1;1;0;0;0;0;537429,852500000037253;5318130,140399999916553;9,501920643000062;48,015367621000053;1
206312;08230614437100159100;08;4;37;076;2023;06;14;4;3;5;3;0;0;1;1;0;0;0;0;524995,104000000283122;5321968,701999999582767;9,335402944000066;48,050510582000072;1
206314;08230614436400174060;08;4;36;082;2023;06;18;4;3;0;7;0;0;1;0;0;0;0;0;547860,378299999982119;5294422,523399999365211;9,639150516000029;47,801379450000070;1
206316;08230614426100161460;08;4;26;038;2023;06;15;4;2;0;1;0;0;1;0;0;0;0;0;557956,202999999746680;5315071,287000000476837;9,776736704000029;47,986316847000069;1
206317;08230614421300173160;08;4;21;000;2023;06;21;4;3;0;7;0;0;1;0;0;0;0;1;572370,503999999724329;5355770,791999999433756;9,976821720000032;48,350965642000062;1
206318;08230614421200189250;08;4;21;000;2023;06;11;4;3;0;1;0;0;1;0;0;0;0;0;573555,179999999701977;5360973,883999999612570;9,993719842000075;48,397631848000060;1
206321;08230614337100232850;08;3;37;096;2023;06;19;4;3;9;1;0;0;1;0;0;0;0;0;420327,220099999569356;5267599,455199999734759;7,940966706000040;47,556923839000035;1
206322;08230614335200778890;08;3;35;055;2023;06;07;4;3;3;6;0;0;1;0;0;0;0;0;495888,725700000301003;5283543,224999999627471;8,945197188000066;47,705258453000056;1
206323;08230614326300198090;08;3;26;003;2023;06;15;4;3;6;3;0;0;0;1;1;0;0;0;464921,980000000447035;5319232,097999999299645;8,529525234000062;48,025415225000074;1
206324;08230614326100160680;08;3;26;012;2023;06;07;4;3;0;7;0;0;1;0;0;0;0;0;461583,412299999967217;5311105,162799999117851;8,485476638000023;47,952106386000025;1
206325;08230614317500163130;08;3;17;096;2023;06;12;4;3;5;3;0;0;1;1;0;0;0;0;422644,301199999637902;5369152,086699999868870;7,953434512000058;48,470739954000067;1
206326;08230614317300171320;08;3;17;065;2023;06;16;4;3;6;4;0;0;0;1;1;0;0;0;416146,489699999801815;5354775,754899999126792;7,868413724000050;48,340595018000045;1
206327;08230614316200194480;08;3;16;056;2023;06;13;4;3;4;6;0;0;1;0;0;0;0;0;423753,494099999777973;5328872,066299999132752;7,975710942000035;48,108545284000058;1
206328;08230614316100193700;08;3;16;011;2023;06;09;4;3;2;1;0;0;1;1;0;0;0;0;414862,191999999806285;5330023,873999999836087;7,856059370000025;48,117779482000060;1
206329;08230614316100192630;08;3;16;011;2023;06;13;4;3;6;7;0;0;0;1;1;0;0;0;414631,688299999572337;5329827,238399999216199;7,853002262000075;48,115979840000080;1
206330;08230614311010246340;08;3;15;109;2023;06;13;4;3;2;6;0;0;1;0;0;0;0;0;420694,830199999734759;5317262,631400000303984;7,936780811000062;48,003738546000079;1
206331;08230614311010211230;08;3;11;000;2023;06;17;4;3;4;6;0;0;1;0;0;0;0;0;412120,976999999955297;5316895,899000000208616;7,821932951000065;47,999318417000040;1
206333;08230614311010178040;08;3;11;000;2023;06;16;4;3;6;4;0;0;0;1;1;0;0;0;411005,696899999864399;5316755,053500000387430;7,807014550000076;47,997897194000075;1
206334;08230614311010170650;08;3;11;000;2023;06;10;4;3;0;7;0;0;1;0;0;0;0;0;414723,658099999651313;5316398,500700000673532;7,856914881000023;47,995196604000057;1
206335;08230614311010162050;08;3;36;105;2023;06;15;4;2;0;5;0;0;1;1;0;0;0;0;400936,273400000296533;5267388,286599999293685;7,683327590000033;47,552355109000075;1
206336;08230614311010161340;08;3;36;091;2023;06;07;4;3;4;2;0;0;1;0;0;0;1;0;395409,544800000265241;5275219,443700000643730;7,608025907000069;47,621931117000031;1
206340;08230614226700188650;08;2;26;076;2023;06;17;4;3;1;5;0;0;1;1;0;0;0;0;475810,434399999678135;5465524,845200000330806;8,666995780000036;49,341964812000072;1
206341;08230614225100189090;08;2;25;058;2023;06;12;4;3;0;1;0;0;1;0;0;0;0;0;510515,719999999739230;5466822,176999999210238;9,144799321000050;49,354023396000059;1
206343;08230614222700232820;08;2;22;000;2023;06;20;4;3;5;3;1;0;1;1;0;0;0;0;461755,024899999611080;5482393,285199999809265;8,471884287000023;49,492970012000058;1
206344;08230614222500566660;08;2;22;000;2023;06;20;4;3;5;3;0;0;1;1;0;0;0;0;463560,855600000359118;5477657,022399999201298;8,497255720000055;49,450480695000067;1
206345;08230614221200174390;08;2;21;000;2023;06;19;4;3;5;3;0;0;1;1;0;0;0;0;475382,329699999652803;5472660,375900000333786;8,660660855000060;49,406130877000066;1
206346;08230614221011188330;08;2;21;000;2023;06;18;4;3;6;4;0;0;0;0;1;0;0;1;474021,287800000049174;5472233,338700000196695;8,641928055000051;49,402233180000053;1
206347;08230614215402363450;08;2;15;009;2023;06;14;4;3;1;5;0;0;1;0;0;0;0;1;468621,218700000084937;5440483,037100000306964;8,569987876000027;49,116386182000042;1
206351;08230614212010164970;08;2;12;000;2023;06;13;4;3;3;5;0;0;1;1;0;0;0;0;454081,367700000293553;5429864,486700000241399;8,371950618000028;49,019958605000056;1
206355;08230614128100214830;08;1;28;007;2023;06;07;4;3;6;7;0;0;0;0;1;0;0;1;556620,191899999976158;5481407,254699999466538;9,781692632000045;49,482665107000059;1
206356;08230614127202175250;08;1;27;071;2023;06;08;4;3;0;7;0;0;1;0;0;0;0;0;574835,410000000149012;5455642,245999999344349;10,028288193000037;49,248972714000047;1
206358;08230614121200194580;08;1;21;000;2023;06;12;4;3;5;3;0;0;1;1;0;0;0;0;516130,413700000382960;5442690,185499999672174;9,221140481000020;49,136829455000054;1
206359;08230614119500164700;08;1;19;042;2023;06;14;4;3;0;7;0;0;1;0;0;0;0;0;528219,635800000280142;5415109,631699999794364;9,384957338000049;48,888295165000045;1
206360;08230614119400175210;08;1;19;079;2023;06;19;4;3;5;3;0;0;1;1;0;0;0;0;524317,496399999596179;5408961,866699999198318;9,331362152000054;48,833157222000068;1
206362;08230614119300197060;08;1;19;067;2023;06;16;4;3;2;6;0;0;1;0;0;0;0;0;540117,454900000244379;5407567,664499999955297;9,546515525000075;48,819795883000040;1
206363;08230614118500159440;08;1;18;060;2023;06;09;4;3;0;7;0;0;1;0;0;0;0;0;524923,627700000070035;5431068,855200000107288;9,340973028000064;49,031998004000059;1
206364;08230614118000173620;08;1;15;045;2023;06;18;4;1;6;7;0;0;0;1;1;0;0;0;500641,358699999749660;5397318,219000000506639;9,008721379000065;48,728887311000051;1
206366;08230614116500659370;08;1;16;049;2023;06;14;4;3;5;3;0;0;1;0;0;0;0;0;525261,447999999858439;5386453,412799999117851;9,342845211000053;48,630636294000055;1
206367;08230614115200162770;08;1;15;021;2023;06;16;4;3;0;1;0;0;1;0;0;0;0;0;489705,287800000049174;5381899,257500000298023;8,860393354000053;48,590091719000043;1
206368;08230614111500191670;08;1;11;000;2023;06;07;4;3;4;6;0;0;1;1;0;0;0;0;518807,896999999880791;5402717,219000000506639;9,256000454000059;48,777172761000031;1
206369;08230614111240163370;08;1;11;000;2023;06;08;4;3;5;3;0;0;1;1;0;0;0;0;515374,411199999973178;5403122,602399999275804;9,209281675000057;48,780913878000035;1
206373;08230613436300153960;08;4;36;052;2023;06;05;3;3;0;1;0;0;1;0;0;0;0;0;566761,122999999672174;5292216,380999999120831;9,891193645000044;47,779849262000027;1
206375;08230613436200185870;08;4;36;064;2023;06;07;3;3;2;6;0;0;1;1;0;0;0;0;546458,476300000213087;5293204,992699999362230;9,620299601000056;47,790528061000032;1
206377;08230613421200190100;08;4;21;000;2023;06;07;3;3;7;1;0;0;1;0;0;0;0;0;574849,792999999597669;5364095,596999999135733;10,011764043000028;48,425559709000026;1
206379;08230613417300189190;08;4;17;051;2023;06;18;3;3;0;1;0;0;1;0;0;0;0;0;491703,921299999579787;5358230,169199999421835;8,887966714000072;48,377184577000037;1
206380;08230613416200222520;08;4;16;041;2023;06;08;3;3;5;2;0;0;1;1;0;0;0;0;504675,958899999968708;5374993,497999999672174;9,063333180000029;48,528032581000048;1
206381;08230613416200188910;08;4;16;041;2023;06;14;3;3;1;6;0;0;1;1;0;0;0;0;506358,163999999873340;5374879,960999999195337;9,086115928000027;48,526996373000031;1
206382;08230613335400179290;08;3;35;021;2023;06;16;3;3;5;3;0;0;1;1;0;0;0;0;492769,167600000277162;5300047,813100000843406;8,903339020000033;47,853731451000044;1
206385;08230613317500188560;08;3;17;096;2023;06;20;3;3;8;1;0;0;1;0;0;0;0;0;422723,004499999806285;5369366,450799999758601;7,954459508000070;48,472677824000073;1
206386;08230613317300156630;08;3;17;065;2023;06;20;3;3;0;1;0;0;1;0;0;0;0;0;415337,739599999971688;5354050,805999999865890;7,857647756000063;48,333966328000031;1
206388;08230613316200185350;08;3;16;056;2023;06;06;3;3;8;1;0;0;1;0;0;0;0;0;422753,229399999603629;5327119,385399999096990;7,962593037000033;48,092658409000080;1
206390;08230613311400181000;08;3;15;074;2023;06;18;3;3;1;7;0;0;0;1;1;0;0;0;396941,493999999947846;5298271,703999999910593;7,622952828000052;47,829532372000074;1
206391;08230613311010187880;08;3;36;050;2023;06;13;3;3;6;4;0;0;1;0;1;0;0;0;399447,681800000369549;5273717,913799999281764;7,662097910000057;47,609063791000040;1
206392;08230613311010164800;08;3;11;000;2023;06;09;3;3;5;3;0;0;1;0;0;0;0;0;410757,141999999992549;5315342,903999999165535;7,803976973000033;47,985159926000051;1
206393;08230613311010154520;08;3;11;000;2023;06;08;3;3;4;2;0;0;1;1;0;0;0;0;415200,520800000056624;5315801,472699999809265;7,863423625000053;47,989889506000054;1
206398;08230613225100176450;08;2;25;058;2023;06;08;3;2;6;4;0;0;0;0;1;1;0;0;507677,854000000283122;5465745,619000000879169;9,105701819000046;49,344382041000074;1
206400;08230613221400230600;08;2;21;000;2023;06;21;3;3;6;7;1;0;0;1;1;0;0;0;474733,683899999596179;5474206,650499999523163;8,651621432000070;49,420012728000074;1
206401;08230613221400189290;08;2;21;000;2023;06;11;3;3;0;7;0;0;1;0;0;0;0;0;477318,666000000201166;5471344,511700000613928;8,687426733000052;49,394370118000040;1
206403;08230613221300177760;08;2;21;000;2023;06;07;3;3;0;7;0;0;1;1;0;0;0;0;477622,471199999563396;5473452,792199999094009;8,691494644000045;49,413345035000077;1
206406;08230613216100154450;08;2;16;009;2023;06;10;3;3;0;7;0;0;1;0;0;0;0;0;446759,535500000230968;5420769,896800000220537;8,273005318000060;48,937564981000037;1
206407;08230613215502189500;08;2;15;106;2023;06;18;3;3;5;2;0;0;1;1;0;0;0;0;463897,498999999836087;5455691,457000000402331;8,503891056000043;49,252926529000035;1
206408;08230613215402207760;08;2;15;009;2023;06;14;3;3;6;4;0;0;0;1;1;0;0;0;470364,613400000147521;5441504,465700000524521;8,593803529000070;49,125660651000032;1
206410;08230613212102168170;08;2;15;101;2023;06;07;3;3;4;6;0;0;1;1;0;0;0;0;466342,239799999631941;5426587,546800000593066;8,539912920000063;48,991272350000031;1
206411;08230613212010189130;08;2;12;000;2023;06;16;3;3;5;3;0;0;1;1;0;0;0;0;454952,384300000034273;5429348,018300000578165;8,383920506000038;49,015377160000071;1
206412;08230613212010185440;08;2;12;000;2023;06;22;3;3;6;6;2;0;1;0;1;0;0;0;460181,576000000350177;5426197,224099999293685;8,455741215000046;48,987394768000058;1
206414;08230613136100173270;08;1;36;088;2023;06;12;3;3;5;2;0;0;1;1;0;0;0;0;577867,054100000299513;5408426,447799999266863;10,060867258000030;48,823935446000064;1
206416;08230613128100174740;08;1;28;007;2023;06;17;3;3;4;2;0;0;1;1;0;0;0;0;555767,682699999772012;5482438,421499999240041;9,770069566000075;49,492018394000070;1
206418;08230613126100188840;08;1;26;039;2023;06;20;3;2;0;1;1;0;1;0;0;0;0;0;547836,781999999657273;5460951,438999999314547;9,657976924000025;49,299433009000040;1
206419;08230613121400235050;08;1;25;058;2023;06;07;3;3;6;7;0;0;1;0;1;0;0;0;507749,908900000154972;5443871,343599999323487;9,106270688000052;49,147617304000050;1
206420;08230613121400190450;08;1;25;058;2023;06;07;3;3;6;7;0;0;1;0;0;0;0;1;507770,287299999967217;5443874,039300000295043;9,106550178000020;49,147641295000028;1
206421;08230613121200160240;08;1;21;000;2023;06;14;3;3;5;3;0;0;1;1;0;0;0;0;516800,134600000455976;5444150,483500000089407;9,230382853000037;49,149947352000027;1
206423;08230613118300164130;08;1;18;079;2023;06;11;3;3;0;6;0;0;1;0;0;0;0;1;510312,005400000140071;5423600,122199999168515;9,140887066000062;48,965229836000049;1
206425;08230613117300157130;08;1;17;012;2023;06;21;3;2;0;1;1;0;1;0;0;0;0;0;544947,883299999870360;5387826,891300000250340;9,610163692000071;48,641886504000070;1
206426;08230613116400171700;08;1;16;079;2023;06;20;3;2;0;1;0;0;1;0;0;0;0;0;534318,484899999573827;5378965,093100000172853;9,465143659000034;48,562840252000058;1
206427;08230613111500157580;08;1;11;000;2023;06;17;3;3;6;2;0;0;0;1;1;0;0;0;512785,564699999988079;5408759,582599999383092;9,174217178000049;48,831682067000031;1
206429;08230613111110172370;08;1;11;000;2023;06;16;3;3;0;4;0;0;0;0;1;1;0;0;512404,116999999620020;5401203,308000000193715;9,168791347000024;48,763714355000047;1
206430;08230612436300154210;08;4;36;081;2023;06;20;2;3;0;1;0;0;1;0;0;0;0;0;563245,968399999663234;5283010,703700000420213;9,842937321000022;47,697383980000041;1
206432;08230612435100184950;08;4;35;016;2023;06;19;2;3;0;1;0;0;1;0;0;0;0;0;536737,008100000210106;5279803,314600000157952;9,489376098000037;47,670577409000032;1
206434;08230612435100152890;08;4;35;029;2023;06;21;2;3;0;1;1;0;1;0;0;0;0;0;544851,948099999688566;5275678,174900000914931;9,597047044000021;47,632950549000043;1
206435;08230612435100151940;08;4;35;042;2023;06;14;2;3;3;2;0;0;1;0;0;0;0;0;551995,547199999913573;5278447,083300000056624;9,692461628000046;47,657328402000076;1
206436;08230612417200153810;08;4;17;057;2023;06;13;2;3;9;1;0;0;1;0;0;0;0;0;481521,512099999934435;5338298,842000000178814;8,751332735000062;48,197653325000033;1
206438;08230612417100160190;08;4;17;079;2023;06;19;2;3;1;5;0;0;0;1;1;0;0;0;502056,286399999633431;5339797,578999999910593;9,027679094000064;48,211402860000078;1
206440;08230612415300194520;08;4;15;059;2023;06;16;2;2;3;6;0;0;1;0;0;0;0;0;517101,838000000454485;5367255,669999999925494;9,231316809000020;48,458204856000066;1
206441;08230612337101165070;08;3;37;097;2023;06;10;2;3;6;6;0;0;0;0;1;0;0;1;434528,956100000068545;5289962,602499999105930;8,126365181000040;47,759705550000035;1
206442;08230612335100199380;08;3;35;043;2023;06;12;2;3;2;6;0;0;1;1;0;0;0;0;513876,674999999813735;5280018,749399999156594;9,184861928000032;47,673410531000059;1
206443;08230612327200157120;08;3;27;046;2023;06;17;2;3;6;2;0;0;0;1;1;0;0;0;479609,788599999621511;5324421,302400000393391;8,726271168000039;48,072740360000068;1
206446;08230612326400181090;08;3;26;074;2023;06;09;2;3;5;3;0;0;1;1;0;0;0;0;459650,247999999672174;5322661,671800000593066;8,458499297000060;48,055958846000067;1
206447;08230612325202228060;08;3;25;049;2023;06;21;2;3;0;1;1;0;1;0;0;0;0;0;471572,208599999547005;5335602,450200000777841;8,617626779000034;48,173027150000053;1
206448;08230612325202227920;08;3;25;049;2023;06;07;2;3;1;5;0;0;1;1;0;0;0;0;471898,956199999898672;5334004,236700000241399;8,622127291000027;48,158662989000049;1
206449;08230612317500167400;08;3;17;096;2023;06;10;2;3;3;6;0;0;1;1;0;0;0;0;423119,318900000303984;5370503,727800000458956;7,959611455000072;48,482956155000068;1
206450;08230612311200156120;08;3;11;000;2023;06;16;2;3;1;7;0;0;1;1;0;0;0;0;414126,383399999700487;5316603,988800000399351;7,848869271000069;47,996965106000061;1
206451;08230612311010203270;08;3;11;000;2023;06;18;2;3;5;3;0;0;1;1;0;0;0;0;412605,576600000262260;5319082,239099999889731;7,827982295000027;48,019051609000030;1
206452;08230612311010151110;08;3;11;000;2023;06;08;2;3;1;6;0;0;1;1;0;0;0;0;411846,059500000439584;5315373,410199999809265;7,818561030000069;47,985585348000029;1
206455;08230612231000241830;08;2;37;028;2023;06;19;2;3;0;7;0;0;1;0;0;0;0;0;456719,761300000362098;5368617,071799999102950;8,414470770000037;48,469195701000046;1
206458;08230612222500184900;08;2;22;000;2023;06;11;2;3;5;3;0;0;1;1;0;0;0;0;463201,866999999620020;5478574,792600000277162;8,492217749000076;49,458713992000071;1
206459;08230612222014175820;08;2;26;096;2023;06;16;2;2;6;7;0;0;0;1;1;0;0;0;475081,834900000132620;5488382,099500000476837;8,655528402000073;49,547530959000028;1
206460;08230612221200203330;08;2;21;000;2023;06;17;2;3;4;6;0;0;1;0;0;0;0;0;477815,873100000433624;5472714,727099999785423;8,694202158000053;49,406713336000053;1
206462;08230612215402156960;08;2;15;009;2023;06;16;2;3;4;6;0;0;1;0;0;0;0;0;468334,002299999818206;5442107,613800000399351;8,565924474000042;49,130984790000070;1
206463;08230612215202181730;08;2;15;103;2023;06;11;2;2;5;3;0;0;1;1;0;0;0;0;466299,649400000460446;5442658,968000000342727;8,537992526000039;49,135836077000079;1