OID_;UIDENTSTLAE;ULAND;UREGBEZ;UKREIS;UGEMEINDE;UJAHR;UMONAT;USTUNDE;UWOCHENTAG;UKATEGORIE;UART;UTYP1;ULICHTVERH;IstStrassenzustand;IstRad;IstPKW;IstFuss;IstKrad;IstGkfz;IstSonstige;LINREFX;LINREFY;XGCSWGS84;YGCSWGS84;PLST
206464;08230612215102154150;08;2;15;109;2023;06;13;2;3;0;7;0;0;1;0;0;0;0;0;462316,951500000432134;5435953,435000000521541;8,484020599000075;49,075287854000067;1
206465;08230612212402155590;08;2;12;000;2023;06;13;2;3;5;3;0;0;1;1;0;0;0;0;457878,734299999661744;5427936,308299999684095;8,424086096000053;49,002885352000078;1
206466;08230612212010228040;08;2;12;000;2023;06;19;2;3;5;3;0;0;1;1;0;0;0;0;460193,872700000181794;5430706,189600000157952;8,455467183000053;49,027954599000054;1
206469;08230612212010162230;08;2;12;000;2023;06;12;2;3;6;2;0;0;0;0;1;0;0;1;453877,178500000387430;5429169,758999999612570;8,369236975000035;49,013694265000026;1
206470;08230612212010154980;08;2;12;000;2023;06;14;2;3;5;3;0;0;1;1;0;0;0;0;455481,492800000123680;5428225,128299999982119;8,391279412000074;49,005315068000073;1
206471;08230612136300155890;08;1;36;065;2023;06;13;2;3;0;7;0;0;1;0;0;0;0;0;556566,486200000159442;5406010,609899999573827;9,770366093000064;48,804509980000034;1
206472;08230612136300155830;08;1;36;065;2023;06;16;2;3;0;7;0;0;1;0;0;0;0;0;558159,868499999865890;5405619,694000000134110;9,792008495000061;48,800846608000029;1
206474;08230612127100187780;08;1;27;076;2023;06;14;2;3;5;3;0;0;1;1;0;0;0;0;554115,466300000436604;5441646,071599999442697;9,741728079000040;49,125266401000033;1
206475;08230612126200185240;08;1;26;066;2023;06;12;2;2;6;7;0;0;0;1;1;0;0;0;536585,227199999615550;5450055,839999999850988;9,502228071000047;49,202205965000076;1
206480;08230612119400184680;08;1;19;079;2023;06;09;2;3;6;4;0;0;0;0;1;0;0;1;522546,588200000114739;5407974,659499999135733;9,307176976000051;48,824343380000073;1
206481;08230612118300156000;08;1;18;046;2023;06;15;2;3;2;6;0;0;1;1;0;0;0;0;514248,845700000412762;5412335,898700000718236;9,194280273000061;48,863822050000067;1
206482;08230612118010223280;08;1;15;045;2023;06;11;2;2;0;7;0;0;0;1;1;0;0;0;501449,390999999828637;5395793,177999999374151;9,019703872000036;48,715166608000061;1
206484;08230612116200168010;08;1;16;077;2023;06;17;2;3;4;6;0;0;1;1;0;0;0;0;514946,492499999701977;5391494,180099999532104;9,203035156000055;48,676315189000036;1
206486;08230612115200151990;08;1;15;021;2023;06;13;2;3;6;4;0;0;0;1;1;0;0;0;489786,406000000424683;5382447,270999999716878;8,861479920000022;48,595023102000027;1
206488;08230612111500190850;08;1;11;000;2023;06;17;2;3;1;5;0;0;1;1;0;0;0;0;514104,986200000159442;5403812,111099999397993;9,192025602000058;48,787146713000027;1
206489;08230612111500186490;08;1;11;000;2023;06;19;2;3;5;2;0;0;1;1;0;0;0;0;507841,393400000408292;5398383,293299999088049;9,106649672000060;48,738419735000036;1
206490;08230612111500155790;08;1;11;000;2023;06;14;2;3;5;3;0;0;1;1;0;0;0;0;513963,563000000081956;5409659,630000000819564;9,190299258000039;48,839753362000067;1
206491;08230611437200168780;08;4;37;078;2023;06;17;1;3;0;7;0;0;1;0;0;0;0;0;512518,826399999670684;5315477,865299999713898;9,167798438000034;47,992478522000056;1
206495;08230611436100182020;08;4;36;055;2023;06;17;1;2;0;1;0;0;1;0;0;0;0;0;573155,959599999710917;5295765,447300000116229;9,977144479000060;47,811082893000048;1
206496;08230611435100169270;08;4;35;016;2023;06;16;1;3;0;1;0;0;1;0;0;0;0;0;531174,578399999998510;5280104,305099999532104;9,415302280000049;47,673577664000049;1
206497;08230611421200153140;08;4;21;000;2023;06;16;1;3;2;2;0;0;1;0;0;0;0;0;572401,768000000156462;5361262,174000000581145;9,978189515000054;48,400358603000029;1
206498;08230611417010173550;08;4;17;002;2023;06;19;1;3;0;3;0;0;1;1;0;0;0;0;489444,620299999602139;5346004,151399999856949;8,857762506000029;48,267157584000074;1
206499;08230611416200153410;08;4;16;041;2023;06;17;1;3;0;1;0;0;1;0;0;0;0;0;505865,760599999688566;5375339,205299999564886;9,079453213000022;48,531132690000049;1
206501;08230611416010199830;08;4;15;061;2023;06;11;1;2;5;3;0;0;1;1;0;0;0;0;516341,206000000238419;5373319,229000000283122;9,221265860000074;48,512775014000056;1
206504;08230611326300183740;08;3;26;068;2023;06;16;1;3;8;1;0;0;1;0;0;0;0;0;447723,250500000081956;5316059,415999999269843;8,299253524000051;47,995696038000062;1
206505;08230611326100150380;08;3;26;012;2023;06;19;1;3;6;4;0;0;0;1;1;0;0;0;462594,885800000280142;5311183,204700000584126;8,499016236000045;47,952868410000065;1
206506;08230611231000174130;08;2;31;000;2023;06;17;1;3;6;4;0;0;0;0;1;0;0;1;476213,143199999816716;5416289,263399999588728;8,675442495000027;48,899092709000058;1
206508;08230611215402177110;08;2;15;009;2023;06;15;1;3;1;5;0;0;1;1;0;0;0;0;473762,621100000105798;5439360,434200000017881;8,640516585000057;49,106528998000044;1
206509;08230611212702168860;08;2;15;017;2023;06;12;1;3;5;3;0;0;1;1;0;0;0;0;455116,780600000172853;5420278,632099999114871;8,387169523000068;48,933808740000075;1
206510;08230611128100152430;08;1;28;007;2023;06;15;1;3;2;6;0;0;1;1;0;0;0;0;555650,799399999901652;5482235,995300000533462;9,768427231000032;49,490208497000026;1
206512;08230611119400150590;08;1;19;091;2023;06;14;1;3;0;1;0;0;1;0;0;0;0;0;526686,070899999700487;5403884,413499999791384;9,363306720000026;48,787384527000029;1
206514;08230611116500152750;08;1;16;020;2023;06;17;1;2;0;1;0;0;1;0;0;0;0;0;527632,957600000314415;5381236,136900000274181;9,374682983000071;48,583601169000076;1
206516;08230611116200201640;08;1;16;015;2023;06;19;1;3;5;3;0;0;1;1;0;0;0;0;523237,298600000329316;5393361,471699999645352;9,315762105000033;48,692859760000033;1
206519;08230611111130181980;08;1;11;000;2023;06;17;1;3;0;7;0;0;1;0;0;0;0;0;512664,223299999721348;5401890,419800000265241;9,172351927000022;48,769890334000081;1
206520;08230610436300149910;08;4;36;078;2023;06;23;7;3;0;1;2;0;1;0;0;0;0;0;556624,349999999627471;5291680,033999999985099;9,755821264000076;47,775994705000073;1
206521;08230610426010210740;08;4;26;021;2023;06;23;7;3;7;7;2;0;1;0;0;0;0;1;559000,876000000163913;5327465,012000000104308;9,792444487000068;48,097718516000043;1
206522;08230610421300179250;08;4;21;000;2023;06;23;7;3;7;7;2;0;1;0;0;0;0;0;570610,499699999578297;5361041,870100000873208;9,953954928000030;48,398580090000053;1
206523;08230610416200163210;08;4;16;041;2023;06;19;7;3;0;1;0;0;1;0;0;0;0;0;504668,504999999888241;5373974,805500000715256;9,063220815000022;48,518868113000053;1
206524;08230610337200147860;08;3;37;065;2023;06;23;7;3;5;3;2;0;0;1;1;0;0;0;447694,460599999874830;5275400,103199999779463;8,303774668000074;47,629889480000031;1
206525;08230610337100222260;08;3;37;096;2023;06;22;7;2;1;6;2;0;1;1;0;0;0;0;422325,942900000140071;5267748,495200000703335;7,967503452000074;47,558506881000028;1
206527;08230610335300147420;08;3;35;035;2023;06;10;7;2;5;3;0;0;1;1;0;0;0;0;484386,957399999722838;5289957,127299999818206;8,791650531000073;47,762792201000082;1
206528;08230610335100218000;08;3;35;043;2023;06;12;7;3;0;1;0;0;1;0;0;0;0;0;512868,444799999706447;5281686,594900000840425;9,171479746000045;47,688438074000032;1
206529;08230610327200225210;08;3;27;049;2023;06;15;7;3;4;6;0;0;1;1;0;0;0;0;472761,582399999722838;5325263,831100000068545;8,634285259000023;48,080064718000074;1
206530;08230610326300222280;08;3;26;017;2023;06;19;7;2;0;1;0;0;1;0;0;0;0;0;438482,938500000163913;5319540,997199999168515;8,174904060000074;48,026194855000028;1
206531;08230610325302180890;08;3;25;001;2023;06;22;7;3;1;5;2;0;1;1;0;0;0;0;455018,598600000143051;5346755,585100000724196;8,393796324000050;48,272408242000040;1
206532;08230610317200148700;08;3;17;057;2023;06;14;7;3;5;2;0;0;1;1;0;0;0;0;413916,839900000020862;5379497,281400000676513;7,833247549000021;48,562655803000041;1
206538;08230610311010173420;08;3;11;000;2023;06;11;7;3;0;7;0;0;0;1;1;0;0;0;412120,934100000187755;5316286,087799999862909;7,822057257000040;47,993832983000061;1
206539;08230610311010172910;08;3;15;064;2023;06;19;7;3;4;6;0;0;1;0;0;0;0;0;423210,857599999755621;5312613,164799999445677;7,971338057000025;47,962220281000043;1
206541;08230612416010175850;08;4;16;036;2023;06;12;2;2;4;6;0;0;1;0;0;0;0;0;492776,998700000345707;5368210,157899999991059;8,902285983000070;48,466982848000043;1
206542;08230610311010149450;08;3;11;000;2023;06;18;7;3;0;7;0;0;1;0;0;0;0;0;410347,390800000168383;5318819,666799999773502;7,797760251000057;48,016376813000079;1
206544;08230610311010148450;08;3;11;000;2023;06;12;7;3;0;7;0;0;1;0;1;0;0;0;414510,371000000275671;5316182,642999999225140;7,854099467000026;47,993226396000068;1
206545;08230610237100177230;08;2;37;002;2023;06;13;7;2;1;1;0;0;1;1;0;0;0;0;456361,117200000211596;5354980,731000000610948;8,411037258000022;48,346497455000076;1
206546;08230610235100227970;08;2;35;079;2023;06;12;7;3;4;3;0;0;1;1;0;0;0;0;467074,034599999897182;5400381,628900000825524;8,552025628000024;48,755575466000039;1
206547;08230610235100179810;08;2;35;079;2023;06;12;7;3;0;7;0;0;0;1;1;0;0;0;465815,502199999988079;5399899,364000000059605;8,534943281000039;48,751169322000067;1
206553;08230610136300166940;08;1;36;065;2023;06;15;7;3;0;7;0;0;1;0;0;0;0;0;558474,767500000074506;5404916,200300000607967;9,796196131000045;48,794489095000074;1
206554;08230610126100179150;08;1;26;046;2023;06;09;7;3;1;2;0;0;1;1;0;0;0;0;549774,715699999593198;5458704,846100000664592;9,684350748000043;49,279071145000046;1
206555;08230610126100178810;08;1;26;046;2023;06;10;7;3;5;2;0;0;1;1;0;0;0;0;551410,455000000074506;5458507,251700000837445;9,706813300000022;49,277158502000077;1
206556;08230610121500158820;08;1;25;103;2023;06;11;7;3;0;1;0;0;1;0;0;0;0;0;530495,712600000202656;5463080,099899999797344;9,419628267000064;49,319691980000073;1
206559;08230610119300176040;08;1;19;076;2023;06;10;7;3;5;3;0;0;1;1;0;0;0;0;542047,117899999953806;5406485,189699999988079;9,572690838000028;48,809930911000038;1
206560;08230610118000161090;08;1;15;024;2023;06;16;7;2;3;6;0;0;1;0;0;0;0;0;500456,508999999612570;5387693,095699999481440;9,006197107000048;48,642298810000057;1
206561;08230610117300147360;08;1;17;020;2023;06;11;7;2;5;3;0;0;1;1;0;0;0;0;549174,272900000214577;5389764,876099999994040;9,667762847000063;48,659001552000063;1
206563;08230610116200158550;08;1;16;078;2023;06;11;7;3;5;3;0;0;1;1;0;0;0;0;510469,165000000037253;5393711,276000000536442;9,142270948000032;48,696351499000059;1
206566;08230610111250148650;08;1;11;000;2023;06;18;7;3;0;4;0;0;0;0;1;0;0;1;518022,611100000329316;5402122,678400000557303;9,245285718000048;48,771847586000035;1
206569;08230609436200151450;08;4;36;052;2023;06;16;6;3;4;2;0;0;1;0;0;0;0;1;564888,960500000044703;5291177,095799999311566;9,866049875000044;47,770690629000057;1
206570;08230609436000147110;08;4;36;064;2023;06;09;6;3;3;2;0;0;1;1;0;0;0;0;546259,957000000402331;5292735,201999999582767;9,617599113000040;47,786315648000027;1
206572;08230609435100160390;08;4;35;016;2023;06;07;6;3;5;3;0;0;1;1;0;0;0;0;535615,041600000113249;5278340,178799999877810;9,474311577000037;47,657475750000060;1
206574;08230609426200162800;08;4;26;070;2023;06;17;6;3;0;1;0;0;1;0;0;0;0;0;565053,707499999552965;5343017,915100000798702;9,876110930000038;48,237041157000078;1
206578;08230609417300145620;08;4;17;031;2023;06;15;6;3;5;3;0;0;1;1;0;0;0;0;497279,258600000292063;5355384,463999999687076;8,963276488000076;48,351631551000025;1
206580;08230609416010151030;08;4;16;041;2023;06;13;6;3;5;6;0;0;1;0;0;0;0;0;504239,489000000059605;5372555,413000000640750;9,057396667000035;48,506101767000075;1
206583;08230610437200147730;08;4;37;107;2023;06;11;7;3;0;1;0;0;1;0;0;0;0;0;509113,561999999918044;5330367,041999999433756;9,122472780000066;48,126495138000053;1
206584;08230609335400180460;08;3;35;099;2023;06;22;6;3;0;1;2;0;1;0;0;0;0;0;497328,123700000345707;5298938,483400000259280;8,964289478000069;47,843785475000061;1
206585;08230609326400147510;08;3;26;074;2023;06;16;6;3;5;3;0;0;1;1;0;0;0;0;457895,415000000037253;5323888,581900000572205;8,434829483000044;48,066883532000077;1
206586;08230609311010222240;08;3;11;000;2023;06;18;6;2;5;3;0;0;1;1;0;0;0;0;411745,128200000151992;5321118,694099999964237;7,816026102000023;48,037251681000043;1
206587;08230609311010173080;08;3;15;132;2023;06;17;6;3;6;7;0;0;0;1;1;0;0;0;411506,489000000059605;5324378,846499999985099;7,812151044000075;48,066544275000069;1
206588;08230609311010147640;08;3;11;000;2023;06;12;6;3;0;7;0;0;1;0;0;0;0;0;411832,071000000461936;5321156,074400000274181;7,817184519000023;48,037599937000039;1
206591;08230609222500682430;08;2;22;000;2023;06;10;6;3;1;7;0;0;1;1;0;0;0;0;463936,894299999810755;5478036,653799999505281;8,502409087000046;49,453917751000063;1
206592;08230612436400151950;08;4;36;012;2023;06;13;2;3;0;7;0;0;1;0;0;0;0;0;549426,878499999642372;5298705,910700000822544;9,660557593000021;47,839798153000061;1
206594;08230609222014173230;08;2;22;000;2023;06;12;6;3;6;1;0;0;0;1;1;0;0;0;461897,503999999724329;5481366,812999999150634;8,473950598000044;49,483746401000076;1
206596;08230609212702146470;08;2;15;017;2023;06;13;6;3;6;4;0;0;0;0;1;1;0;0;454164,699300000444055;5419695,028400000184774;8,374236325000027;48,928489317000071;1
206597;08230609212010145550;08;2;12;000;2023;06;15;6;3;5;2;0;0;1;1;0;0;0;0;452994,609699999913573;5427970,962700000032783;8,357306799000071;49,002844442000026;1
206598;08230609136200155120;08;1;36;046;2023;06;10;6;3;0;7;0;0;1;0;0;0;0;0;578698,441100000403821;5419636,981799999251962;10,074349211000026;48,924660824000057;1
206599;08230609135200168020;08;1;35;019;2023;06;23;6;3;6;7;2;0;0;1;1;0;0;0;585050,018799999728799;5393470,862500000745058;10,155618773000072;48,688480478000031;1
206600;08230609127100146140;08;1;27;076;2023;06;10;6;3;6;4;0;0;1;0;1;0;0;0;553417,237800000235438;5441187,369500000029802;9,732097966000026;49,121201602000042;1
206603;08230609119101145130;08;1;19;044;2023;06;09;6;2;0;1;0;0;1;0;0;0;0;0;541778,523400000296533;5425386,639699999243021;9,570965770000043;48,979973912000048;1
206604;08230609119100174880;08;1;19;008;2023;06;10;6;3;0;7;0;0;1;0;0;0;0;0;531291,816499999724329;5425475,078600000590086;9,427660982000077;48,981389700000079;1
206605;08230609118000161070;08;1;15;003;2023;06;13;6;2;6;7;0;0;0;1;1;0;0;0;500505,048999999649823;5391877,385999999940395;9,006861144000027;48,679941268000050;1
206606;08230609116500172020;08;1;16;049;2023;06;11;6;3;0;7;0;0;1;0;0;0;0;0;524618,883299999870360;5386091,606499999761581;9,334103072000062;48,627407096000070;1
206607;08230609115100194650;08;1;15;003;2023;06;11;6;3;5;3;0;0;1;1;0;0;0;0;501303,758899999782443;5391473,145700000226498;9,017710427000054;48,676303516000075;1
206608;08230609115100146320;08;1;15;024;2023;06;21;6;3;5;3;0;0;1;1;0;0;0;0;500874,821499999612570;5386836,316899999976158;9,011873887000036;48,634590625000044;1
206610;08230609111330179610;08;1;11;000;2023;06;14;6;2;0;1;0;0;1;0;0;0;0;0;511518,420699999667704;5409223,324999999254942;9,156964071000061;48,835878620000074;1
206612;08230609111240146770;08;1;11;000;2023;06;14;6;3;1;5;0;0;1;1;0;0;0;0;515175,321399999782443;5403469,718200000002980;9,206584431000067;48,784041385000080;1
206614;08230608436200168030;08;4;36;064;2023;06;10;5;3;0;1;0;0;1;0;0;0;0;0;545135,230000000447035;5286815,244000000879169;9,601969440000062;47,733133192000025;1
206616;08230608435200143520;08;4;35;059;2023;06;18;5;3;0;1;0;0;1;0;0;0;0;0;512425,702899999916553;5290152,551400000229478;9,165821561000030;47,764619862000075;1
206621;08230608325202170060;08;3;25;049;2023;06;10;5;3;8;1;0;0;1;0;0;0;0;0;473117,583499999716878;5334302,399399999529123;8,638494892000040;48,161398187000032;1
206625;08230608311100154990;08;3;15;132;2023;06;16;5;3;0;7;0;0;1;0;0;0;0;0;409152,963899999856949;5323106,925499999895692;7,780837189000067;48,054772385000035;1
206626;08230608311100154940;08;3;15;015;2023;06;16;5;3;6;4;0;0;0;0;1;1;0;0;399406,468999999575317;5315997,249299999326468;7,651744337000025;47,989361170000052;1
206627;08230608311010144270;08;3;11;000;2023;06;20;5;3;0;1;0;0;1;0;0;0;0;0;410791,570199999958277;5319673,131899999454618;7,803537689000052;48,024116069000058;1
206628;08230608221400171020;08;2;21;000;2023;06;10;5;3;5;3;0;0;1;1;0;0;0;0;476926,449500000104308;5470207,748600000515580;8,682087640000077;49,384130345000074;1
206629;08230608221400153050;08;2;21;000;2023;06;00;5;3;0;7;2;0;1;0;0;0;0;0;477306,024400000460446;5469811,925799999386072;8,687340013000039;49,380584227000043;1
206630;08230608221200159510;08;2;21;000;2023;06;14;5;3;3;5;0;0;1;1;0;0;0;0;479183,342400000430644;5472976,875000000000000;8,713038085000051;49,409119635000081;1
206631;08230608215402171150;08;2;15;009;2023;06;10;5;3;4;6;0;0;1;0;0;0;0;0;469159,089700000360608;5436269,572300000116229;8,577680278000059;49,078512362000026;1
206632;08230608212010201960;08;2;12;000;2023;06;00;5;2;1;5;2;0;1;1;0;0;0;0;457395,048200000077486;5428533,631400000303984;8,417410451000023;49,008225160000052;1
206633;08230608211100158380;08;2;11;000;2023;06;11;5;3;3;6;0;0;1;0;0;0;0;0;440509,566800000146031;5404221,228299999609590;8,190076561000069;48,788141440000061;1
206634;08230608136200217440;08;1;36;046;2023;06;12;5;3;0;7;0;0;1;0;0;0;0;0;578592,543499999679625;5421360,507899999618530;10,073236077000047;48,940175920000058;1
206635;08230608135200145820;08;1;35;032;2023;06;13;5;2;0;1;0;0;1;0;0;0;0;0;578307,448499999940395;5394212,463099999353290;10,064161744000046;48,696033312000054;1
206637;08230608126200170750;08;1;26;066;2023;06;16;5;3;0;1;0;0;1;0;0;0;0;0;535721,894299999810755;5451047,882600000128150;9,490465282000059;49,211180275000061;1
206638;08230608121600147980;08;1;25;110;2023;06;13;5;3;0;3;0;0;1;1;0;0;0;0;529649,612599999643862;5443134,976999999955297;9,406511363000050;49,140326710000068;1
206642;08230608119400143450;08;1;19;041;2023;06;12;5;2;0;7;0;0;1;0;0;0;0;0;527460,101999999955297;5410679,587999999523163;9,374299061000045;48,848478250000028;1
206644;08230608117400172860;08;1;17;018;2023;06;18;5;3;5;3;0;0;1;1;0;0;0;0;538847,872399999760091;5395849,380300000309944;9,528114380000034;48,714463601000034;1
206645;08230608115300189310;08;1;15;050;2023;06;15;5;3;3;2;0;0;1;0;0;0;0;0;489422,504399999976158;5401529,211200000718236;8,856056279000029;48,766679889000045;1
206647;08230607437200213570;08;4;37;104;2023;06;23;4;3;6;4;2;0;0;1;1;0;0;0;516262,891800000332296;5325992,091000000014901;9,218381815000043;48,086991369000032;1
206648;08230607437200167890;08;4;37;104;2023;06;18;4;3;1;5;0;0;1;1;0;0;0;0;517507,829099999740720;5327058,957599999383092;9,235142731000053;48,096556947000067;1
206650;08230607435201155230;08;4;35;018;2023;06;19;4;3;6;1;0;0;1;0;1;0;0;0;524217,550999999977648;5280126,165999999269843;9,322624925000071;47,674072380000041;1
206654;08230607415400217530;08;4;15;061;2023;06;00;4;3;3;6;2;0;1;1;0;0;0;0;515723,990100000053644;5370090,817900000140071;9,212787008000021;48,483746885000073;1
206655;08230607415400190940;08;4;15;061;2023;06;17;4;3;5;3;0;0;1;0;0;0;0;1;514902,932000000029802;5373792,006999999284744;9,201808131000064;48,517064062000031;1
206656;08230607415200171560;08;4;15;053;2023;06;15;4;2;5;3;0;0;1;1;0;0;0;0;537366,111499999649823;5362080,986800000071526;9,504938647000074;48,410775359000070;1
206658;08230607317300144880;08;3;17;152;2023;06;16;4;3;4;1;0;0;1;0;0;0;0;1;409283,328399999998510;5348084,775399999693036;7,777256684000065;48,279463743000065;1
206660;08230607311010154640;08;3;36;050;2023;06;08;4;3;5;6;0;0;1;1;0;0;0;0;399241,058799999766052;5274636,453299999237061;7,659138223000070;47,617294263000076;1
206661;08230607311010143040;08;3;11;000;2023;06;17;4;3;3;2;0;0;1;1;0;0;0;0;412362,401999999769032;5314892,735999999567866;7,825577637000038;47,981332488000078;1
206662;08230607311010141820;08;3;11;000;2023;06;14;4;3;6;7;0;0;1;0;1;0;0;0;414089,448300000280142;5316212,121500000357628;7,848452708000025;47,993435150000039;1
206664;08230607226700143530;08;2;26;041;2023;06;13;4;3;0;5;0;0;1;1;0;0;0;0;476009,300900000147521;5465623,420499999076128;8,669727482000042;49,342859345000079;1
206665;08230607222700208230;08;2;22;000;2023;06;18;4;3;3;6;0;0;1;1;0;0;0;0;463149,628100000321865;5480591,420499999076128;8,491309152000042;49,476849444000038;1
206669;08230607212010151000;08;2;15;017;2023;06;15;4;2;5;2;0;0;1;0;0;0;1;0;456491,232499999925494;5421170,573999999091029;8,405839842000034;48,941930141000057;1
206670;08230607136300181910;08;1;36;042;2023;06;12;4;3;7;7;0;0;1;0;0;0;0;1;547470,799700000323355;5404273,307399999350309;9,646302240000068;48,789643584000032;1
206675;08230607121300153600;08;1;25;065;2023;06;18;4;3;3;2;0;0;1;1;0;0;0;0;516560,918499999679625;5448437,852399999275804;9,227278936000062;49,188519937000081;1
206678;08230607119100142510;08;1;19;083;2023;06;10;4;3;6;7;0;0;0;1;1;0;0;0;535123,375400000251830;5419786,190400000661612;9,479533792000041;48,930010056000071;1
206682;08230607116500148880;08;1;16;081;2023;06;19;4;3;0;7;0;0;1;1;0;0;0;0;517571,427000000141561;5385536,940999999642372;9,238439514000049;48,622654979000060;1
206683;08230607116400167940;08;1;16;033;2023;06;15;4;2;5;2;0;0;1;0;0;0;0;1;533051,828599999658763;5388149,733699999749660;9,448707619000061;48,645532999000068;1
206689;08230607111240164950;08;1;11;000;2023;06;19;4;3;6;4;0;0;0;1;1;0;0;0;519031,627000000327826;5402484,679500000551343;9,259034922000069;48,775074060000065;1
206690;08230607111120165450;08;1;11;000;2023;06;08;4;3;1;5;0;0;1;1;0;0;0;0;512540,256199999712408;5403026,800699999555945;9,170699477000028;48,780115647000059;1
206692;08230606435100140500;08;4;35;057;2023;06;21;3;3;0;1;0;0;1;0;0;0;0;0;550012,881900000385940;5274900,501900000497699;9,665653466000037;47,625575618000028;1
206693;08230606425000151410;08;4;25;033;2023;06;16;3;2;8;1;0;0;1;0;0;0;0;0;541408,374800000339746;5347663,554199999198318;9,558142285000031;48,280820371000061;1
206696;08230606421200201720;08;4;21;000;2023;06;16;3;3;6;7;0;0;1;0;1;0;0;0;573365,778599999845028;5361117,169299999251962;9,991186496000068;48,398942799000054;1
206697;08230606417100158680;08;4;17;079;2023;06;14;3;3;6;7;0;0;0;0;1;0;0;1;501843,173799999989569;5339909,016799999400973;9,024810930000058;48,212406105000071;1
206698;08230606417010157560;08;4;17;002;2023;06;08;3;2;0;1;0;0;1;0;0;0;0;0;489027,349000000394881;5344882,957599999383092;8,852168734000031;48,257063397000081;1
206699;08230606417010139840;08;4;17;044;2023;06;17;3;2;5;3;0;0;0;1;1;0;0;0;496912,738599999807775;5336549,483999999240041;8,958466869000063;48,182175976000053;1
206700;08230606416200139950;08;4;16;041;2023;06;12;3;3;2;6;0;0;1;1;0;0;0;0;503642,154500000178814;5374717,042500000447035;9,049328484000057;48,525552340000047;1
206702;08230606415400213410;08;4;15;061;2023;06;17;3;3;5;3;0;0;1;1;0;0;0;0;516536,554700000211596;5371234,875299999490380;9,223828352000055;48,494018372000028;1
206703;08230606337200162510;08;3;37;065;2023;06;22;3;3;0;1;2;0;1;0;0;0;0;0;449448,082999999634922;5274855,615100000053644;8,327177861000052;47,625129914000070;1
206704;08230606335300139080;08;3;35;075;2023;06;07;3;3;1;5;0;0;1;0;0;0;0;1;487906,270600000396371;5289837,388699999079108;8,838617393000050;47,761790493000035;1
206705;08230610222700222180;08;2;22;000;2023;06;10;7;3;5;3;0;0;1;1;0;0;0;0;461255,761699999682605;5481952,221300000324845;8,465033630000050;49,488971205000041;1
206707;08230606317600141970;08;3;17;040;2023;06;18;3;3;5;2;0;0;1;1;0;0;0;0;432626,528400000184774;5347732,965700000524521;8,091900729000031;48,279213831000050;1
206710;08230606311010165720;08;3;11;000;2023;06;16;3;3;5;3;0;0;1;0;0;0;0;1;413643,785699999891222;5315750,605399999767542;7,842573142000049;47,989223612000046;1
206711;08230606311010162290;08;3;11;000;2023;06;07;3;3;0;2;0;0;1;1;0;0;0;0;413776,334400000050664;5317036,504300000146031;7,844090955000070;48,000808623000069;1
206712;08230606311010141110;08;3;11;000;2023;06;13;3;3;5;2;0;0;1;0;0;0;0;1;411356,279000000096858;5317011,878000000491738;7,811660062000044;48,000256100000058;1
206713;08230606226600173020;08;2;26;082;2023;06;11;3;3;6;7;0;0;0;1;1;0;0;0;475603,766699999570847;5480330,276399999856949;8,663241073000052;49,475128797000082;1
206714;08230606222301140180;08;2;22;000;2023;06;19;3;3;5;3;0;0;1;1;0;0;0;0;464290,505099999718368;5484215,097400000318885;8,506730022000056;49,509510830000067;1
206715;08230606222200209730;08;2;22;000;2023;06;16;3;3;6;4;0;0;1;0;1;0;0;0;461860,146200000308454;5481597,257500000298023;8,473412624000048;49,485816782000029;1
206717;08230606221011151680;08;2;21;000;2023;06;16;3;1;6;4;0;0;0;0;1;0;0;1;476522,413200000301003;5472500,803999999538064;8,676385355000036;49,404740605000029;1
206718;08230606212010174150;08;2;12;000;2023;06;18;3;3;1;5;0;0;1;1;0;0;0;0;455469,218500000424683;5428766,813999999314547;8,391052174000038;49,010186697000051;1
206719;08230606212010174120;08;2;12;000;2023;06;12;3;3;5;2;0;0;1;1;0;0;0;0;455178,305999999865890;5431081,222799999639392;8,386818552000022;49,030983901000070;1
206720;08230606211100142050;08;2;11;000;2023;06;16;3;3;5;2;0;0;1;1;0;0;0;0;443954,723699999973178;5401547,590399999171495;8,237340061000054;48,764411641000038;1
206722;08230606136010148580;08;1;36;065;2023;06;12;3;3;6;7;0;0;0;0;1;0;0;1;562273,672000000253320;5404473,646299999207258;9,847849436000047;48,790139458000056;1
206723;08230606128200140860;08;1;28;139;2023;06;17;3;3;5;3;0;0;1;0;0;1;0;0;550544,803000000305474;5491983,040999999269843;9,699178808000056;49,578321326000037;1
206725;08230606127100156760;08;1;27;076;2023;06;17;3;3;0;1;0;0;1;0;0;0;0;0;553010,340400000102818;5439178,715700000524521;9,726258002000066;49,103169555000079;1
206727;08230606121400166860;08;1;25;056;2023;06;22;3;3;0;7;2;0;1;0;0;0;0;0;510475,434299999848008;5435469,696799999102950;9,143426353000052;49,072000549000052;1
206728;08230606121400162470;08;1;25;056;2023;06;06;3;2;0;7;0;0;1;0;0;0;0;0;511047,868099999614060;5435749,582399999722838;9,151271553000072;49,074508247000040;1
206729;08230606121200183050;08;1;21;000;2023;06;10;3;3;0;7;0;0;1;0;0;0;0;0;515913,643000000156462;5444555,991800000891089;9,218242373000066;49,153618640000047;1