OID_;UIDENTSTLAE;ULAND;UREGBEZ;UKREIS;UGEMEINDE;UJAHR;UMONAT;USTUNDE;UWOCHENTAG;UKATEGORIE;UART;UTYP1;ULICHTVERH;IstStrassenzustand;IstRad;IstPKW;IstFuss;IstKrad;IstGkfz;IstSonstige;LINREFX;LINREFY;XGCSWGS84;YGCSWGS84;PLST
206730;08230606118400149530;08;1;18;048;2023;06;10;3;3;5;3;0;0;1;0;0;0;0;1;511422,207000000402331;5417267,359999999403954;9,155877585000042;48,908242798000060;1
206731;08230606118300139650;08;1;18;051;2023;06;07;3;3;0;7;0;0;1;0;0;0;0;0;508927,920199999585748;5415362,676000000908971;9,121796785000072;48,891149714000051;1
206732;08230606118000165280;08;1;18;048;2023;06;09;3;2;1;7;0;0;1;1;0;0;0;0;514042,599200000055134;5416223,131400000303984;9,191601683000044;48,898795336000035;1
206733;08230606116500167150;08;1;16;071;2023;06;15;3;3;0;1;0;0;1;0;0;0;0;0;527951,327700000256300;5391169,292700000107288;9,379669511000031;48,672945734000052;1
206734;08230606116500149340;08;1;16;049;2023;06;11;3;3;5;3;0;0;1;1;0;0;0;0;522472,725999999791384;5383435,217100000008941;9,304834100000051;48,603590776000033;1
206737;08230606111500138600;08;1;11;000;2023;06;00;3;3;0;7;2;0;1;1;0;0;0;0;513387,654900000430644;5403870,208000000566244;9,182261783000058;48,787685203000080;1
206741;08230605435200137890;08;4;35;059;2023;06;15;2;3;0;7;0;0;1;0;0;0;0;0;512491,186800000257790;5290124,529999999329448;9,166694637000035;47,764366473000052;1
206742;08230605435100203290;08;4;35;029;2023;06;17;2;3;5;3;0;0;1;1;0;0;0;0;545407,129999999888241;5270382,911000000312924;9,603888241000050;47,585268762000055;1
206743;08230605435100138350;08;4;35;016;2023;06;20;2;3;0;7;0;0;1;0;0;0;0;0;535540,087600000202656;5278108,853700000792742;9,473294586000065;47,655398543000047;1
206745;08230605426100138050;08;4;26;120;2023;06;19;2;3;0;1;0;0;1;0;0;0;0;0;561914,994900000281632;5323750,286100000143051;9,831041582000069;48,064023877000068;1
206747;08230605421300138950;08;4;21;000;2023;06;17;2;3;5;3;0;0;1;1;0;0;0;0;573092,379999999888241;5357303,565400000661612;9,986830028000043;48,364670238000031;1
206749;08230605335100186910;08;3;35;043;2023;06;17;2;3;6;7;0;0;0;0;1;0;0;1;513427,191700000315905;5279573,470100000500679;9,178860353000061;47,669413550000058;1
206751;08230605317100138930;08;3;17;089;2023;06;20;2;3;4;6;0;0;1;0;0;0;0;0;431299,529000000096858;5375549,349999999627471;8,069463551000069;48,529289867000045;1
206752;08230606215201140230;08;2;15;100;2023;06;12;3;3;0;7;0;0;1;0;0;0;0;0;474967,406000000424683;5450372,410000000149012;8,656338662000053;49,205634257000042;1
206753;08230605311300149430;08;3;11;000;2023;06;16;2;3;0;7;0;0;1;0;0;0;0;0;410466,743700000457466;5315026,605900000780821;7,800151916000061;47,982274164000046;1
206754;08230615212010165420;08;2;12;000;2023;06;18;5;3;5;3;0;0;1;1;0;0;0;0;455594,506000000052154;5429252,896600000560284;8,392712169000049;49,014568083000029;1
206755;08230605311010172670;08;3;11;000;2023;06;08;2;3;3;2;0;0;1;1;0;0;0;0;414031,947999999858439;5317930,989399999380112;7,847337699000036;48,008889263000071;1
206756;08230605231000199040;08;2;31;000;2023;06;07;2;3;5;2;0;0;1;1;0;0;0;0;476112,019600000232458;5416230,825899999588728;8,674066165000056;48,898563136000064;1
206760;08230605212102166500;08;2;12;000;2023;06;17;2;3;5;3;0;0;1;1;0;0;0;0;460740,976999999955297;5427735,221999999135733;8,463238426000032;49,001265229000069;1
206763;08230605212010160890;08;2;15;017;2023;06;10;2;2;6;4;0;0;0;0;1;0;1;0;457909,179100000299513;5420423,103800000622869;8,425279629000045;48,935304567000060;1
206766;08230605127202163680;08;1;27;014;2023;06;22;2;3;0;7;2;1;1;0;0;0;0;0;578069,525399999693036;5443328,130799999460578;10,070326746000035;49,137818731000038;1
206770;08230608116100174670;08;1;16;058;2023;06;15;5;3;0;1;0;1;1;0;0;0;0;0;534965,475800000131130;5395450,246500000357628;9,475303620000034;48,711102906000065;1
206771;08230605119500146800;08;1;19;042;2023;06;07;2;3;5;3;0;0;1;1;0;0;0;0;529990,253200000151992;5416855,640699999406934;9,409238728000048;48,903918317000034;1
206773;08230605119300146510;08;1;19;067;2023;06;10;2;2;0;7;0;0;1;0;0;0;0;0;539040,927600000053644;5404521,948300000280142;9,531561131000046;48,792466635000039;1
206774;08230605119300138800;08;1;19;067;2023;06;16;2;3;5;3;0;0;1;1;0;0;0;0;538616,075100000016391;5407416,084000000730157;9,526049048000061;48,818527485000061;1
206775;08230605117100139070;08;1;17;049;2023;06;20;2;3;0;7;0;0;1;0;0;0;0;0;555904,458599999547005;5392149,042500000447035;9,759469887000023;48,679881927000054;1
206776;08230605116500139880;08;1;16;071;2023;06;15;2;2;0;1;0;0;1;0;0;0;0;0;527595,163300000131130;5391331,305500000715256;9,374842566000041;48,674419033000049;1
206783;08230610231202179780;08;2;36;070;2023;06;12;7;3;0;7;0;0;1;0;0;0;0;0;468664,894999999552965;5417036,215500000864267;8,572396460000050;48,905476101000033;1
206786;08230605111230147330;08;1;11;000;2023;06;16;2;3;5;3;0;0;1;1;0;0;0;0;511720,257000000216067;5395733,940999999642372;9,159330054000066;48,714525233000074;1
206787;08230605111230138470;08;1;11;000;2023;06;12;2;3;0;2;0;0;1;1;0;0;0;0;511082,425800000317395;5397531,875900000333786;9,150707459000046;48,730711155000051;1
206789;08230604426100138060;08;4;26;100;2023;06;15;1;3;3;6;0;0;1;0;0;0;0;0;577869,603799999691546;5319427,253000000491738;10,044369518000053;48,023387272000036;1
206790;08230604425000138460;08;4;25;141;2023;06;19;1;3;8;1;0;0;1;0;0;0;0;0;559735,241299999877810;5369856,915100000798702;9,808302759000071;48,479001027000038;1
206791;08230604415100138610;08;4;15;014;2023;06;13;1;2;0;7;0;0;1;0;0;0;0;0;525395,859899999573827;5375589,836799999698997;9,344005569000046;48,532900925000035;1
206792;08230604337100237570;08;3;37;038;2023;06;12;1;3;6;4;0;0;0;1;1;0;0;0;430417,786899999715388;5276963,582900000736117;8,073587927000062;47,642329500000073;1
206793;08230604335400136370;08;3;35;098;2023;06;10;1;3;8;1;0;0;1;0;0;0;0;0;503908,799200000241399;5295838,704700000584126;9,052214422000077;47,815889034000065;1
206794;08230604326300154720;08;3;26;060;2023;06;11;1;3;4;6;0;0;1;1;0;0;0;0;445191,156399999745190;5330013,229699999094009;8,263526477000028;48,121017419000054;1
206795;08230604326200176580;08;3;26;012;2023;06;18;1;2;0;7;0;0;1;0;0;0;0;0;462663,562099999748170;5311179,580900000408292;8,499936327000057;47,952839815000061;1
206796;08230604317200141860;08;3;17;057;2023;06;15;1;3;6;4;0;0;1;0;1;0;0;0;412354,659300000406802;5380684,342299999669194;7,811828664000075;48,573116173000074;1
206797;08230604311100168400;08;3;15;115;2023;06;05;1;3;6;4;1;0;0;1;1;0;0;0;407906,066599999554455;5321516,657099999487400;7,764450124000064;48,040289140000027;1
206798;08230604311010163290;08;3;11;000;2023;06;16;1;3;5;3;0;0;1;1;0;0;0;0;413951,986299999989569;5317586,974600000306964;7,846334818000059;48,005783968000060;1
206799;08230604311010160970;08;3;11;000;2023;06;13;1;3;1;5;0;0;1;1;0;0;0;0;412991,544599999673665;5316093,265200000256300;7,833763609000073;47,992217543000038;1
206800;08230604237200161010;08;2;37;040;2023;06;09;1;3;6;4;0;0;0;1;1;0;0;0;477172,868700000457466;5365851,350500000640750;8,691321370000026;48,445389417000058;1
206801;08230604226300149180;08;2;26;049;2023;06;01;1;3;1;1;2;0;1;1;0;0;0;0;488866,553399999625981;5464599,547700000926852;8,846756840000069;49,334019776000048;1
206802;08230604222400157470;08;2;22;000;2023;06;19;1;3;0;7;0;0;1;0;0;0;0;0;469258,679499999620020;5477198,273600000888109;8,575900685000022;49,446669393000036;1
206803;08230604222400138360;08;2;26;038;2023;06;16;1;3;0;7;0;0;1;0;0;0;0;0;471728,871600000187755;5481138,653100000694394;8,609696516000042;49,482231787000046;1
206806;08230604221200146710;08;2;21;000;2023;06;12;1;3;0;1;0;0;1;0;0;0;0;0;480250,952300000004470;5472328,061300000175834;8,727787395000064;49,403319221000061;1
206808;08230604212010201570;08;2;12;000;2023;06;19;1;2;6;4;0;0;1;0;1;0;0;0;458586,326399999670684;5428270,695900000631809;8,433726229000058;49,005941107000069;1
206809;08230604212010147380;08;2;15;109;2023;06;13;1;3;5;3;0;0;1;0;0;0;0;0;463787,428700000047684;5440355,508400000631809;8,503759907000074;49,114973325000051;1
206810;08230604136300146570;08;1;36;065;2023;06;17;1;3;0;7;0;0;1;0;0;0;0;0;556502,598199999891222;5403982,974400000646710;9,769217187000038;48,786276956000052;1
206811;08230604136200155100;08;1;36;019;2023;06;20;1;3;8;1;1;0;1;0;0;0;0;0;583066,821200000122190;5424116,782299999147654;10,134885473000054;48,964381026000069;1
206812;08230604127202146780;08;1;27;091;2023;06;17;1;3;5;3;0;0;1;1;0;0;0;0;581247,563799999654293;5454234,680600000545382;10,116093219000049;49,235496007000052;1
206813;08230604121500145270;08;1;25;065;2023;06;13;1;3;8;1;0;0;1;0;0;0;0;0;516776,990000000223517;5448892,733999999240041;9,230263225000044;49,192605835000052;1
206814;08230604119300159150;08;1;19;061;2023;06;18;1;2;0;7;0;0;1;0;0;0;0;0;538373,524799999780953;5413566,467900000512600;9,523321228000043;48,873868185000049;1
206821;08230603435200135790;08;4;35;018;2023;06;22;7;3;0;1;2;0;1;0;0;0;0;0;522981,184500000439584;5280510,867000000551343;9,306174613000053;47,677578883000081;1
206822;08230603435100137040;08;4;35;029;2023;06;15;7;3;6;4;0;0;1;0;1;0;0;0;545099,883700000122190;5270659,158199999481440;9,599830673000042;47,587775693000026;1
206824;08230609135200145790;08;1;35;019;2023;06;20;6;3;0;7;0;0;1;0;0;0;0;0;585194,476999999955297;5390057,864000000059605;10,156878077000044;48,657763270000032;1
206825;08230603335200135820;08;3;35;063;2023;06;11;7;3;5;2;0;0;1;1;0;0;0;0;497700,242499999701977;5287396,971699999645352;8,969324143000051;47,739942004000056;1
206826;08230603335000158800;08;3;35;075;2023;06;12;7;3;6;4;0;0;0;1;1;0;0;0;488630,451999999582767;5289936,467000000178814;8,848278474000040;47,762695134000069;1
206827;08230603327100156540;08;3;27;050;2023;06;08;7;3;5;3;0;0;1;1;0;0;0;0;487356,266999999992549;5314753,371999999508262;8,830548700000065;47,985957678000034;1
206830;08230603317100146210;08;3;17;110;2023;06;14;7;2;0;4;0;0;1;0;1;0;0;0;427149,043399999849498;5381333,418999999761581;8,012242001000061;48,580849348000072;1
206831;08230603311400153620;08;3;15;006;2023;06;07;7;2;0;7;0;0;1;0;0;0;0;1;403059,684799999929965;5306991,060100000351667;7,702724417000070;47,908915121000064;1
206832;08230603311010157270;08;3;11;000;2023;06;19;7;3;0;2;0;0;1;1;0;0;0;0;414138,735500000417233;5316908,002599999308586;7,848973981000029;47,999701482000035;1
206836;08230603237100135950;08;2;37;028;2023;06;06;7;3;5;3;1;0;1;1;0;0;0;0;456388,183899999596179;5368301,054800000041723;8,410018131000072;48,466329912000049;1
206838;08230603231000197820;08;2;36;046;2023;06;12;7;3;0;1;0;0;1;0;0;0;0;0;484800,877000000327826;5418883,950999999418855;8,792519357000060;48,922703968000064;1
206839;08230615215402196010;08;2;15;009;2023;06;07;5;3;4;6;0;0;1;0;0;0;0;0;469316,995199999772012;5440860,383500000461936;8,579493771000045;49,119815604000053;1
206843;08230603221200154410;08;2;21;000;2023;06;11;7;3;0;7;0;0;1;0;0;0;0;0;476662,567499999888241;5472318,180099999532104;8,678327938000052;49,403103323000039;1
206844;08230603221200154400;08;2;21;000;2023;06;16;7;3;0;7;0;0;1;0;0;0;0;0;477790,370000000111759;5471697,527499999850988;8,693907492000051;49,397562839000045;1
206845;08230603216300143320;08;2;16;017;2023;06;15;7;3;0;1;0;0;1;0;0;0;0;0;454011,366600000299513;5401000,421399999409914;8,374241800000050;48,760313941000049;1
206847;08230603212402137180;08;2;12;000;2023;06;16;7;3;5;2;0;0;1;1;0;0;0;0;456868,425900000147521;5428116,416200000792742;8,410254020000025;49,004435673000046;1
206849;08230603212010137110;08;2;12;000;2023;06;11;7;3;6;7;0;0;1;0;1;0;1;0;456424,933899999596179;5428401,005799999460578;8,404159871000047;49,006964439000058;1
206852;08230603118000158750;08;1;18;015;2023;06;09;7;2;0;1;0;0;1;0;0;0;0;0;507634,337199999950826;5429891,302899999544024;9,104421896000076;49,021861732000048;1
206853;08230603115100201200;08;1;15;003;2023;06;14;7;3;0;7;0;0;1;1;0;0;0;0;501230,047199999913573;5392805,527200000360608;9,016713083000070;48,688289922000081;1
206854;08230603111500165320;08;1;11;000;2023;06;01;7;2;9;7;2;0;1;0;0;0;0;0;515722,469499999657273;5403992,255999999120831;9,214052796000033;48,788728487000071;1
206856;08230603111500153440;08;1;11;000;2023;06;08;7;3;6;4;0;0;0;0;1;0;0;1;517919,775899999774992;5402583,439300000667572;9,243906234000065;48,775995510000030;1
206857;08230603111370153330;08;1;11;000;2023;06;11;7;3;0;7;0;1;1;0;0;0;0;0;509655,453200000338256;5408128,248400000855327;9,131551285000057;48,826059235000059;1
206858;08230602435100143950;08;4;35;016;2023;06;13;6;3;5;3;0;0;1;1;0;0;0;0;535944,901899999938905;5280978,892200000584126;9,478921562000039;47,681199049000043;1
206860;08230615435200197370;08;4;35;034;2023;06;16;5;3;5;3;0;0;1;1;0;0;0;0;529785,164400000125170;5284460,588300000876188;9,397090668000033;47,712838624000028;1
206862;08230603226700170380;08;2;26;098;2023;06;14;7;3;0;7;0;0;1;0;0;0;0;0;477845,599999999627471;5461459,981000000610948;8,695238069000027;49,305478751000066;1
206863;08230602417200156370;08;4;17;002;2023;06;14;6;3;5;3;0;0;1;1;0;0;0;0;488962,650999999605119;5348316,694000000134110;8,851207419000048;48,287954667000065;1
206865;08230602416200143060;08;4;16;041;2023;06;19;6;3;0;7;0;0;1;0;0;0;0;0;503523,919599999673665;5374407,750099999830127;9,047724524000046;48,522770509000054;1
206866;08230602416100238410;08;4;16;048;2023;06;11;6;3;4;6;0;0;1;1;0;0;0;0;497120,054700000211596;5375074,677699999883771;8,960992225000041;48,528773714000067;1
206867;08230602416100188520;08;4;16;048;2023;06;18;6;2;8;1;0;0;1;0;0;0;0;0;497690,942699999548495;5375242,749700000509620;8,968723755000042;48,530288110000072;1
206868;08230602335300135900;08;3;35;075;2023;06;19;6;3;6;4;0;0;0;1;1;0;0;0;488961,740000000223517;5287740,497199999168515;8,852755096000067;47,742942552000045;1
206869;08230602335000187580;08;3;35;063;2023;06;18;6;3;5;3;0;0;1;1;0;0;0;0;497918,927099999971688;5287050,538000000640750;8,972242776000030;47,736825676000080;1
206871;08230602316100135190;08;3;16;020;2023;06;16;6;3;4;2;0;0;1;1;0;0;0;0;408417,358099999837577;5338245,545700000599027;7,767714638000029;48,190837843000054;1
206872;08230602311010197760;08;3;11;000;2023;06;18;6;3;3;6;0;0;1;0;0;0;0;0;414526,612499999813735;5316083,496300000697374;7,854336866000040;47,992336703000035;1
206875;08230602311010135890;08;3;11;000;2023;06;15;6;3;5;2;0;0;1;1;0;0;0;0;414451,755300000309944;5316052,819599999114871;7,853339822000066;47,992050743000050;1
206877;08230602311010134230;08;3;36;091;2023;06;14;6;2;6;7;0;0;0;1;1;0;0;0;394727,791600000113249;5272584,239099999889731;7,599588415000028;47,598116726000057;1
206878;08230602235100133910;08;2;35;085;2023;06;06;6;3;4;1;0;0;1;0;0;0;0;0;482689,484000000171363;5395016,587999999523163;8,764704290000054;48,707941781000045;1
206879;08230602231302142240;08;2;31;000;2023;06;19;6;3;4;2;0;0;1;1;0;0;0;0;481378,476099999621511;5418120,829900000244379;8,745836014000076;48,915745691000041;1
206881;08230602226300179930;08;2;26;056;2023;06;11;6;3;5;5;0;0;1;0;0;0;0;1;485729,455000000074506;5471611,576999999582767;8,803325963000077;49,397027605000062;1
206883;08230602222700142530;08;2;22;000;2023;06;21;6;3;6;4;2;0;0;0;1;0;0;1;462572,171699999831617;5480698,575999999418855;8,483328013000062;49,477777926000044;1
206884;08230602222500194300;08;2;22;000;2023;06;18;6;3;5;3;0;0;1;1;0;0;0;0;461998,258600000292063;5479266,958699999377131;8,475543279000021;49,464865585000041;1
206888;08230602221400184670;08;2;21;000;2023;06;21;6;3;0;1;2;0;1;0;0;0;0;0;474701,110700000077486;5472019,037399999797344;8,651311710000073;49,400334216000033;1
206890;08230602215502135110;08;2;15;106;2023;06;14;6;3;5;3;0;0;1;1;0;0;0;0;466811,767599999904633;5454246,554500000551343;8,544056297000054;49,240094731000056;1
206892;08230602212702171200;08;2;15;108;2023;06;15;6;3;5;3;0;0;1;1;0;0;0;0;451345,051199999637902;5423820,341299999505281;8,335251137000057;48,965381630000081;1
206895;08230602212010139480;08;2;12;000;2023;06;22;6;3;6;7;2;0;0;1;1;1;0;0;461073,644199999980628;5427526,638399999588728;8,467806540000026;48,999410040000043;1
206896;08230602136300151080;08;1;36;042;2023;06;07;6;3;5;3;0;0;1;1;0;0;0;0;548470,095599999651313;5405203,706000000238419;9,660016231000043;48,797935752000058;1
206897;08230602136100136110;08;1;36;088;2023;06;16;6;3;0;1;0;0;1;0;0;0;0;0;578076,158599999733269;5408280,625499999150634;10,063687843000025;48,822597621000057;1
206898;08230602127100135530;08;1;27;076;2023;06;15;6;3;1;5;0;0;1;1;0;0;0;0;553419,393600000068545;5440866,226600000634789;9,732084990000033;49,118312832000072;1
206900;08230602121600141760;08;1;25;102;2023;06;17;6;3;5;3;0;0;1;1;0;0;0;0;521401,532499999739230;5443646,638199999928474;9,293454994000058;49,145271996000076;1
206902;08230602119300141500;08;1;19;067;2023;06;16;6;3;5;2;0;0;1;1;0;0;0;0;538254,017300000414252;5405495,537200000137091;9,520938112000067;48,801273526000045;1
206903;08230602119200167760;08;1;19;020;2023;06;23;6;3;0;7;2;0;1;0;0;0;0;0;519402,451000000350177;5410099,016100000590086;9,264442011000028;48,843559806000030;1
206904;08230602119200157440;08;1;19;020;2023;06;16;6;3;5;3;0;0;1;1;0;0;0;0;520416,011199999600649;5406938,893200000748038;9,278098607000061;48,815099530000055;1
206905;08230602118400135750;08;1;18;048;2023;06;14;6;3;2;6;0;0;1;1;0;0;0;0;515995,182599999941885;5417045,825300000607967;9,218275387000062;48,906148707000057;1
206906;08230602118200154060;08;1;18;067;2023;06;16;6;3;0;7;0;0;1;1;0;0;0;0;505438,837000000290573;5414104,339400000870228;9,074181203000023;48,879870432000075;1
206907;08230602118100150530;08;1;18;079;2023;06;20;6;3;5;3;0;0;1;1;0;0;0;0;507090,880699999630451;5421653,495500000193715;9,096844847000057;48,947763972000075;1
206908;08230602118000158470;08;1;18;010;2023;06;10;6;3;6;2;0;0;0;1;1;0;0;0;506825,968000000342727;5431992,438200000673532;9,093400473000031;49,040772087000050;1
206909;08230602116100141430;08;1;16;019;2023;06;18;6;3;0;7;0;0;1;0;0;0;0;0;524459,593200000002980;5398050,699799999594688;9,332649065000055;48,734996932000058;1
206910;08230602111330213390;08;1;11;000;2023;06;10;6;3;0;6;0;0;1;0;0;0;0;1;511658,128800000064075;5408457,516200000420213;9,158846117000053;48,828986915000030;1
206912;08230601437200149170;08;4;37;104;2023;06;19;5;2;6;4;0;0;0;1;1;0;0;0;516368,792999999597669;5326136,630999999120831;9,219809411000028;48,088289081000028;1
206913;08230601435200133670;08;4;35;059;2023;06;10;5;3;0;1;0;0;1;0;0;0;0;0;512590,988800000399351;5289902,817800000309944;9,168020063000029;47,762369671000044;1
206914;08230601426010139680;08;4;26;070;2023;06;17;5;3;5;3;0;0;1;1;0;0;0;0;565670,338000000454485;5342193,486999999731779;9,884286575000033;48,229561238000031;1
206916;08230601337100133880;08;3;37;076;2023;06;19;5;3;0;6;0;0;1;0;0;0;0;0;427544,357200000435114;5269035,486400000751019;8,036647427000048;47,570688853000036;1
206918;08230601335300133510;08;3;35;022;2023;06;06;5;3;2;6;0;0;1;1;0;0;0;0;483225,752000000327826;5300491,355000000447035;8,775747196000054;47,857543870000029;1
206919;08230601335200164830;08;3;35;063;2023;06;07;5;3;5;3;0;0;1;1;0;0;0;0;497954,674999999813735;5287449,847999999299645;8,972717702000068;47,740418621000060;1
206920;08230601335100173600;08;3;35;066;2023;06;14;5;3;0;1;0;0;1;0;0;0;0;0;503464,343399999663234;5283066,630300000309944;9,046175514000026;47,700974015000043;1
206921;08230601335100148480;08;3;35;043;2023;06;11;5;3;3;6;0;0;1;0;0;0;0;0;513329,897599999792874;5279065,865499999374151;9,177548839000053;47,664848305000078;1
206922;08230601326100133900;08;3;26;005;2023;06;14;5;3;5;3;0;0;1;1;0;0;0;0;464776,236999999731779;5298444,712999999523163;8,529270966000070;47,838383322000027;1
206923;08230601317600155610;08;3;17;041;2023;06;15;5;3;5;3;0;0;1;1;0;0;0;0;438084,512099999934435;5348160,867699999362230;8,165395471000068;48,283620497000072;1
206925;08230601317200148720;08;3;17;057;2023;06;13;5;2;1;5;0;0;1;1;0;0;0;0;412631,384700000286102;5380540,455700000748038;7,815609509000069;48,571860651000065;1
206927;08230605211100139920;08;2;11;000;2023;06;16;2;3;5;3;0;0;1;1;0;0;0;0;440144,528599999845028;5403464,941099999472499;8,185217467000030;48,781303577000074;1
206928;08230601311400152700;08;3;15;074;2023;06;18;5;3;5;3;0;0;1;1;0;0;0;0;395839,098399999551475;5296429,985700000077486;7,608670095000036;47,812788854000075;1
206929;08230601235100148990;08;2;35;079;2023;06;15;5;3;4;2;0;0;1;1;0;0;0;0;471085,351999999955297;5399055,092000000178814;8,606693335000045;48,743841429000042;1
206930;08230601222301150780;08;2;22;000;2023;06;12;5;3;7;5;0;0;1;1;0;0;0;0;467104,327399999834597;5482023,116499999538064;8,545779692000053;49,489954129000068;1
206932;08230601221200152320;08;2;21;000;2023;06;17;5;3;5;3;0;0;1;1;0;0;0;0;478252,930100000463426;5473009,714800000190735;8,700210541000047;49,409382483000059;1
206933;08230601221011134170;08;2;21;000;2023;06;16;5;2;0;3;0;0;1;0;0;1;0;0;473923,250000000000000;5472719,817700000479817;8,640544858000055;49,406604772000037;1
206935;08230601216100133500;08;2;16;043;2023;06;08;5;3;5;3;0;0;1;0;0;0;0;0;441446,598399999551475;5412059,529500000178814;8,201713276000021;48,858736050000061;1
206936;08230601215402134450;08;2;15;009;2023;06;16;5;3;6;2;0;0;0;1;1;0;0;0;471068,895200000144541;5441094,721000000834465;8,603485887000033;49,122008470000026;1
206938;08230601212102183750;08;2;12;000;2023;06;15;5;3;5;3;0;0;1;0;0;0;0;0;460296,254099999554455;5426455,540999999269843;8,457283385000039;48,989725772000043;1
206940;08230601211000144570;08;2;16;015;2023;06;15;5;3;5;3;0;0;1;1;0;0;0;0;448904,856499999761581;5406916,042500000447035;8,304028115000051;48,813128450000079;1
206943;08230613212010154700;08;2;12;000;2023;06;07;3;3;5;2;0;0;1;1;0;0;0;0;456006,284099999815226;5428252,961999999359250;8,398451675000047;49,005603067000038;1
206945;08230601119300134670;08;1;19;067;2023;06;15;5;3;6;6;0;0;0;0;1;0;0;1;538992,402800000272691;5405607,393300000578165;9,531003522000049;48,802233852000029;1
206946;08230601119200146950;08;1;19;020;2023;06;19;5;3;4;6;0;0;1;0;0;0;0;0;519096,375000000000000;5409446,385900000110269;9,260240035000038;48,837698385000067;1
206947;08230601119200140650;08;1;19;020;2023;06;20;5;3;5;2;0;0;1;1;0;0;0;0;520103,133999999612570;5408216,096400000154972;9,273899369000048;48,826599190000081;1
206950;08230601119100134730;08;1;19;006;2023;06;16;5;3;4;3;0;0;1;1;0;0;0;0;537929,338100000284612;5420512,289000000804663;9,517909131000067;48,936375940000062;1
206953;08230601118200133730;08;1;18;080;2023;06;15;5;3;0;7;0;0;0;1;1;0;0;0;507775,933400000445545;5410862,230799999088049;9,105995588000042;48,850680120000050;1
206954;08230601116200146880;08;1;16;080;2023;06;21;5;3;5;3;0;0;1;1;0;0;0;0;519600,181900000199676;5396989,666999999433756;9,266511741000045;48,725623768000048;1
206955;08230601116100137850;08;1;16;058;2023;06;10;5;3;0;1;0;0;1;0;0;0;0;0;533775,262000000104308;5395404,381999999284744;9,459121232000030;48,710755924000068;1
206956;08230601115200140040;08;1;15;021;2023;06;07;5;3;5;3;0;0;1;1;0;0;0;0;490653,375000000000000;5382188,960000000894070;8,873243817000059;48,592712820000031;1
206957;08230601115100134440;08;1;15;003;2023;06;16;5;3;2;6;0;0;1;1;0;0;0;0;499898,362700000405312;5391545,396700000390410;8,998619328000075;48,676954848000037;1
206963;08230601111120133690;08;1;11;000;2023;06;23;5;2;0;7;2;0;1;0;0;0;0;0;513153,404500000178814;5401942,510800000280142;9,179011001000049;48,770348793000039;1
206964;08230531436400111610;08;4;36;082;2023;05;08;4;2;0;7;0;0;1;0;0;0;0;0;548175,755599999800324;5295715,643899999558926;9,643505636000043;47,812990028000058;1
206966;08230531426100105510;08;4;26;021;2023;05;10;4;3;0;3;0;0;1;1;0;0;0;0;560140,315999999642372;5327547,700999999418855;9,807758468000031;48,098355852000054;1
206968;08230531421200105230;08;4;21;000;2023;05;15;4;3;5;3;0;0;1;1;0;0;0;0;572885,247100000269711;5364457,660000000149012;9,985275866000052;48,429046937000066;1
206969;08230531417200566750;08;4;17;002;2023;05;18;4;3;0;1;0;0;1;0;0;0;0;0;489746,122899999842048;5347030,686200000345707;8,861800447000064;48,276397998000050;1
206971;08230531417010103740;08;4;17;079;2023;05;17;4;2;5;3;0;0;1;1;0;0;0;0;499692,550999999977648;5339627,095899999141693;8,995861639000054;48,209872306000079;1
206974;08230531415400102180;08;4;15;061;2023;05;16;4;3;0;7;0;0;1;0;0;0;0;0;516496,098199999891222;5372561,072799999266863;9,223333167000021;48,505950349000045;1
206975;08230531337101115350;08;3;37;097;2023;05;09;4;2;7;1;0;0;1;0;0;0;0;0;433658,607099999673665;5291056,065999999642372;8,114585874000056;47,769453891000069;1
206976;08230531337010100590;08;3;37;126;2023;05;16;4;3;0;7;0;0;1;0;0;0;0;0;440464,172600000165403;5274679,796800000593066;8,207641066000065;47,622784553000031;1
206977;08230531335300115580;08;3;35;022;2023;05;17;4;3;1;5;0;0;1;1;0;0;0;0;482096,651999999769032;5300435,154899999499321;8,760654859000056;47,857007744000043;1
206978;08230531335100114080;08;3;35;043;2023;05;15;4;2;0;1;0;0;1;0;0;0;0;0;512721,366100000217557;5284787,924399999901652;9,169610332000047;47,716345560000036;1
206981;08230531317200101220;08;3;17;141;2023;05;21;4;3;6;3;1;0;0;1;1;0;0;0;418150,920900000259280;5377224,874700000509620;7,891070662000061;48,542783520000057;1
206982;08230531316200101660;08;3;16;009;2023;05;12;4;3;5;3;0;0;1;1;0;0;0;0;416019,434600000269711;5324419,555400000885129;7,872707865000052;48,067520683000055;1
206983;08230531311300244560;08;3;15;084;2023;05;19;4;3;0;7;0;0;1;0;0;0;0;0;422245,782499999739230;5308990,934499999508262;7,959066701000040;47,929518975000065;1
206984;08230606111500140640;08;1;11;000;2023;06;06;3;3;0;3;0;0;1;1;0;0;0;0;515952,177000000141561;5405107,519899999722838;9,217223423000064;48,798755412000048;1
206985;08230531311300126450;08;3;11;000;2023;05;22;4;3;1;1;2;0;1;1;0;0;0;0;404286,393299999646842;5315198,182399999350309;7,717310707000024;47,982922590000044;1
206986;08230531311300123800;08;3;11;000;2023;05;17;4;3;0;2;0;0;1;0;0;0;0;1;414336,574900000356138;5315273,997600000351667;7,851951707000069;47,985029511000050;1
206987;08230531311010122350;08;3;11;000;2023;05;17;4;3;5;2;0;0;1;0;0;0;0;1;414222,733799999579787;5319345,368799999356270;7,849612219000051;48,021637733000034;1