OID_;UIDENTSTLAE;ULAND;UREGBEZ;UKREIS;UGEMEINDE;UJAHR;UMONAT;USTUNDE;UWOCHENTAG;UKATEGORIE;UART;UTYP1;ULICHTVERH;IstStrassenzustand;IstRad;IstPKW;IstFuss;IstKrad;IstGkfz;IstSonstige;LINREFX;LINREFY;XGCSWGS84;YGCSWGS84;PLST
206988;08230531311010114690;08;3;11;000;2023;05;20;4;3;0;6;0;0;1;1;0;0;0;0;414527,452600000426173;5315359,936799999326468;7,854492184000037;47,985828105000053;1
206989;08230531237100102270;08;2;37;028;2023;05;17;4;2;0;7;0;0;1;0;0;0;0;0;455263,443900000303984;5368670,995200000703335;8,394763916000045;48,469578877000060;1
206991;08230531231000125000;08;2;31;000;2023;05;17;4;3;6;7;0;0;1;0;1;0;0;0;478011,419700000435114;5415285,915699999779463;8,700032547000035;48,890133378000030;1
206993;08230531226700113580;08;2;26;076;2023;05;15;4;3;8;7;0;0;1;0;0;0;0;0;475269,706899999640882;5464547,062999999150634;8,659612684000024;49,333148046000076;1
206994;08230531225200122720;08;2;25;014;2023;05;19;4;3;5;3;0;0;1;1;0;0;0;0;523462,467299999669194;5484135,483100000768900;9,324095599000032;49,509392303000027;1
206995;08230531225100114750;08;2;25;118;2023;05;11;4;3;8;1;0;0;1;0;0;0;0;0;505957,463600000366569;5480178,493100000545382;9,082233614000074;49,474224492000076;1
206997;08230531212702116880;08;2;15;017;2023;05;16;4;3;7;7;0;0;1;0;0;0;0;0;456812,197999999858439;5421618,075099999085069;8,410175298000070;48,945978009000044;1
206998;08230531212402105400;08;2;12;000;2023;05;17;4;3;0;7;0;0;1;0;0;0;0;0;455786,340200000442564;5426417,812300000339746;8,395644190000041;48,989079958000048;1
206999;08230531212010107260;08;2;12;000;2023;05;09;4;3;6;7;0;0;1;0;1;0;0;0;460752,390499999746680;5427654,867100000381470;8,463402233000068;49,000543144000062;1
207000;08230531211000121320;08;2;16;015;2023;05;10;4;3;3;2;0;0;1;1;0;0;0;0;449877,078399999998510;5406137,354299999773502;8,317364945000065;48,806203124000035;1
207001;08230531136100115640;08;1;36;088;2023;05;16;4;3;0;7;0;0;1;0;0;0;0;0;579984,968000000342727;5410906,299000000581145;10,090200431000028;48,845970717000057;1
207002;08230531135200122440;08;1;35;025;2023;05;16;4;3;0;1;0;0;1;0;0;0;0;0;581286,672699999995530;5399407,850299999117851;10,105664089000072;48,742381574000035;1
207003;08230531135010125690;08;1;35;010;2023;05;17;4;2;0;7;0;0;1;0;0;0;0;0;600018,820600000210106;5395017,119200000539422;10,359326794000026;48,700167479000072;1
207008;08230531118000120800;08;1;15;024;2023;05;15;4;2;3;6;0;0;1;0;0;0;0;1;501276,039900000207126;5386442,728599999099970;9,017318382000042;48,631049139000027;1
207010;08230531117300128070;08;1;17;026;2023;05;15;4;3;5;3;0;0;1;1;0;0;0;0;547820,139499999582767;5394469,184000000357628;9,649919833000070;48,701424462000034;1
207011;08230531117200116710;08;1;17;006;2023;05;17;4;3;8;2;0;0;1;1;0;0;0;0;550315,929999999701977;5381184,315999999642372;9,682223856000064;48,581723590000081;1
207014;08230531116010124560;08;1;16;078;2023;05;14;4;3;0;7;0;0;1;0;0;0;0;1;510539,489799999631941;5394475,806399999186397;9,143246139000041;48,703228075000027;1
207016;08230531115400122830;08;1;15;045;2023;05;17;4;3;5;3;0;0;1;1;0;0;0;0;501372,805200000293553;5394640,915999999269843;9,018658887000072;48,704800951000038;1
207017;08230531115400105710;08;1;15;045;2023;05;17;4;3;0;7;0;0;1;0;0;0;0;0;501878,968999999575317;5394330,828900000080466;9,025537149000058;48,702010062000056;1
207022;08230531111500136430;08;1;11;000;2023;05;06;4;3;5;3;0;0;1;1;0;0;0;0;515450,188500000163913;5406162,998600000515580;9,210427531000050;48,808263033000060;1
207024;08230530426010105770;08;4;21;000;2023;05;13;3;3;6;4;0;0;0;1;1;0;0;0;573659,178700000047684;5361749,963800000026822;9,995260818000077;48,404600697000035;1
207025;08230530417100101300;08;4;17;079;2023;05;19;3;3;8;1;0;0;1;0;0;0;0;0;501496,520399999804795;5346011,732499999925494;9,020166203000031;48,267311987000028;1
207026;08230530416200128370;08;4;16;041;2023;05;10;3;3;1;6;0;0;1;1;0;0;0;0;504299,053100000135601;5374282,057600000873208;9,058220874000028;48,521634904000052;1
207028;08230530337200120980;08;3;37;022;2023;05;22;3;2;6;4;2;0;0;1;1;0;0;0;450553,018699999898672;5296182,140300000086427;8,339461943000060;47,817090602000064;1
207029;08230530336400454900;08;3;36;019;2023;05;23;3;3;0;7;2;0;1;0;0;0;0;1;394915,708300000056624;5275461,120100000873208;7,601397554000073;47,624025094000046;1
207030;08230613121600156330;08;1;25;046;2023;06;10;3;3;0;7;0;0;1;0;0;0;0;0;520992,470700000412762;5433832,868000000715256;9,287335982000059;49,057007870000064;1
207033;08230530317600125800;08;3;17;040;2023;05;15;3;3;1;1;0;0;1;1;0;0;0;0;433051,667999999597669;5347523,147900000214577;8,097663511000064;48,277371491000054;1
207035;08230530311010121170;08;3;11;000;2023;05;12;3;2;1;5;0;0;1;1;0;0;0;0;414840,668499999679625;5316924,940700000151992;7,858378544000061;47,999947739000049;1
207037;08230530311010100930;08;3;11;000;2023;05;12;3;3;6;4;0;0;0;1;1;0;0;0;414744,156499999575317;5315688,093399999663234;7,857330700000034;47,988808934000076;1
207038;08230530311010098460;08;3;11;000;2023;05;21;3;3;5;3;0;0;1;1;0;0;0;0;415069,953800000250340;5317706,440300000831485;7,861296918000050;48,007008146000032;1
207040;08230530226700120890;08;2;26;076;2023;05;12;3;3;1;5;0;0;1;0;0;0;1;0;475762,371700000017881;5465377,837099999189377;8,666343080000047;49,340640577000045;1
207042;08230530222500101540;08;2;22;000;2023;05;11;3;3;6;4;0;0;0;1;1;0;0;0;463321,554899999871850;5478253,474600000306964;8,493899033000048;49,455831120000028;1
207043;08230530222200117550;08;2;22;000;2023;05;11;3;3;6;7;0;0;0;0;1;0;0;1;461705,759399999864399;5480150,005499999970198;8,471421268000029;49,472789776000070;1
207044;08230601118300133870;08;1;18;046;2023;06;15;5;3;0;7;0;0;1;0;0;0;0;0;513623,850999999791384;5412125,450999999418855;9,185751632000063;48,861942951000060;1
207046;08230530215302109260;08;2;15;040;2023;05;19;3;3;6;7;0;0;0;1;1;0;0;0;488381,723600000143051;5436129,027200000360608;8,840907333000075;49,077911028000074;1
207047;08230530212702363380;08;2;15;017;2023;05;14;3;3;5;3;0;0;1;1;0;0;0;0;456603,894000000320375;5421604,476999999955297;8,407332055000040;48,945841110000060;1
207048;08230530136300111880;08;1;36;065;2023;05;10;3;2;0;7;0;0;1;0;0;0;0;0;558596,021700000390410;5405535,347899999469519;9,797935300000063;48,800046950000080;1
207049;08230530135100119630;08;1;35;031;2023;05;20;3;2;0;7;0;0;1;0;0;0;0;0;594530,889000000432134;5379064,019500000402331;10,281124211000076;48,557542002000048;1
207050;08230610311010147970;08;3;11;000;2023;06;21;7;3;3;6;1;0;1;1;0;0;0;0;412985,235199999995530;5316396,961699999868870;7,833617486000037;47,994948535000049;1
207052;08230530127100122630;08;1;27;076;2023;05;16;3;3;5;3;0;0;1;1;0;0;0;0;557904,363800000399351;5440052,669800000265241;9,793426511000064;49,110589146000052;1
207054;08230530121500097940;08;1;25;065;2023;05;06;3;3;5;2;1;0;1;1;0;0;0;0;516997,514000000432134;5449419,351999999955297;9,233312156000068;49,197336814000039;1
207055;08230530121300098390;08;1;21;000;2023;05;20;3;3;0;7;0;0;1;0;0;0;0;0;514331,375000000000000;5444640,222999999299645;9,196546023000053;49,154415300000039;1
207057;08230530118100110640;08;1;18;007;2023;05;06;3;2;5;3;0;0;1;1;0;0;0;0;510782,648099999874830;5427028,132099999114871;9,147408079000058;48,996058869000080;1
207058;08230530116010116550;08;1;16;071;2023;05;17;3;3;5;3;0;0;1;1;0;0;0;0;528074,174200000241399;5391317,371200000867248;9,381348179000042;48,674272326000050;1
207059;08230530115100114850;08;1;15;003;2023;05;16;3;3;0;7;0;0;1;0;1;0;0;0;500678,167100000195205;5392504,535099999979138;9,009214001000032;48,685583008000037;1
207060;08230530115100113510;08;1;15;003;2023;05;12;3;3;4;2;0;0;1;1;0;0;0;0;501213,231900000013411;5392532,895999999716878;9,016483807000043;48,685837335000031;1
207063;08230529435100112050;08;4;35;042;2023;05;14;2;3;0;1;0;0;1;0;0;0;0;0;552220,967500000260770;5276407,164599999785423;9,695219877000056;47,638956938000035;1
207064;08230529426300095790;08;4;26;097;2023;05;15;2;2;8;1;0;0;1;0;0;0;0;0;536800,243099999614060;5333793,778799999505281;9,494828015000053;48,156325521000042;1
207066;08230529415400111800;08;4;15;061;2023;05;17;2;3;5;3;0;0;1;0;0;0;0;0;516627,197700000368059;5370942,270500000566244;9,225043579000044;48,491383607000046;1
207067;08230529415400095630;08;4;15;080;2023;05;12;2;3;4;6;0;0;1;0;0;0;0;0;511174,529500000178814;5373429,691700000315905;9,151310457000022;48,513881984000079;1
207070;08230529335100095810;08;3;35;043;2023;05;16;2;3;0;1;0;0;1;0;0;0;0;0;513094,866499999538064;5279220,476999999955297;9,174422970000023;47,666244250000034;1
207071;08230613311010156420;08;3;11;000;2023;06;10;3;3;0;1;0;0;1;0;0;0;0;0;411790,264100000262260;5317142,111600000411272;7,817449915000054;48,001487618000056;1
207072;08230529317300093270;08;3;17;127;2023;05;13;2;2;9;1;0;0;1;0;0;0;0;0;421974,312699999660254;5349871,980299999937415;7,947952165000061;48,297231471000032;1
207073;08230529316100121370;08;3;16;011;2023;05;14;2;3;4;6;0;0;1;0;0;0;0;0;413753,581399999558926;5330529,239000000059605;7,841064586000073;48,122176101000036;1
207075;08230529311100120480;08;3;15;030;2023;05;14;2;3;5;2;0;0;1;1;0;0;0;0;406778,375900000333786;5327507,470399999991059;7,748018105000028;48,094012426000063;1
207076;08230529311100119920;08;3;15;015;2023;05;21;2;3;1;5;2;0;1;1;0;0;0;0;394537,245699999853969;5321440,029100000858307;7,585163406000049;48,037531399000045;1
207077;08230529311010227960;08;3;36;050;2023;05;21;2;2;6;6;0;0;1;0;1;0;0;0;399359,599700000137091;5274368,393500000238419;7,660776858000077;47,614901402000044;1
207078;08230609421300173400;08;4;21;000;2023;06;16;6;3;0;3;0;0;1;0;0;0;0;1;572028,068099999800324;5361973,849199999123812;9,973263511000027;48,406803112000034;1
207079;08230529231402117900;08;2;31;000;2023;05;11;2;3;0;7;0;0;1;0;0;0;0;0;475633,334599999710917;5414591,206900000572205;8,667632755000056;48,883795077000059;1
207080;08230529226200120030;08;2;26;059;2023;05;12;2;3;1;5;0;0;1;1;0;0;0;0;465238,842000000178814;5460103,354000000283122;8,521939329000077;49,292688673000043;1
207081;08230529221300108640;08;2;21;000;2023;05;09;2;3;4;6;0;0;1;0;0;0;0;0;476530,864400000311434;5473573,071399999782443;8,676438462000021;49,414385796000033;1
207085;08230529121500107030;08;1;25;063;2023;05;11;2;3;0;1;0;0;1;0;0;0;0;0;526701,849000000394881;5462544,378000000491738;9,367389164000031;49,315050947000032;1
207087;08230529118010191270;08;1;18;079;2023;05;16;2;2;6;6;0;0;1;0;1;0;0;0;508836,575100000016391;5422851,559100000187755;9,120712899000068;48,958518877000074;1
207088;08230529111500143370;08;1;11;000;2023;05;17;2;3;6;4;0;0;0;1;1;0;0;0;515318,796500000171363;5406717,163300000131130;9,208658703000026;48,813251471000058;1
207089;08230529111320094330;08;1;11;000;2023;05;20;2;3;3;6;0;0;1;0;0;0;0;0;517231,454400000162423;5409781,598899999633431;9,234839752000028;48,840768457000081;1
207090;08230528437200091580;08;4;37;005;2023;05;10;1;3;3;6;0;0;1;0;0;0;0;0;507851,663900000043213;5326570,765300000086427;9,105444878000071;48,092356856000038;1
207092;08230528435200094610;08;4;35;036;2023;05;13;1;3;6;6;0;0;1;0;1;0;0;0;520267,815999999642372;5282246,606000000610948;9,270105898000054;47,693287103000046;1
207094;08230612317100202820;08;3;17;001;2023;06;12;2;3;6;2;0;0;0;1;1;0;0;0;431292,304299999959767;5386578,502900000661612;8,067542713000023;48,628497261000064;1
207095;08230528426300119840;08;4;26;020;2023;05;18;1;3;4;6;0;0;1;1;0;0;0;0;542546,156999999657273;5330701,441999999806285;9,571776666000062;48,128146707000042;1
207096;08230528426300119830;08;4;26;097;2023;05;12;1;3;0;1;0;0;1;0;0;0;0;0;537689,224999999627471;5338824,394999999552965;9,507227335000039;48,201531647000081;1
207098;08230528426010118200;08;4;21;000;2023;05;12;1;3;0;1;0;0;1;0;0;0;0;0;573778,543800000101328;5360981,914100000634789;9,996738392000054;48,397677981000072;1
207100;08230528415400127780;08;4;15;061;2023;05;13;1;3;0;1;0;0;1;0;0;0;0;0;514389,943599999882281;5369687,226099999621511;9,194720060000066;48,480147979000037;1
207101;08230528415100350940;08;4;15;050;2023;05;16;1;3;8;1;0;0;1;0;0;0;0;0;522470,194899999536574;5374788,282600000500679;9,304332696000074;48,525801555000044;1
207102;08230528415100115990;08;4;15;039;2023;05;19;1;3;9;1;0;0;1;0;0;0;0;0;530239,397900000214577;5374616,087099999189377;9,409542598000030;48,523926215000074;1
207104;08230528335100113930;08;3;35;043;2023;05;00;1;3;8;1;2;0;1;0;0;0;0;0;511982,046400000341237;5281320,495500000193715;9,159657952000032;47,685161085000061;1
207106;08230528326200124470;08;3;26;003;2023;05;14;1;3;4;6;0;0;1;0;0;0;0;0;465241,945000000298023;5320432,521199999377131;8,533719115000054;48,036232734000066;1
207107;08230528326200092490;08;3;26;074;2023;05;12;1;3;5;3;0;0;1;1;0;0;0;0;466232,612499999813735;5323053,103000000119209;8,546801727000059;48,059862830000043;1
207109;08230528325202092270;08;3;25;049;2023;05;17;1;3;8;1;0;0;1;0;0;0;0;0;471935,166899999603629;5335017,291600000113249;8,622547341000029;48,167778775000045;1
207110;08230528317100112890;08;3;17;001;2023;05;11;1;3;7;7;0;0;1;0;0;0;0;1;431351,487599999643862;5386690,609999999403954;8,068327235000027;48,629512165000051;1
207112;08230528311400089270;08;3;15;006;2023;05;00;1;3;4;6;2;0;1;0;0;1;0;0;402666,801400000229478;5307902,486199999228120;7,697262384000055;47,917053887000066;1
207113;08230528311100109410;08;3;15;015;2023;05;16;1;2;0;7;0;0;1;0;0;0;0;0;393630,536799999885261;5321848,830099999904633;7,572901772000023;48,041057872000067;1
207114;08230528311010128170;08;3;11;000;2023;05;14;1;3;0;6;0;0;1;1;0;0;0;0;402656,334900000132620;5317541,358200000599027;7,694940148000057;48,003753147000054;1
207115;08230528311010116460;08;3;11;000;2023;05;21;1;2;0;7;2;0;1;0;0;0;0;0;415655,219200000166893;5316075,529899999499321;7,869462913000064;47,992414907000068;1
207116;08230530215402099650;08;2;15;009;2023;05;12;3;3;5;3;0;0;1;1;0;0;0;0;470298,871199999935925;5442917,292799999937415;8,592798384000048;49,138366114000064;1
207117;08230528311010095170;08;3;36;050;2023;05;15;1;3;1;5;0;0;1;1;0;0;0;0;398954,701799999922514;5272267,134700000286102;7,655874793000066;47,595936869000070;1
207118;08230528311010091520;08;3;11;000;2023;05;21;1;3;0;7;2;0;1;0;0;0;0;0;417245,743900000117719;5315833,397900000214577;7,890824427000041;47,990444627000045;1
207119;08230528231000095160;08;2;31;000;2023;05;16;1;3;0;7;0;0;1;0;0;0;0;0;477765,721699999645352;5414258,337899999693036;8,696736692000059;48,880880860000048;1
207120;08230528226200119200;08;2;26;032;2023;05;12;1;3;0;7;0;0;1;0;0;0;0;0;468258,387099999934435;5463556,735400000587106;8,563190442000064;49,323915729000078;1
207122;08230528225100094730;08;2;25;113;2023;05;17;1;3;0;1;0;0;1;0;0;0;0;0;502664,528400000184774;5473928,813899999484420;9,036737701000050;49,418032534000076;1
207123;08230528222301127840;08;2;22;000;2023;05;20;1;3;6;7;0;0;0;1;1;0;0;0;465989,314899999648333;5484473,998199999332428;8,530173228000024;49,511937183000043;1
207124;08230528221011113850;08;2;21;000;2023;05;20;1;3;6;7;1;0;0;1;1;0;0;0;480744,815000000409782;5470542,914300000295043;8,734681019000050;49,387277825000069;1
207126;08230528212010093870;08;2;12;000;2023;05;14;1;2;0;7;0;0;1;0;0;0;0;0;456774,143699999898672;5427789,160099999979138;8,408999789000063;49,001485365000065;1
207128;08230528119300247260;08;1;19;090;2023;05;17;1;3;4;6;0;0;1;0;0;0;0;0;531978,169300000183284;5406181,806600000709295;9,435530737000022;48,807801521000044;1
207130;08230528118500118790;08;1;18;054;2023;05;21;1;3;0;1;1;0;1;0;0;0;0;0;519060,754999999888241;5423357,928999999538064;9,260403917000076;48,962843271000054;1
207131;08230528118300091640;08;1;18;046;2023;05;08;1;3;7;7;0;0;1;0;0;0;0;0;512896,330599999986589;5413370,727900000289083;9,175871706000066;48,873160743000028;1
207132;08230528116200094200;08;1;16;078;2023;05;15;1;3;0;1;0;0;1;0;0;0;0;0;509486,247600000351667;5394504,310300000011921;9,128931826000041;48,703501406000044;1
207133;08230528116010119290;08;1;16;008;2023;05;11;1;2;3;6;0;0;1;0;0;1;0;0;520519,120799999684095;5380269,741699999198318;9,278178169000057;48,575180765000027;1
207134;08230528111500145720;08;1;11;000;2023;05;19;1;3;6;4;1;0;0;0;1;0;0;1;513252,107499999925494;5403102,971999999135733;9,180391689000032;48,780786120000073;1
207135;08230528111500141720;08;1;11;000;2023;05;13;1;3;5;2;0;0;1;1;0;0;0;0;508123,774799999780953;5406635,190600000321865;9,110653319000050;48,812649787000055;1
207136;08230528111500132900;08;1;11;000;2023;05;15;1;3;6;7;0;0;0;1;1;0;0;0;515487,507199999876320;5406582,943099999800324;9,210951645000023;48,812039863000052;1
207137;08230527436500091740;08;4;36;010;2023;05;15;7;3;8;1;0;0;1;0;0;0;0;0;566772,303500000387430;5306644,718299999833107;9,893569577000051;47,909650314000032;1
207138;08230527436500088590;08;4;36;081;2023;05;18;7;2;0;1;0;0;1;0;0;0;0;0;556831,640499999746680;5276018,733200000599027;9,756546208000032;47,635073867000074;1
207139;08230527435100106290;08;4;35;057;2023;05;12;7;3;0;1;0;0;1;0;0;0;0;0;550483,754800000227988;5274784,339900000020862;9,671906778000050;47,624493956000038;1
207141;08230527435100088060;08;4;35;016;2023;05;16;7;3;0;1;0;0;1;0;0;0;0;0;536865,069600000046194;5279030,315600000321865;9,491016715000058;47,663615154000070;1
207145;08230527417300090020;08;4;17;031;2023;05;19;7;3;2;6;0;0;1;0;0;0;0;0;502061,743400000035763;5354340,294999999925494;9,027823500000068;48,342240034000042;1
207146;08230527417200104470;08;4;17;002;2023;05;16;7;3;0;1;0;0;1;0;0;0;0;0;488373,938900000415742;5347709,251900000497699;8,843287843000041;48,282479148000050;1
207148;08230601237100138850;08;2;37;028;2023;06;10;5;3;6;4;0;0;0;1;1;0;0;0;456403,102199999615550;5368492,622999999672174;8,410199965000061;48,468054289000065;1
207150;08230527335100116410;08;3;35;043;2023;05;17;7;3;5;3;0;0;1;1;0;0;0;0;513384,649199999868870;5284825,830499999225140;9,178454817000045;47,716673212000046;1
207151;08230527335010116420;08;3;35;063;2023;05;16;7;3;0;1;0;0;1;0;0;0;0;0;500350,830299999564886;5287503,089299999177456;9,004679718000034;47,740900812000064;1
207152;08230527326400107620;08;3;26;074;2023;05;15;7;3;0;1;0;0;1;0;0;0;0;0;458448,839499999769032;5323879,957800000905991;8,442258580000043;48,066842242000064;1
207153;08230605222700180370;08;2;22;000;2023;06;14;2;3;0;7;0;0;1;0;0;0;0;0;463302,391099999658763;5480499,391499999910593;8,493426378000038;49,476030942000079;1
207154;08230527317300111840;08;3;17;065;2023;05;16;7;3;5;3;0;0;1;1;0;0;0;0;415106,613499999977648;5354663,867599999532104;7,854406255000072;48,339449719000072;1
207155;08230527311400089260;08;3;15;006;2023;05;20;7;2;0;1;0;0;1;0;0;0;0;0;402363,234699999913573;5307558,634700000286102;7,693278335000059;47,913914792000071;1
207156;08230527311010118140;08;3;11;000;2023;05;09;7;2;1;5;0;0;1;1;0;0;0;0;413550,231399999931455;5316964,850899999961257;7,841074912000067;48,000133539000046;1
207157;08230527311010105060;08;3;15;028;2023;05;19;7;3;0;7;0;0;1;0;0;0;0;0;408418,361200000159442;5312313,028000000864267;7,773285968000039;47,957575084000041;1
207159;08230605116100173590;08;1;16;058;2023;06;08;2;3;6;2;0;0;0;1;1;0;0;0;534162,775899999774992;5395259,451999999582767;9,464376693000077;48,709431056000028;1
207160;08230527231302103640;08;2;31;000;2023;05;16;7;3;7;7;0;0;1;0;0;0;0;0;478641,577499999664724;5415866,112900000065565;8,708598689000041;48,895374680000032;1
207161;08230608121200168300;08;1;21;000;2023;06;21;5;3;8;7;1;0;1;0;0;0;0;0;517801,683400000445545;5442993,711300000548363;9,244066010000040;49,139513611000041;1
207165;08230527222014100970;08;2;22;000;2023;05;23;7;3;6;1;2;0;0;1;1;0;0;0;461609,549399999901652;5481451,797800000756979;8,469966976000023;49,484492648000071;1
207166;08230527221200088080;08;2;21;000;2023;05;11;7;3;5;3;0;0;1;1;0;0;0;0;477782,719800000078976;5472941,394500000402331;8,693732480000051;49,408750966000071;1
207167;08230527216100126360;08;2;16;012;2023;05;21;7;3;8;1;1;0;1;0;0;0;0;0;442251,552099999971688;5419798,411000000312924;8,211592611000071;48,928422216000058;1
207169;08230527212700105470;08;2;15;046;2023;05;21;7;3;0;7;1;0;1;0;0;0;0;0;450834,245000000111759;5414141,524700000882149;8,329439337000053;48,878279078000048;1
207170;08230527212010116730;08;2;15;101;2023;05;18;7;2;0;7;0;0;1;0;0;0;0;0;466979,932900000363588;5426578,591299999505281;8,548630352000032;48,991226223000069;1
207171;08230527212010091150;08;2;12;000;2023;05;15;7;3;0;5;0;0;1;1;0;0;0;0;458179,825400000438094;5429080,203099999576807;8,428084791000060;49,013195337000070;1
207172;08230527121500114170;08;1;25;065;2023;05;19;7;3;6;4;0;0;0;1;1;0;0;0;516438,042600000277162;5449161,124500000849366;9,225622209000051;49,195029254000076;1
207173;08230527119100088640;08;1;19;008;2023;05;11;7;3;2;6;0;0;1;1;0;0;0;0;532689,610000000335276;5420319,823999999091029;9,446349869000073;48,934943686000054;1
207175;08230527118100114060;08;1;18;015;2023;05;18;7;3;5;3;0;0;1;1;0;0;0;0;507414,408200000412762;5429484,568800000473857;9,101406295000061;49,018205609000063;1
207176;08230527118000104060;08;1;18;079;2023;05;15;7;2;8;7;0;0;1;0;0;0;0;0;507265,031700000166893;5423649,773700000718236;9,099258962000022;48,965719813000078;1
207178;08230527116500104920;08;1;16;035;2023;05;09;7;3;5;3;0;0;1;1;0;0;0;0;526756,270800000056624;5391633,197599999606609;9,363467138000033;48,677171351000027;1
207180;08230527115300118740;08;1;15;028;2023;05;18;7;3;0;7;0;0;1;0;0;0;0;0;500938,751199999824166;5404806,783399999141693;9,012782490000063;48,796253975000070;1
207182;08230527111500088260;08;1;11;000;2023;05;13;7;3;6;4;0;0;0;1;1;0;0;0;516209,020299999974668;5404858,591299999505281;9,220711050000034;48,796509439000033;1
207184;08230526436200115270;08;4;36;064;2023;05;05;6;3;5;3;0;0;1;1;0;0;0;0;545866,058100000023842;5292689,313400000333786;9,612335781000070;47,785930961000076;1
207185;08230526435200088630;08;4;35;059;2023;05;16;6;3;0;1;0;0;1;0;0;0;0;0;512718,576799999922514;5289920,902300000190735;9,169723178000027;47,762529882000081;1
207186;08230526435100104100;08;4;35;057;2023;05;12;6;3;0;7;0;0;1;0;0;0;0;0;544381,523400000296533;5280117,091700000688434;9,591235962000042;47,672921030000055;1
207187;08230526435100096670;08;4;35;057;2023;05;16;6;3;0;1;0;0;1;0;0;0;0;0;548273,932199999690056;5281198,446399999782443;9,643205674000058;47,682371219000061;1
207188;08230526435100085940;08;4;35;029;2023;05;10;6;3;4;2;0;0;1;1;0;0;0;0;544477,531299999915063;5271731,013199999928474;9,591662507000024;47,597462530000030;1
207191;08230526425000100160;08;4;25;017;2023;05;16;6;3;3;2;0;0;1;0;0;1;0;0;556951,378200000151992;5366889,665799999609590;9,770232739000051;48,452567085000055;1
207192;08230526417300116790;08;4;17;051;2023;05;16;6;2;2;7;0;0;1;1;0;0;0;0;491867,599399999715388;5358668,163300000131130;8,890168603000063;48,381127154000069;1
207194;08230526417200100960;08;4;17;002;2023;05;10;6;3;0;7;0;0;1;0;0;0;0;0;489358,077300000004470;5347471,450600000098348;8,856559369000024;48,280357028000026;1
207195;08230526417010115950;08;4;17;010;2023;05;12;6;3;6;4;0;0;0;1;1;0;0;0;506191,591000000014901;5343199,531999999657273;9,083392936000052;48,241982747000066;1
207196;08230526416200085850;08;4;16;041;2023;05;11;6;3;5;3;0;0;1;1;0;0;0;0;503840,482400000095367;5374795,909499999135733;9,052015316000052;48,526260673000081;1
207197;08230526416100098910;08;4;16;036;2023;05;09;6;3;0;7;0;0;1;0;0;0;0;0;485683,951399999670684;5371478,823000000789762;8,806218459000036;48,496267531000058;1
207199;08230526416010087670;08;4;15;061;2023;05;15;6;3;5;3;0;0;1;1;0;0;0;0;516193,780199999921024;5371343,999399999156594;9,219193040000050;48,495009018000076;1
207200;08230610311010172900;08;3;11;000;2023;06;20;7;3;6;4;0;0;1;0;1;0;0;0;413040,181900000199676;5316865,057000000029802;7,834258997000063;47,999166681000077;1
207201;08230526415400088700;08;4;15;061;2023;05;15;6;3;4;7;0;0;1;1;0;0;0;0;515365,845800000242889;5371460,621899999678135;9,207990796000047;48,496078989000068;1
207203;08230616119200197460;08;1;19;020;2023;06;20;6;3;5;2;0;0;1;1;0;0;0;0;519794,368999999947846;5407984,594000000506639;9,269681410000032;48,824526561000027;1
207204;08230526415400087440;08;4;15;061;2023;05;17;6;3;0;3;0;0;1;1;0;0;0;0;514793,476700000464916;5370814,172000000253320;9,200220407000074;48,490277033000041;1
207205;08230526337010085270;08;3;37;062;2023;05;18;6;3;0;6;0;0;1;0;0;0;0;0;456928,192999999970198;5278659,568399999290705;8,426354434000075;47,659895888000051;1
207206;08230526336400086960;08;3;36;045;2023;05;19;6;3;5;3;0;0;0;1;1;1;0;0;399536,281299999915063;5285408,954199999570847;7,660588721000067;47,714241518000051;1
207207;08230526336400085180;08;3;36;091;2023;05;16;6;3;1;3;0;0;1;1;0;0;0;0;395668,921400000341237;5272163,524199999868870;7,612204330000054;47,594484460000047;1
207208;08230528335200123560;08;3;35;055;2023;05;18;1;3;0;2;0;0;1;1;0;0;0;0;497027,433299999684095;5284765,601600000634789;8,960367687000030;47,716263204000029;1
207209;08230526335200112470;08;3;35;063;2023;05;09;6;3;5;3;0;0;1;1;0;0;0;0;497774,593500000424683;5288526,243899999186397;8,970310114000029;47,750102991000063;1
207210;08230526335200088550;08;3;35;063;2023;05;07;6;3;0;1;0;0;1;0;0;0;0;0;498592,485100000165403;5287929,107899999246001;8,981223809000028;47,744732513000031;1
207212;08230526317500089190;08;3;17;096;2023;05;16;6;3;0;7;0;0;1;0;0;0;0;0;421867,556699999608099;5369181,233999999240041;7,942922139000075;48,470906102000072;1
207215;08230526316200111350;08;3;16;056;2023;05;07;6;2;4;6;0;0;1;0;0;0;0;0;422875,470700000412762;5327916,485600000247359;7,964090391000070;48,099843582000062;1
207216;08230526316100103120;08;3;16;020;2023;05;14;6;2;0;1;0;0;1;0;0;0;0;0;409388,951000000350177;5338088,574999999254942;7,780818262000025;48,189565293000044;1
207217;08230526311400103340;08;3;15;048;2023;05;14;6;3;8;7;0;0;1;0;0;0;0;0;399027,999400000087917;5310612,114600000903010;7,647938089000036;47,940863685000068;1
207219;08230526311010097130;08;3;11;000;2023;05;09;6;3;0;3;0;0;1;0;0;0;0;0;414175,853799999691546;5317039,184900000691414;7,849445230000072;48,000886500000036;1