OID_;UIDENTSTLAE;ULAND;UREGBEZ;UKREIS;UGEMEINDE;UJAHR;UMONAT;USTUNDE;UWOCHENTAG;UKATEGORIE;UART;UTYP1;ULICHTVERH;IstStrassenzustand;IstRad;IstPKW;IstFuss;IstKrad;IstGkfz;IstSonstige;LINREFX;LINREFY;XGCSWGS84;YGCSWGS84;PLST
207220;08230526311010096740;08;3;36;050;2023;05;07;6;3;0;3;0;0;1;1;0;0;0;0;398872,155000000260770;5275582,880999999120831;7,654011843000035;47,625750183000036;1
207221;08230526231000116200;08;2;35;032;2023;05;15;6;2;0;1;0;0;1;0;0;0;0;0;475960,748999999836087;5376449,261700000613928;8,674320789000035;48,540685923000069;1
207223;08230526231000100340;08;2;31;000;2023;05;07;6;3;0;7;0;0;1;0;0;0;0;0;477406,272499999962747;5415506,266599999740720;8,691765088000068;48,892093810000063;1
207224;08230526231000096280;08;2;37;028;2023;05;14;6;3;3;2;0;0;1;1;0;0;0;0;458655,849600000306964;5368566,648000000044703;8,440667356000063;48,468872356000077;1
207226;08230526226500127330;08;2;26;085;2023;05;12;6;3;6;2;0;0;0;1;1;0;0;0;493019,754999999888241;5455456,191999999806285;8,904082004000031;49,251835619000076;1
207228;08230526222500127290;08;2;22;000;2023;05;22;6;3;5;3;2;0;1;1;0;0;0;0;461706,401100000366569;5480146,595499999821186;8,471430455000075;49,472759145000055;1
207230;08230526221400086280;08;2;21;000;2023;05;09;6;3;6;2;0;0;0;1;1;0;0;0;477423,185100000351667;5469939,000399999320507;8,688946923000060;49,381731603000048;1
207231;08230526221400085770;08;2;21;000;2023;05;21;6;3;6;7;1;0;0;0;1;0;0;1;477614,210099999792874;5473453,185399999842048;8,691380733000074;49,413348268000050;1
207232;08230526216100104770;08;2;16;009;2023;05;17;6;2;1;5;0;0;1;1;0;0;0;0;449343,861299999989569;5420865,042799999937415;8,308279513000059;48,938637834000076;1
207233;08230612436300153770;08;4;36;081;2023;06;16;2;3;0;1;0;0;1;0;0;0;0;0;562724,984100000001490;5281072,147600000724196;9,835715774000050;47,679994130000068;1
207234;08230606416200167500;08;4;16;041;2023;06;13;3;3;0;7;0;0;1;0;0;0;0;0;503956,827300000004470;5374346,420900000259280;9,053586819000031;48,522216190000051;1
207235;08230526215202085880;08;2;15;084;2023;05;21;6;3;0;6;1;0;1;1;0;0;0;0;472487,134499999694526;5447309,168899999931455;8,622498579000023;49,177973706000046;1
207236;08230526212302084610;08;2;12;000;2023;05;12;6;3;0;7;0;0;1;0;0;0;0;0;457338,351999999955297;5429329,113500000908971;8,416551606000041;49,015376709000066;1
207237;08230526211000095970;08;2;11;000;2023;05;16;6;3;0;1;0;0;1;0;0;0;0;0;440330,400899999774992;5404072,981499999761581;8,187659116000020;48,786790789000065;1
207238;08230526136200115520;08;1;36;019;2023;05;16;6;3;5;3;0;0;1;1;0;0;0;0;589161,588700000196695;5421788,158399999141693;10,217625260000034;48,942589052000073;1
207239;08230526136010100220;08;1;36;027;2023;05;12;6;2;1;5;0;0;1;1;0;0;0;0;554170,524299999698997;5420707,354100000113249;9,739685170000030;48,936921672000040;1
207243;08230526118500089080;08;1;18;014;2023;05;16;6;3;0;7;0;0;1;0;0;0;0;0;521785,796000000089407;5420534,440999999642372;9,297481310000023;48,937354335000066;1
207245;08230526118000099970;08;1;15;016;2023;05;14;6;2;5;3;0;0;1;1;0;0;0;0;486783,605600000359118;5377670,050699999555945;8,820906998000055;48,551989888000037;1
207246;08230526118000087930;08;1;15;003;2023;05;12;6;2;0;7;0;0;1;0;0;0;0;0;500789,813599999994040;5392068,643999999389052;9,010730066000065;48,681661552000037;1
207247;08230526117200122270;08;1;17;024;2023;05;17;6;3;5;3;0;0;1;1;0;0;0;0;560308,360299999825656;5386270,634299999102950;9,818435020000038;48,626594308000051;1
207248;08230526117200117000;08;1;17;007;2023;05;16;6;3;0;1;0;0;1;0;0;0;0;0;556303,923600000329316;5384153,942399999126792;9,763809361000028;48,607927112000027;1
207250;08230526111500363310;08;1;11;000;2023;05;08;6;3;6;7;0;0;0;1;1;0;0;0;516246,696000000461936;5394499,746999999508262;9,220815355000070;48,703320896000037;1
207253;08230526111500132790;08;1;11;000;2023;05;15;6;3;6;4;0;0;0;1;1;0;0;0;517550,651300000026822;5399274,020099999383092;9,238740984000060;48,746234786000059;1
207259;08230525437200111330;08;4;37;076;2023;05;16;5;3;3;6;0;0;1;1;0;0;0;0;523726,832799999974668;5322113,616900000721216;9,318392652000057;48,051862796000080;1
207260;08230525437100083190;08;4;37;100;2023;05;16;5;3;0;1;0;0;1;0;0;0;0;0;534247,483099999837577;5317273,468000000342727;9,459179289000076;48,007838758000048;1
207261;08230525435200123760;08;4;35;066;2023;05;16;5;2;6;7;0;0;0;0;1;0;0;1;518182,052000000141561;5286635,520999999716878;9,242492663000064;47,732838685000047;1
207262;08230525435200114950;08;4;35;059;2023;05;16;5;2;4;1;0;0;1;0;0;0;0;1;512444,360199999995530;5292846,545199999585748;9,166147744000057;47,788858714000071;1
207264;08230525435100084040;08;4;35;024;2023;05;14;5;3;0;1;0;0;1;0;0;0;0;0;527297,633899999782443;5279163,892300000414252;9,363596680000057;47,665291588000059;1
207266;08230525421300085720;08;4;21;000;2023;05;13;5;3;6;2;0;0;0;1;1;0;0;0;572242,219899999909103;5360215,171099999919534;9,975854112000036;48,390958846000046;1
207267;08230525417010099940;08;4;17;079;2023;05;18;5;3;0;2;0;0;1;0;0;0;0;0;502109,054399999789894;5340704,151399999856949;9,028393899000037;48,219558980000045;1
207268;08230525336400111080;08;3;36;091;2023;05;07;5;3;5;3;0;0;1;1;0;0;0;0;395107,465200000442564;5274119,470799999311566;7,604270204000045;47,611987886000065;1
207269;08230525336300110600;08;3;36;107;2023;05;20;5;2;0;7;1;0;1;0;0;0;0;0;408767,514000000432134;5283268,706299999728799;7,784079997000049;47,696359040000061;1
207270;08230525335300079750;08;3;35;075;2023;05;10;5;2;8;1;0;0;1;0;0;0;0;0;487696,860199999995530;5290066,955299999564886;8,835816466000040;47,763852061000080;1
207271;08230525327100112300;08;3;27;050;2023;05;19;5;2;0;1;0;0;1;0;0;0;0;0;484093,813699999824166;5312474,944499999284744;8,786909948000073;47,965385474000072;1
207272;08230525326100126910;08;3;26;012;2023;05;12;5;3;0;7;0;0;1;1;0;0;0;0;462057,496799999848008;5311374,529500000178814;8,491802152000048;47,954558121000048;1
207273;08230526226701129200;08;2;26;098;2023;05;12;6;3;6;6;0;0;1;0;1;0;0;0;477726,775200000032783;5460425,018799999728799;8,693661217000056;49,296164926000074;1
207274;08230525317200112290;08;3;17;057;2023;05;18;5;3;5;2;0;0;1;1;0;0;0;0;412628,626099999994040;5380385,723200000822544;7,815604630000053;48,570468545000040;1
207275;08230525311010111320;08;3;11;000;2023;05;17;5;3;3;6;0;0;1;0;0;0;0;1;414476,010599999688566;5319468,365800000727177;7,852983746000064;48,022778095000035;1
207276;08230525311010109310;08;3;11;000;2023;05;09;5;3;6;4;0;0;1;0;1;0;0;0;412874,043499999679625;5317323,787399999797344;7,831939145000035;48,003270484000041;1
207277;08230525311010103320;08;3;11;000;2023;05;13;5;3;3;2;0;0;1;1;0;0;0;0;412895,732099999673665;5318056,059599999338388;7,832081134000020;48,009860452000055;1
207278;08230525311010096110;08;3;15;131;2023;05;07;5;3;4;6;0;0;1;1;0;0;0;0;406140,181099999696016;5308257,318800000473857;7,743662110000059;47,920763570000076;1
207283;08230525235100125070;08;2;35;085;2023;05;07;5;3;5;3;0;0;1;1;0;0;0;0;482439,461500000208616;5395713,864900000393391;8,761276181000028;48,714207488000056;1
207284;08230525235100099430;08;2;35;018;2023;05;17;5;3;5;3;0;0;1;1;0;0;0;0;462384,570899999700487;5405360,531300000846386;8,487770098000055;48,800098043000048;1
207285;08230525226600091110;08;2;26;096;2023;05;15;5;3;5;2;0;0;1;0;0;0;0;0;474607,556499999947846;5487702,452600000426173;8,649015845000065;49,541398108000067;1
207286;08230525225200101430;08;2;25;014;2023;05;16;5;3;0;4;0;0;1;0;1;0;0;0;523353,279799999669194;5485665,245200000703335;9,322677892000058;49,523156217000064;1
207287;08230525225200083970;08;2;25;014;2023;05;16;5;3;6;4;0;0;0;1;1;0;0;0;523340,632000000216067;5485322,213999999687076;9,322482845000025;49,520071256000051;1
207288;08230525222014126920;08;2;22;000;2023;05;14;5;2;4;6;0;0;1;0;0;0;0;0;464780,716400000266731;5485103,363299999386072;8,513422003000073;49,517528998000046;1
207291;08230525215402094910;08;2;15;009;2023;05;19;5;3;3;6;0;0;1;0;0;0;0;0;467216,455900000408292;5437615,030799999833107;8,550970560000053;49,090514650000046;1
207293;08230525212502101560;08;2;12;000;2023;05;12;5;3;0;7;0;0;1;0;0;0;0;0;452049,660000000149012;5427796,718000000342727;8,344408183000041;49,001204420000079;1
207294;08230525212402109110;08;2;12;000;2023;05;10;5;3;5;7;0;0;1;1;0;0;0;0;456728,017099999822676;5427231,471000000834465;8,408428577000052;48,996465643000079;1
207295;08230615121200173090;08;1;21;000;2023;06;07;5;3;6;4;0;0;1;0;1;0;0;0;516338,157800000160933;5443057,559000000357628;9,224003425000035;49,140128612000069;1
207296;08230525212010083950;08;2;12;000;2023;05;08;5;2;3;2;0;0;1;1;0;0;0;0;460848,515499999746680;5425410,656500000506639;8,464932624000028;48,980362039000056;1
207297;08230525136300098610;08;1;36;065;2023;05;18;5;3;0;1;0;0;1;0;0;0;0;0;560182,442599999718368;5406847,026699999347329;9,819728503000022;48,811693937000030;1
207298;08230525135200096730;08;1;35;019;2023;05;13;5;3;0;7;0;0;1;0;0;0;0;0;583716,839399999938905;5392418,048299999907613;10,137294673000042;48,679191375000073;1
207302;08230525118300101630;08;1;18;046;2023;05;13;5;3;1;5;0;0;1;1;0;0;0;0;513687,679999999701977;5412004,078299999237061;9,186617832000024;48,860849703000042;1
207303;08230525118000132830;08;1;18;011;2023;05;16;5;3;0;1;0;0;1;0;0;0;0;0;504574,959999999962747;5407768,384999999776483;9,062327861000028;48,822880151000049;1
207304;08230525116500126990;08;1;16;071;2023;05;11;5;3;0;1;0;0;1;0;0;0;0;0;530244,993300000205636;5390364,768999999389052;9,410765281000067;48,665601425000034;1
207305;08230613216100156970;08;2;16;043;2023;06;20;3;3;0;1;0;0;1;0;0;0;0;0;442791,472900000400841;5410475,908500000834465;8,220268042000043;48,844616836000057;1
207306;08230525116500101570;08;1;16;049;2023;05;17;5;3;4;6;0;0;1;0;0;0;0;0;523523,191499999724329;5387324,898399999365211;9,319303676000061;48,638544028000069;1
207307;08230525116500098150;08;1;16;011;2023;05;12;5;3;0;1;0;0;1;0;0;0;0;0;529763,815000000409782;5379857,437899999320507;9,403476440000077;48,571100681000075;1
207308;08230525116400119460;08;1;16;033;2023;05;12;5;3;6;7;0;0;0;1;1;0;0;0;533265,485299999825656;5388206,253699999302626;9,451612642000043;48,646030112000062;1
207311;08230525116010083500;08;1;16;019;2023;05;19;5;3;5;3;0;0;1;1;0;0;0;0;523767,451200000010431;5396176,437300000339746;9,323128092000047;48,718163039000046;1
207313;08230525115300109150;08;1;15;028;2023;05;10;5;3;0;7;0;0;1;0;0;0;0;0;501541,566599999554455;5404161,017799999564886;9,020988292000027;48,790443504000052;1
207314;08230525111500137390;08;1;11;000;2023;05;13;5;3;0;3;0;0;1;1;0;0;0;0;507903,525200000032783;5406718,638299999758601;9,107654929000034;48,813403314000027;1
207315;08230605117200163640;08;1;17;024;2023;06;10;2;3;1;5;0;0;1;1;0;0;0;0;560147,354799999855459;5385514,661100000143051;9,816140619000066;48,619809612000040;1
207316;08230525111500113770;08;1;11;000;2023;05;14;5;3;5;2;0;0;1;1;0;0;0;0;512344,258999999612570;5401194,308900000527501;9,167976552000027;48,763634589000048;1
207317;08230607111000283310;08;1;11;000;2023;06;12;4;3;5;3;0;0;1;1;0;0;0;0;517079,268400000408292;5405104,745999999344349;9,232570970000040;48,798700514000075;1
207318;08230525111500082290;08;1;11;000;2023;05;21;5;3;3;6;2;0;1;1;0;0;0;0;512128,908300000242889;5402574,753900000825524;9,165086849000033;48,776057224000056;1
207319;08230525111330095390;08;1;11;000;2023;05;19;5;3;1;5;0;0;1;1;0;0;0;0;516579,446600000374019;5409723,005000000819564;9,225951533000057;48,840259116000027;1
207320;08230525111130132640;08;1;11;000;2023;05;15;5;3;5;7;0;0;1;0;1;0;0;0;511654,746500000357628;5400943,337799999862909;9,158586826000032;48,761390158000040;1
207321;08230524435100098080;08;4;35;016;2023;05;13;4;3;5;3;0;0;1;1;0;0;0;0;536050,156700000166893;5279784,810900000855327;9,480225313000062;47,670449582000060;1
207324;08230524337010076680;08;3;37;027;2023;05;12;4;3;0;1;0;0;1;0;0;0;0;0;432578,752199999988079;5286685,550699999555945;8,100853143000052;47,730022601000030;1
207328;08230706136300255710;08;1;36;065;2023;07;13;5;3;5;3;0;0;1;1;0;0;0;0;559954,704400000162423;5405729,500000000000000;9,816463660000068;48,801663795000081;1
207331;08230706136050288420;08;1;19;041;2023;07;18;5;3;2;6;0;0;1;1;0;0;0;0;526780,877600000239909;5409609,775599999353290;9,364971053000033;48,838884245000031;1
207332;08230706136050282450;08;1;36;065;2023;07;09;5;2;0;1;0;0;1;0;0;0;0;0;558764,135099999606609;5406109,049599999561906;9,800306469000077;48,805191554000032;1
207334;08230706128010297270;08;1;28;045;2023;07;08;5;2;6;4;0;0;0;1;1;0;0;0;557916,885400000028312;5503157,833499999716878;9,802795899000046;49,678163720000043;1
207335;08230706121200254310;08;1;21;000;2023;07;11;5;3;6;7;0;0;0;0;1;0;0;1;515975,495900000445545;5443124,473400000482798;9,219033860000025;49,140740068000071;1
207338;08230706119010254190;08;1;19;008;2023;07;07;5;3;5;3;0;0;1;1;0;0;0;0;531280,413999999873340;5421555,205000000074506;9,427203857000052;48,946129358000064;1
207339;08230706118200265750;08;1;18;011;2023;07;08;5;3;0;1;0;0;1;0;0;0;0;0;504549,873900000005960;5408422,007799999788404;9,061993348000044;48,828760251000062;1
207340;08230706118100267370;08;1;18;079;2023;07;12;5;3;1;7;0;0;1;1;0;0;0;0;507983,348799999803305;5421334,931299999356270;9,109027609000066;48,944887392000055;1
207341;08230706118048279660;08;1;18;073;2023;07;12;5;3;6;7;0;0;1;0;1;0;0;0;498385,483900000341237;5421933,650399999693036;8,977948360000028;48,950322706000065;1
207346;08230706111500255230;08;1;11;000;2023;07;06;5;3;5;3;0;0;1;1;0;0;0;0;518556,858900000341237;5399876,396199999377131;9,252455405000035;48,751624546000073;1
207348;08230706111130255790;08;1;11;000;2023;07;14;5;3;9;1;0;0;0;1;1;0;0;0;508795,387799999676645;5403055,000499999150634;9,119724622000035;48,780433553000080;1
207352;08230705436200261070;08;4;36;064;2023;07;19;4;3;1;5;0;0;1;1;0;0;0;0;544505,059799999929965;5286673,526399999856949;9,593550827000058;47,731901916000027;1
207353;08230705435200253680;08;4;35;034;2023;07;07;4;2;1;6;0;1;1;1;0;0;0;0;529100,115799999795854;5285151,427300000563264;9,388004079000041;47,719085637000035;1
207358;08230705415050277090;08;1;16;033;2023;07;22;4;3;4;6;2;0;1;0;0;0;0;0;533414,066999999806285;5387292,397199999541044;9,453556008000021;48,637801227000068;1
207359;08230705335300252750;08;3;35;075;2023;07;16;4;2;6;4;0;0;0;1;1;0;0;0;488226,157599999569356;5289759,814999999478459;8,842888153000047;47,761098444000027;1
207360;08230705325302315240;08;3;25;053;2023;07;15;4;3;6;6;0;0;1;0;1;0;0;0;454281,505099999718368;5341481,027100000530481;8,384433023000042;48,224904072000072;1
207361;08230705317100262990;08;3;17;001;2023;07;05;4;3;5;3;1;1;1;0;0;0;0;1;427825,831699999980628;5390387,630599999800324;8,019841163000024;48,662369366000064;1
207362;08230705317100260560;08;3;17;089;2023;07;19;4;3;0;7;0;0;1;0;0;0;0;0;432734,572999999858439;5374720,081000000238419;8,089032196000062;48,521985868000058;1
207364;08230705311010343490;08;3;15;047;2023;07;15;4;3;2;3;0;0;0;1;1;0;0;0;415231,059100000187755;5322222,431399999186397;7,862562919000027;48,047652547000041;1
207365;08230705311010265600;08;3;11;000;2023;07;14;4;3;0;7;0;0;1;1;0;0;0;0;413907,479500000365078;5315401,658399999141693;7,846176643000035;47,986120255000060;1
207366;08230705311010260920;08;3;36;050;2023;07;12;4;3;0;3;0;0;1;1;0;0;0;0;399351,763500000350177;5274484,495899999514222;7,660645937000027;47,615944564000074;1
207367;08230705311000278590;08;3;11;000;2023;07;14;4;3;4;3;0;0;1;1;0;0;0;0;412393,576999999582767;5317593,468000000342727;7,825444053000069;48,005630668000038;1
207368;08230705237200323100;08;2;37;054;2023;07;18;4;3;5;3;0;0;1;1;0;0;0;0;467634,661899999715388;5374481,061699999496341;8,561676391000049;48,522605488000067;1
207369;08230705231000277110;08;2;36;040;2023;07;14;4;3;4;2;0;0;1;1;0;0;0;0;488764,594399999827147;5422210,341600000858307;8,846535447000065;48,952711761000046;1
207370;08230705225200261140;08;2;25;014;2023;07;13;4;2;8;1;0;0;1;0;0;0;0;0;518717,496199999935925;5491718,391599999740720;9,258912536000025;49,577763131000040;1
207371;08230705225100323090;08;2;25;058;2023;07;17;4;2;8;1;0;0;1;0;0;0;0;0;510312,741000000387430;5468684,691999999806285;9,142052602000035;49,370780225000033;1
207372;08230705222400263300;08;2;26;105;2023;07;17;4;3;4;6;0;0;1;0;0;0;0;0;472681,175800000317395;5476668,949400000274181;8,623151909000057;49,442071763000058;1
207374;08230705221200258870;08;2;21;000;2023;07;06;4;3;5;3;0;0;1;1;0;0;0;0;477505,706000000238419;5471870,562999999150634;8,689974524000036;49,399108817000069;1
207376;08230705221050273840;08;2;21;000;2023;07;06;4;3;5;3;0;1;1;1;0;0;0;0;474856,777599999681115;5473812,389900000765920;8,653343627000027;49,416471535000028;1
207377;08230705212102296140;08;2;12;000;2023;07;19;4;3;0;7;0;0;1;0;0;0;0;0;460913,327800000086427;5427572,951600000262260;8,465610369000046;48,999816508000038;1
207380;08230705212000281530;08;2;12;000;2023;07;09;4;3;5;2;0;0;1;1;0;0;0;0;455003,576799999922514;5429277,869500000029802;8,384628360000022;49,014749902000062;1
207381;08230705211000257820;08;2;16;043;2023;07;15;4;2;6;4;0;0;0;1;1;0;0;0;442425,709699999541044;5412594,329800000414252;8,214985419000072;48,863638215000037;1
207383;08230705136050279410;08;1;19;091;2023;07;15;4;3;5;3;0;0;1;1;0;0;0;0;528799,498200000263751;5405407,058000000193715;9,392185193000046;48,800987543000076;1
207385;08230705119300265790;08;1;19;084;2023;07;18;4;3;0;1;0;0;1;0;0;0;0;0;546777,579699999652803;5413335,576999999582767;9,637898860000064;48,871214178000059;1
207386;08230705119100277390;08;1;19;008;2023;07;08;4;2;0;1;0;1;1;0;0;0;0;0;531461,682000000029802;5420820,009099999442697;9,429622632000076;48,939506743000038;1
207387;08230705118400262640;08;1;18;048;2023;07;17;4;3;5;3;0;0;1;1;0;0;0;0;513365,389000000432134;5415212,301599999889731;9,182328591000044;48,889717159000043;1
207388;08230705118100252970;08;1;18;079;2023;07;09;4;3;6;2;0;0;0;1;1;0;0;0;509867,413200000301003;5422303,625000000000000;9,134781445000044;48,953574253000056;1
207389;08230705118010257830;08;1;18;019;2023;07;08;4;2;2;4;0;1;1;0;1;0;0;0;504892,376799999736249;5405432,935599999502301;9,066624405000027;48,801868252000077;1
207391;08230705115100355850;08;1;15;003;2023;07;17;4;3;1;7;0;0;1;1;0;0;0;0;500255,845099999569356;5392806,902100000530481;9,003476258000035;48,688303450000035;1
207395;08230705111120255180;08;1;11;000;2023;07;14;4;3;0;7;0;0;1;0;0;0;0;0;513985,118700000457466;5402769,301000000908971;9,190358253000056;48,777768396000056;1
207397;08230704437200250980;08;4;37;104;2023;07;12;3;3;1;3;0;0;1;1;0;0;0;0;514767,736499999649823;5325072,661499999463558;9,198272868000060;48,078755659000080;1
207398;08230704437200250960;08;4;37;065;2023;07;15;3;3;5;3;0;0;1;1;0;0;0;0;514884,653400000184774;5316886,855499999597669;9,199557941000023;48,005104698000025;1
207399;08230704436300262060;08;4;36;081;2023;07;16;3;3;4;6;0;0;1;1;0;0;0;0;559567,951899999752641;5280203,793800000101328;9,793538891000026;47,672480332000077;1
207400;08230704435200251980;08;4;35;059;2023;07;17;3;2;0;7;0;0;0;1;1;0;0;0;512171,400100000202656;5291063,166400000452995;9,162453405000065;47,772817987000053;1
207406;08230704335300262500;08;3;35;075;2023;07;18;3;3;5;3;0;0;1;1;0;0;0;0;487647,890499999746680;5289385,377399999648333;8,835182346000067;47,757718609000051;1
207407;08230704335100267400;08;3;35;043;2023;07;11;3;3;5;3;0;0;1;0;0;0;0;0;511099,762900000438094;5282130,099300000816584;9,147922370000060;47,692461370000046;1
207408;08230704335050282360;08;3;35;079;2023;07;07;3;3;5;3;0;0;1;1;0;0;0;0;501332,834800000302494;5300126,272700000554323;9,017817445000048;47,854476691000059;1
207409;08230704311300255880;08;3;11;000;2023;07;14;3;2;0;1;0;0;1;0;0;0;0;0;411296,904600000008941;5315388,703900000080466;7,811199733000024;47,985646994000035;1
207410;08230704311300253490;08;3;11;000;2023;07;17;3;3;5;2;0;0;1;1;0;0;0;0;412562,326000000350177;5315342,573999999091029;7,828164625000056;47,985406288000036;1
207411;08230704311010262180;08;3;11;000;2023;07;16;3;3;5;3;0;0;1;0;0;0;0;0;413492,982200000435114;5316977,586200000718236;7,840305038000054;48,000240352000048;1
207412;08230704311010260270;08;3;11;000;2023;07;12;3;3;5;3;0;0;1;1;0;0;0;0;414031,995000000111759;5317934,505000000819564;7,847337625000023;48,008920893000038;1
207413;08230704311010250470;08;3;11;000;2023;07;17;3;3;4;2;0;0;1;1;0;0;0;0;412046,464499999769032;5318449,266699999570847;7,820615740000051;48,013281130000053;1
207414;08230704311000273450;08;3;11;000;2023;07;19;3;2;0;5;0;0;1;1;0;0;0;0;411944,571000000461936;5314290,073599999770522;7,820103098000061;47,975853973000028;1
207415;08230704231000298210;08;2;31;000;2023;07;13;3;3;3;2;0;0;1;1;0;0;0;0;476140,372100000269711;5415396,907400000840425;8,674501713000041;48,891062601000044;1
207418;08230704221200258980;08;2;21;000;2023;07;12;3;3;4;6;0;0;1;0;0;1;0;0;478219,426699999719858;5473004,088400000706315;8,699749003000022;49,409330676000081;1
207421;08230704221050268130;08;2;26;056;2023;07;19;3;3;5;2;0;0;1;1;0;0;0;0;485750,746000000275671;5470722,930999999865890;8,803651253000055;49,389034779000042;1
207423;08230704212010252330;08;2;12;000;2023;07;09;3;3;1;5;0;0;1;1;0;0;0;0;454755,225300000049174;5428815,627499999478459;8,381283638000070;49,010573840000063;1
207424;08230704136200251430;08;1;36;019;2023;07;11;3;3;0;7;0;0;1;0;0;0;0;0;589120,547199999913573;5422198,394300000742078;10,217154650000055;48,946284493000064;1
207425;08230704136100259530;08;1;36;088;2023;07;19;3;3;5;2;0;0;1;1;0;0;0;0;580441,070700000040233;5409152,082000000402331;10,096071623000057;48,830133953000029;1
207427;08230704135200251120;08;1;35;032;2023;07;21;3;3;1;1;0;0;1;1;0;0;0;0;578665,214200000278652;5393285,671299999579787;10,068846254000050;48,687652248000063;1
207429;08230704121600252920;08;1;25;102;2023;07;13;3;2;0;1;0;0;1;0;0;0;0;0;519893,369400000199676;5444594,205099999904633;9,272822313000063;49,153846330000079;1
207430;08230704121500290190;08;1;25;065;2023;07;12;3;3;5;3;0;0;1;1;0;0;0;0;516323,870400000363588;5449027,628599999472499;9,224049715000035;49,193831476000071;1
207431;08230704121200252090;08;1;21;000;2023;07;18;3;3;0;7;0;0;1;0;0;0;0;0;515462,138100000098348;5442320,221000000834465;9,211964610000052;49,133518681000055;1
207432;08230704119300262580;08;1;19;067;2023;07;16;3;3;5;7;0;0;1;1;0;0;0;0;538773,361999999731779;5406143,906999999657273;9,528071399000055;48,807073785000057;1
207433;08230704118500329590;08;1;18;078;2023;07;17;3;3;6;7;0;0;0;1;1;0;0;0;513574,992899999953806;5420860,037000000476837;9,185375847000046;48,940517950000071;1
207435;08230704118010260990;08;1;15;003;2023;07;06;3;2;4;6;0;0;1;0;0;0;0;0;499781,356900000013411;5392482,606699999421835;8,997029390000023;48,685386068000071;1
207436;08230704116100260130;08;1;16;019;2023;07;17;3;3;1;7;0;0;0;1;1;0;0;0;523544,190999999642372;5399158,311200000345707;9,320263149000027;48,744996141000058;1
207437;08230704116010252310;08;1;16;070;2023;07;16;3;3;6;4;0;0;0;1;1;0;0;0;539622,529799999669194;5384748,724799999967217;9,537581805000059;48,614556181000069;1
207438;08230704115400253170;08;1;15;045;2023;07;14;3;3;6;4;0;0;1;0;1;0;0;0;499722,685899999924004;5394901,254399999976158;8,996230629000024;48,707144424000035;1
207440;08230704111500252390;08;1;11;000;2023;07;14;3;3;6;1;0;0;0;1;1;0;0;0;513102,389800000004470;5404944,507799999788404;9,178412419000040;48,797355570000036;1
207441;08230704111500251550;08;1;11;000;2023;07;08;3;3;5;3;0;0;1;1;0;0;0;0;513925,645999999716878;5405644,331000000238419;9,189646191000065;48,803633199000046;1
207442;08230704111500250720;08;1;11;000;2023;07;07;3;3;5;3;0;0;1;1;0;0;0;0;511844,513600000180304;5410821,626000000163913;9,161454003000074;48,850250524000046;1
207445;08230703421000272040;08;4;26;128;2023;07;07;2;3;6;4;0;0;0;1;1;0;0;0;559348,487700000405312;5330897,623199999332428;9,797590586000069;48,128566468000031;1
207446;08230703337010260080;08;3;37;097;2023;07;16;2;2;6;3;0;0;0;1;1;0;0;0;434261,172500000335276;5290786,904100000858307;8,122667659000058;47,767094130000032;1
207448;08230703335100251680;08;3;35;002;2023;07;16;2;3;0;1;0;0;1;0;0;0;0;0;506117,764800000004470;5284287,956199999898672;9,081559529000060;47,711943384000051;1
207450;08230703335050272600;08;3;35;043;2023;07;18;2;3;5;3;0;0;1;0;0;1;0;0;511608,899600000120699;5280500,524100000038743;9,154664070000024;47,677790075000075;1
207452;08230703335050270730;08;3;27;057;2023;07;12;2;3;5;3;0;0;1;1;0;0;0;0;488740,303999999538064;5308533,948999999091029;8,849260351000055;47,930026012000042;1
207453;08230703327100318650;08;3;27;038;2023;07;17;2;3;5;3;0;0;1;1;0;0;0;0;495328,168200000189245;5313054,253000000491738;8,937406473000067;47,970778258000053;1
207457;08230703317500259360;08;3;17;096;2023;07;16;2;3;4;6;0;0;1;1;0;0;0;0;422802,951299999840558;5374076,576999999582767;7,954670336000049;48,515054818000067;1
207460;08230703311010305580;08;3;11;000;2023;07;19;2;3;2;6;0;0;1;0;0;0;0;0;413312,773000000044703;5315131,706800000742078;7,838262497000073;47,983611614000040;1
207461;08230703311010250190;08;3;11;000;2023;07;18;2;3;0;7;0;0;1;0;0;0;0;0;414078,084800000302494;5315700,652499999850988;7,848402802000066;47,988832765000041;1
207462;08230703311010249950;08;3;15;020;2023;07;20;2;2;6;4;1;0;0;1;1;0;0;0;428791,386300000362098;5314934,614099999889731;8,045698538000067;47,983749140000043;1
207463;08230703311000274300;08;3;36;091;2023;07;16;2;3;1;1;0;0;1;1;0;0;0;0;395167,894500000402331;5271205,886399999260902;7,605770620000044;47,585789536000050;1
207464;08230703311000273660;08;3;16;056;2023;07;16;2;3;0;7;0;0;1;0;0;0;0;0;422738,560300000011921;5327298,254599999636412;7,962363692000054;48,094265659000030;1
207467;08230703231202273120;08;2;36;004;2023;07;14;2;3;5;3;0;0;1;1;0;0;0;0;469447,686200000345707;5413194,419399999082088;8,583365467000021;48,870956130000081;1
207469;08230703226700250350;08;2;26;046;2023;07;18;2;3;0;1;0;1;1;0;0;0;0;0;477527,243900000117719;5455301,211999999359250;8,691204794000043;49,250068680000027;1