OID_;UIDENTSTLAE;ULAND;UREGBEZ;UKREIS;UGEMEINDE;UJAHR;UMONAT;USTUNDE;UWOCHENTAG;UKATEGORIE;UART;UTYP1;ULICHTVERH;IstStrassenzustand;IstRad;IstPKW;IstFuss;IstKrad;IstGkfz;IstSonstige;LINREFX;LINREFY;XGCSWGS84;YGCSWGS84;PLST
207470;08230703221400314570;08;2;21;000;2023;07;07;2;3;3;2;0;0;1;0;0;0;1;0;473945,892799999564886;5473104,976199999451637;8,640831699000046;49,410070166000025;1
207474;08230703216100249830;08;2;16;043;2023;07;09;2;3;5;2;0;0;1;0;0;0;0;1;441915,368400000035763;5411305,810699999332428;8,208210535000035;48,852000431000079;1
207475;08230703215302249800;08;2;15;059;2023;07;22;2;2;0;7;2;0;1;0;0;0;0;0;485211,127600000239909;5435057,973200000822544;8,797530789000064;49,068208416000061;1
207476;08230703215102251410;08;2;15;105;2023;07;18;2;3;5;7;0;0;1;1;0;0;0;0;457516,350399999879301;5442277,603499999269843;8,417625874000066;49,131861139000080;1
207477;08230705311100253440;08;3;15;030;2023;07;12;4;3;5;2;0;0;1;0;0;0;0;0;406380,896800000220537;5327500,293299999088049;7,742682798000033;48,093889592000039;1
207479;08230703212502363760;08;2;12;000;2023;07;07;2;3;5;2;0;0;1;1;0;0;0;0;452025,241700000129640;5431669,137199999764562;8,343616472000065;49,036034921000066;1
207480;08230703212010250730;08;2;12;000;2023;07;18;2;3;1;6;0;0;1;1;0;0;0;0;455286,390499999746680;5426737,896299999207258;8,388775571000053;48,991923154000062;1
207481;08230703212010250320;08;2;12;000;2023;07;07;2;3;5;3;0;0;1;1;0;0;0;0;453875,497800000011921;5429207,667300000786781;8,369209684000054;49,014035127000056;1
207482;08230703211021269520;08;2;11;000;2023;07;21;2;3;4;6;1;0;1;0;0;0;0;1;443734,379099999554455;5401782,486099999397993;8,234309785000050;48,766504690000033;1
207483;08230703136100273700;08;1;36;088;2023;07;17;2;3;0;7;0;0;1;0;0;0;0;0;580162,373200000263751;5410396,174200000241399;10,092518201000075;48,841359652000051;1
207487;08230703121400251770;08;1;25;056;2023;07;15;2;3;0;1;0;0;1;0;0;0;0;0;511289,973000000230968;5435824,397600000724196;9,154588620000027;49,075176852000027;1
207488;08230703118200250430;08;1;18;027;2023;07;17;2;3;0;1;0;0;1;0;0;0;0;0;501448,226499999873340;5412642,691700000315905;9,019747435000056;48,866743889000077;1
207489;08230703118010252710;08;1;15;053;2023;07;17;2;2;5;3;0;0;1;1;0;0;0;0;483681,669800000265241;5379072,708300000056624;8,778818512000043;48,564535481000064;1
207490;08230703117400314610;08;1;17;051;2023;07;11;2;2;0;1;0;0;1;0;0;0;0;0;542928,923799999989569;5394809,901900000870228;9,583482929000070;48,704845229000057;1
207491;08230703117400251190;08;1;17;002;2023;07;17;2;3;0;1;0;0;1;0;0;0;0;0;541697,498900000005960;5387003,032500000670552;9,565959420000070;48,634700561000045;1
207494;08230703116400318730;08;1;16;033;2023;07;17;2;3;5;3;0;0;1;1;0;0;0;0;535572,251699999906123;5387459,687000000849366;9,482864096000071;48,639187066000034;1
207500;08230703111230360550;08;1;11;000;2023;07;17;2;3;0;2;0;0;0;1;1;0;0;0;517463,286000000312924;5402539,472999999299645;9,237691135000034;48,775612975000058;1
207501;08230703111000273390;08;1;11;000;2023;07;17;2;3;0;7;0;0;1;0;1;0;0;0;514777,008000000379980;5406568,555700000375509;9,201273651000065;48,811927740000044;1
207502;08230702437100257470;08;4;37;086;2023;07;19;1;3;0;1;0;0;1;0;0;0;0;0;528088,335400000214577;5311066,570599999278784;9,376195524000025;47,952295547000062;1
207503;08230702435100257170;08;4;35;057;2023;07;11;1;3;0;7;0;0;0;1;1;0;0;0;545195,534099999815226;5279786,893400000408292;9,602045161000035;47,669893780000052;1
207504;08230702426100267040;08;4;26;128;2023;07;17;1;3;0;1;0;0;1;0;0;0;0;0;557284,847199999727309;5330246,029400000348687;9,769772147000026;48,122893722000072;1
207505;08230702426010254200;08;4;26;001;2023;07;22;1;3;9;1;1;0;1;1;0;0;0;0;566845,892500000074506;5347763,324400000274181;9,900993969000069;48,279542855000045;1
207506;08230702421200256350;08;4;25;135;2023;07;16;1;2;2;6;0;0;1;0;0;0;0;0;570599,575299999676645;5374710,887199999764562;9,956113833000074;48,521537029000058;1
207507;08230702416100265000;08;4;16;036;2023;07;19;1;3;5;3;0;0;1;0;0;0;0;0;498186,524000000208616;5369044,585000000894070;8,975463345000037;48,474528590000034;1
207508;08230702415400267110;08;4;15;061;2023;07;11;1;3;0;1;0;0;1;0;0;0;0;0;511103,611200000159442;5364186,730499999597669;9,150104713000076;48,430729740000061;1
207510;08230702335050283020;08;3;26;074;2023;07;16;1;3;6;4;0;0;0;1;1;0;0;0;459110,747100000269711;5322284,052500000223517;8,451295540000046;48,052527174000033;1
207511;08230702317500249120;08;3;17;096;2023;07;12;1;3;0;1;0;0;1;0;0;0;0;0;421544,816800000146031;5368797,867000000551343;7,938628392000055;48,467417570000066;1
207512;08230702317300248550;08;3;17;075;2023;07;17;1;2;8;1;0;0;1;0;0;0;0;0;408881,095200000330806;5362535,472200000658631;7,768709254000044;48,409383792000028;1
207513;08230702317100258060;08;3;17;001;2023;07;14;1;3;0;7;0;0;1;0;0;0;0;0;432145,134600000455976;5387223,526399999856949;8,079009620000022;48,634392383000034;1
207514;08230702317050269420;08;3;17;151;2023;07;19;1;3;0;7;0;0;1;0;0;0;0;0;411409,701500000432134;5369282,962300000712276;7,801443376000066;48,470434804000035;1
207515;08230702317050268320;08;3;17;011;2023;07;11;1;2;0;7;0;0;1;0;0;0;0;0;427842,250000000000000;5354651,275000000372529;8,026241369000047;48,340919550000081;1
207516;08230702311000269480;08;3;11;000;2023;07;12;1;3;6;7;0;0;0;1;1;0;0;0;410020,175699999555945;5316672,107400000095367;7,793823861000021;47,997013131000074;1
207517;08230702226700257350;08;2;26;103;2023;07;16;1;3;8;7;0;0;1;0;0;0;0;0;473588,555300000123680;5457171,765300000086427;8,636961453000026;49,266737036000052;1
207518;08230702222500300480;08;2;22;000;2023;07;20;1;3;1;5;0;0;1;1;0;0;0;0;461128,960799999535084;5480649,558499999344349;8,463410946000067;49,477246340000079;1
207519;08230702221050270090;08;2;22;000;2023;07;17;1;3;3;6;0;0;1;1;0;0;0;0;459926,297799999825656;5488459,720599999651313;8,446016974000031;49,547415817000058;1
207521;08230706121200254730;08;1;21;000;2023;07;22;5;3;0;7;2;0;1;0;0;0;0;0;516941,132899999618530;5443045,822399999946356;9,232269919000032;49,140006703000040;1
207523;08230702212000268640;08;2;12;000;2023;07;10;1;3;1;7;0;0;1;1;0;0;0;0;455327,339200000278652;5427480,046800000593066;8,389253689000043;48,998601845000053;1
207524;08230702136050271960;08;1;19;091;2023;07;15;1;3;0;3;0;0;1;1;0;0;0;0;528986,062800000421703;5405213,992699999362230;9,394712098000070;48,799242110000080;1
207525;08230702136010260910;08;1;36;019;2023;07;18;1;2;0;4;0;0;0;1;1;0;0;0;582808,025999999605119;5425391,287000000476837;10,131609865000030;48,975878529000056;1
207526;08230702121500249140;08;1;25;103;2023;07;13;1;3;4;1;0;0;1;1;0;0;0;0;530006,329400000162423;5462670,347599999979138;9,412863613000070;49,316030558000080;1
207527;08230702119400256590;08;1;19;091;2023;07;20;1;3;0;7;0;0;1;0;0;0;0;0;528579,478000000119209;5405920,713700000196695;9,389224834000061;48,805618399000082;1
207528;08230702118200255410;08;1;18;011;2023;07;19;1;3;2;7;0;0;1;1;0;0;0;0;503453,832399999722838;5409334,600400000810623;9,047067161000030;48,836976883000034;1
207529;08230702118048272020;08;1;18;048;2023;07;15;1;3;6;4;0;0;1;0;1;0;0;0;512225,261900000274181;5417218,842199999839067;9,166835286000037;48,907791012000075;1
207532;08230702111370249240;08;1;11;000;2023;07;15;1;3;0;1;0;0;1;0;0;0;0;0;508709,831799999810755;5406807,285399999469519;9,118639593000069;48,814189994000060;1
207533;08230702111230261690;08;1;11;000;2023;07;16;1;3;5;3;0;0;1;0;0;0;0;1;506656,122999999672174;5395892,637000000104308;9,090488792000031;48,716027500000052;1
207534;08230701435100248340;08;4;35;024;2023;07;17;7;3;2;2;0;0;1;0;0;0;0;0;526391,884399999864399;5279152,252100000157952;9,351531891000036;47,665224451000029;1
207536;08230701426100361390;08;4;26;071;2023;07;23;7;3;0;1;2;0;1;0;0;0;0;0;564419,383999999612570;5333682,144999999552965;9,866152455000076;48,153122748000044;1
207537;08230701426100261260;08;4;26;128;2023;07;20;7;3;0;1;0;0;1;0;0;0;0;0;559333,006500000134110;5330946,904100000858307;9,797389417000034;48,129011248000040;1
207540;08230701417300258940;08;4;17;031;2023;07;14;7;3;0;1;0;0;1;0;0;0;0;0;496942,675400000065565;5356996,715199999511242;8,958721703000037;48,366134824000028;1
207541;08230701416000267640;08;4;16;041;2023;07;12;7;3;6;4;0;0;1;0;1;0;0;0;504348,351099999621511;5373913,597100000828505;9,058884661000036;48,518319759000065;1
207543;08230701336100257330;08;3;36;084;2023;07;17;7;3;6;4;0;1;0;1;1;0;0;0;404878,879999999888241;5277714,071000000461936;7,733475930000054;47,645831490000035;1
207546;08230701327100293540;08;3;27;054;2023;07;11;7;3;0;1;0;0;1;0;0;0;0;1;483908,052500000223517;5316971,497700000181794;8,784252854000044;48,005836976000069;1
207548;08230701316100254600;08;3;16;011;2023;07;21;7;2;8;1;1;0;1;0;0;0;0;0;413842,968799999915063;5330101,283999999985099;7,842351976000032;48,118338683000047;1
207550;08230701231000248080;08;2;31;000;2023;07;11;7;3;8;1;0;0;1;0;0;0;0;0;475226,760999999940395;5414837,155999999493361;8,662072185000056;48,885991429000057;1
207552;08230701225100298140;08;2;25;058;2023;07;14;7;3;3;6;0;0;1;1;0;0;0;0;507761,183699999935925;5464436,709899999201298;9,106823540000050;49,332607257000063;1
207553;08230701222014250740;08;2;22;000;2023;07;11;7;3;5;2;0;0;1;1;0;0;0;0;462643,109199999831617;5481036,991200000047684;8,484275262000040;49,480826172000036;1
207555;08230701216100248050;08;2;16;043;2023;07;15;7;3;1;5;0;0;1;1;0;0;0;0;438402,234799999743700;5414501,501399999484420;8,159844857000053;48,880406414000049;1
207558;08230701121200566520;08;1;21;000;2023;07;13;7;3;6;4;0;0;0;1;1;0;0;0;516452,003499999642372;5443884,959300000220537;9,225598071000036;49,147568305000050;1
207559;08230701119400257370;08;1;19;079;2023;07;13;7;3;6;7;0;0;0;1;1;0;0;0;523106,594299999997020;5408592,414999999105930;9,314841248000050;48,829879973000061;1
207560;08230701119300256960;08;1;19;067;2023;07;16;7;3;0;1;0;0;1;0;0;0;0;0;536702,822399999946356;5404782,534700000658631;9,499751284000070;48,794953175000046;1
207561;08230701118100266330;08;1;18;040;2023;07;15;7;2;5;3;0;0;1;1;0;0;0;0;510044,752799999900162;5432188,299200000241399;9,137448203000076;49,042489911000075;1
207562;08230701118010257890;08;1;15;003;2023;07;18;7;2;5;3;0;0;1;1;0;0;0;0;501915,870699999853969;5392496,256500000134110;9,026030173000038;48,685505961000047;1
207566;08230701115400252410;08;1;15;045;2023;07;20;7;3;5;3;0;0;1;1;0;0;0;0;500655,738499999977648;5393520,571799999102950;9,008910884000045;48,694723402000079;1
207568;08230701111310249010;08;1;11;000;2023;07;14;7;3;5;2;0;0;1;1;0;0;0;0;515811,791199999861419;5405494,786800000816584;9,215326693000065;48,802242799000055;1
207569;08230630436400229260;08;4;36;009;2023;06;15;6;2;5;3;0;0;1;1;0;0;0;0;559803,687300000339746;5308209,539699999615550;9,800540305000027;47,924415892000070;1
207570;08230630436400216730;08;4;36;011;2023;06;09;6;3;0;7;0;0;1;0;0;0;0;0;549068,077999999746680;5297920,425699999555945;9,655673746000048;47,832758747000071;1
207571;08230630436300217330;08;4;36;081;2023;06;11;6;3;0;1;0;0;1;0;0;0;0;0;562510,548000000417233;5281618,481000000610948;9,832937291000064;47,684930120000047;1
207572;08230630435200218070;08;4;35;053;2023;06;14;6;3;6;7;0;0;0;0;1;0;0;1;507213,531600000336766;5293956,917700000107288;9,096328254000071;47,798929131000079;1
207573;08230630426200239020;08;4;26;070;2023;06;22;6;3;0;1;2;1;1;0;0;0;0;0;565656,954900000244379;5342224,545299999415874;9,884111199000074;48,229842017000067;1
207574;08230630421000242480;08;4;21;000;2023;06;10;6;3;5;2;0;1;1;1;0;0;0;0;573776,501400000415742;5361351,750900000333786;9,996775800000023;48,401004974000045;1
207575;08230630416200245610;08;4;16;041;2023;06;17;6;3;6;3;0;0;0;0;1;0;0;1;504331,656600000336766;5373729,200600000098348;9,058656672000041;48,516660975000036;1
207577;08230630415400231020;08;4;15;061;2023;06;16;6;3;6;2;0;0;0;1;1;0;0;0;513043,792000000365078;5371931,905999999493361;9,176574564000020;48,500371332000043;1
207579;08230630336400245590;08;3;36;014;2023;06;12;6;3;4;6;0;1;0;1;1;0;0;0;392727,318699999712408;5278471,222200000658631;7,571542841000053;47,650742107000042;1
207580;08230630335100222950;08;3;35;043;2023;06;15;6;3;6;4;0;0;0;1;1;0;0;0;511135,776700000278652;5281621,087099999189377;9,148389319000046;47,687880839000059;1
207581;08230630336300238740;08;3;36;081;2023;06;23;6;3;0;7;2;0;1;0;0;0;0;1;412457,346599999815226;5279044,007200000807643;7,834093348000067;47,658864890000075;1
207583;08230630317100238350;08;3;17;001;2023;06;13;6;3;5;3;0;0;1;1;0;0;0;0;430607,907399999909103;5386497,989099999889731;8,058269291000045;48,627697475000048;1
207584;08230630317010218590;08;3;17;089;2023;06;19;6;2;4;6;0;0;1;1;0;0;0;0;428756,809000000357628;5377558,028999999165535;8,034684337000044;48,547074550000048;1
207585;08230630311010236630;08;3;11;000;2023;06;06;6;3;5;3;1;0;1;0;0;0;0;0;415109,462000000290573;5315875,427999999374151;7,862188779000064;47,990542684000047;1
207586;08230630311010234350;08;3;11;000;2023;06;08;6;3;5;3;0;1;1;1;0;0;0;0;414639,972900000400841;5316610,226299999281764;7,855751241000064;47,997089992000042;1
207587;08230630226400244670;08;2;26;084;2023;06;17;6;3;9;7;0;0;1;0;0;0;0;0;469144,046000000089407;5470959,956900000572205;8,574804332000042;49,390551715000072;1
207588;08230630222800244160;08;2;22;000;2023;06;06;6;3;1;5;0;1;1;1;0;0;0;0;462947,992999999783933;5485880,889000000432134;8,488029730000051;49,524413156000037;1
207589;08230630222500216530;08;2;22;000;2023;06;08;6;3;5;3;0;0;1;1;0;0;0;0;463321,338399999774992;5478253,425300000235438;8,493896050000046;49,455830663000029;1
207590;08230630222014240090;08;2;22;000;2023;06;12;6;3;6;4;0;0;0;1;1;0;0;0;461996,267599999904633;5481516,266899999231100;8,475299720000066;49,485096853000073;1
207591;08230630221300228770;08;2;21;000;2023;06;14;6;3;5;3;0;0;1;1;0;0;0;0;477135,033599999733269;5475369,092000000178814;8,684664311000063;49,430563683000059;1
207592;08230630221300216360;08;2;21;000;2023;06;20;6;3;6;4;0;0;1;0;1;0;0;0;477227,047500000335276;5473389,165100000798702;8,686046914000030;49,412758048000057;1
207594;08230630221011238250;08;2;26;041;2023;06;13;6;3;2;7;0;0;1;0;0;0;0;1;477495,996000000275671;5467087,937400000169873;8,690111296000055;49,356089250000082;1
207596;08230630216200240610;08;2;16;008;2023;06;07;6;3;5;2;0;1;1;1;0;0;0;0;440710,026100000366569;5391137,574599999934435;8,194687054000042;48,670471166000027;1
207597;08230630215402363730;08;2;15;009;2023;06;17;6;3;6;7;0;0;0;0;1;0;0;1;470429,165699999779463;5441531,970399999991059;8,594686273000036;49,125911170000052;1
207598;08230630212010239680;08;2;12;000;2023;06;08;6;3;5;3;0;0;1;1;0;0;0;0;458410,246000000275671;5431465,783999999985099;8,430991159000030;49,034669534000045;1
207600;08230630212010222680;08;2;12;000;2023;06;07;6;3;0;6;0;0;1;0;0;0;0;1;454891,097299999557436;5428130,133400000631809;8,383217722000040;49,004417711000031;1
207602;08230630136300245890;08;1;36;065;2023;06;07;6;3;6;4;0;0;0;1;1;0;0;0;558338,168700000271201;5405079,240900000557303;9,794359535000069;48,795968489000074;1
207603;08230630136050244110;08;1;27;079;2023;06;23;6;3;0;1;2;1;1;0;0;0;0;0;561557,607400000095367;5424283,795399999246001;9,841083916000059;48,968399851000072;1
207604;08230630135010232930;08;4;25;135;2023;06;07;6;3;6;4;0;0;0;1;1;0;0;0;570633,190399999730289;5374583,905400000512600;9,956547500000056;48,520391032000077;1
207605;08230630121600238540;08;1;25;102;2023;06;12;6;3;0;1;0;0;1;0;0;0;0;0;520278,510599999688566;5444413,828700000420213;9,278095082000050;49,152211195000064;1
207607;08230630119010237540;08;1;19;067;2023;06;13;6;3;0;7;0;1;1;1;0;0;0;0;538441,375500000081956;5406086,771600000560284;9,523544777000041;48,806580445000066;1
207608;08230630118200230030;08;1;18;080;2023;06;05;6;3;5;3;0;0;1;1;0;0;0;0;506593,854700000025332;5411571,064999999478459;9,089893832000030;48,857070363000048;1
207610;08230630116500230360;08;1;16;049;2023;06;16;6;3;5;3;0;0;1;1;0;0;0;0;522861,655799999833107;5384945,501099999994040;9,310192916000062;48,617163351000045;1
207615;08230630111110302800;08;1;11;000;2023;06;17;6;3;6;4;0;0;0;1;1;0;0;0;516023,666299999691546;5405561,785000000149012;9,218214624000041;48,802840080000067;1
207616;08230629435100211680;08;4;35;024;2023;06;14;5;3;0;7;0;0;1;0;0;0;0;0;526953,806499999947846;5279168,651399999856949;9,359017384000026;47,665348829000038;1
207617;08230629426200238770;08;4;26;070;2023;06;13;5;3;5;3;0;0;1;1;0;0;0;0;566444,457700000144541;5343434,446499999612570;9,894903867000039;48,240643923000050;1
207619;08230629426010236880;08;4;25;039;2023;06;16;5;2;6;4;0;0;0;1;1;0;0;0;565642,116200000047684;5353797,611700000241399;9,885709504000033;48,333951035000041;1
207620;08230629426010228650;08;4;26;117;2023;06;13;5;1;5;3;0;0;1;0;0;0;0;1;581602,332000000402331;5316199,502000000327826;10,093808589000048;47,993885971000054;1
207621;08230629421000242410;08;1;35;019;2023;06;14;5;2;8;1;0;0;1;0;0;0;0;0;583231,682400000281632;5392429,197100000455976;10,130707395000059;48,679356523000081;1
207622;08230629421000241980;08;4;21;000;2023;06;19;5;3;0;3;1;1;1;1;0;0;0;0;571497,731999999843538;5362363,571000000461936;9,966164934000062;48,410369149000076;1
207624;08230629416200213170;08;4;16;041;2023;06;20;5;3;0;7;0;0;1;0;0;0;0;0;504316,339800000190735;5373868,045199999585748;9,058450698000058;48,517910178000079;1
207625;08230629415400245310;08;4;15;061;2023;06;15;5;3;0;7;0;0;1;0;1;0;0;0;516289,928600000217557;5372636,790699999779463;9,220544907000033;48,506636914000069;1
207627;08230629415300235280;08;4;15;093;2023;06;13;5;3;0;1;0;0;1;0;0;0;0;0;523998,739199999719858;5364622,984099999070168;9,324450994000074;48,434295017000068;1
207629;08230629415050241170;08;1;16;077;2023;06;09;5;3;5;3;0;0;1;1;0;0;0;0;513996,065999999642372;5389444,251099999994040;9,190055153000060;48,657895876000055;1
207630;08230629337010225220;08;3;37;051;2023;06;18;5;3;4;6;0;0;1;1;0;0;0;0;437105,653300000354648;5286154,150000000372529;8,161294884000029;47,725698879000049;1
207631;08230629336400302790;08;3;36;091;2023;06;16;5;3;8;6;0;0;1;1;0;0;0;0;396279,743300000205636;5271965,457200000062585;7,620373789000041;47,592800805000081;1
207636;08230629325000238050;08;3;26;074;2023;06;14;5;2;5;2;0;0;1;0;0;0;0;1;459853,952200000174344;5323714,544399999082088;8,461134069000025;48,065444069000080;1
207637;08230629317500211220;08;3;17;100;2023;06;07;5;3;0;1;0;0;1;0;0;0;0;0;424035,948699999600649;5367419,257400000467896;7,972573953000051;48,455322787000057;1
207638;08230629317200221160;08;3;17;057;2023;06;10;5;3;4;1;0;0;1;1;0;0;0;0;412590,385800000280142;5380558,247300000861287;7,815050102000043;48,572014957000079;1
207640;08230629311100239040;08;3;15;015;2023;06;14;5;3;5;7;0;0;1;1;0;0;0;0;394458,944299999624491;5320944,618200000375509;7,584235382000031;48,033062546000053;1
207641;08230629311010245840;08;3;11;000;2023;06;15;5;3;0;7;0;0;0;0;1;0;0;1;413616,197100000455976;5316926,385999999940395;7,841966790000072;47,999796451000066;1
207642;08230629311010227740;08;3;11;000;2023;06;15;5;3;0;7;0;0;1;0;0;0;0;0;410344,130199999548495;5316197,147399999201298;7,798264691000043;47,992786276000061;1
207643;08230629311010226920;08;3;11;000;2023;06;10;5;3;4;2;0;0;1;1;0;0;0;0;413339,125000000000000;5317066,082000000402331;7,838225024000053;48,001015563000067;1
207646;08230629231102229900;08;2;36;046;2023;06;13;5;3;6;4;0;0;0;1;1;0;0;0;484264,681800000369549;5418384,384500000625849;8,785219171000051;48,918196629000079;1
207647;08230629231000363650;08;2;37;028;2023;06;07;5;3;6;7;0;0;0;1;1;0;0;0;456477,202399999834597;5367358,975999999791384;8,411320319000026;48,457861152000078;1
207648;08230629222500236970;08;2;26;009;2023;06;16;5;3;5;2;0;0;1;1;0;0;0;0;466614,011400000192225;5471426,982699999585748;8,539902308000023;49,394619011000032;1
207649;08230629222400245240;08;2;26;038;2023;06;17;5;3;5;3;0;0;1;1;0;0;0;0;471486,667299999855459;5480363,746700000017881;8,606408657000031;49,475250442000061;1
207650;08230629222400244640;08;2;22;000;2023;06;17;5;3;0;7;0;0;1;0;0;0;0;0;468023,529099999926984;5479337,050599999725819;8,558688691000043;49,465843175000032;1
207651;08230629222200238700;08;2;22;000;2023;06;18;5;3;5;3;0;0;1;0;0;0;0;0;462736,141499999910593;5479251,521600000560284;8,485727715000053;49,464772460000063;1
207653;08230629221050241790;08;2;22;000;2023;06;09;5;3;2;6;0;0;1;0;0;0;0;1;462298,880499999970198;5481829,821100000292063;8,479447675000074;49,487935986000082;1
207654;08230629221011231820;08;2;21;000;2023;06;08;5;2;6;4;0;0;0;1;1;0;0;0;477143,207999999634922;5470660,350999999791384;8,685048116000075;49,388209621000044;1
207655;08230629212702233890;08;2;15;017;2023;06;19;5;3;5;3;0;0;1;1;0;0;0;0;456638,708999999798834;5421378,572599999606609;8,407831547000058;48,943811491000076;1
207656;08230629212302221620;08;2;12;000;2023;06;13;5;3;0;1;0;0;1;0;0;0;0;0;455461,750000000000000;5428767,359999999403954;8,390949990000024;49,010191069000030;1
207657;08230629212102247880;08;2;12;000;2023;06;08;5;3;0;1;0;0;1;0;0;0;0;0;458028,348799999803305;5428993,083599999547005;8,426022379000074;49,012401399000055;1
207658;08230629212010232960;08;2;12;000;2023;06;20;5;3;1;5;0;0;1;1;0;0;0;0;456509,836099999956787;5425211,125199999660254;8,405662176000021;48,978276995000044;1
207659;08230629212010229400;08;2;12;000;2023;06;18;5;2;4;6;0;0;1;0;0;0;0;0;457098,065100000239909;5428636,290300000458956;8,413338812000063;49,009128016000034;1
207660;08230629135010225680;08;1;35;019;2023;06;15;5;3;5;3;0;0;1;1;0;0;0;0;585809,724499999545515;5392324,815500000491738;10,165701136000052;48,678068652000036;1
207663;08230629121500216060;08;1;25;068;2023;06;16;5;3;6;4;0;0;0;1;1;0;0;0;519760,856499999761581;5459963,271500000730157;9,271762075000026;49,292097917000035;1
207664;08230629121500213290;08;1;25;065;2023;06;17;5;3;0;7;0;0;1;1;0;0;0;0;516472,997000000439584;5448969,026000000536442;9,226094100000068;49,193300343000033;1
207665;08230629119300238780;08;1;19;055;2023;06;07;5;3;6;4;0;0;1;0;1;0;0;0;543810,101800000295043;5405411,462899999693036;9,596587146000047;48,800150481000060;1
207666;08230702415050271410;08;1;16;049;2023;07;18;1;3;0;1;0;0;1;0;0;0;0;0;524643,898400000296533;5386181,452999999746680;9,334447887000067;48,628214375000027;1
207667;08230629119200223970;08;1;19;020;2023;06;08;5;3;6;7;0;0;0;1;1;0;0;0;520071,986999999731779;5406955,569599999114871;9,273413321000021;48,815260757000033;1
207668;08230629118600211590;08;1;18;050;2023;06;15;5;2;5;3;0;0;1;1;0;0;0;0;505997,630499999970198;5416778,152499999850988;9,081841922000024;48,903918304000058;1
207670;08230629118100210340;08;1;18;047;2023;06;06;5;3;5;3;0;0;1;1;0;0;0;0;508248,466400000266731;5427614,652300000190735;9,112775626000030;49,001374030000079;1
207671;08230629116400245520;08;1;16;033;2023;06;14;5;3;4;6;0;0;1;0;0;0;0;0;533070,222400000318885;5387792,879599999636412;9,448928831000046;48,642321803000073;1
207673;08230629116100358640;08;1;16;019;2023;06;18;5;3;6;4;0;0;0;1;1;0;0;0;522485,254999999888241;5398859,221999999135733;9,305842718000065;48,742344698000068;1
207674;08230629115400237220;08;1;15;045;2023;06;07;5;3;6;4;0;0;0;1;1;0;0;0;500382,743499999865890;5394890,895500000566244;9,005202403000055;48,707051179000075;1
207675;08230629115400226050;08;1;15;045;2023;06;13;5;3;0;7;0;0;1;1;0;0;0;0;501556,602500000037253;5394189,906799999997020;9,021155321000037;48,700743203000059;1
207677;08230629111500226760;08;1;11;000;2023;06;19;5;3;5;2;0;0;1;0;0;0;0;1;513254,375000000000000;5402381,805999999865890;9,180399307000073;48,774298519000070;1
207679;08230629111240252890;08;1;11;000;2023;06;16;5;3;5;3;0;0;1;1;0;0;0;0;515444,635400000028312;5403617,541899999603629;9,210256181000034;48,785364562000041;1
207681;08230629111130259190;08;1;11;000;2023;06;14;5;3;6;4;0;0;1;0;1;0;0;0;512735,980800000019372;5402017,207800000905991;9,173332422000044;48,771029446000057;1
207683;08230628436200211890;08;4;36;082;2023;06;22;4;2;0;7;2;0;1;0;0;0;0;0;547519,014200000092387;5294132,288100000470877;9,634560266000051;47,798793509000063;1
207684;08230628436100208270;08;4;36;055;2023;06;21;4;3;7;7;1;0;1;0;0;0;0;0;579256,898199999704957;5297527,194099999964237;10,058943174000035;47,826208937000047;1
207687;08230628426010213660;08;4;26;118;2023;06;08;4;2;7;1;0;0;1;0;0;0;0;0;548449,349100000225008;5326556,908999999985099;9,650633693000032;48,090438650000067;1
207688;08230628426010212020;08;4;26;073;2023;06;16;4;3;6;4;0;0;0;1;1;0;0;0;567841,056699999608099;5337157,506200000643730;9,912707349000073;48,184030469000049;1
207689;08230628426010207940;08;4;21;000;2023;06;07;4;2;5;3;0;0;1;0;0;0;0;1;571115,281299999915063;5360732,313400000333786;9,960721150000040;48,395738796000046;1
207690;08230628417200223890;08;4;17;002;2023;06;13;4;2;8;1;0;0;1;0;0;0;0;0;488772,201200000010431;5346458,762599999085069;8,848689378000074;48,271236035000072;1
207692;08230628337010237590;08;3;37;032;2023;06;18;4;3;5;3;0;0;1;1;0;0;0;0;437181,416000000201166;5272697,259999999776483;8,164239982000026;47,604637930000081;1
207693;08230628335300234810;08;3;35;075;2023;06;12;4;3;5;3;0;0;1;1;0;0;0;0;488608,328200000338256;5288030,215900000184774;8,848033188000045;47,745543167000051;1
207694;08230628335100245510;08;3;35;043;2023;06;23;4;3;4;6;2;0;1;0;0;0;0;1;513881,869599999859929;5280028,667799999937415;9,184931444000028;47,673499662000040;1
207695;08230628317000238420;08;3;17;146;2023;06;07;4;2;5;7;0;0;1;1;0;0;0;0;430152,743599999696016;5354877,380999999120831;8,057379191000052;48,343213172000048;1
207696;08230628316200226690;08;3;16;056;2023;06;17;4;3;6;4;0;0;1;0;1;0;0;0;422723,843399999663234;5327309,233599999919534;7,962164087000076;48,094362637000074;1
207697;08230628311010237270;08;3;15;098;2023;06;18;4;3;5;3;0;0;1;0;0;0;0;0;406733,912999999709427;5312714,121400000527501;7,750641695000070;47,960939792000033;1
207699;08230628311000241080;08;3;37;070;2023;06;20;4;3;0;1;0;0;1;0;0;0;0;0;468254,523400000296533;5275050,480599999427795;8,577459470000065;47,628078139000081;1