OID_;UIDENTSTLAE;ULAND;UREGBEZ;UKREIS;UGEMEINDE;UJAHR;UMONAT;USTUNDE;UWOCHENTAG;UKATEGORIE;UART;UTYP1;ULICHTVERH;IstStrassenzustand;IstRad;IstPKW;IstFuss;IstKrad;IstGkfz;IstSonstige;LINREFX;LINREFY;XGCSWGS84;YGCSWGS84;PLST
207702;08230628231000233300;08;2;31;000;2023;06;16;4;2;6;4;0;0;0;1;1;0;0;0;478010,246700000017881;5411766,313699999824166;8,700205788000062;48,858472087000052;1
207703;08230628225100223410;08;2;25;058;2023;06;13;4;3;6;4;0;0;0;1;1;0;0;0;509719,185399999842048;5466046,629300000146031;9,133812312000032;49,347060529000032;1
207704;08230628222800356010;08;2;22;000;2023;06;10;4;2;0;7;0;0;1;0;0;0;0;1;462372,099499999545515;5487747,247999999672174;8,479894506000051;49,541164475000073;1
207707;08230628221400224290;08;2;21;000;2023;06;10;4;3;5;3;0;0;1;1;0;0;0;0;476960,926500000059605;5469074,329700000584126;8,682628322000028;49,373936677000074;1
207708;08230628221011215800;08;2;21;000;2023;06;18;4;3;6;4;0;0;0;1;1;0;0;0;476661,514999999664724;5472319,524800000712276;8,678313352000032;49,403115378000052;1
207709;08230702231402255380;08;2;31;000;2023;07;01;1;3;8;1;2;1;1;0;0;0;0;0;476607,154400000348687;5416009,496500000357628;8,680834478000065;48,896591032000060;1
207712;08230628216100211780;08;2;16;043;2023;06;12;4;3;0;1;0;0;1;0;0;0;1;0;442377,020499999634922;5413050,320199999958277;8,214257400000065;48,867735318000030;1
207713;08230628215502237520;08;2;15;111;2023;06;16;4;3;6;6;0;0;0;1;1;0;0;0;457462,981800000183284;5448630,061100000515580;8,416223097000056;49,188997157000074;1
207715;08230628215102245010;08;2;15;105;2023;06;09;4;3;6;7;0;0;0;1;1;0;0;0;456925,790400000289083;5441595,976999999955297;8,409603617000073;49,125688836000052;1
207716;08230628212702212910;08;2;15;108;2023;06;16;4;3;5;3;0;0;1;1;0;0;0;0;450991,739599999971688;5424062,624800000339746;8,330395176000025;48,967533068000080;1
207718;08230628212502212450;08;2;12;000;2023;06;17;4;3;5;3;0;0;1;0;0;0;0;1;454602,886400000192225;5428863,415500000119209;8,379195206000077;49,010992507000026;1
207719;08230628212502210120;08;2;12;000;2023;06;12;4;3;5;3;0;0;1;1;0;0;0;0;453111,556099999696016;5431178,299900000914931;8,358535049000068;49,031703416000028;1
207721;08230628212010230800;08;2;12;000;2023;06;19;4;3;1;5;0;0;1;0;0;0;0;1;457874,958899999968708;5428905,364499999210238;8,423933931000022;49,011601900000073;1
207724;08230628212000241430;08;2;12;000;2023;06;19;4;3;0;7;0;0;1;0;0;0;0;0;454244,080199999734759;5429335,799000000581145;8,374235587000044;49,015215123000075;1
207725;08230628212000225420;08;2;12;000;2023;06;17;4;2;5;2;0;0;1;1;0;0;0;0;455019,950799999758601;5428497,136800000444055;8,384938795000039;49,007728343000053;1
207727;08230628136300210260;08;1;36;079;2023;06;14;4;3;0;7;0;0;1;0;0;0;0;0;560258,228400000371039;5401668,755799999460578;9,820001303000026;48,765107916000034;1
207729;08230628121500225900;08;1;25;096;2023;06;14;4;3;0;1;0;0;1;0;0;0;0;0;514795,953900000080466;5450490,639200000092387;9,203132668000023;49,207030393000082;1
207730;08230628121300207970;08;1;21;000;2023;06;19;4;3;0;7;0;0;1;0;0;0;0;0;508288,718999999575317;5447754,516000000759959;9,113739086000066;49,182540725000081;1
207731;08230628119500233740;08;1;19;085;2023;06;19;4;3;1;5;0;0;1;1;0;0;0;0;528629,804399999789894;5413161,907299999147654;9,390416119000065;48,870755409000026;1
207732;08230628119300208780;08;1;19;067;2023;06;12;4;3;5;3;0;0;1;1;0;0;0;0;539251,452300000004470;5410472,280500000342727;9,534996748000026;48,845979640000053;1
207734;08230628116200236700;08;1;16;080;2023;06;17;4;3;4;6;0;0;1;0;0;0;0;0;520608,315899999812245;5397080,388199999928474;9,280224121000060;48,726407370000061;1
207735;08230628115300226960;08;1;15;041;2023;06;14;4;3;6;7;0;0;0;1;1;0;0;0;494974,281200000084937;5402367,167999999597669;8,931597240000031;48,774287719000029;1
207736;08230628115100235830;08;1;15;003;2023;06;07;4;3;6;4;0;0;0;0;1;1;0;0;500968,526300000026822;5393056,296399999409914;9,013160295000034;48,690546328000039;1
207738;08230628111500233660;08;1;11;000;2023;06;09;4;3;4;6;0;0;1;1;0;0;0;0;513208,190499999560416;5407212,487999999895692;9,179926055000067;48,817755795000039;1
207739;08230628111500206860;08;1;11;000;2023;06;08;4;3;4;6;0;0;1;1;0;0;0;0;518969,436300000175834;5403565,938100000843406;9,258238360000064;48,784802822000074;1
207740;08230628111210257180;08;1;11;000;2023;06;01;4;2;0;1;2;0;1;0;0;0;0;0;508546,519600000232458;5398161,316600000485778;9,116235369000037;48,736413556000059;1
207741;08230627437000208550;08;4;35;016;2023;06;17;3;3;0;3;0;0;1;1;0;0;0;0;537084,600100000388920;5280548,039400000125170;9,494069463000073;47,677258129000052;1
207742;08230627436200224400;08;4;36;064;2023;06;16;3;3;3;6;0;0;1;1;0;0;0;0;542706,931599999777973;5291949,963099999353290;9,570089297000038;47,779496204000054;1
207743;08230627436200205100;08;4;36;064;2023;06;07;3;3;3;2;0;0;1;1;0;0;0;0;546258,999200000427663;5292733,814799999818206;9,617586179000057;47,786303236000037;1
207744;08230627426200233180;08;4;26;070;2023;06;19;3;3;0;1;0;0;1;0;0;0;0;0;565424,850999999791384;5341980,441500000655651;9,880948471000067;48,227670105000072;1
207745;08230627426010228610;08;4;26;021;2023;06;23;3;2;8;1;2;0;1;0;0;0;0;0;558222,983199999667704;5327328,679999999701977;9,781978976000062;48,096563614000047;1
207746;08230705121200323040;08;1;21;000;2023;07;14;4;3;6;7;0;0;0;0;1;0;0;1;515640,408099999651313;5442615,993200000375509;9,214419903000021;49,136174741000048;1
207747;08230705111240292810;08;1;11;000;2023;07;12;4;3;0;7;0;0;1;0;0;0;0;0;515995,690399999730289;5403397,425300000235438;9,217749369000046;48,783370489000049;1
207749;08230627421300233510;08;4;21;000;2023;06;07;3;2;6;4;0;0;0;1;1;0;0;0;570362,358300000429153;5362693,107699999585748;9,950879863000068;48,413461226000038;1
207750;08230627421200202550;08;4;21;000;2023;06;08;3;3;5;3;0;0;1;1;0;0;0;0;573458,512099999934435;5361447,744000000879169;9,992496998000036;48,401905588000034;1
207751;08230627417010206370;08;4;17;031;2023;06;12;3;3;6;4;0;0;0;1;1;0;0;0;497584,412600000388920;5356126,322499999776483;8,967391079000038;48,358307017000072;1
207753;08230627416200208260;08;4;16;041;2023;06;17;3;3;0;1;0;0;1;0;0;0;0;0;504299,991000000387430;5373840,425899999216199;9,058229022000035;48,517661817000032;1
207754;08230627415400224240;08;4;15;061;2023;06;19;3;3;0;1;0;0;1;0;0;0;0;0;513111,604299999773502;5371498,268400000408292;9,177478920000055;48,496468761000074;1
207758;08230627335200233380;08;3;35;061;2023;06;12;3;3;0;1;0;0;1;0;0;0;0;0;492647,671400000341237;5281837,773800000548363;8,902023111000062;47,689884635000055;1
207759;08230627335100566780;08;3;35;066;2023;06;18;3;3;5;3;0;0;1;1;0;0;0;0;506060,736200000159442;5281744,506699999794364;9,080763895000075;47,689058854000052;1
207760;08230627335000228270;08;3;35;043;2023;06;09;3;3;4;6;0;0;1;0;0;0;0;1;513338,834999999962747;5279153,969900000840425;9,177670571000021;47,665640855000049;1
207765;08230627231102233690;08;2;36;046;2023;06;17;3;3;5;3;0;0;1;1;0;0;0;0;483753,979600000195205;5417709,970300000160933;8,778275193000070;48,912116621000052;1
207766;08230627226700244330;08;2;26;076;2023;06;09;3;3;5;3;0;0;1;1;0;0;0;0;474564,474799999967217;5465987,441700000315905;8,649814152000033;49,346075139000050;1
207767;08230627222800245730;08;2;22;000;2023;06;16;3;3;1;7;0;0;0;0;1;0;0;1;461572,915099999867380;5488829,669399999082088;8,468742846000055;49,550850003000050;1
207768;08230627222800224700;08;2;22;000;2023;06;17;3;3;1;5;0;0;1;1;0;0;0;0;461850,234400000423193;5487269,961999999359250;8,472727622000036;49,536838933000070;1
207770;08230627222200235290;08;2;22;000;2023;06;10;3;3;1;5;0;0;1;1;0;0;0;0;462452,532499999739230;5480852,501599999144673;8,481661914000028;49,479155021000054;1
207772;08230703327100267450;08;3;27;050;2023;07;11;2;3;0;1;0;0;1;0;0;0;0;0;486608,341199999675155;5314733,037499999627471;8,820525683000028;47,985759501000075;1
207773;08230627221050243380;08;2;22;000;2023;06;08;3;3;6;7;0;0;0;1;1;0;0;0;461823,361700000241399;5483189,385700000450015;8,472750972000028;49,500134808000041;1
207777;08230629311300236760;08;3;11;000;2023;06;13;5;3;4;2;0;0;1;1;0;0;0;0;413873,059399999678135;5317729,254699999466538;7,845248278000042;48,007053196000072;1
207778;08230627212102233270;08;2;12;000;2023;06;19;3;3;0;1;0;0;1;0;0;0;0;0;458601,009499999694526;5428456,442800000309944;8,433908049000024;49,007612917000074;1
207780;08230627212010226160;08;2;12;000;2023;06;06;3;3;5;3;0;0;1;1;0;0;0;0;456945,936800000257790;5430155,355900000780821;8,411097483000049;49,022781592000058;1
207782;08230627211100205860;08;2;16;049;2023;06;17;3;3;5;3;0;0;1;1;0;0;0;0;438876,276100000366569;5401154,610400000587106;8,168298586000049;48,760398762000079;1
207784;08230627136100221650;08;1;36;088;2023;06;08;3;3;5;3;0;0;1;0;0;0;1;0;578141,076899999752641;5408562,969399999827147;10,064625907000050;48,825128954000036;1
207785;08230627127100203790;08;1;27;100;2023;06;10;3;3;0;1;0;0;1;0;0;0;0;0;551798,263899999670684;5435214,577800000086427;9,709145580000040;49,067616228000077;1
207786;08230627121400224720;08;1;25;058;2023;06;16;3;3;0;7;0;0;1;1;0;0;0;0;508824,553100000135601;5443568,250399999320507;9,121000083000069;49,144876367000052;1
207788;08230627121200232920;08;1;21;000;2023;06;08;3;2;6;7;0;0;0;1;1;0;0;0;514763,502899999730289;5441449,540100000798702;9,202355471000033;49,125703780000038;1
207789;08230627121200209340;08;1;21;000;2023;06;16;3;3;5;2;0;0;1;1;0;0;0;0;514791,989799999631941;5440925,674599999561906;9,202726713000061;49,120990733000042;1
207791;08230627119300233230;08;1;19;067;2023;06;11;3;3;5;3;0;0;1;1;0;0;0;0;538995,483400000259280;5406208,828199999406934;9,531102599000064;48,807643888000030;1
207793;08230627117400239640;08;1;17;051;2023;06;21;3;3;5;3;1;0;1;1;0;0;0;0;543886,811999999918044;5394919,449999999254942;9,596513307000066;48,705764012000031;1
207794;08230627116100348370;08;1;16;019;2023;06;21;3;3;0;1;1;1;1;0;0;0;0;0;525600,252600000239909;5397143,001700000837445;9,348105304000057;48,726785571000050;1
207795;08230627116100208400;08;1;16;019;2023;06;17;3;3;4;6;0;0;1;0;0;0;0;0;525150,491799999959767;5396412,424699999392033;9,341945136000049;48,720231694000063;1
207796;08230627115100234260;08;1;15;013;2023;06;08;3;3;0;7;0;0;1;0;0;0;0;0;496346,221099999733269;5389610,159499999135733;8,950383067000075;48,659534512000050;1
207798;08230627111500247780;08;1;11;000;2023;06;16;3;3;6;4;0;0;1;0;1;0;0;0;510872,639600000344217;5400439,388699999079108;9,147931377000077;48,756870802000037;1
207801;08230627111000269260;08;1;11;000;2023;06;09;3;3;0;1;0;0;1;0;0;0;0;0;511879,266099999658763;5396044,334000000730157;9,161500619000037;48,717314527000042;1
207802;08230626436400228860;08;4;36;005;2023;06;23;2;3;0;1;2;0;1;0;0;0;0;0;540532,816499999724329;5308629,540799999609590;9,542632144000038;47,929703056000051;1
207803;08230626436200229230;08;4;36;064;2023;06;17;2;3;5;2;0;0;1;1;0;0;0;0;545107,450400000438094;5292305,403799999505281;9,602168661000064;47,782530495000060;1
207805;08230626435100215500;08;4;35;035;2023;06;09;2;3;5;3;0;0;1;1;0;0;0;0;541935,512299999594688;5281971,678200000897050;9,558830831000023;47,689770501000055;1
207807;08230626416200200500;08;4;16;041;2023;06;08;2;3;0;1;0;0;1;0;0;0;0;0;504020,147900000214577;5375199,397099999710917;9,054452587000071;48,529889465000053;1
207808;08230626416010208740;08;4;16;025;2023;06;14;2;2;6;4;0;0;0;1;1;0;0;0;503656,222400000318885;5361248,548100000247359;9,049401284000055;48,404383585000062;1
207809;08230626416010202490;08;4;16;025;2023;06;13;2;3;5;3;0;0;0;0;1;0;0;1;509584,028099999763072;5362177,583399999886751;9,129516286000069;48,412679408000031;1
207810;08230626415400231500;08;4;15;061;2023;06;15;2;3;6;6;0;0;1;0;1;0;0;0;515310,125300000421703;5369938,749199999496341;9,207180793000020;48,482389036000029;1
207812;08230626336400246440;08;3;36;006;2023;06;13;2;3;4;6;0;0;1;0;0;0;0;1;391764,594600000418723;5287439,165400000289083;7,556502576000071;47,731246827000064;1
207813;08230626335100205050;08;3;35;043;2023;06;13;2;3;0;1;0;0;1;0;0;0;0;0;512878,269000000320375;5279364,956499999389052;9,171542174000024;47,667548579000027;1
207814;08230626317600204180;08;3;17;040;2023;06;18;2;3;6;4;0;0;0;1;1;0;0;0;432234,714999999850988;5347643,600700000301003;8,086634664000030;48,278368119000049;1
207815;08230626317300203710;08;3;17;152;2023;06;12;2;3;4;6;0;0;1;0;0;0;0;1;406610,599899999797344;5349042,189500000327826;7,741029027000025;48,287686637000036;1
207818;08230626311010204190;08;3;11;000;2023;06;16;2;3;5;3;0;0;1;0;0;0;0;1;414184,368999999947846;5320761,698999999091029;7,848814082000047;48,034372931000064;1
207819;08230626311010203950;08;3;11;000;2023;06;13;2;3;5;3;0;0;1;1;0;0;0;0;411562,321499999612570;5319633,120899999514222;7,813880949000065;48,023863344000063;1
207820;08230626311000244050;08;3;11;000;2023;06;22;2;3;0;7;2;0;0;0;1;1;0;0;411064,358000000007451;5316606,710999999195337;7,807831482000040;47,996570980000058;1
207821;08230626237100233130;08;2;37;028;2023;06;17;2;3;6;7;0;0;0;1;1;0;0;0;456807,511800000444055;5368343,433499999344349;8,415686125000036;48,466740088000051;1
207822;08230626222600229050;08;2;22;000;2023;06;20;2;3;6;2;0;0;0;1;1;0;0;0;461418,084999999962747;5484371,934299999848008;8,467038513000034;49,510745522000036;1
207825;08230626222014199620;08;2;22;000;2023;06;14;2;2;5;3;0;0;1;1;0;0;0;0;462192,877700000070035;5481275,211699999868870;8,478037156000028;49,482940966000058;1
207827;08230626221300228540;08;2;26;012;2023;06;06;2;3;4;6;0;0;1;1;0;0;0;0;476196,727900000289083;5477538,106899999082088;8,671593895000058;49,450037485000053;1
207828;08230626221200215480;08;2;21;000;2023;06;11;2;3;5;3;0;0;1;1;0;0;0;0;477631,527400000020862;5471953,192600000649691;8,691703966000034;49,399856695000040;1
207829;08230626415050243010;08;4;16;041;2023;06;20;2;2;5;3;0;0;1;1;0;0;0;0;503282,721499999985099;5375018,615100000053644;9,044462784000075;48,528267377000077;1
207830;08230626221050244060;08;2;26;098;2023;06;16;2;3;6;4;0;0;0;1;1;0;0;0;477968,567200000397861;5460417,337999999523163;8,696987121000063;49,296104605000039;1
207831;08230626221050243430;08;2;26;041;2023;06;15;2;3;6;4;0;0;0;0;1;0;0;1;477515,808400000445545;5466332,454099999740720;8,690426764000051;49,349294460000067;1
207832;08230626221050242900;08;2;26;098;2023;06;13;2;3;5;6;0;0;1;1;0;0;0;0;476642,740000000223517;5459598,350999999791384;8,678800302000070;49,288688550000074;1
207833;08230626215102231330;08;2;12;000;2023;06;08;2;3;6;3;0;0;1;0;1;0;0;0;459916,650100000202656;5430431,040899999439716;8,451702258000068;49,025461635000056;1
207834;08230626212010210370;08;2;12;000;2023;06;20;2;3;5;3;1;0;1;0;0;0;0;0;458496,788099999539554;5429881,125000000000000;8,432337298000050;49,020421150000061;1
207835;08230626136200219220;08;1;36;019;2023;06;07;2;3;6;4;0;0;0;1;1;0;0;0;582734,669999999925494;5423922,520999999716878;10,130308952000064;48,962678405000077;1
207836;08230626136100217670;08;1;36;088;2023;06;10;2;3;0;1;0;0;1;0;0;0;0;0;581510,565399999730289;5408878,704600000753999;10,110587124000062;48,827535685000043;1
207837;08230626127100230840;08;1;27;076;2023;06;20;2;3;6;7;0;0;1;0;1;0;0;0;553071,375000000000000;5439102,591000000014901;9,727084121000075;49,102479571000060;1
207839;08230626121500200560;08;1;25;065;2023;06;09;2;2;6;4;0;0;0;1;1;0;0;0;516469,713000000454485;5449004,339999999850988;9,226050475000022;49,193618089000040;1
207840;08230626119400240110;08;1;19;090;2023;06;18;2;2;0;6;0;0;1;0;0;0;0;0;532498,065799999982119;5405978,982899999246001;9,442595257000050;48,805950020000068;1
207841;08230626119400219110;08;1;19;091;2023;06;09;2;3;5;3;0;0;1;0;0;0;0;1;528371,881099999882281;5406394,551100000739098;9,386430384000050;48,809890416000030;1
207842;08230626119200233340;08;1;19;093;2023;06;16;2;3;0;3;0;0;1;1;0;0;0;0;523402,816399999894202;5406723,016300000250340;9,318770725000036;48,813052223000057;1
207846;08230626118200232630;08;1;18;027;2023;06;13;2;3;6;7;0;0;0;0;1;0;0;1;501940,123999999836087;5412552,106699999421835;9,026454321000074;48,865927658000032;1
207847;08230626116400232440;08;1;16;033;2023;06;07;2;3;0;1;0;0;1;0;0;0;0;0;534022,367600000463426;5388895,708399999886751;9,461944391000031;48,652191615000049;1
207848;08230626116010232260;08;1;16;019;2023;06;07;2;3;5;3;0;0;1;1;0;0;0;0;521859,750900000333786;5397952,228599999099970;9,297286663000023;48,734207737000077;1
207849;08230626111500247690;08;1;11;000;2023;06;18;2;3;6;4;0;0;0;1;1;0;0;0;513227,447200000286102;5401764,959200000390410;9,180012969000074;48,768749981000042;1
207850;08230626111240267210;08;1;11;000;2023;06;14;2;3;0;7;0;0;1;0;0;0;0;0;513962,442900000140071;5403509,341600000858307;9,190074739000067;48,784426244000031;1
207851;08230626111240247700;08;1;11;000;2023;06;19;2;3;6;4;0;0;1;0;1;0;0;0;519481,731599999591708;5401620,097200000658631;9,265120168000067;48,767282451000028;1
207852;08230625436500227310;08;4;36;081;2023;06;01;1;3;0;1;2;0;1;0;0;0;0;0;563942,967400000430644;5282554,431199999526143;9,852158926000072;47,693210434000036;1
207853;08230625436300196970;08;4;36;081;2023;06;21;1;3;0;1;2;0;1;0;0;0;0;0;557012,418499999679625;5281978,283099999651313;9,759730077000029;47,688675618000048;1
207854;08230625426300195800;08;4;26;124;2023;06;15;1;3;5;3;0;0;1;1;0;0;0;0;542859,136199999600649;5334826,592100000008941;9,576397968000038;48,165237623000053;1
207855;08230625426200216090;08;4;26;070;2023;06;22;1;3;0;1;2;0;1;0;0;0;0;0;565910,088499999605119;5339702,887700000777841;9,887127349000025;48,207131523000044;1
207856;08230625426200211900;08;4;26;070;2023;06;02;1;3;6;1;2;0;0;0;1;0;0;1;565876,509200000204146;5342070,904999999329448;9,887043378000044;48,228437137000071;1
207857;08230625421200218810;08;4;25;072;2023;06;11;1;2;0;1;0;0;1;0;0;0;0;0;583040,750699999742210;5373341,453800000250340;10,124297946000070;48,507696973000066;1
207859;08230629231000230040;08;2;31;000;2023;06;16;5;3;6;7;0;0;0;1;1;0;0;0;475375,372700000181794;5414941,659199999645352;8,664093041000058;48,886937425000042;1
207861;08230625335200197070;08;3;35;063;2023;06;09;1;3;5;3;0;0;1;1;0;0;0;0;497556,728199999779463;5287979,777599999681115;8,967406571000026;47,745185326000069;1
207862;08230625335050243510;08;3;26;012;2023;06;10;1;3;0;7;0;0;1;0;0;0;0;0;466728,826700000092387;5314287,944599999114871;8,554141805000029;47,981029809000063;1
207863;08230625335010231180;08;3;35;063;2023;06;13;1;2;0;1;0;0;1;0;0;0;0;0;498730,375199999660254;5286620,010199999436736;8,983067077000044;47,732954064000069;1
207864;08230625317300216000;08;3;17;065;2023;06;20;1;3;5;3;0;0;1;0;0;1;0;0;414020,013199999928474;5355284,961899999529123;7,839619424000034;48,344889387000080;1
207866;08230625311400219140;08;3;15;074;2023;06;18;1;3;9;7;0;0;1;0;0;0;0;0;399336,570000000298023;5295575,553700000047684;7,655572469000049;47,805659884000079;1
207867;08230625317200199280;08;3;17;057;2023;06;17;1;2;6;4;0;0;0;1;1;0;0;0;412293,003899999894202;5380626,862400000914931;7,811005139000031;48,572590552000065;1
207870;08230625221011223600;08;2;21;000;2023;06;04;1;2;6;4;1;0;0;0;1;0;0;1;478719,037200000137091;5472975,908900000154972;8,706637681000075;49,409094884000069;1
207871;08230625216200195430;08;2;16;007;2023;06;12;1;3;5;3;0;0;1;0;0;0;0;0;436518,800400000065565;5394194,243899999186397;8,137296251000066;48,697554183000079;1
207874;08230625212102200820;08;2;12;000;2023;06;12;1;2;0;7;0;0;1;0;0;0;0;0;462758,501000000163913;5428458,000000000000000;8,490755178000029;49,007891822000033;1
207875;08230627126200235610;08;1;26;066;2023;06;17;3;3;8;1;0;0;1;0;0;0;0;0;536241,472799999639392;5449646,543099999427795;9,497472400000049;49,198544777000052;1
207876;08230625212010229980;08;2;15;017;2023;06;19;1;2;1;5;0;0;1;1;0;0;0;0;455683,480700000189245;5421816,168600000441074;8,394739511000068;48,947680049000041;1
207877;08230625212010229810;08;2;12;000;2023;06;10;1;3;5;3;0;0;1;0;0;0;0;0;455948,806800000369549;5427807,987700000405312;8,397714076000057;49,001596372000051;1
207878;08230625212010197140;08;2;15;108;2023;06;11;1;3;5;3;0;0;1;1;0;0;0;0;451673,180200000293553;5423476,479100000113249;8,339774725000041;48,962314309000078;1
207879;08230629212010212580;08;2;12;000;2023;06;23;5;3;0;7;2;0;1;0;0;0;0;0;456864,867999999783933;5428693,841000000014901;8,410144026000069;49,009629435000079;1
207881;08230625136100228220;08;1;36;088;2023;06;22;1;2;9;1;2;0;1;0;0;0;0;0;582649,303500000387430;5406745,324999999254942;10,125669627000036;48,808197222000047;1
207882;08230625128100196190;08;1;28;058;2023;06;11;1;3;0;1;0;0;1;0;0;0;0;0;558909,391699999570847;5482984,301200000569224;9,813528833000021;49,496631102000038;1
207884;08230625126100222870;08;1;26;056;2023;06;14;1;2;5;3;0;0;1;0;0;0;0;0;558830,742399999871850;5469490,594299999997020;9,810440502000063;49,375275916000078;1
207885;08230625126100200200;08;1;26;046;2023;06;16;1;3;0;7;0;0;1;0;0;0;0;0;549258,196100000292063;5460286,602800000458956;9,677444560000026;49,293340157000046;1
207887;08230628416200207780;08;4;16;041;2023;06;14;4;3;2;6;0;0;1;1;0;0;0;0;503480,442999999970198;5376401,213500000536442;9,047152368000070;48,540704643000026;1
207888;08230625119400232020;08;1;19;079;2023;06;18;1;3;6;2;0;0;0;1;1;0;0;0;522913,322300000116229;5408575,552200000733137;9,312206899000046;48,829735441000025;1
207889;08230625119400228930;08;1;19;079;2023;06;12;1;3;5;3;0;0;1;0;0;0;0;0;522545,850100000388920;5407734,734999999403954;9,307153731000028;48,822185102000049;1
207890;08230625119400211700;08;1;19;091;2023;06;09;1;1;8;1;0;0;1;0;0;0;0;0;528726,847000000067055;5404805,497999999672174;9,391153792000068;48,795579437000072;1
207892;08230625117200244290;08;1;17;024;2023;06;11;1;2;0;1;0;0;1;0;0;0;0;0;562291,021200000308454;5385499,829700000584126;9,845222598000021;48,619466416000080;1
207893;08230625116010223160;08;1;16;019;2023;06;22;1;3;5;3;2;0;1;1;0;0;0;0;522456,611600000411272;5400361,301999999210238;9,305535030000044;48,755858265000029;1
207895;08230625111500239430;08;1;11;000;2023;06;18;1;3;1;5;0;0;1;1;0;0;0;0;506038,573300000280142;5399367,318499999120831;9,082144228000061;48,747292120000054;1
207897;08230625111230196230;08;1;11;000;2023;06;11;1;3;5;2;0;0;1;1;0;0;0;0;507486,044700000435114;5397166,221799999475479;9,101794528000028;48,727475306000031;1
207898;08230624437100247660;08;4;37;088;2023;06;16;7;3;6;1;0;0;0;1;1;0;0;0;518790,090900000184774;5307953,103099999949336;9,251526981000040;47,924623449000080;1
207899;08230624436300220990;08;4;36;052;2023;06;02;7;2;9;1;2;0;1;0;0;0;0;0;565763,505300000309944;5299476,763299999758601;9,878979714000025;47,845269356000074;1
207900;08230624436300196370;08;4;36;081;2023;06;14;7;2;4;6;0;0;1;1;0;0;0;0;560354,037999999709427;5282997,688100000843406;9,804396112000063;47,697543531000065;1
207901;08230624435100231970;08;4;35;016;2023;06;10;7;3;6;7;0;0;0;0;1;0;0;1;535932,195899999700487;5278005,131899999454618;9,478507659000059;47,654443656000069;1
207903;08230624426010211940;08;4;21;000;2023;06;21;7;3;5;3;1;0;1;1;0;0;0;0;572066,108000000007451;5355267,064999999478459;9,972627512000031;48,346469258000070;1
207904;08230624425000217000;08;4;25;033;2023;06;13;7;3;4;2;0;0;1;1;0;0;0;0;553897,310999999754131;5347436,891000000759959;9,726438954000059;48,277841151000075;1
207906;08230624337100214790;08;3;37;096;2023;06;13;7;3;5;3;0;0;1;1;0;0;0;0;420361,735700000077486;5267102,046800000593066;7,941515544000026;47,552453214000082;1
207909;08230624326300226660;08;3;26;031;2023;06;09;7;3;1;5;0;0;1;1;0;0;0;0;456617,273000000044703;5331959,946100000292063;8,416853101000072;48,139412373000027;1
207912;08230624311500207640;08;3;15;113;2023;06;11;7;3;0;7;0;0;1;1;0;0;0;0;434538,178500000387430;5308865,760399999096990;8,123628182000061;47,929766503000053;1
207914;08230624311010212550;08;3;11;000;2023;06;07;7;2;0;7;0;0;1;0;0;0;0;0;415137,838499999605119;5315474,640900000929832;7,862648264000029;47,986941198000068;1
207917;08230624222400233240;08;2;26;038;2023;06;19;7;3;7;7;0;0;1;0;0;0;0;0;471541,196000000461936;5479899,375000000000000;8,607194743000036;49,471076133000054;1
207918;08230624221011210780;08;2;22;000;2023;06;18;7;1;5;3;0;0;1;0;0;0;0;1;462415,733400000259280;5478005,756500000134110;8,481424257000072;49,453547645000071;1
207920;08230624216200192990;08;2;16;007;2023;06;11;7;3;5;3;0;0;1;1;0;0;0;0;436347,647900000214577;5394127,099400000646710;8,134980929000051;48,696932775000050;1
207921;08230624216100230370;08;2;16;009;2023;06;15;7;3;3;6;0;0;1;0;0;0;0;0;446677,975700000301003;5420765,562699999660254;8,271892286000025;48,937518971000031;1
207923;08230624215102211300;08;2;12;000;2023;06;16;7;3;5;3;0;0;1;0;0;0;0;0;459812,234400000423193;5430325,015100000426173;8,450284536000026;49,024501120000082;1
207925;08230624212702233080;08;2;15;017;2023;06;16;7;3;0;3;0;0;1;1;0;0;0;0;454288,851300000213087;5421395,290799999609590;8,375740512000050;48,943792671000040;1
207926;08230624212010220910;08;2;12;000;2023;06;22;7;2;0;7;2;0;1;0;0;0;0;0;452010,612200000323355;5427147,989900000393391;8,343950990000053;48,995366058000059;1
207927;08230624212000243170;08;2;15;108;2023;06;15;7;3;0;7;0;0;1;0;0;0;0;0;451424,492399999871850;5424051,524599999189377;8,336308829000075;48,967467388000046;1
207928;08230624136100244620;08;1;36;088;2023;06;15;7;3;0;7;0;0;1;0;0;0;0;0;578092,968899999745190;5410372,351600000634789;10,064315285000021;48,841409175000081;1
207929;08230624136100226000;08;1;36;088;2023;06;22;7;2;0;1;2;0;1;0;0;0;0;0;579733,086199999786913;5409989,705700000748038;10,086589541000023;48,837759063000078;1
207930;08230624126100222800;08;1;26;046;2023;06;12;7;2;0;7;0;0;1;0;0;0;0;0;549633,201000000350177;5456480,730799999088049;9,682129343000042;49,259077721000040;1
207931;08230624119200223420;08;1;19;020;2023;06;22;7;3;0;7;2;0;1;0;0;0;0;0;519553,468200000002980;5408201,849099999293685;9,266409738000050;48,826488574000052;1
207932;08230624115200224950;08;1;15;021;2023;06;19;7;3;5;3;0;0;1;1;0;0;0;0;490810,518299999646842;5380201,354100000113249;8,875418896000042;48,574834150000072;1
207933;08230624111500253600;08;1;11;000;2023;06;16;7;3;5;3;0;0;1;0;0;0;0;1;511485,810999999754131;5406553,573999999091029;9,156444922000048;48,811862521000080;1