OID_;UIDENTSTLAE;ULAND;UREGBEZ;UKREIS;UGEMEINDE;UJAHR;UMONAT;USTUNDE;UWOCHENTAG;UKATEGORIE;UART;UTYP1;ULICHTVERH;IstStrassenzustand;IstRad;IstPKW;IstFuss;IstKrad;IstGkfz;IstSonstige;LINREFX;LINREFY;XGCSWGS84;YGCSWGS84;PLST
208402;08230726111140335610;08;1;11;000;2023;07;08;4;3;5;3;0;1;1;0;0;0;0;0;512350,500000000000000;5401325,866000000387430;9,168065425000066;48,764817946000051;1
208404;08230725435200313160;08;4;35;059;2023;07;09;3;3;5;3;0;0;1;1;0;0;0;0;511640,672699999995530;5291172,305199999362230;9,155372663000037;47,773809772000050;1
208405;08230725435200312340;08;4;35;059;2023;07;12;3;3;2;6;0;0;1;1;0;0;0;0;512810,360199999995530;5289928,377100000157952;9,170948198000076;47,762595319000070;1
208407;08230725426200341430;08;4;26;134;2023;07;17;3;3;8;1;0;0;1;0;0;0;0;0;558860,764100000262260;5336110,076700000092387;9,791757735000033;48,175503459000026;1
208408;08230725426100355410;08;4;26;021;2023;07;17;3;3;1;3;0;0;1;1;0;0;0;0;559216,232900000177324;5326778,321200000122190;9,795241402000045;48,091520947000049;1
208409;08230725421300330780;08;4;21;000;2023;07;15;3;3;0;1;0;0;1;0;0;0;0;0;572332,848000000230968;5360280,764599999412894;9,977089436000028;48,391538488000037;1
208410;08230725416010341910;08;4;16;022;2023;07;17;3;2;6;2;0;0;0;1;1;0;0;0;510864,962700000032783;5375360,673599999397993;9,147169051000049;48,531259179000074;1
208411;08230725335300359140;08;3;35;075;2023;07;17;3;2;6;4;0;0;0;1;1;0;0;0;488907,595399999991059;5287647,006999999284744;8,852035220000062;47,742100439000069;1
208412;08230725335000338280;08;3;35;043;2023;07;12;3;1;5;3;0;0;1;0;0;0;0;1;512848,558100000023842;5280174,030600000172853;9,171170221000068;47,674828948000027;1
208413;08230725326200360890;08;3;26;074;2023;07;09;3;3;6;7;0;0;0;0;1;0;1;0;465285,109199999831617;5323475,716800000518560;8,534051231000035;48,063614139000038;1
208414;08230725325202324860;08;3;25;049;2023;07;17;3;3;6;2;0;1;0;1;1;0;0;0;473294,219899999909103;5334663,865900000557303;8,640847485000052;48,164657658000067;1
208415;08230725317500333270;08;3;17;096;2023;07;14;3;3;2;6;0;1;0;1;1;0;1;0;422901,666199999861419;5370057,085200000554323;7,956748972000071;48,478911974000027;1
208416;08230725317300340970;08;3;17;073;2023;07;13;3;3;0;1;0;0;1;0;0;0;0;0;411806,825299999676645;5348497,587300000712276;7,811176273000058;48,283533489000035;1
208417;08230725311010355010;08;3;11;000;2023;07;12;3;3;0;7;0;0;1;0;0;0;0;0;412753,944000000134110;5315958,532700000330806;7,830606950000060;47,990973206000035;1
208418;08230725311010347660;08;3;11;000;2023;07;14;3;3;5;2;0;0;1;1;0;0;0;0;412057,426199999637902;5318859,199899999424815;7,820678601000054;48,016970093000054;1
208419;08230725311010345710;08;3;11;000;2023;07;17;3;3;5;3;0;1;1;0;0;0;0;1;413041,332200000062585;5316506,267400000244379;7,834347124000033;47,995939408000027;1
208420;08230725311010315260;08;3;36;105;2023;07;17;3;3;6;4;0;1;0;1;1;0;0;0;398748,036999999545515;5267723,134999999776483;7,654174424000075;47,555029675000071;1
208421;08230725311010314490;08;3;11;000;2023;07;16;3;3;4;2;0;1;1;1;0;0;0;0;413336,784199999645352;5317067,569199999794364;7,838193349000051;48,001028623000082;1
208422;08230725311010312860;08;3;11;000;2023;07;09;3;3;2;6;0;0;1;1;0;0;0;1;414547,725999999791384;5315643,557700000703335;7,854707384000051;47,988382100000081;1
208424;08230725222500312900;08;2;22;000;2023;07;09;3;3;5;3;0;0;1;1;0;0;0;0;462210,194699999876320;5478755,566299999132752;8,478516869000032;49,460279081000067;1
208426;08230725212402333210;08;2;12;000;2023;07;18;3;3;0;1;0;1;1;0;0;0;0;0;455666,433600000105798;5426820,169999999925494;8,393961388000037;48,992690620000076;1
208427;08230725212102348910;08;2;12;000;2023;07;12;3;3;5;3;0;1;1;1;0;0;0;0;457896,004399999976158;5428022,031999999657273;8,424313325000071;49,003657628000042;1
208429;08230725136300348570;08;1;36;065;2023;07;18;3;3;5;3;0;0;1;1;0;0;0;0;560361,608000000007451;5404959,891000000759959;9,821891172000051;48,794701777000057;1
208430;08230725119300335480;08;1;19;067;2023;07;17;3;3;5;3;0;0;1;1;0;0;0;0;539283,976599999703467;5406696,252399999648333;9,535078234000025;48,812010353000062;1
208434;08230725111500313440;08;1;11;000;2023;07;07;3;3;5;2;0;1;0;0;1;0;1;0;513623,944899999536574;5408647,650100000202656;9,185637236000048;48,830657312000028;1
208438;08230726111500317190;08;1;11;000;2023;07;09;4;3;6;4;0;1;0;0;1;0;0;1;518566,307699999772012;5402926,607300000265241;9,252721592000057;48,779063649000079;1
208439;08230724436200313930;08;4;36;064;2023;07;14;2;3;0;1;0;1;1;0;0;0;0;0;544853,640200000256300;5288600,448000000789762;9,598398120000070;47,749214494000057;1
208441;08230724435100314500;08;4;35;016;2023;07;13;2;3;7;7;0;0;1;0;0;0;0;0;533159,942800000309944;5278797,037900000810623;9,441650934000052;47,661716825000042;1
208442;08230724421300334390;08;4;21;000;2023;07;06;2;3;0;3;0;0;1;0;0;0;0;1;572983,884499999694526;5356486,501700000837445;9,985223686000040;48,357333070000038;1
208443;08230724421300326610;08;4;21;000;2023;07;11;2;3;2;6;0;0;1;1;0;0;0;0;571047,797500000335276;5359883,078800000250340;9,959665950000044;48,388107278000064;1
208445;08230724415400343150;08;4;15;061;2023;07;07;2;3;8;7;0;0;1;0;0;0;0;0;514010,294499999843538;5370878,887299999594688;9,189622761000066;48,490877186000034;1
208446;08230724415100312940;08;4;15;050;2023;07;16;2;3;6;4;0;1;0;1;1;0;0;0;521212,103000000119209;5378070,864000000059605;9,287460695000050;48,555376176000038;1
208447;08230724335300340690;08;3;35;022;2023;07;16;2;3;6;4;0;1;0;1;1;0;0;0;483019,989000000059605;5300256,759899999946356;8,773005611000031;47,855427731000077;1
208449;08230724335100308200;08;3;35;043;2023;07;13;2;3;8;1;0;1;1;0;0;0;0;0;514132,571499999612570;5279631,000800000503659;9,188258356000063;47,669916160000071;1
208452;08230724317300310470;08;3;17;026;2023;07;12;2;3;5;3;0;0;1;1;0;0;0;0;412871,194000000134110;5344243,471999999135733;7,826397020000059;48,245415638000054;1
208454;08230724311010328030;08;3;11;000;2023;07;13;2;3;1;5;0;0;1;1;0;0;0;0;409960,105200000107288;5316843,981599999591708;7,792982738000035;47,998550715000079;1
208455;08230724311010312830;08;3;11;000;2023;07;14;2;2;0;7;0;1;1;0;0;0;0;0;413744,569000000134110;5316483,886700000613928;7,843776289000061;47,995833346000040;1
208457;08230724231102343800;08;2;36;040;2023;07;11;2;3;6;4;0;1;0;1;1;0;0;0;488706,909099999815226;5421856,192299999296665;8,845757346000028;48,949524904000043;1
208459;08230724222400310520;08;2;22;000;2023;07;13;2;3;0;1;0;0;1;0;0;0;0;0;468637,487099999561906;5477338,350800000131130;8,567320041000073;49,447897598000054;1
208461;08230724212702324550;08;2;15;110;2023;07;20;2;3;0;7;1;1;1;0;0;0;0;0;462561,403699999675155;5419425,243100000545382;8,488891286000069;48,926627457000052;1
208462;08230724212010344320;08;2;12;000;2023;07;19;2;3;1;5;0;0;1;1;0;0;0;0;455477,232099999673665;5428412,498800000175834;8,391200610000055;49,007000176000076;1
208463;08230724212010319520;08;2;12;000;2023;07;09;2;3;5;3;0;1;1;1;0;0;0;0;456695,731100000441074;5428098,299699999392033;8,407894796000051;49,004260620000082;1
208464;08230724212000354410;08;2;12;000;2023;07;13;2;3;1;7;0;0;1;1;0;0;0;0;453668,585599999874830;5428613,855900000780821;8,366447952000044;49,008678262000046;1
208466;08230724136100332270;08;1;36;088;2023;07;16;2;3;5;3;0;0;1;1;0;0;0;0;580836,858099999837577;5409685,814699999988079;10,101568741000051;48,834883065000042;1
208467;08230724128100341200;08;1;28;007;2023;07;22;2;3;0;7;2;0;1;0;0;0;0;0;556120,781999999657273;5482221,773000000044703;9,774914118000027;49,490037295000036;1
208468;08230724126100327500;08;1;26;047;2023;07;09;2;3;0;7;0;0;1;0;0;0;0;0;550033,870199999772012;5452890,167799999937415;9,687187187000063;49,226749445000053;1
208470;08230724119200312820;08;1;19;020;2023;07;18;2;2;5;3;0;0;1;1;0;0;0;0;520864,581000000238419;5406834,495999999344349;9,284203456000057;48,814145492000080;1
208472;08230724116100327480;08;1;16;056;2023;07;17;2;3;0;7;0;0;1;0;0;0;0;0;531637,088800000026822;5395839,769500000402331;9,430090418000077;48,714784737000059;1
208473;08230724116010348460;08;1;16;049;2023;07;12;2;2;7;7;0;1;1;0;0;0;0;1;525074,177299999631941;5386415,088500000536442;9,340301325000041;48,630299065000031;1
208475;08230723336400347930;08;3;36;078;2023;07;18;1;3;0;7;0;1;1;1;0;0;0;0;393367,980999999679625;5290148,466000000014901;7,577215488000036;47,755883426000025;1
208476;08230723336100337650;08;3;36;050;2023;07;19;1;3;6;4;1;0;1;0;1;0;0;0;399378,029900000430644;5274023,446799999102950;7,661101259000077;47,611801353000033;1
208477;08230723335400321460;08;3;35;079;2023;07;11;1;2;0;1;0;0;1;0;0;0;0;0;500269,787999999709427;5299658,731599999591708;9,003606257000058;47,850271354000029;1
208480;08230723317300307840;08;3;17;114;2023;07;12;1;3;5;3;0;0;1;1;0;0;0;0;406439,678000000305474;5346443,064099999144673;7,739300794000030;48,264283373000069;1
208483;08230723311010343980;08;3;11;000;2023;07;18;1;3;1;4;0;0;0;1;1;1;0;0;411237,723100000061095;5319976,245799999684095;7,809457348000024;48,026904797000043;1
208484;08230723311010306460;08;3;11;000;2023;07;18;1;3;0;7;0;0;1;0;0;0;0;1;415493,926799999549985;5315602,224799999967217;7,867394601000058;47,988136023000038;1
208485;08230723235200341010;08;2;35;046;2023;07;16;1;3;6;4;0;0;1;0;1;0;0;0;479546,866000000387430;5377648,326600000262260;8,722845283000026;48,551600159000031;1
208486;08230723231102443830;08;2;36;040;2023;07;13;1;3;6;7;0;0;0;1;1;0;0;0;485059,558500000275671;5420022,146500000730157;8,796008848000042;48,932949100000030;1
208489;08230723136100309740;08;1;36;088;2023;07;08;1;3;1;5;0;0;1;1;0;0;0;0;580657,742100000381470;5409965,777100000530481;10,099183482000058;48,837424401000078;1
208492;08230723121500309150;08;1;25;078;2023;07;16;1;3;0;1;0;0;1;0;0;0;0;0;517803,833499999716878;5454450,736600000411272;9,244603052000059;49,242572188000054;1
208493;08230723118400337730;08;1;18;048;2023;07;09;1;2;0;7;0;0;1;0;0;0;0;0;513963,342899999581277;5415402,069700000807643;9,190492226000060;48,891411077000043;1
208494;08230723118300362260;08;1;18;081;2023;07;18;1;3;4;6;0;0;1;0;0;0;0;0;518672,914800000376999;5412509,771099999547005;9,254608991000055;48,865268746000027;1
208497;08230723116200341740;08;1;16;077;2023;07;13;1;3;6;7;0;0;0;1;1;0;0;0;516027,605700000189245;5388896,543999999761581;9,217620402000023;48,652919835000034;1
208498;08230723116200319350;08;1;16;078;2023;07;01;1;3;0;1;2;0;1;0;0;0;0;0;512815,766999999992549;5392934,018999999389052;9,174135893000027;48,689315459000056;1
208500;08230722436300305400;08;4;36;081;2023;07;12;7;3;8;3;0;0;1;0;0;0;0;1;561959,374699999578297;5280069,484600000083447;9,825374007000050;47,671047246000057;1
208501;08230722435100352280;08;4;35;024;2023;07;13;7;3;3;6;0;0;1;1;0;0;0;0;526603,495299999602139;5279129,433299999684095;9,354349039000056;47,665010467000059;1
208502;08230722435100316830;08;4;35;030;2023;07;18;7;3;0;7;0;0;1;0;0;0;0;0;539773,875599999912083;5273387,064699999988079;9,529245304000028;47,612668384000074;1
208503;08230722426010333770;08;4;21;000;2023;07;21;7;3;6;7;1;0;0;1;1;0;0;0;573195,995600000023842;5360832,038000000640750;9,988843337000048;48,396397716000081;1
208504;08230722426010323960;08;4;25;050;2023;07;15;7;3;5;3;0;0;1;0;0;0;0;1;558155,960099999792874;5345973,703800000250340;9,783631232000062;48,264301555000031;1
208505;08230722426010301820;08;4;26;062;2023;07;10;7;1;4;6;0;0;1;1;0;0;0;0;554451,412999999709427;5316413,430999999865890;9,729939391000073;47,998699406000071;1
208506;08230722417200342000;08;4;17;079;2023;07;12;7;3;5;3;0;0;1;1;0;0;0;0;499730,401999999769032;5339997,154999999329448;8,996370890000037;48,213201691000052;1
208509;08230722336300342600;08;3;36;081;2023;07;13;7;3;5;3;0;0;1;1;0;0;0;0;411103,977099999785423;5277566,696699999272823;7,816373274000057;47,645390723000048;1
208510;08230722336100302130;08;3;36;050;2023;07;20;7;2;5;3;0;0;1;1;0;0;0;0;398920,956399999558926;5273077,747500000521541;7,655239163000033;47,603223344000071;1
208511;08230722335100566820;08;3;35;043;2023;07;13;7;3;5;2;0;0;1;0;0;1;0;0;510967,850599999539554;5282098,516000000759959;9,146163636000040;47,692179447000058;1
208512;08230722311010325650;08;3;11;000;2023;07;17;7;2;0;1;0;0;1;0;0;0;0;0;414692,919999999925494;5316347,366699999198318;7,856513102000065;47,994732532000057;1
208513;08230722311010302350;08;3;11;000;2023;07;20;7;3;0;7;0;0;1;1;1;0;0;0;412456,991799999959767;5317319,724799999967217;7,826349950000065;48,003176957000051;1
208514;08230722237100315410;08;2;37;028;2023;07;12;7;3;0;7;0;0;1;0;0;0;0;0;456596,781600000336766;5367213,332900000736117;8,412952739000048;48,456559208000044;1
208516;08230722226600333330;08;2;26;096;2023;07;02;7;2;1;5;2;0;1;1;0;0;0;0;475579,212799999862909;5486695,689300000667572;8,662508567000032;49,532382611000060;1
208518;08230722216300322150;08;2;16;015;2023;07;01;7;3;6;7;2;0;0;1;1;0;0;0;449808,605299999937415;5405969,210699999704957;8,316453021000029;48,804685099000039;1
208522;08230722212010358910;08;2;12;000;2023;07;09;7;3;6;2;0;0;0;1;1;0;0;0;461226,980700000189245;5427778,980499999597669;8,469878742000049;49,001689566000039;1
208524;08230722136300303040;08;1;36;065;2023;07;15;7;3;0;7;0;0;1;0;0;0;0;0;558324,269199999980628;5405467,593399999663234;9,794225441000037;48,799463050000043;1
208525;08230722136100324620;08;1;36;082;2023;07;19;7;3;0;7;0;0;1;0;0;0;0;0;584783,839999999850988;5415995,198999999091029;10,156650424000077;48,891103241000053;1
208526;08230722136100322640;08;1;36;088;2023;07;11;7;3;0;7;0;0;1;0;0;0;0;0;576697,885999999940395;5415026,537000000476837;10,046177514000021;48,883444405000034;1
208528;08230722121500345430;08;1;25;063;2023;07;15;7;3;0;1;0;0;1;0;0;0;0;0;526048,692699999548495;5463133,827500000596046;9,358441087000074;49,320381230000066;1
208530;08230722119400303230;08;1;19;079;2023;07;13;7;3;0;7;0;0;1;0;0;0;0;0;523737,520999999716878;5411040,435599999502301;9,323579688000052;48,851877889000036;1
208531;08230722119200316170;08;1;19;020;2023;07;20;7;2;5;2;0;0;1;1;0;0;0;0;520589,106100000441074;5405624,198999999091029;9,280390457000067;48,803267081000058;1
208532;08230722118010344370;08;1;15;045;2023;07;10;7;2;5;3;0;0;1;1;0;0;0;0;500052,867700000293553;5396176,650200000032783;9,000718764000055;48,718618030000073;1
208533;08230722116500357310;08;1;16;041;2023;07;12;7;2;6;7;0;0;1;0;1;0;0;0;519508,656600000336766;5384251,629200000315905;9,264666468000030;48,611034736000079;1
208534;08230722116500338340;08;1;16;049;2023;07;14;7;3;1;5;0;0;1;1;0;0;0;0;526239,338899999856949;5385959,899199999868870;9,356085523000047;48,626156363000064;1
208536;08230722115400342370;08;1;15;045;2023;07;13;7;3;0;7;0;0;1;1;0;0;0;0;501224,674999999813735;5394628,450300000607967;9,016645495000034;48,704689117000044;1
208540;08230721436400346750;08;4;36;082;2023;07;03;6;3;0;7;2;1;1;0;0;0;0;0;547778,676099999807775;5294810,434900000691414;9,638102236000066;47,804875535000065;1
208541;08230721436200330850;08;4;36;064;2023;07;13;6;3;5;3;0;0;1;0;0;0;0;0;546206,998399999924004;5292652,217199999839067;9,616883291000022;47,785572835000039;1
208543;08230721435100329990;08;4;35;024;2023;07;18;6;3;0;1;0;0;1;0;0;0;0;0;526288,372000000439584;5279817,877199999988079;9,350193223000076;47,671217656000067;1
208544;08230721435100298260;08;4;35;018;2023;07;13;6;3;0;7;0;0;1;0;0;0;0;0;524691,434600000269711;5279852,626199999824166;9,328922404000025;47,671593266000059;1
208545;08230721426100358240;08;4;26;021;2023;07;07;6;2;5;3;0;0;1;0;0;0;0;0;558819,399500000290573;5327611,452299999073148;9,790027490000057;48,099052699000026;1
208548;08230721416200337380;08;4;16;041;2023;07;18;6;2;0;1;0;0;1;0;0;0;0;0;504477,046199999749660;5374858,357400000095367;9,060637572000076;48,526818259000038;1
208549;08230721415400317060;08;4;15;061;2023;07;22;6;3;5;2;2;0;1;1;0;0;0;0;515864,725100000388920;5370598,403400000184774;9,214710783000044;48,488309770000058;1
208553;08230721336100315360;08;3;36;084;2023;07;10;6;3;0;6;0;0;1;0;0;0;0;0;405207,490000000223517;5277780,885099999606609;7,737835746000030;47,646480733000033;1
208554;08230721335400298170;08;3;35;098;2023;07;13;6;2;0;1;0;0;1;0;0;0;0;0;504223,022099999710917;5296340,048499999567866;9,056416751000029;47,820397874000037;1
208555;08230721335300358310;08;3;35;100;2023;07;11;6;3;2;6;0;0;1;1;0;0;0;0;488133,638600000180304;5286976,452700000256300;8,841729513000075;47,736053309000056;1
208557;08230721326200335970;08;3;26;074;2023;07;12;6;3;0;1;0;0;1;0;0;0;0;0;464475,015999999828637;5323667,662000000476837;8,523162467000077;48,065296420000038;1
208559;08230721317500319250;08;3;17;096;2023;07;19;6;3;3;6;0;0;1;1;0;0;0;0;421847,298600000329316;5368889,121500000357628;7,942702701000030;48,468276057000026;1
208562;08230721316100321970;08;3;16;012;2023;07;16;6;3;3;6;0;0;1;1;0;0;0;0;402429,465499999932945;5333582,694800000637770;7,688236327000027;48,148005783000031;1
208563;08230721316100319790;08;3;16;012;2023;07;14;6;3;6;7;0;0;0;0;1;0;0;1;403452,657599999569356;5333116,833799999207258;7,702094374000069;48,143971680000050;1
208564;08230721316100299230;08;3;16;012;2023;07;12;6;3;5;3;0;0;1;1;0;0;0;0;404658,846099999733269;5333273,274700000882149;7,718270138000037;48,145560760000080;1
208565;08230721311200330920;08;3;11;000;2023;07;08;6;3;5;3;0;0;1;0;0;0;0;0;414915,243700000457466;5318790,928999999538064;7,859007854000026;48,016742959000055;1
208566;08230721311010309850;08;3;36;091;2023;07;15;6;2;8;6;0;0;1;0;0;0;0;0;397861,156600000336766;5271883,119500000029802;7,641421853000054;47,592311188000053;1
208567;08230721311010302290;08;3;11;000;2023;07;13;6;3;2;6;0;0;1;1;0;0;0;0;412425,076399999670684;5318065,645500000566244;7,825769859000047;48,009882355000059;1
208568;08230721311010302270;08;3;11;000;2023;07;12;6;3;1;5;0;0;1;1;0;0;0;0;414640,964800000190735;5315256,850600000470877;7,856033660000037;47,984915962000059;1
208570;08230721226700314820;08;2;26;098;2023;07;07;6;2;0;7;0;0;1;0;0;0;0;0;478065,960500000044703;5460646,312799999490380;8,698314046000064;49,298167744000068;1
208571;08230721226200316680;08;2;26;059;2023;07;16;6;3;6;4;0;0;1;0;1;0;0;0;465158,843999999575317;5460219,097999999299645;8,520829088000028;49,293725216000041;1
208573;08230721222700358460;08;2;22;000;2023;07;08;6;3;0;7;0;0;1;0;0;0;0;0;462151,759700000286102;5481604,085000000894070;8,477438027000062;49,485896449000052;1
208576;08230721222014309790;08;2;22;000;2023;07;15;6;3;5;2;0;1;1;1;0;0;0;0;463064,802500000223517;5478808,187300000339746;8,490304685000069;49,460804951000057;1
208577;08230721221400356130;08;2;21;000;2023;07;19;6;2;0;7;0;0;1;0;0;0;0;0;476445,502500000409782;5469986,202899999916553;8,675474284000074;49,382119159000069;1
208578;08230721221400331090;08;2;21;000;2023;07;21;6;3;0;1;2;0;1;0;0;0;0;0;476202,257199999876320;5471570,284700000658631;8,672028151000063;49,396358296000074;1
208580;08230721216100298570;08;2;16;043;2023;07;14;6;3;0;7;0;0;1;0;0;0;0;0;437587,929999999701977;5412327,996999999508262;8,149071134000053;48,860774669000079;1
208581;08230721215502316900;08;2;15;099;2023;07;13;6;3;5;3;0;0;1;1;0;0;0;0;463287,399000000208616;5446775,882400000467896;8,496323030000042;49,172695214000044;1
208582;08230721212010307750;08;2;12;000;2023;07;18;6;3;5;3;0;0;1;1;0;0;0;0;457671,371500000357628;5428520,767899999395013;8,421190096000032;49,008128467000063;1
208583;08230721212010305740;08;2;12;000;2023;07;10;6;3;5;2;0;0;1;1;0;0;0;0;453165,698599999770522;5427930,152799999341369;8,359650609000028;49,002490360000081;1
208584;08230721211100339940;08;2;11;000;2023;07;17;6;3;5;3;0;0;1;1;0;0;0;0;441392,699699999764562;5403402,148099999874830;8,202215408000029;48,780857601000037;1
208585;08230721128100300340;08;1;28;007;2023;07;14;6;3;5;3;0;0;1;1;0;0;0;0;555627,417899999767542;5482224,038899999111891;9,768102727000041;49,490103105000060;1
208586;08230721121200340010;08;1;21;000;2023;07;14;6;3;5;3;0;0;1;1;0;0;0;0;515397,255699999630451;5440988,205499999225140;9,211024313000053;49,121538357000077;1
208588;08230721121200338090;08;1;21;000;2023;07;13;6;3;6;4;0;0;0;1;1;0;0;0;515963,451899999752641;5442471,337600000202656;9,218842863000077;49,134865206000029;1
208590;08230721119400301320;08;1;19;091;2023;07;13;6;3;5;2;0;0;1;1;0;0;0;0;529017,241999999620020;5405830,870200000703335;9,395180259000028;48,804789908000032;1
208593;08230721118010324290;08;1;15;001;2023;07;16;6;2;6;4;0;0;0;1;1;0;0;0;489183,170300000347197;5392125,950099999085069;8,853045976000033;48,682083858000055;1
208594;08230721117100315710;08;1;17;042;2023;07;16;6;3;6;7;0;0;0;1;1;0;0;0;554182,648699999786913;5393392,237500000745058;9,736243905000038;48,691216743000041;1
208595;08230724136300313090;08;1;36;065;2023;07;14;2;3;5;3;0;0;1;1;0;0;0;0;563659,520299999974668;5405221,584200000390410;9,866831283000067;48,796726766000063;1
208596;08230721116100322740;08;1;16;019;2023;07;17;6;3;0;1;0;1;1;0;0;0;0;0;521765,775899999774992;5398796,266699999570847;9,296053231000030;48,741803915000048;1
208598;08230721111500330970;08;1;11;000;2023;07;16;6;3;6;4;0;1;0;1;1;0;0;0;508677,568400000222027;5396277,366000000387430;9,117978017000041;48,719463679000057;1
208599;08230721111340360170;08;1;11;000;2023;07;13;6;3;6;7;0;0;1;0;1;0;0;0;512504,350700000301003;5408126,783900000154972;9,170366051000030;48,825995235000050;1
208601;08230721111250299350;08;1;11;000;2023;07;09;6;3;5;2;0;0;1;1;0;0;0;0;515150,720099999569356;5402752,618899999186397;9,206223102000024;48,777591030000053;1
208602;08230721111140336310;08;1;11;000;2023;07;07;6;3;5;3;0;0;1;1;0;0;0;0;511722,948300000280142;5402500,474899999797344;9,159559223000031;48,775396797000042;1
208604;08230720436300312750;08;4;36;081;2023;07;18;5;2;6;4;0;0;1;0;1;0;0;0;562525,210599999874830;5281593,437599999830127;9,833129057000065;47,684703393000063;1
208606;08230720417200307900;08;4;17;002;2023;07;07;5;3;0;1;0;0;1;0;0;0;0;0;488942,622200000099838;5347913,514499999582767;8,850947970000050;48,284327030000043;1
208607;08230720416010301750;08;4;16;036;2023;07;12;5;3;6;7;0;0;1;0;1;0;0;0;495223,349000000394881;5369499,370999999344349;8,935365879000074;48,478604512000061;1
208610;08230720415400333430;08;4;15;061;2023;07;18;5;3;2;1;0;0;1;0;0;1;0;0;516117,686499999836087;5370677,866800000891089;9,218137365000075;48,489018214000055;1
208611;08230720415200328090;08;4;15;093;2023;07;10;5;2;5;3;0;0;1;1;0;0;0;0;525196,711000000126660;5367321,444000000134110;9,340809074000049;48,458524440000076;1
208613;08230720336200328360;08;3;36;069;2023;07;12;5;3;5;3;0;0;1;1;0;0;0;0;409297,066999999806285;5269376,089800000190735;7,794015375000072;47,571458913000072;1
208614;08230720335100450770;08;3;35;043;2023;07;17;5;3;0;2;0;0;1;0;0;1;0;0;511124,083300000056624;5281407,437400000169873;9,148228053000025;47,685958695000068;1
208615;08230720335100295370;08;3;35;043;2023;07;07;5;3;8;1;0;0;1;0;0;0;0;0;512394,815600000321865;5280162,773800000548363;9,165125109000030;47,674736521000057;1
208616;08230720327200297560;08;3;27;002;2023;07;16;5;3;5;3;0;0;1;1;0;0;0;0;478700,363499999977648;5327098,960200000554323;8,713929172000064;48,096801360000029;1
208617;08230720326300332870;08;3;26;052;2023;07;15;5;3;0;7;0;0;0;1;1;0;0;0;450859,978699999861419;5330603,691700000315905;8,339625538000064;48,126792313000067;1
208619;08230720325202324810;08;3;25;064;2023;07;13;5;3;5;3;0;0;1;1;0;0;0;0;477448,925999999977648;5332425,366200000047684;8,696839798000042;48,144679280000048;1
208620;08230720317500331530;08;3;17;096;2023;07;19;5;3;5;7;0;0;1;1;0;0;0;0;420837,122999999672174;5373639,131300000473857;7,928138740000065;48,510875303000034;1
208621;08230720317300296530;08;3;17;065;2023;07;09;5;3;4;6;0;0;1;1;0;0;0;0;416265,566300000064075;5354603,969799999147654;7,870054467000045;48,339065623000067;1
208625;08230720231000306090;08;2;31;000;2023;07;13;5;3;5;4;0;0;0;1;1;0;0;0;478174,430700000375509;5414874,790599999949336;8,702278263000039;48,886440795000055;1
208627;08230720222301348520;08;2;22;000;2023;07;15;5;3;5;3;0;0;1;0;0;0;0;0;464666,738400000147521;5481541,786599999293685;8,512165957000036;49,485487746000047;1
208628;08230720222301332790;08;2;22;000;2023;07;18;5;3;4;7;0;0;1;1;0;0;0;0;466720,393400000408292;5481628,721799999475479;8,540511749000075;49,486385784000049;1
208629;08230720222200313360;08;2;22;000;2023;07;07;5;2;5;3;0;0;1;0;0;1;0;0;460641,341000000014901;5482551,334000000730157;8,456490669000061;49,494320347000041;1
208630;08230720222014294650;08;2;22;000;2023;07;13;5;2;5;3;0;0;1;1;0;0;0;0;462782,802500000223517;5478685,130999999120831;8,486424895000027;49,459680903000049;1
208631;08230720221011341240;08;2;26;098;2023;07;18;5;2;4;6;0;0;1;0;0;0;0;0;475742,388500000350177;5459867,658199999481440;8,666402900000037;49,291075893000027;1
208633;08230720212402314040;08;2;12;000;2023;07;10;5;3;6;6;0;0;1;0;1;0;0;0;455288,677799999713898;5427068,378399999812245;8,388770468000075;48,994896044000029;1
208634;08230720212302313280;08;2;12;000;2023;07;22;5;3;0;7;2;0;1;0;0;0;0;0;455238,273099999874830;5428772,574599999934435;8,387893604000055;49,010221805000072;1
208637;08230720128100299240;08;1;28;007;2023;07;18;5;3;0;7;0;0;1;0;0;0;0;0;556660,647400000132620;5483283,053899999707937;9,782520005000038;49,499532286000033;1
208638;08230720121400335740;08;1;25;013;2023;07;17;5;3;4;6;0;0;1;0;0;0;0;0;506736,894700000062585;5436579,460899999365211;9,092258020000031;49,082035669000049;1
208639;08230720121200333200;08;1;21;000;2023;07;13;5;2;6;4;0;0;0;1;1;0;0;0;516234,757000000216067;5442945,569000000134110;9,222581254000033;49,139123966000056;1
208642;08230720119500352220;08;1;19;085;2023;07;17;5;3;3;6;0;0;1;0;0;0;0;0;530940,911999999545515;5413391,267000000923872;9,421948494000048;48,872707618000049;1
208644;08230720119500299500;08;1;19;085;2023;07;17;5;3;0;6;0;0;1;1;0;0;0;0;528498,665799999609590;5411335,644400000572205;9,388500686000043;48,854333073000078;1
208645;08230720117300335630;08;1;17;026;2023;07;12;5;3;0;4;0;0;0;0;1;1;0;0;544691,654500000178814;5395684,378699999302626;9,607534991000023;48,712587825000071;1
208646;08230720116500297050;08;1;16;035;2023;07;14;5;3;0;1;0;0;1;0;0;0;0;0;527184,610199999995530;5393406,111999999731779;9,369402360000038;48,693101848000026;1