OID_;UIDENTSTLAE;ULAND;UREGBEZ;UKREIS;UGEMEINDE;UJAHR;UMONAT;USTUNDE;UWOCHENTAG;UKATEGORIE;UART;UTYP1;ULICHTVERH;IstStrassenzustand;IstRad;IstPKW;IstFuss;IstKrad;IstGkfz;IstSonstige;LINREFX;LINREFY;XGCSWGS84;YGCSWGS84;PLST
208647;08230720116400336580;08;1;16;033;2023;07;14;5;3;5;3;0;0;1;1;0;0;0;0;533126,274000000208616;5388220,366000000387430;9,449723898000059;48,646164459000033;1
208648;08230720116200310730;08;1;16;077;2023;07;08;5;3;5;3;0;0;1;1;0;0;0;0;516300,997100000269711;5391769,811400000005960;9,221445658000050;48,678760886000077;1
208649;08230720115400344300;08;1;15;045;2023;07;11;5;3;6;7;0;0;0;1;1;0;0;0;500037,086699999868870;5394786,859999999403954;9,000504088000071;48,706115384000043;1
208651;08230720111500306850;08;1;11;000;2023;07;20;5;3;6;4;0;0;1;0;1;0;0;0;510857,306800000369549;5402506,659600000828505;9,147777318000067;48,775468142000079;1
208652;08230720111500306390;08;1;11;000;2023;07;14;5;3;6;4;0;0;1;0;1;0;0;0;512788,127799999900162;5402342,889399999752641;9,174052248000066;48,773958186000073;1
208653;08230720111330297070;08;1;11;000;2023;07;16;5;3;5;2;0;0;1;1;0;0;0;0;513294,678999999538064;5409205,635900000110269;9,181168844000069;48,835683996000057;1
208655;08230720111250297430;08;1;11;000;2023;07;18;5;3;1;5;0;0;1;1;0;0;0;0;515055,270600000396371;5403524,317299999296665;9,204952168000034;48,784535471000027;1
208657;08230719426100752460;08;4;26;021;2023;07;17;4;3;6;4;0;0;1;0;1;0;0;0;558524,898699999786913;5327853,065400000661612;9,786105455000040;48,101253419000045;1
208658;08230719425000326680;08;4;25;108;2023;07;19;4;3;5;3;0;0;1;1;0;0;0;0;554130,807099999859929;5357645,012800000607967;9,730896694000023;48,369652946000031;1
208659;08230719421300313460;08;4;21;000;2023;07;16;4;3;0;1;0;0;1;0;0;0;0;0;571498,406600000336766;5362361,042899999767542;9,966173618000028;48,410346332000074;1
208660;08230719415400353000;08;4;15;061;2023;07;17;4;3;2;6;0;0;1;1;0;0;0;0;514126,246199999935925;5371462,520099999383092;9,191211846000044;48,496125161000066;1
208661;08230719335100327980;08;3;35;043;2023;07;15;4;3;2;6;0;0;1;0;0;0;0;1;512619,179899999871850;5281068,250900000333786;9,168140276000031;47,682879351000054;1
208662;08230719335000321450;08;3;35;075;2023;07;08;4;2;6;4;0;0;0;1;1;0;0;1;488359,877399999648333;5288071,587500000372529;8,844717718000027;47,745910974000026;1
208663;08230719325302327740;08;3;25;014;2023;07;06;4;3;6;7;0;0;0;1;1;0;0;0;462194,010200000368059;5344088,421900000423193;8,490731693000043;48,248882403000039;1
208664;08230719317100294510;08;3;17;001;2023;07;16;4;3;1;5;0;0;1;1;0;0;0;0;431461,191999999806285;5386205,223999999463558;8,069896144000040;48,625158144000068;1
208665;08230719311500317970;08;3;15;037;2023;07;18;4;2;8;1;0;0;1;0;0;0;0;0;431729,393099999986589;5300620,845799999311566;8,087334684000041;47,855300421000038;1
208666;08230719311400344100;08;3;15;074;2023;07;16;4;3;5;3;0;0;1;1;0;0;0;0;396307,190000000409782;5296653,319000000134110;7,614867307000054;47,814873305000049;1
208668;08230719311010452150;08;3;15;064;2023;07;07;4;3;5;7;0;0;1;1;0;0;0;0;423627,417000000365078;5312538,205000000074506;7,976930650000043;47,961595793000072;1
208669;08230719311010295230;08;3;15;064;2023;07;15;4;3;5;3;0;0;1;1;0;0;0;0;421791,741000000387430;5313438,811400000005960;7,952180707000025;47,969475763000048;1
208671;08230719231000338570;08;2;31;000;2023;07;15;4;3;5;3;0;0;1;1;0;0;0;0;476044,119099999777973;5415668,300899999216199;8,673172718000046;48,893500245000041;1
208672;08230719226700343340;08;2;26;098;2023;07;08;4;3;5;3;0;0;1;0;0;0;0;1;475764,199500000104308;5459883,823499999940395;8,666701865000050;49,291222166000068;1
208673;08230719226500307250;08;2;26;086;2023;07;18;4;3;0;1;0;0;1;0;0;0;0;0;491650,942800000309944;5466115,445800000801682;8,885049926000022;49,347699835000071;1
208674;08230719222200291970;08;2;22;000;2023;07;06;4;3;0;1;0;0;1;0;0;0;0;0;461540,129999999888241;5482480,551699999719858;8,468908495000051;49,493741342000078;1
208676;08230719221200312980;08;2;21;000;2023;07;15;4;3;5;5;0;0;1;0;0;1;0;0;477171,831000000238419;5471764,893999999389052;8,685379067000042;49,398145910000039;1
208677;08230719221200308800;08;2;21;000;2023;07;07;4;3;3;2;0;0;1;1;0;0;0;0;476339,385700000450015;5471751,600800000131130;8,673907177000046;49,397994553000046;1
208678;08230719221011357780;08;2;21;000;2023;07;11;4;3;5;3;0;0;1;0;0;0;0;0;478504,061599999666214;5473383,841700000688434;8,703652153000064;49,412756623000064;1
208680;08230719215402291020;08;2;15;009;2023;07;11;4;3;5;3;0;0;1;0;0;0;0;1;470372,924300000071526;5442041,414899999275804;8,593877992000046;49,130491011000061;1
208682;08230719212702378110;08;2;15;017;2023;07;19;4;3;5;7;0;0;1;1;0;0;0;0;456540,893000000156462;5421237,733200000599027;8,406510809000054;48,942537744000049;1
208683;08230719212502292120;08;2;12;000;2023;07;19;4;3;5;3;0;0;1;1;0;0;0;0;454019,117999999783933;5428446,844000000506639;8,371259867000049;49,007202197000026;1
208685;08230719212010307830;08;2;12;000;2023;07;08;4;3;5;2;0;0;1;1;0;0;0;0;453864,520999999716878;5429550,051999999210238;8,369020651000028;49,017114072000027;1
208687;08230726311010334910;08;3;11;000;2023;07;17;4;3;6;6;0;0;0;0;1;0;0;1;411240,959800000302494;5319969,059699999168515;7,809502240000029;48,026840606000064;1
208688;08230719136100313230;08;1;36;088;2023;07;12;4;3;4;2;0;0;1;1;0;0;0;0;579701,507699999958277;5410025,480900000780821;10,086166233000029;48,838084889000072;1
208690;08230719121400326620;08;1;25;056;2023;07;11;4;2;0;1;0;0;1;0;0;0;0;0;511291,580099999904633;5435816,226299999281764;9,154610397000056;49,075103318000060;1
208691;08230719119300320510;08;1;19;067;2023;07;07;4;2;5;3;0;0;1;1;0;0;0;0;538179,705599999986589;5405928,901399999856949;9,519966487000033;48,805176446000075;1
208692;08230719119300306340;08;1;19;086;2023;07;21;4;3;5;3;2;0;1;1;0;0;0;0;535316,125300000421703;5405200,714199999347329;9,480906469000047;48,798795273000053;1
208693;08230719119100310200;08;1;19;008;2023;07;16;4;3;6;7;0;0;0;1;1;0;0;0;531746,999800000339746;5421837,782199999317527;9,433597962000022;48,948647489000052;1
208695;08230719117400308280;08;1;17;018;2023;07;17;4;3;5;2;0;0;1;1;0;0;0;0;539212,407899999991059;5396103,788499999791384;9,533093987000029;48,716729354000051;1
208696;08230719116200357060;08;1;16;080;2023;07;09;4;2;6;3;0;0;1;0;1;0;0;0;520049,529699999839067;5395844,826199999079108;9,272565985000028;48,715310540000075;1
208697;08230719116100330390;08;1;16;019;2023;07;15;4;3;6;6;0;0;1;0;1;0;0;0;524700,383299999870360;5396933,326799999922514;9,335856788000058;48,724935673000061;1
208699;08230719115100308830;08;1;15;003;2023;07;19;4;3;4;6;0;0;1;0;0;0;0;0;500447,631599999964237;5390043,308900000527501;9,006079137000029;48,663441713000054;1
208700;08230719111500295560;08;1;11;000;2023;07;16;4;2;6;2;0;0;0;1;1;0;0;0;515862,251600000075996;5405984,398399999365211;9,216032780000035;48,806645991000039;1
208702;08230719111330313480;08;1;11;000;2023;07;09;4;3;5;2;0;0;1;0;0;0;0;1;510552,526600000448525;5409083,057499999180436;9,143798052000022;48,834633964000034;1
208703;08230719111320353130;08;1;11;000;2023;07;11;4;3;0;7;0;1;1;0;0;0;0;0;516103,569699999876320;5405305,811899999156594;9,219292723000024;48,800535316000037;1
208704;08230719111310327960;08;1;11;000;2023;07;18;4;3;0;7;0;0;1;0;0;0;0;0;516810,105100000277162;5405188,180800000205636;9,228909179000027;48,799458418000029;1
208705;08230719111240293740;08;1;11;000;2023;07;18;4;3;4;1;0;0;1;1;0;0;0;0;515629,536299999803305;5402980,585999999195337;9,212749100000053;48,779629955000075;1
208706;08230718436400338630;08;4;36;082;2023;07;23;3;3;0;1;2;0;1;0;0;0;0;0;548176,468000000342727;5295314,875000000000000;9,643470607000040;47,809384290000025;1
208707;08230718436200291790;08;4;36;064;2023;07;07;3;3;5;3;0;0;1;0;0;0;0;1;545967,217000000178814;5292091,710000000894070;9,613622944000042;47,780547104000050;1
208708;08230718425000329160;08;4;25;033;2023;07;18;3;3;4;6;0;0;1;1;0;0;0;0;555697,832100000232458;5345079,249900000169873;9,750394053000036;48,256475977000036;1
208709;08230718421300342500;08;4;21;000;2023;07;08;3;2;4;2;0;0;1;1;0;0;0;0;569966,364400000311434;5356354,701700000092387;9,944473557000038;48,356489100000033;1
208710;08230718421000286300;08;1;17;026;2023;07;09;3;2;5;3;0;0;1;1;0;0;0;0;548541,898000000044703;5394867,500700000673532;9,659775357000058;48,704951765000033;1
208711;08230718337100326050;08;3;37;096;2023;07;19;3;3;5;3;0;0;1;1;0;0;0;0;419576,082600000314415;5267252,825500000268221;7,931047584000055;47,553712831000041;1
208712;08230718336100291860;08;3;36;050;2023;07;15;3;3;4;6;0;0;1;1;0;0;0;0;399169,761800000444055;5272790,778899999335408;7,658614346000036;47,600680714000077;1
208713;08230718317500291500;08;3;17;096;2023;07;13;3;2;5;2;0;0;1;1;0;0;0;0;422673,183000000193715;5369057,610400000587106;7,953842664000035;48,469893696000042;1
208714;08230718317100304920;08;3;17;001;2023;07;10;3;3;0;2;0;0;1;1;0;0;0;0;430882,144500000402331;5386588,668199999257922;8,061975365000023;48,628543501000081;1
208715;08230718317050289130;08;3;17;096;2023;07;17;3;3;5;3;0;0;1;1;0;0;0;0;420967,831100000068545;5369432,762900000438094;7,930704127000070;48,473056140000040;1
208716;08230718317050288050;08;3;17;096;2023;07;11;3;3;5;7;0;0;1;1;0;0;0;0;422279,098500000312924;5368975,439099999144673;7,948527285000068;48,469105990000060;1
208717;08230718311010323800;08;3;11;000;2023;07;14;3;3;5;3;0;0;1;1;0;0;0;0;414926,900399999693036;5317600,121999999508262;7,859400406000020;48,006032745000027;1
208718;08230718311010323690;08;3;11;000;2023;07;12;3;3;6;4;0;0;1;0;1;0;0;0;412020,962000000290573;5317261,868100000545382;7,820517439000071;48,002596654000058;1
208719;08230718311010304020;08;3;36;069;2023;07;06;3;3;4;3;0;0;1;1;0;0;0;0;409477,745699999853969;5272064,786199999973178;7,795862514000021;47,595671265000078;1
208722;08230718311000286190;08;3;16;011;2023;07;08;3;3;4;2;0;0;1;1;0;0;0;0;414433,105800000019372;5328957,226900000125170;7,850509262000060;48,108127257000035;1
208724;08230718226200326120;08;2;26;003;2023;07;21;3;3;5;3;2;0;1;0;0;1;0;0;463275,695399999618530;5460392,409900000318885;8,494915220000053;49,295173831000056;1
208725;08230718225200303390;08;2;25;014;2023;07;20;3;3;4;6;0;0;1;0;0;1;0;0;523554,591099999845028;5485235,939200000837445;9,325433784000040;49,519286967000028;1
208726;08230718225100327020;08;2;25;058;2023;07;20;3;3;6;6;1;0;0;1;1;0;0;0;507725,670300000347197;5465780,621799999848008;9,106360788000075;49,344696290000059;1
208728;08230718222500326580;08;2;22;000;2023;07;19;3;3;3;2;0;0;1;1;0;0;0;0;463058,166500000283122;5478804,952700000256300;8,490213415000028;49,460775454000043;1
208729;08230718221400305190;08;2;21;000;2023;07;08;3;3;0;6;0;0;1;0;0;0;0;0;477223,997499999590218;5470803,045399999246001;8,686153150000052;49,389496166000072;1
208730;08230718221050287740;08;2;26;009;2023;07;20;3;3;0;7;0;0;1;0;0;0;0;0;466314,232300000265241;5472038,705600000917912;8,535719281000070;49,400104761000080;1
208731;08230718216100292280;08;2;16;022;2023;07;16;3;3;5;3;0;0;1;1;0;0;0;0;434677,898500000126660;5404045,543600000441074;8,110719672000073;48,785975985000050;1
208732;08230718215402291640;08;2;15;009;2023;07;13;3;3;5;3;0;0;1;0;0;0;0;1;469791,105100000277162;5435818,359999999403954;8,586368239000024;49,074484929000050;1
208733;08230718212302291700;08;2;12;000;2023;07;18;3;3;1;5;0;0;1;1;0;0;0;0;456716,686300000175834;5428363,310000000521541;8,408153053000035;49,006645892000051;1
208734;08230718212010334450;08;2;12;000;2023;07;17;3;3;5;3;0;0;1;1;0;0;0;0;455470,890100000426173;5428147,290500000119209;8,391142981000030;49,004614144000072;1
208735;08230718212010307770;08;2;12;000;2023;07;07;3;3;5;3;0;0;1;1;0;0;0;0;455597,335900000296533;5423363,604499999433756;8,393394292000039;48,961593339000046;1
208737;08230718212000288830;08;2;15;007;2023;07;17;3;3;2;6;0;0;1;1;0;0;0;0;479113,605600000359118;5431376,559299999848008;8,714242565000063;49,034915916000045;1
208739;08230718135100308750;08;1;35;016;2023;07;18;3;3;5;3;0;0;1;1;0;0;0;0;590928,821299999952316;5385886,689600000157952;10,233812596000064;48,619439068000077;1
208741;08230719415300327950;08;4;15;059;2023;07;13;4;3;6;7;0;0;0;1;1;0;0;0;516220,109000000171363;5366892,293999999761581;9,219376688000068;48,454959131000066;1
208742;08230719121600296100;08;1;25;102;2023;07;12;4;3;4;1;0;0;1;1;0;0;0;0;525728,965099999681115;5445684,949200000613928;9,352921329000026;49,163440974000082;1
208745;08230718118200293440;08;1;18;080;2023;07;18;3;3;2;6;0;0;1;1;0;0;0;0;508758,037700000219047;5408759,332599999383092;9,119337905000066;48,831749688000059;1
208746;08230718118010324960;08;1;18;012;2023;07;16;3;2;0;1;0;0;1;0;0;0;0;0;500224,152200000360608;5415509,210699999704957;9,003058021000072;48,892532186000039;1
208747;08230718116500359380;08;1;16;049;2023;07;16;3;2;5;3;0;0;1;1;0;0;0;0;525447,760900000110269;5384037,090299999341369;9,345225516000028;48,608891383000071;1
208750;08230718116400320730;08;1;16;033;2023;07;22;3;3;0;1;2;1;1;0;0;0;0;0;533254,156799999997020;5388195,416999999433756;9,451457981000033;48,645933229000036;1
208751;08230718116200325750;08;1;16;077;2023;07;11;3;3;6;6;0;0;0;1;1;0;0;0;515544,229100000113249;5391526,795900000259280;9,211156060000064;48,676594007000062;1
208755;08230718111210328680;08;1;11;000;2023;07;13;3;3;0;7;0;0;1;1;0;0;0;0;510253,294400000013411;5397564,633099999278784;9,139433136000036;48,731020034000039;1
208757;08230718111130355990;08;1;11;000;2023;07;12;3;3;0;2;0;0;1;1;0;0;0;0;509923,805300000123680;5399173,204700000584126;9,134991213000035;48,745496082000045;1
208760;08230717435200316350;08;4;35;034;2023;07;21;2;3;0;1;2;0;1;0;0;0;0;0;530698,266699999570847;5284039,250700000673532;9,409233994000033;47,709004907000065;1
208761;08230717426200297970;08;4;26;070;2023;07;23;2;3;0;1;2;0;1;0;0;0;0;0;565848,982099999673665;5342508,315700000151992;9,886740748000022;48,232374832000062;1
208762;08230717426010323950;08;4;21;000;2023;07;16;2;3;4;6;0;0;1;1;0;0;0;0;571238,147099999710917;5360184,756500000134110;9,962287855000056;48,390799488000027;1
208763;08230717426010320530;08;4;21;000;2023;07;17;2;2;0;1;0;0;1;0;0;0;0;0;571124,103500000201166;5360599,790999999269843;9,960817867000060;48,394545722000032;1
208766;08230717416200355930;08;4;16;041;2023;07;18;2;3;2;7;0;0;1;1;0;0;0;0;504359,867600000463426;5373909,947699999436736;9,059040577000076;48,518286848000059;1
208767;08230717416200321390;08;4;16;041;2023;07;08;2;3;0;5;0;0;1;1;0;0;0;0;504167,438400000333786;5372779,075999999418855;9,056423438000024;48,508114408000040;1
208768;08230717416010312680;08;4;16;049;2023;07;21;2;2;1;5;2;0;1;1;0;0;0;0;491671,990699999965727;5370229,941700000315905;8,887297032000049;48,485140012000045;1
208771;08230717415050284460;08;4;16;041;2023;07;19;2;3;0;1;0;0;1;0;0;0;0;0;504628,442699999548495;5374912,534299999475479;9,062688702000059;48,527304555000057;1
208773;08230717335200311350;08;3;35;055;2023;07;10;2;3;5;2;0;0;1;0;0;0;0;0;495306,927699999883771;5285915,310399999842048;8,937416341000073;47,726597633000040;1
208774;08230717335050282710;08;3;35;075;2023;07;09;2;2;5;3;0;0;1;0;0;0;0;0;489103,714300000108778;5288879,556299999356270;8,854620419000071;47,753193713000030;1
208776;08230717325202354620;08;3;25;049;2023;07;21;2;3;5;3;0;0;1;1;0;0;0;0;473270,438000000081956;5333057,223999999463558;8,640628623000055;48,150202083000067;1
208778;08230717311010322210;08;3;11;000;2023;07;23;2;3;5;2;2;0;1;1;0;0;0;0;410083,506099999882281;5314926,971899999305606;7,795038127000055;47,981324178000079;1
208779;08230717311010293820;08;3;11;000;2023;07;08;2;3;6;7;0;0;1;0;1;0;0;0;414408,810999999754131;5316664,208000000566244;7,852642397000068;47,997544673000050;1
208781;08230717311000285320;08;3;11;000;2023;07;15;2;3;0;2;0;0;1;0;0;0;0;0;411181,304200000129640;5318553,900000000372529;7,808995562000064;48,014102656000034;1
208782;08230717235100306760;08;2;36;044;2023;07;21;2;3;6;7;1;0;0;1;1;0;0;0;481551,925800000317395;5407207,647299999371171;8,748695463000047;48,817578744000059;1
208785;08230717221400356100;08;2;21;000;2023;07;17;2;3;3;5;0;0;1;1;0;0;0;0;475805,563400000333786;5470268,307800000533462;8,666640413000039;49,384631569000078;1
208786;08230717221300316480;08;2;21;000;2023;07;23;2;3;0;7;2;0;1;0;0;0;0;0;476504,849700000137091;5474177,643600000068545;8,676044020000063;49,419822810000028;1
208790;08230727212402325720;08;2;12;000;2023;07;15;5;3;0;7;0;0;1;0;0;0;0;0;456349,757100000046194;5427986,162100000306964;8,403176568000049;49,003227557000059;1
208792;08230717212010311900;08;2;12;000;2023;07;08;2;3;5;3;0;0;1;1;0;0;0;0;455186,490199999883771;5427760,891799999400973;8,387297187000058;49,001117866000072;1
208793;08230717212000288770;08;2;12;000;2023;07;17;2;3;5;3;0;0;1;1;0;0;0;0;455947,493200000375509;5425891,996600000187755;8,397903850000034;48,984361690000071;1
208795;08230717212000285790;08;2;15;101;2023;07;17;2;3;0;1;0;0;1;0;0;0;0;0;465381,307900000363588;5428831,628499999642372;8,526586567000038;49,011405427000057;1
208796;08230717212000285360;08;2;15;109;2023;07;12;2;3;1;5;0;0;1;1;0;0;0;0;460714,118499999865890;5432720,656099999323487;8,462388367000074;49,046108413000070;1
208797;08230717212000284570;08;2;12;000;2023;07;21;2;2;0;7;2;0;1;0;0;0;0;0;454269,758600000292063;5428816,850199999287724;8,374645218000069;49,010549051000055;1
208798;08230717212000284540;08;2;12;000;2023;07;21;2;3;0;1;0;0;1;0;0;0;0;0;456052,682799999602139;5428838,092399999499321;8,399022729000023;49,010869683000067;1
208799;08230717135010320030;08;1;35;019;2023;07;19;2;2;5;3;0;0;1;1;0;0;0;0;585520,453700000420213;5395315,119000000879169;10,162391329000059;48,705003874000056;1
208800;08230717121500288430;08;1;25;069;2023;07;12;2;3;0;1;0;0;1;0;0;0;0;0;523980,794300000183284;5453479,099500000476837;9,329407579000076;49,233621373000062;1
208801;08230717121500284980;08;1;25;005;2023;07;12;2;3;5;3;0;0;1;1;0;0;0;0;515607,344600000418723;5453288,821599999442697;9,214380959000039;49,232180503000052;1
208805;08230717118048288710;08;1;15;045;2023;07;12;2;3;5;2;0;0;1;1;0;0;0;0;500658,471300000324845;5393524,518100000917912;9,008948027000031;48,694758901000057;1
208806;08230717118048283980;08;1;15;041;2023;07;19;2;3;5;3;0;0;1;1;0;0;0;0;493414,346699999645352;5402347,945499999448657;8,910366017000058;48,774100238000074;1
208808;08230717118010310680;08;1;18;048;2023;07;20;2;3;0;2;0;0;1;1;0;0;0;0;512705,663399999961257;5418352,776100000366569;9,173426485000050;48,917981885000074;1
208809;08230717116500320120;08;1;16;049;2023;07;12;2;2;0;1;0;0;1;0;0;0;0;0;522104,231800000183284;5383296,612199999392033;9,299828306000052;48,602356993000058;1
208810;08230717116500318990;08;1;16;049;2023;07;11;2;3;2;7;0;0;1;0;0;0;0;1;522150,214900000020862;5384995,605699999257922;9,300542716000052;48,617639690000033;1
208811;08230717116200358220;08;1;16;015;2023;07;16;2;3;5;7;0;0;1;1;0;0;0;0;524567,072300000116229;5393793,932700000703335;9,333857265000063;48,696699213000045;1
208812;08230717116200326010;08;1;16;077;2023;07;15;2;3;0;1;0;0;1;0;0;0;0;0;514793,036799999885261;5388872,679899999871850;9,200856872000031;48,652735599000039;1
208817;08230717111330316180;08;1;11;000;2023;07;09;2;3;0;1;0;0;1;0;0;0;0;0;516275,839999999850988;5409585,012000000104308;9,221808409000062;48,839025793000076;1
208818;08230716421000280840;08;1;17;044;2023;07;19;1;3;0;1;0;0;1;0;0;0;0;0;537724,463200000114739;5390935,285599999129772;9,512394161000032;48,670326675000069;1
208823;08230716335300318160;08;3;35;075;2023;07;19;1;2;0;1;0;0;1;0;0;0;0;0;486912,024199999868870;5288678,133999999612570;8,825384812000038;47,751340644000038;1
208826;08230716317050279990;08;3;17;001;2023;07;12;1;3;0;7;0;0;1;0;0;0;0;0;430869,113699999637902;5386578,080900000408292;8,061800309000034;48,628446828000051;1
208827;08230716311400299490;08;3;15;108;2023;07;11;1;3;6;4;0;0;1;0;1;0;0;0;405220,068799999542534;5303911,873700000345707;7,732304075000059;47,881540318000077;1
208829;08230716222301321740;08;2;22;000;2023;07;14;1;3;4;6;0;0;1;0;0;0;0;0;465607,420599999837577;5484299,005300000309944;8,524913138000045;49,510341666000045;1
208831;08230716221400319880;08;2;21;000;2023;07;11;1;2;5;3;0;0;1;1;0;0;0;0;474257,670099999755621;5471262,997600000351667;8,645248985000023;49,393515179000076;1
208832;08230716221300317070;08;2;21;000;2023;07;21;1;3;1;5;0;0;1;1;0;0;0;0;476725,277400000020862;5474852,043099999427795;8,679043709000041;49,425897382000073;1
208833;08230716221050279950;08;2;22;000;2023;07;16;1;3;3;6;0;0;1;1;0;0;0;0;461735,077700000256300;5485997,773399999365211;8,471259539000073;49,525389094000047;1
208834;08230716216300299720;08;2;16;015;2023;07;21;1;3;1;5;1;0;1;1;0;0;0;0;449193,236700000241399;5405980,242499999701977;8,308071704000042;48,804734334000045;1
208835;08230716215502317770;08;2;15;029;2023;07;12;1;3;0;3;0;0;1;1;0;0;0;0;466581,367499999701977;5448406,755200000479817;8,541377364000027;49,187553243000082;1
208836;08230716212000280240;08;2;12;000;2023;07;20;1;2;5;3;0;0;1;0;0;0;0;1;460436,416199999861419;5427756,304700000211596;8,459072515000059;49,001435426000057;1
208837;08230716212000280050;08;2;12;000;2023;07;11;1;3;1;5;0;0;1;1;0;0;0;0;458261,030899999663234;5429227,730900000780821;8,429180093000070;49,014527870000052;1
208838;08230716136050284310;08;1;36;065;2023;07;17;1;3;0;1;0;0;1;0;0;0;0;0;564923,260400000028312;5405152,571100000292063;9,884026199000061;48,795975318000046;1
208839;08230716136050284100;08;1;36;088;2023;07;14;1;3;0;6;0;0;1;1;0;0;0;0;581890,502700000070035;5412075,422000000253320;10,116401689000043;48,856237478000025;1
208840;08230716121600300590;08;1;25;110;2023;07;13;1;2;8;1;0;0;1;0;0;0;0;0;531107,974600000306964;5444167,939099999144673;9,426585438000075;49,149546224000062;1
208842;08230716119300322280;08;1;19;067;2023;07;14;1;3;6;6;0;0;0;1;1;0;0;0;538981,066599999554455;5405503,440799999982119;9,530839282000045;48,801299454000059;1
208843;08230716119300298240;08;1;19;076;2023;07;15;1;3;0;7;0;0;1;0;0;0;0;0;541388,266999999992549;5406410,576999999582767;9,563710080000021;48,809303966000073;1
208844;08230716117200322410;08;1;17;024;2023;07;18;1;3;8;6;0;0;1;1;0;0;0;0;559904,874699999578297;5384831,153100000694394;9,812752041000067;48,613684512000077;1
208846;08230716111500316610;08;1;11;000;2023;07;15;1;2;5;3;0;0;1;1;0;0;0;0;519870,150299999862909;5400999,029200000688434;9,270375970000032;48,761683114000050;1
208847;08230720311010295050;08;3;11;000;2023;07;11;5;3;6;7;0;1;1;0;1;0;0;0;414384,991200000047684;5316111,769400000572205;7,852433366000071;47,992572084000074;1
208850;08230716111000280310;08;1;11;000;2023;07;11;1;2;5;2;0;0;1;1;0;0;0;0;510798,600300000049174;5402326,167199999094009;9,146973535000029;48,773845465000079;1
208852;08230715435200311190;08;4;35;054;2023;07;12;7;3;0;1;0;0;1;0;0;0;0;0;523533,624300000257790;5283132,213300000876188;9,313675957000044;47,701144680000027;1
208853;08230715421200294190;08;4;25;072;2023;07;14;7;2;0;1;0;0;1;0;0;0;0;0;577211,011199999600649;5370399,600600000470877;10,044838729000048;48,481979049000074;1
208855;08230715415300330710;08;4;15;089;2023;07;10;7;2;8;1;0;0;1;0;0;0;0;0;521096,986299999989569;5359364,200600000098348;9,284956823000073;48,387088658000039;1
208856;08230715415200349560;08;4;15;085;2023;07;03;7;2;9;1;2;0;1;0;0;0;0;0;535953,965099999681115;5341868,919700000435114;9,484132983000052;48,229022457000042;1
208860;08230715335400310390;08;3;35;098;2023;07;19;7;3;0;1;0;0;1;0;0;0;0;0;504484,287200000137091;5296705,988399999216199;9,059910864000074;47,823688636000043;1
208861;08230715335050282770;08;3;35;026;2023;07;16;7;2;6;4;0;0;0;1;1;0;0;0;481153,648199999704957;5282998,912100000306964;8,748805021000067;47,700099063000039;1
208862;08230715317500303620;08;3;17;096;2023;07;02;7;2;8;1;2;0;1;0;0;0;0;0;425602,520200000144541;5369836,556500000879169;7,993328671000029;48,477253738000059;1
208863;08230715317200297540;08;3;17;153;2023;07;02;7;3;1;5;2;0;1;1;0;0;0;0;421645,583100000396371;5391281,119500000029802;7,935755793000055;48,669661272000042;1
208864;08230715316100295240;08;3;16;011;2023;07;21;7;3;0;1;0;1;1;0;0;0;0;0;414634,021999999880791;5329332,748900000005960;7,853132609000056;48,111532119000060;1
208865;08230715316100294440;08;3;16;011;2023;07;13;7;3;1;5;0;0;1;1;0;0;0;0;414790,424100000411272;5327937,160900000482798;7,855512153000063;48,098999440000057;1
208866;08230715311010334800;08;3;11;000;2023;07;17;7;3;3;3;0;0;1;0;0;0;0;1;413340,220900000073016;5317065,451700000092387;7,838239840000028;48,001010042000075;1
208867;08230715311010317870;08;3;15;084;2023;07;18;7;2;6;1;0;0;1;0;1;0;0;0;426293,266900000162423;5306041,679700000211596;8,013748170000042;47,903465847000064;1
208869;08230715311010293220;08;3;11;000;2023;07;21;7;3;0;7;2;1;1;0;0;0;0;0;414124,774400000460446;5316232,927100000903010;7,848921958000062;47,993627050000043;1
208870;08230715311000286950;08;3;16;051;2023;07;05;7;2;0;1;0;0;1;0;0;0;0;0;399765,159199999645352;5335315,174900000914931;7,652018662000046;48,163174164000054;1
208871;08230715311000279200;08;3;11;000;2023;07;18;7;3;0;7;0;0;1;1;0;0;0;0;414585,161999999545515;5316018,071000000461936;7,855134506000070;47,991756000000066;1
208872;08230715226600303930;08;2;26;107;2023;07;00;7;3;1;5;2;0;1;1;0;0;0;0;475786,576100000180304;5482562,336500000208616;8,665627782000058;49,495212835000075;1
208873;08230715225200322610;08;2;25;115;2023;07;18;7;3;0;1;0;1;1;0;0;0;0;0;520526,903199999593198;5472065,615499999374151;9,282920542000056;49,400932815000033;1
208875;08230715212402292480;08;2;12;000;2023;07;19;7;3;8;7;0;0;1;0;0;0;0;0;455088,440499999560416;5427093,899700000882149;8,386030452000057;48,995111077000047;1
208876;08230715212010311280;08;2;12;000;2023;07;12;7;2;2;2;0;0;1;1;0;0;0;0;454272,732400000095367;5426709,312799999490380;8,374923176000038;48,991591807000077;1
208877;08230715212000278100;08;2;12;000;2023;07;11;7;3;0;7;0;0;1;0;0;0;0;0;461136,987200000323355;5427514,869500000029802;8,468673640000077;48,999308167000038;1