OID_;UIDENTSTLAE;ULAND;UREGBEZ;UKREIS;UGEMEINDE;UJAHR;UMONAT;USTUNDE;UWOCHENTAG;UKATEGORIE;UART;UTYP1;ULICHTVERH;IstStrassenzustand;IstRad;IstPKW;IstFuss;IstKrad;IstGkfz;IstSonstige;LINREFX;LINREFY;XGCSWGS84;YGCSWGS84;PLST
208878;08230715212000278060;08;2;12;000;2023;07;21;7;3;0;7;1;0;1;0;0;0;0;0;453998,185999999754131;5427040,000600000843406;8,371133012000030;48,994545979000065;1
208879;08230715212000277790;08;2;15;108;2023;07;09;7;3;5;2;0;0;1;0;0;0;0;1;447717,902599999681115;5422818,943800000473857;8,285827688000040;48,956077894000032;1
208882;08230715121500330000;08;1;25;065;2023;07;11;7;3;5;3;0;0;1;1;0;0;0;0;516036,700400000438094;5448342,982599999755621;9,220080937000034;49,187680492000027;1
208883;08230715121300293090;08;1;21;000;2023;07;07;7;3;0;7;0;0;1;0;0;0;0;0;514137,776600000448525;5444774,133099999278784;9,193895657000041;49,155624353000064;1
208884;08230717128100306380;08;1;28;007;2023;07;17;2;3;3;2;0;0;1;0;0;0;0;1;555261,491299999877810;5482624,203500000759959;9,763106441000048;49,493735641000058;1
208886;08230715121200295880;08;1;21;000;2023;07;22;7;3;5;2;2;1;0;0;1;1;0;0;516121,721199999563396;5443039,056900000199676;9,221035266000058;49,139967898000066;1
208887;08230715121200279310;08;1;21;000;2023;07;12;7;3;6;6;0;0;1;0;1;0;0;0;516017,118800000287592;5443208,912100000306964;9,219607887000052;49,141498538000064;1
208891;08230715118300317170;08;1;18;081;2023;07;13;7;2;6;4;0;0;1;0;1;0;0;0;519629,729000000283122;5413437,942600000649691;9,267699739000022;48,873588774000041;1
208894;08230715117100315640;08;1;17;049;2023;07;16;7;3;1;7;0;0;1;1;0;0;0;0;556876,478600000031292;5392893,783399999141693;9,772776159000045;48,686493284000051;1
208895;08230715117100295290;08;1;17;015;2023;07;19;7;2;6;4;0;0;0;1;1;0;0;0;560223,241999999620020;5389923,976399999111891;9,817811174000042;48,659465270000055;1
208899;08230714436400307520;08;4;36;082;2023;07;13;6;3;5;3;0;0;1;0;0;0;0;0;547898,842100000008941;5295374,907999999821186;9,639769360000059;47,809945128000038;1
208900;08230714436300307650;08;4;36;081;2023;07;16;6;3;4;6;0;0;1;0;0;1;0;0;556949,053100000135601;5281108,338800000026822;9,758772247000024;47,680854409000062;1
208902;08230714436200276960;08;4;37;076;2023;07;16;6;3;1;6;0;0;1;1;0;0;0;0;524587,870600000023842;5321441,054600000381470;9,329908158000023;48,045779180000068;1
208903;08230724111500308330;08;1;11;000;2023;07;13;2;3;5;3;0;1;1;1;0;0;0;0;514106,491799999959767;5409103,353099999949336;9,192227971000023;48,834745963000046;1
208904;08230714436000289970;08;4;36;064;2023;07;16;6;3;4;6;0;0;1;0;0;0;0;1;542796,705099999904633;5289345,141899999231100;9,571031024000035;47,756054395000035;1
208908;08230714421000273860;08;4;21;000;2023;07;11;6;3;0;1;0;0;1;0;0;0;0;0;573891,639200000092387;5361533,891400000080466;9,998363217000076;48,402629877000038;1
208913;08230714415050289170;08;4;15;061;2023;07;07;6;3;0;7;0;0;1;0;0;0;0;0;513853,705000000074506;5372328,889000000432134;9,187551519000067;48,503925390000063;1
208914;08230714415050287330;08;4;16;041;2023;07;11;6;3;1;2;0;0;1;1;0;0;0;0;504315,843999999575317;5374882,605499999597669;9,058454485000027;48,527037532000065;1
208916;08230714415050283060;08;4;16;041;2023;07;16;6;2;0;2;0;0;1;0;0;0;0;1;502391,897499999962747;5370743,886700000613928;9,032372527000064;48,489814301000081;1
208919;08230714336200311940;08;3;36;069;2023;07;20;6;3;5;3;0;0;1;1;0;0;0;0;408385,067999999970198;5268205,803600000217557;7,782136348000051;47,560803089000046;1
208920;08230714335100341930;08;3;35;043;2023;07;12;6;2;0;1;0;0;1;0;0;0;0;0;514943,001099999994040;5280162,459899999201298;9,199072115000035;47,674679822000030;1
208921;08230714335100314310;08;3;35;043;2023;07;13;6;3;5;2;0;0;1;1;0;0;0;0;515620,300999999977648;5280376,149000000208616;9,208102755000027;47,676586510000050;1
208922;08230714335050275050;08;3;35;063;2023;07;11;6;3;5;3;0;0;1;1;0;0;0;0;497043,180999999865890;5287886,547700000926852;8,960556449000023;47,744344332000026;1
208923;08230714326400306410;08;3;26;074;2023;07;07;6;3;1;1;0;0;1;1;0;0;0;0;460679,424499999731779;5323287,231399999931455;8,472252893000075;48,061651087000030;1
208927;08230714317050287780;08;2;16;017;2023;07;05;6;3;0;1;1;0;1;0;0;0;0;0;452277,840599999763072;5398445,673399999737740;8,350951658000042;48,737202394000064;1
208930;08230714311000274570;08;3;11;000;2023;07;15;6;3;6;4;0;0;0;1;1;0;0;0;411444,722299999557436;5315687,955399999395013;7,813118626000062;47,988359327000069;1
208933;08230714231000278310;08;2;31;000;2023;07;15;6;3;6;7;0;0;0;1;1;0;0;0;479428,752799999900162;5416846,066600000485778;8,719288931000051;48,904216653000049;1
208934;08230714221300295270;08;2;21;000;2023;07;17;6;3;3;2;0;0;1;1;0;0;0;0;476679,987900000065565;5475646,887000000104308;8,678372445000036;49,433045111000069;1
208935;08230714221050283340;08;2;21;000;2023;07;14;6;3;6;4;0;0;0;1;1;0;0;0;477676,758600000292063;5473102,424200000241399;8,692262762000041;49,410195525000063;1
208936;08230714221050282340;08;2;22;000;2023;07;10;6;3;3;6;0;0;1;1;0;0;0;0;468502,304999999701977;5479278,621899999678135;8,565300786000023;49,465342651000071;1
208937;08230714215302349500;08;2;15;025;2023;07;10;6;3;1;5;0;0;1;1;0;0;0;0;475234,150399999693036;5433581,425599999725819;8,661031872000024;49,054605915000081;1
208938;08230714212010319990;08;2;12;000;2023;07;18;6;3;5;7;0;0;1;1;0;0;0;0;460831,146099999547005;5427459,616800000891089;8,464497768000058;48,998791827000048;1
208940;08230714421000273510;08;4;26;021;2023;07;07;6;3;1;6;0;0;1;1;0;0;0;0;560112,215099999681115;5326651,091600000858307;9,807254806000060;48,090292476000059;1
208942;08230714128100276210;08;1;28;082;2023;07;13;6;3;0;6;0;0;1;0;0;0;0;0;568308,083100000396371;5473769,969000000506639;9,941716778000057;49,412774812000066;1
208944;08230714121400278220;08;1;25;074;2023;07;16;6;3;0;7;0;0;1;0;0;0;0;0;509241,686499999836087;5438883,886700000613928;9,126612376000026;49,102732504000073;1
208945;08230714121300274800;08;1;21;000;2023;07;16;6;3;0;7;0;0;1;1;0;0;0;0;514178,562599999830127;5443164,690199999138713;9,194398374000059;49,141145939000069;1
208953;08230714118048276060;08;1;18;080;2023;07;15;6;3;5;3;0;0;1;0;0;0;0;1;508594,443300000391901;5410767,707000000402331;9,117150883000022;48,849819003000050;1
208954;08230714118048275570;08;1;18;079;2023;07;19;6;3;6;6;0;0;1;0;1;0;0;0;509647,807000000029802;5422804,308000000193715;9,131793663000053;48,958081693000054;1
208955;08230714118048275550;08;1;18;019;2023;07;07;6;3;3;6;0;0;1;1;0;0;0;0;504811,451999999582767;5404872,530999999493361;9,065515806000064;48,796827526000072;1
208959;08230714116100309640;08;1;16;019;2023;07;11;6;3;0;7;0;0;1;0;0;0;0;0;522958,006900000385940;5399725,250499999150634;9,312321228000030;48,750118141000030;1
208960;08230714115301316460;08;1;15;028;2023;07;13;6;3;0;7;0;0;1;0;0;0;0;0;501141,423899999819696;5407333,404400000348687;9,015549205000070;48,818982911000035;1
208961;08230714115100314240;08;1;15;024;2023;07;15;6;3;6;4;0;0;0;1;1;0;0;0;500923,594299999997020;5388204,371200000867248;9,012538927000037;48,646897818000070;1
208965;08230714111000275430;08;1;11;000;2023;07;22;6;3;5;2;2;0;1;1;0;0;0;0;511658,661000000312924;5400942,210699999704957;9,158640059000049;48,761379945000044;1
208966;08230713436200270100;08;4;36;009;2023;07;11;5;3;2;6;0;0;1;0;0;0;0;1;556479,917000000365078;5307541,143200000748038;9,755964371000061;47,918704161000051;1
208967;08230713436100306620;08;4;36;010;2023;07;07;5;3;5;3;0;1;1;1;0;0;0;0;566414,652999999932945;5306425,074799999594688;9,888750141000060;47,907711488000075;1
208969;08230713435100275350;08;4;35;029;2023;07;18;5;3;0;7;0;0;1;0;0;0;0;0;543273,586500000208616;5271374,091900000348687;9,575612652000075;47,594332662000056;1
208972;08230713416200303770;08;4;16;041;2023;07;17;5;3;3;2;0;0;1;1;0;0;0;0;506020,996199999935925;5375531,905500000342727;9,081558700000073;48,532864816000028;1
208973;08230713416200301370;08;4;16;041;2023;07;19;5;3;5;7;0;0;1;0;0;0;0;0;505277,206299999728799;5375212,643600000068545;9,071479500000066;48,529999323000027;1
208975;08230713415400303640;08;4;15;061;2023;07;15;5;3;0;7;0;0;1;0;0;0;0;0;515923,151100000366569;5370419,454399999231100;9,215494685000067;48,486698403000048;1
208979;08230713415050272970;08;4;15;061;2023;07;12;5;3;5;3;0;0;1;1;0;0;0;0;515915,213700000196695;5371764,156799999997020;9,215438510000070;48,498796016000028;1
208980;08230713335300338820;08;3;35;075;2023;07;06;5;3;5;3;0;0;1;1;0;0;0;0;489197,226999999955297;5288916,156899999827147;8,855867164000074;47,753524602000027;1
208981;08230717216300302920;08;2;16;015;2023;07;14;2;3;0;1;0;0;1;0;0;0;0;0;450469,950400000438094;5405640,406500000506639;8,325498761000063;48,801780461000078;1
208982;08230713335100308550;08;3;35;043;2023;07;18;5;3;2;6;0;0;1;0;0;0;0;1;514393,950500000268221;5279368,982300000265241;9,191731502000039;47,667552841000031;1
208983;08230713335050287290;08;3;26;012;2023;07;15;5;3;0;1;0;0;1;0;0;0;0;0;462673,498599999584258;5310757,348400000482798;8,500106044000063;47,949041602000079;1
208984;08230713335050271060;08;3;35;028;2023;07;12;5;3;0;1;0;0;1;0;0;0;0;0;483075,625199999660254;5287214,816999999806285;8,774258217000067;47,738085137000041;1
208987;08230713317050270940;08;3;17;114;2023;07;13;5;3;0;7;0;0;1;0;0;0;0;0;405635,247999999672174;5345938,754599999636412;7,728576596000039;48,259628000000077;1
208988;08230713316100316020;08;3;16;038;2023;07;17;5;3;2;6;0;0;1;1;0;0;0;0;398419,996700000017881;5331481,154799999669194;7,634848852000061;48,128475918000049;1
208989;08230713316100305170;08;3;16;011;2023;07;22;5;3;5;3;2;0;1;1;0;0;0;0;414067,848100000061095;5330988,064699999988079;7,845194129000049;48,126345816000025;1
208990;08230713311200343200;08;3;11;000;2023;07;14;5;2;0;7;0;0;1;0;0;0;0;0;414512,498900000005960;5316172,462600000202656;7,854130011000052;47,993135103000043;1
208991;08230713311010321250;08;3;11;000;2023;07;10;5;3;6;4;0;0;0;1;1;0;0;0;411290,817200000397861;5319819,564799999818206;7,810201766000034;48,025502796000069;1
208992;08230713311000286810;08;3;37;126;2023;07;11;5;3;0;6;0;0;1;0;0;0;0;0;445860,466599999926984;5275775,607699999585748;8,279318364000062;47,633117175000052;1
208993;08230713311000273250;08;3;36;019;2023;07;14;5;3;1;5;0;0;1;1;0;0;0;0;394652,354899999685585;5275975,949799999594688;7,597769702000051;47,628613248000079;1
208994;08230713311000272650;08;3;16;012;2023;07;16;5;3;0;1;0;0;1;0;0;0;0;0;403364,280799999833107;5332829,132400000467896;7,700971928000058;48,141370487000074;1
208995;08230713311000271420;08;3;15;073;2023;07;09;5;2;6;1;0;0;1;0;1;0;0;0;412780,013399999588728;5312915,429199999198318;7,831574161000049;47,963602985000080;1
208999;08230713231000279740;08;2;31;000;2023;07;14;5;3;5;5;0;0;1;1;0;0;0;0;477857,097500000149012;5414934,620500000193715;8,697946354000067;48,886967748000075;1
209002;08230713222800342400;08;2;22;000;2023;07;09;5;3;5;2;0;0;1;1;0;0;0;0;463343,672100000083447;5484838,482799999415874;8,493593675000056;49,515061347000028;1
209005;08230713221050277760;08;2;21;000;2023;07;18;5;3;3;6;0;0;1;0;0;0;0;0;477784,401800000108778;5472941,829900000244379;8,693755642000042;49,408754943000076;1
209007;08230713221011297820;08;2;21;000;2023;07;16;5;3;2;6;0;0;1;0;0;0;0;0;475129,543700000271201;5474746,667400000616908;8,657045696000068;49,424886384000047;1
209008;08230713216200314970;08;2;16;028;2023;07;17;5;2;5;3;0;0;1;1;0;0;0;0;425369,584999999962747;5396760,542999999597669;7,985338334000062;48,719403108000051;1
209011;08230713212702306990;08;2;15;110;2023;07;07;5;3;6;4;0;0;1;0;1;0;0;0;460538,640899999998510;5420036,054600000381470;8,461218820000056;48,931996236000032;1
209012;08230713212010297420;08;2;12;000;2023;07;17;5;3;5;2;0;0;1;0;0;0;0;0;456219,802799999713898;5425925,608699999749660;8,401621861000024;48,984683398000072;1
209014;08230713212000286370;08;2;15;111;2023;07;12;5;3;0;7;0;0;1;0;0;0;0;0;458165,570899999700487;5447696,252599999308586;8,425962070000026;49,180646000000081;1
209015;08230713212000274910;08;2;12;000;2023;07;18;5;3;5;3;0;0;1;1;0;0;0;0;455471,678299999795854;5428144,778400000184774;8,391154033000021;49,004591604000041;1
209018;08230713136050288230;08;1;19;041;2023;07;21;5;3;0;1;2;0;1;0;0;0;0;0;526398,134399999864399;5409484,790699999779463;9,359747068000047;48,837776314000052;1
209020;08230713135200301540;08;1;35;019;2023;07;21;5;3;5;3;2;0;1;1;0;0;0;0;585435,726200000382960;5395426,538799999281764;10,161263022000071;48,706017621000058;1
209021;08230713128200272870;08;1;28;139;2023;07;19;5;3;0;7;0;0;1;0;0;0;0;0;551066,422399999573827;5487928,950999999418855;9,705867910000052;49,541814802000033;1
209025;08230713121200273440;08;1;21;000;2023;07;18;5;3;3;6;0;0;1;1;0;0;0;0;514768,109400000423193;5442267,283199999481440;9,202448557000025;49,133059561000039;1
209031;08230713118048289400;08;1;18;046;2023;07;15;5;3;5;3;0;0;1;1;0;0;0;0;513575,944000000134110;5411475,334000000730157;9,185076895000066;48,856095685000071;1
209032;08230713118048286800;08;1;15;024;2023;07;16;5;3;0;7;0;0;1;0;0;0;0;0;501094,385999999940395;5387895,164999999105930;9,014856816000076;48,644115870000064;1
209037;08230713116100324410;08;1;16;019;2023;07;14;5;3;4;3;0;0;1;0;0;0;0;0;522492,210799999535084;5398671,174799999222159;9,305927062000023;48,740652794000027;1
209040;08230713111500289960;08;1;11;000;2023;07;14;5;2;1;5;0;0;1;1;0;0;0;0;508362,085199999623001;5406757,449200000613928;9,113901812000051;48,813746450000053;1
209041;08230713111110309280;08;1;11;000;2023;07;13;5;3;3;3;0;0;1;0;0;0;0;0;512782,927099999971688;5402346,924100000411272;9,173981590000039;48,773994589000040;1
209042;08230713111000271540;08;1;11;000;2023;07;10;5;3;5;3;0;0;1;0;0;0;0;1;517097,335900000296533;5409691,094200000166893;9,233008151000035;48,839958005000028;1
209043;08230712436200282570;08;4;35;016;2023;07;09;4;3;0;7;0;1;1;0;0;0;1;0;535661,892699999734759;5278061,565300000831485;9,474912774000074;47,654966367000043;1
209044;08230712436200279610;08;4;35;066;2023;07;20;4;3;0;7;1;1;1;0;0;0;0;0;518212,172899999655783;5286784,939400000497699;9,242900631000055;47,734182232000080;1
209046;08230712416200345180;08;4;16;041;2023;07;07;4;3;0;7;0;1;1;0;0;0;0;0;506068,520899999886751;5374519,812100000679493;9,082187720000036;48,523759215000041;1
209047;08230712416200308950;08;4;16;041;2023;07;10;4;3;0;1;0;0;1;0;0;0;0;0;504635,520899999886751;5373043,395800000056624;9,062763795000023;48,510489049000057;1
209049;08230712416100303360;08;4;16;036;2023;07;14;4;3;0;7;0;0;1;0;0;0;0;1;495363,638600000180304;5368511,252599999308586;8,937275131000035;48,469716018000042;1
209052;08230712337010338020;08;3;37;002;2023;07;19;4;2;0;6;0;0;1;0;0;0;0;0;432395,221300000324845;5274057,239499999210238;8,100360790000025;47,616391675000045;1
209055;08230712335050269730;08;3;26;060;2023;07;18;4;3;0;1;0;0;1;0;0;0;0;0;444722,592000000178814;5334166,664999999105930;8,256691637000074;48,158342078000032;1
209059;08230712235100274030;08;2;35;033;2023;07;14;4;3;6;2;0;0;0;1;1;0;0;0;459162,242999999783933;5405598,685000000521541;8,443868284000075;48,802037015000053;1
209060;08230712231202349580;08;2;36;004;2023;07;20;4;3;6;7;0;0;1;0;1;0;0;0;472256,943799999542534;5413970,023299999535084;8,621621103000052;48,878065219000064;1
209064;08230712226700324630;08;2;26;095;2023;07;08;4;3;3;5;0;0;1;1;0;0;0;0;473927,533499999903142;5461784,306199999526143;8,641319934000023;49,308241341000041;1
209067;08230712221050284200;08;2;21;000;2023;07;10;4;3;6;4;0;0;0;1;1;0;0;0;477328,226700000464916;5473005,670800000429153;8,687463672000035;49,409312357000033;1
209070;08230712212102305270;08;2;12;000;2023;07;09;4;3;5;3;0;0;1;1;0;0;0;0;459678,895800000056624;5426784,881599999964237;8,448812346000068;48,992648258000031;1
209071;08230712212000271470;08;2;12;000;2023;07;18;4;2;5;3;0;0;1;1;0;0;0;0;453386,460900000296533;5427650,394799999892712;8,362700930000074;48,999990632000049;1
209074;08230712136100284520;08;1;36;088;2023;07;05;4;3;5;3;0;0;1;1;0;0;0;0;581039,042000000365078;5412523,405999999493361;10,104884800000036;48,860378520000040;1
209075;08230712136050279620;08;1;19;020;2023;07;20;4;2;5;3;0;0;0;1;1;0;0;0;519891,804700000211596;5408513,715399999171495;9,271034541000063;48,829283312000030;1
209077;08230712136050268180;08;1;19;079;2023;07;12;4;3;0;1;0;0;1;0;0;0;0;0;523228,525000000372529;5408957,633199999108911;9,316523295000025;48,833160833000079;1
209078;08230712121500300660;08;1;25;063;2023;07;11;4;3;5;6;0;0;1;1;0;0;0;0;527280,275700000114739;5462970,635900000110269;9,375376663000054;49,318859533000079;1
209079;08230712121200303400;08;1;21;000;2023;07;14;4;3;5;3;0;0;1;1;0;0;0;0;516794,726800000295043;5444152,341099999845028;9,230308773000047;49,149964210000064;1
209080;08230712119300298410;08;1;19;067;2023;07;08;4;3;5;2;0;0;1;1;0;0;0;0;537973,339999999850988;5405982,060200000181794;9,517161046000069;48,805667281000069;1
209081;08230712119300294880;08;1;19;067;2023;07;21;4;2;0;1;0;1;1;0;0;0;0;0;538652,567999999970198;5406066,512000000104308;9,526419038000029;48,806385099000067;1
209082;08230712118300267390;08;1;18;046;2023;07;07;4;3;0;1;0;0;1;0;0;0;0;0;514554,614599999971688;5411870,348699999973178;9,198432791000073;48,859626965000075;1
209084;08230712118048279860;08;1;18;014;2023;07;20;4;2;6;7;0;0;0;1;1;0;0;0;522164,794800000265241;5421669,526499999687076;9,302718148000054;48,947551625000074;1
209085;08230720311010293860;08;3;36;050;2023;07;07;5;3;0;7;0;0;1;1;0;0;0;0;399531,391900000162423;5272320,041600000113249;7,663531764000027;47,596502408000049;1
209086;08230712116400345200;08;1;16;072;2023;07;07;4;3;6;7;0;1;1;0;1;0;0;0;530573,094700000248849;5393306,116299999877810;9,415438722000033;48,692045468000060;1
209088;08230712111330302710;08;1;11;000;2023;07;15;4;3;0;7;0;0;1;0;0;0;0;1;512807,032499999739230;5408722,232000000774860;9,174508532000061;48,831345625000040;1
209090;08230711436200269910;08;4;35;066;2023;07;13;3;3;0;7;0;0;1;0;0;0;0;0;516603,012199999764562;5287979,098300000652671;9,221484563000047;47,744970129000080;1
209092;08230711421300267410;08;4;21;000;2023;07;17;3;3;4;2;0;0;1;1;0;0;0;0;571270,497200000099838;5362814,723400000482798;9,963171361000036;48,414453126000069;1
209094;08230711417300297040;08;4;17;025;2023;07;12;3;3;6;7;0;0;0;1;1;0;0;0;485641,996000000275671;5356822,553999999538064;8,806152710000049;48,364412053000081;1
209095;08230711416010266670;08;4;15;014;2023;07;16;3;2;5;3;0;0;1;1;0;0;0;0;525477,651999999769032;5375085,179999999701977;9,345082632000071;48,528357621000055;1
209097;08230711415050279040;08;4;15;061;2023;07;12;3;3;4;6;0;0;1;1;0;0;0;0;514072,290000000037253;5372005,926999999210238;9,190499819000024;48,501015053000060;1
209101;08230711326400297850;08;3;26;074;2023;07;08;3;3;0;7;0;1;1;0;0;0;1;0;458925,004300000146031;5323958,089099999517202;8,448642326000027;48,067576009000049;1
209104;08230711317100267520;08;3;17;068;2023;07;19;3;3;5;3;0;0;1;1;0;0;0;0;435884,745400000363588;5388482,499399999156594;8,129566026000020;48,646111683000072;1
209105;08230711317050280200;08;3;17;001;2023;07;11;3;3;5;1;0;0;1;1;0;0;0;0;431410,532100000418723;5386627,320900000631809;8,069138928000029;48,628949358000057;1
209106;08230711317050268910;08;2;16;015;2023;07;13;3;3;0;7;0;0;1;0;0;0;0;0;449772,890100000426173;5406160,829800000414252;8,315943215000061;48,806405881000046;1
209107;08230711311010266400;08;3;36;091;2023;07;06;3;2;0;7;0;0;1;0;0;0;0;0;395513,049700000323355;5274630,288300000131130;7,609543560000077;47,616648289000068;1
209109;08230711311010265280;08;3;11;000;2023;07;21;3;3;0;7;2;1;1;1;0;0;0;0;414532,360999999567866;5316014,959000000730157;7,854427549000036;47,991720951000048;1
209111;08230711311000268120;08;3;36;050;2023;07;22;3;3;0;6;2;1;1;0;0;0;0;1;399172,327700000256300;5272587,715299999341369;7,658695168000065;47,598854486000050;1
209112;08230711231000282380;08;2;37;028;2023;07;13;3;2;0;4;0;0;0;1;1;0;0;0;456622,033999999985099;5368767,107000000774860;8,413133146000064;48,470538680000061;1
209115;08230711221050270860;08;2;22;000;2023;07;08;3;3;0;2;0;0;1;1;0;0;0;0;461427,999900000169873;5482101,254499999806285;8,467397181000024;49,490322651000042;1
209116;08230711215402267320;08;2;15;009;2023;07;07;3;3;1;5;0;0;1;1;0;0;0;0;468654,581600000150502;5440689,985899999737740;8,570428989000050;49,118249426000034;1
209117;08230711215202266680;08;2;15;097;2023;07;17;3;3;0;7;0;0;1;0;0;0;0;0;483242,961699999868870;5442536,041200000792742;8,770275266000056;49,135426103000043;1
209118;08230711212102265920;08;2;12;000;2023;07;07;3;3;0;6;0;0;1;0;0;0;0;1;461126,686200000345707;5424273,681500000879169;8,468842771000027;48,970152212000073;1
209119;08230713118048272010;08;1;18;071;2023;07;07;5;3;0;1;0;0;1;0;0;0;0;0;510204,343600000254810;5420503,909199999645352;9,139338566000049;48,937379124000074;1
209120;08230711212010297410;08;2;12;000;2023;07;11;3;2;5;3;0;0;1;0;0;0;0;1;453574,260800000280142;5428918,254300000146031;8,365123390000065;49,011409251000032;1
209122;08230711212010290080;08;2;12;000;2023;07;07;3;3;0;3;0;0;1;1;0;0;0;0;455356,372999999672174;5431631,744999999180436;8,389193821000049;49,035948795000081;1
209123;08230718415400304460;08;4;15;087;2023;07;19;3;3;0;7;0;0;1;0;0;0;0;0;514363,399299999698997;5382392,288200000301003;9,194798897000055;48,594447016000061;1
209124;08230711212000268270;08;2;12;000;2023;07;15;3;3;0;6;0;0;0;1;1;0;0;0;454112,928000000305474;5429551,138599999248981;8,372417693000045;49,017142373000070;1
209126;08230711136050282690;08;1;19;067;2023;07;16;3;3;4;7;0;0;1;1;0;0;0;0;537411,255900000222027;5405008,127399999648333;9,509417577000022;48,796940288000030;1
209128;08230711136050277130;08;1;19;079;2023;07;12;3;3;3;2;0;0;1;1;0;0;0;0;521851,200000000186265;5407727,701999999582767;9,297689915000035;48,822146661000033;1
209129;08230711136050274720;08;1;19;020;2023;07;10;3;3;4;2;0;0;1;1;0;0;0;0;519210,154500000178814;5410274,791799999773502;9,261829414000033;48,845147024000028;1
209130;08230711311010264980;08;3;11;000;2023;07;11;3;3;0;7;0;0;1;0;0;0;0;0;414026,809000000357628;5316411,578999999910593;7,847573309000040;47,995220926000059;1
209133;08230711118500555270;08;1;18;070;2023;07;22;3;3;6;7;2;1;0;1;1;0;0;0;520086,775500000454485;5423525,559399999678135;9,274429297000040;48,964318710000043;1
209134;08230711118048282410;08;1;18;048;2023;07;16;3;3;1;5;0;0;1;1;0;0;0;0;516309,867899999953806;5418033,530400000512600;9,222609119000026;48,915025587000059;1
209135;08230711116100311540;08;1;16;056;2023;07;11;3;3;8;1;0;0;1;0;0;0;0;0;531532,418999999761581;5395799,252000000327826;9,428664429000037;48,714425551000033;1
209136;08230711115400317350;08;1;15;045;2023;07;07;3;3;5;3;0;0;1;1;0;0;0;0;495529,889000000432134;5393609,708000000566244;8,939254348000077;48,695509611000034;1
209137;08230711115300301640;08;1;15;041;2023;07;15;3;3;5;3;0;0;1;0;0;1;0;0;494862,293999999761581;5401911,808000000193715;8,930078723000065;48,770190401000036;1
209138;08230711115200266270;08;1;15;021;2023;07;14;3;3;6;7;0;0;0;1;1;0;0;0;487670,007600000128150;5385244,925699999555945;8,832693636000045;48,620153244000051;1
209139;08230711115100298920;08;1;15;003;2023;07;21;3;3;6;7;2;1;1;0;1;0;0;0;501265,003800000064075;5391101,652300000190735;9,017182836000075;48,672961594000071;1
209143;08230710436300336360;08;4;36;081;2023;07;13;2;3;5;3;0;0;1;1;0;0;0;0;560018,150700000114739;5280064,667300000786781;9,799516527000037;47,671187003000057;1
209144;08230710436200285430;08;4;36;052;2023;07;14;2;2;3;2;0;0;1;1;0;0;0;0;560996,606999999843538;5290553,768200000748038;9,814018095000051;47,765462981000042;1
209145;08230710436200276920;08;4;36;064;2023;07;13;2;3;6;4;0;0;0;1;1;0;0;0;544743,343500000424683;5290981,714600000530481;9,597171851000041;47,770646594000027;1
209146;08230710436200264900;08;4;36;064;2023;07;15;2;3;5;3;0;0;1;1;0;0;0;0;546277,803899999707937;5291889,960100000724196;9,617747262000023;47,778709719000062;1
209147;08230710435100265160;08;4;35;016;2023;07;11;2;3;1;7;0;0;1;1;0;0;0;0;533908,972599999979138;5278501,562300000339746;9,451603875000046;47,659019466000075;1
209148;08230710435100265150;08;4;35;016;2023;07;18;2;3;1;5;0;0;1;0;0;1;0;0;536051,435300000011921;5278039,279999999329448;9,480098324000039;47,654744267000069;1
209149;08230710435100263350;08;4;35;024;2023;07;13;2;3;5;3;0;0;1;0;0;0;1;0;526940,758799999952316;5279160,598899999633431;9,358843099000069;47,665276920000053;1
209150;08230710426300263720;08;4;26;097;2023;07;18;2;3;6;7;0;0;0;0;1;0;0;1;535319,754399999976158;5333318,442500000819564;9,474882145000038;48,152133066000033;1
209152;08230710416100293960;08;4;16;036;2023;07;13;2;3;8;1;0;0;1;0;0;0;0;0;495266,043100000359118;5369554,873800000175834;8,935942955000030;48,479104162000056;1
209155;08230710415400263330;08;4;15;061;2023;07;13;2;3;3;3;0;0;1;1;0;0;0;0;511669,255099999718368;5371384,139299999922514;9,157952147000060;48,495470459000046;1
209156;08230710415300318360;08;4;15;092;2023;07;14;2;3;9;1;0;0;1;0;0;0;0;0;518985,598000000230968;5363131,960300000384450;9,256609084000047;48,421052260000067;1
209161;08230710317100267650;08;3;17;089;2023;07;07;2;3;0;1;0;0;1;0;0;0;0;0;432634,304499999620020;5372293,146999999880791;8,088066300000037;48,500144256000056;1
209163;08230710316200315400;08;3;16;009;2023;07;17;2;3;5;3;0;0;1;1;0;0;0;0;418268,992999999783933;5324477,857000000774860;7,902887286000066;48,068337389000078;1
209164;08230710316200297620;08;3;16;056;2023;07;19;2;3;5;3;0;0;1;1;0;0;0;0;422372,798899999819696;5327224,338300000876188;7,957465728000045;48,093556285000034;1
209166;08230710311000278040;08;3;11;000;2023;07;07;2;3;5;2;0;0;1;1;0;0;0;0;413117,634200000204146;5318260,608699999749660;7,835014376000061;48,011730642000032;1
209170;08230710222400340320;08;2;22;000;2023;07;07;2;3;6;4;0;0;1;0;1;0;0;0;469250,567599999718368;5476512,451799999922514;8,575841994000029;49,440500238000027;1
209171;08230710222301263670;08;2;22;000;2023;07;14;2;3;5;2;0;0;1;1;0;0;0;0;466984,836900000460446;5481902,671099999919534;8,544139893000022;49,488864285000034;1