OID_;UIDENTSTLAE;ULAND;UREGBEZ;UKREIS;UGEMEINDE;UJAHR;UMONAT;USTUNDE;UWOCHENTAG;UKATEGORIE;UART;UTYP1;ULICHTVERH;IstStrassenzustand;IstRad;IstPKW;IstFuss;IstKrad;IstGkfz;IstSonstige;LINREFX;LINREFY;XGCSWGS84;YGCSWGS84;PLST
209172;08230710222014261910;08;2;22;000;2023;07;13;2;2;3;2;0;0;1;0;0;0;0;0;461938,977900000289083;5486968,917099999263883;8,473983163000071;49,534136797000031;1
209175;08230710212402262050;08;2;12;000;2023;07;09;2;3;0;6;0;0;1;0;0;0;0;0;456461,955599999986589;5424833,692700000479817;8,405048284000031;48,974878554000043;1
209178;08230710128200310110;08;1;28;139;2023;07;09;2;3;5;3;0;0;1;1;0;0;0;0;551182,051900000311434;5490869,501900000497699;9,707848216000059;49,568252536000045;1
209179;08230710128100262360;08;1;28;007;2023;07;10;2;3;4;6;0;0;1;0;0;0;0;0;556679,981700000353158;5482392,800799999386072;9,782659302000070;49,491523542000039;1
209180;08230710121500279360;08;1;25;065;2023;07;14;2;3;5;3;0;0;1;1;0;0;0;0;517112,781700000166893;5448142,948699999600649;9,234839982000040;49,185852053000076;1
209181;08230710121400292600;08;1;25;017;2023;07;07;2;3;3;6;0;0;1;1;0;0;0;0;502037,809999999590218;5432041,427899999544024;9,027883843000041;49,041247203000069;1
209184;08230710118600263910;08;1;18;076;2023;07;18;2;3;5;3;0;0;1;1;0;0;0;0;505274,299599999561906;5423044,638699999079108;9,072052642000074;48,960296415000073;1
209185;08230710118600261850;08;1;18;050;2023;07;07;2;2;0;7;0;0;1;0;0;0;0;0;506507,356900000013411;5416142,564600000157952;9,088787364000041;48,898195561000080;1
209189;08230710118048274410;08;1;15;003;2023;07;11;2;3;0;3;0;0;1;0;0;0;1;0;500351,996000000275671;5392197,992599999532104;9,004782176000049;48,682825587000082;1
209191;08230710116100307240;08;1;16;056;2023;07;06;2;3;4;6;0;0;1;0;0;0;0;1;530565,835300000384450;5395288,698899999260902;9,415486848000057;48,709880837000071;1
209192;08230710116100261590;08;1;16;019;2023;07;13;2;3;0;1;0;0;1;0;0;0;0;0;522911,318199999630451;5399663,967499999329448;9,311682674000053;48,749568567000040;1
209193;08230710115400264760;08;1;15;045;2023;07;14;2;2;3;2;0;0;1;0;0;1;0;0;499395,513600000180304;5395762,531099999323487;8,991782302000047;48,714892298000052;1
209197;08230710111110262980;08;1;11;000;2023;07;15;2;3;0;7;0;0;1;0;0;0;0;0;512625,167700000107288;5401814,649499999359250;9,171818082000073;48,769209503000070;1
209198;08230710111000276590;08;1;11;000;2023;07;19;2;2;5;3;0;0;1;1;0;0;0;0;508729,470599999651313;5396616,204099999740720;9,118690836000042;48,722511154000074;1
209201;08230709436200270920;08;4;36;083;2023;07;15;1;3;6;6;0;0;0;1;1;0;0;0;531917,535600000061095;5301406,929300000891089;9,426764680000076;47,865207546000079;1
209202;08230709436200260330;08;4;36;064;2023;07;18;1;3;0;1;0;0;1;0;0;0;0;0;545751,396999999880791;5291131,187000000849366;9,610640908000050;47,771920617000035;1
209204;08230709421300292230;08;4;25;097;2023;07;19;1;3;0;1;0;0;1;0;0;0;0;0;586626,557300000451505;5376240,967299999669194;10,173438498000053;48,533292235000033;1
209205;08230718121200344900;08;1;21;000;2023;07;13;3;3;0;7;0;0;1;0;0;0;0;0;517878,742800000123680;5442459,188599999994040;9,245098797000026;49,134703170000080;1
209206;08230709421000273310;08;4;26;124;2023;07;11;1;3;5;3;0;0;1;1;0;0;0;0;545999,615500000305474;5332537,603599999099970;9,618383241000060;48,144425387000069;1
209207;08230709415400290390;08;4;15;061;2023;07;15;1;3;0;6;0;0;1;0;0;0;0;1;510505,273000000044703;5364845,627000000327826;9,142032596000035;48,436667754000041;1
209208;08230709415400265630;08;4;15;061;2023;07;14;1;3;4;2;0;0;1;1;0;0;0;0;514661,473000000230968;5369570,185799999162555;9,198390179000057;48,479088766000075;1
209212;08230709325202336870;08;3;25;049;2023;07;13;1;3;1;5;0;0;0;1;1;0;0;0;472259,938500000163913;5335079,387499999254942;8,626911147000044;48,168351695000069;1
209213;08230709325102262270;08;3;25;057;2023;07;18;1;3;0;6;0;0;1;1;0;0;0;0;472283,808899999596179;5359338,236600000411272;8,625641093000070;48,386598911000078;1
209215;08230709317050286690;08;3;17;005;2023;07;02;1;3;6;6;2;0;0;0;1;0;0;1;424320,308299999684095;5379671,335999999195337;7,974197066000045;48,565563817000054;1
209216;08230709317050270780;08;2;16;015;2023;07;06;1;2;8;1;2;0;1;0;0;0;0;0;453502,316800000146031;5407152,587899999693036;8,366619564000075;48,815617319000069;1
209217;08230709317000263860;08;3;17;096;2023;07;09;1;2;1;5;0;0;1;1;0;0;0;0;421745,641999999992549;5368475,573999999091029;7,941405046000057;48,464543591000051;1
209220;08230709311000282740;08;3;11;000;2023;07;00;1;3;0;7;2;0;1;0;0;0;0;0;418048,520999999716878;5315508,894999999552965;7,901644134000037;47,987628929000039;1
209221;08230709231102290420;08;2;36;019;2023;07;17;1;2;6;7;0;0;0;1;1;0;0;0;487538,027300000190735;5408952,046199999749660;8,830186242000025;48,833420018000027;1
209222;08230709226200331690;08;2;26;032;2023;07;15;1;3;5;3;0;0;1;1;0;0;0;0;467128,361299999989569;5462928,988500000908971;8,547691904000033;49,318209433000050;1
209224;08230709222200333100;08;2;22;000;2023;07;00;1;2;0;7;2;0;1;0;0;0;0;0;460804,131500000134110;5482812,207100000232458;8,458712684000034;49,496677294000051;1
209226;08230709221050273790;08;2;26;062;2023;07;18;1;3;5;2;0;0;1;0;0;1;0;0;469740,369599999859929;5468175,067999999970198;8,583233327000073;49,365532162000079;1
209227;08230719436200294020;08;4;36;064;2023;07;17;4;3;1;5;0;0;1;1;0;0;0;0;546048,481499999761581;5292562,573599999770522;9,614757638000071;47,784777665000036;1
209230;08230709136050271050;08;1;19;067;2023;07;06;1;3;0;7;0;0;1;0;0;0;0;0;538287,214700000360608;5406023,707100000232458;9,521439423000061;48,806022661000043;1
209232;08230709127202259130;08;1;27;101;2023;07;16;1;3;0;2;0;0;1;0;0;0;0;0;586680,394000000320375;5443972,304300000891089;10,188494272000071;49,142457499000045;1
209233;08230709119400259700;08;1;19;079;2023;07;11;1;3;0;7;0;0;1;0;0;0;0;0;521707,894700000062585;5407348,324999999254942;9,295717545000059;48,818738894000035;1
209235;08230709118048287570;08;1;18;048;2023;07;02;1;3;0;7;2;0;1;0;0;0;0;0;513410,788499999791384;5415498,981599999591708;9,182957330000022;48,892295077000028;1
209237;08230709118010261240;08;1;18;046;2023;07;11;1;3;2;7;0;0;1;1;0;0;0;0;514636,081299999728799;5413063,558599999174476;9,199586154000031;48,870358894000049;1
209238;08230709116100265030;08;1;16;019;2023;07;19;1;3;6;6;0;0;0;1;1;0;0;0;522452,704099999740720;5398489,542999999597669;9,305379823000067;48,739020278000055;1
209239;08230709115400291100;08;1;15;001;2023;07;21;1;3;1;1;1;0;1;1;0;0;0;0;489305,906499999575317;5391788,517899999395013;8,854722156000037;48,679050403000076;1
209240;08230709111500261020;08;1;11;000;2023;07;17;1;3;6;4;0;1;0;1;1;0;0;0;517863,139200000092387;5402126,695000000298023;9,243115519000071;48,771888317000048;1
209241;08230708436500258670;08;4;36;078;2023;07;13;7;3;4;6;0;0;1;0;0;1;0;0;556802,688900000415742;5290658,321900000795722;9,758067910000022;47,766786909000075;1
209243;08230708436200279550;08;4;36;082;2023;07;02;7;3;1;1;2;0;1;1;0;0;0;0;547987,055999999865890;5294973,918600000441074;9,640903142000070;47,806330884000033;1
209244;08230708426300258720;08;4;26;008;2023;07;16;7;3;0;1;0;0;1;0;0;0;0;0;533543,758899999782443;5332134,384199999272823;9,450910948000057;48,141576648000068;1
209246;08230708421000289810;08;4;25;039;2023;07;12;7;2;0;1;0;0;1;0;0;0;0;0;566665,563299999572337;5353213,699899999424815;9,899424743000054;48,328591270000061;1
209247;08230708421000284920;08;4;26;134;2023;07;00;7;3;9;1;2;0;1;0;0;0;0;0;557666,615000000223517;5338791,004000000655651;9,776060391000044;48,199730767000062;1
209249;08230713116100305670;08;1;16;004;2023;07;16;5;2;5;2;0;0;1;1;0;0;0;0;527859,240799999795854;5396380,225600000470877;9,378770211000074;48,719826860000069;1
209251;08230708415400336840;08;4;15;061;2023;07;19;7;3;6;4;0;0;0;1;1;0;0;0;516033,413700000382960;5371291,879799999296665;9,217020394000031;48,494544245000043;1
209252;08230708415100258770;08;4;15;050;2023;07;12;7;2;2;6;0;0;1;0;0;1;0;0;521505,362300000153482;5375786,510299999266863;9,291316846000029;48,534815651000031;1
209253;08230708336400307430;08;3;36;091;2023;07;22;7;3;0;1;2;0;1;0;0;0;0;0;394074,371000000275671;5273886,914999999105930;7,590584043000035;47,609727975000055;1
209255;08230708335050288090;08;3;35;063;2023;07;03;7;3;0;3;2;0;1;0;0;0;0;1;497809,431200000457466;5287256,867699999362230;8,970781288000069;47,738681785000040;1
209256;08230708326300306150;08;3;26;017;2023;07;16;7;3;0;1;0;0;1;0;0;0;0;0;440554,621000000275671;5322093,226399999111891;8,202333250000038;48,049351548000061;1
209259;08230708317050275380;08;3;17;001;2023;07;14;7;3;5;2;0;0;1;1;0;0;0;0;431298,763100000098348;5386579,748800000175834;8,067630149000024;48,628509178000058;1
209261;08230708311010323700;08;3;11;000;2023;07;22;7;3;0;7;2;0;1;0;0;0;0;0;414355,685399999842048;5317977,638800000771880;7,851668159000042;48,009352358000058;1
209262;08230708311000271800;08;3;37;065;2023;07;12;7;3;5;3;0;0;1;1;0;0;0;0;447390,009499999694526;5275477,702299999073148;8,299713183000051;47,630562982000072;1
209263;08230708231302779670;08;2;31;000;2023;07;20;7;3;0;1;0;0;1;0;0;0;0;0;481885,225499999709427;5415773,322499999776483;8,752856692000023;48,894643297000073;1
209264;08230717326400305080;08;3;26;074;2023;07;07;2;3;0;1;0;0;1;0;0;0;0;0;459917,412600000388920;5323675,235500000417233;8,461989521000021;48,065094411000075;1
209265;08230708231102257880;08;2;36;038;2023;07;16;7;3;0;1;0;0;1;0;0;0;0;0;487023,678000000305474;5426039,425000000745058;8,822634223000023;48,987122657000043;1
209266;08230708226600292060;08;2;26;096;2023;07;18;7;3;1;5;0;0;1;1;0;0;0;0;473705,824400000274181;5487851,326199999079108;8,636542083000052;49,542698689000076;1
209267;08230708222500306360;08;2;26;009;2023;07;19;7;3;0;7;0;0;1;0;0;0;0;0;466532,422000000253320;5473355,262000000104308;8,538615466000067;49,411958812000080;1
209268;08230708221050285670;08;2;21;000;2023;07;08;7;2;5;3;0;0;1;1;0;0;0;0;477189,929999999701977;5475652,376399999484420;8,685405093000043;49,433113833000050;1
209269;08230708221050285530;08;2;22;000;2023;07;19;7;3;5;2;0;0;1;1;0;0;0;0;462501,397099999710917;5478365,501499999314547;8,482572104000042;49,456788678000066;1
209271;08230708212302333010;08;2;12;000;2023;07;14;7;3;0;1;0;0;1;0;0;0;0;0;455801,968299999833107;5428741,026000000536442;8,395604990000038;49,009978655000054;1
209277;08230708127202303560;08;1;27;014;2023;07;11;7;3;5;3;0;0;1;1;0;0;0;0;576802,563000000081956;5444172,446100000292063;10,053120807000028;49,145572094000045;1
209278;08230708121500272380;08;1;25;065;2023;07;10;7;3;0;1;0;0;1;0;0;0;0;0;516817,408900000154972;5449648,553600000217557;9,230849604000070;49,199403504000031;1
209282;08230708115300304270;08;1;15;050;2023;07;17;7;3;0;7;0;0;1;0;0;0;0;0;492001,474799999967217;5397248,681900000199676;8,891235224000070;48,728210752000052;1
209283;08230708111500258400;08;1;11;000;2023;07;19;7;3;5;3;0;0;1;1;0;0;0;0;514302,210400000214577;5402300,697899999096990;9,194658017000052;48,773545673000058;1
209285;08230708111330309730;08;1;11;000;2023;07;13;7;3;0;1;0;0;1;0;0;0;0;0;513721,652099999599159;5409150,729000000283122;9,186985409000044;48,835180773000047;1
209287;08230719311010295600;08;3;11;000;2023;07;17;4;2;3;6;0;0;1;0;0;0;0;0;413548,398000000044703;5316947,282500000670552;7,841053879000071;47,999975257000074;1
209289;08230712311010333640;08;3;11;000;2023;07;15;4;3;4;3;0;0;1;1;0;0;0;0;413185,928999999538064;5318334,577999999746680;7,835914953000042;48,012405301000058;1
209290;08230707426010258100;08;4;21;000;2023;07;12;6;3;6;4;0;0;0;1;1;0;0;0;572154,588999999687076;5360169,099799999967217;9,974662649000038;48,390554456000075;1
209293;08230707415400266800;08;4;15;061;2023;07;14;6;3;5;3;0;0;1;1;0;0;0;0;516453,694400000385940;5370240,341399999335408;9,222667641000044;48,485073373000034;1
209294;08230707415400264690;08;4;15;061;2023;07;10;6;3;5;2;0;0;1;1;0;0;0;0;515612,706600000150502;5371921,840700000524521;9,211349507000023;48,500222185000041;1
209296;08230707415050281470;08;1;16;033;2023;07;08;6;3;0;1;0;0;1;0;0;0;0;0;533359,707899999804795;5386980,144200000911951;9,452793033000034;48,634995132000029;1
209297;08230707415050278690;08;4;16;041;2023;07;01;6;3;4;6;2;0;1;0;0;0;0;1;504256,989799999631941;5374223,014900000765920;9,057650620000061;48,521104021000042;1
209298;08230707335100258900;08;3;35;043;2023;07;19;6;3;0;1;0;0;1;0;0;0;0;0;512404,584499999880791;5278803,771700000390410;9,165216657000030;47,662508479000053;1
209299;08230707335050288570;08;3;35;043;2023;07;13;6;3;0;1;0;0;1;0;0;0;0;0;513566,371799999848008;5279770,741499999538064;9,180720456000074;47,671185626000067;1
209300;08230707335050283040;08;3;26;074;2023;07;07;6;3;5;2;0;0;1;1;0;0;0;0;459304,384499999694526;5323055,559299999848008;8,453820486000041;48,059480561000044;1
209301;08230707335050282500;08;3;26;075;2023;07;14;6;3;5;1;0;0;1;0;0;0;0;1;460970,286600000225008;5317419,341399999335408;8,476691422000044;48,008876978000046;1
209304;08230707317500260310;08;3;17;096;2023;07;16;6;3;5;2;0;0;1;1;0;0;0;0;420885,438599999994040;5365687,621999999508262;7,930297574000065;48,439358615000060;1
209305;08230707317100261720;08;3;17;089;2023;07;20;6;3;0;7;0;0;1;0;0;0;0;0;429070,578300000168383;5378891,119500000029802;8,038708009000061;48,559101331000079;1
209306;08230707311010305590;08;3;11;000;2023;07;16;6;3;0;7;0;0;1;0;0;0;0;0;413905,757199999876320;5314155,495999999344349;7,846403363000036;47,974910304000048;1
209307;08230707311010257360;08;3;11;000;2023;07;17;6;3;5;3;0;0;1;1;0;0;0;0;414158,892199999652803;5319641,762399999424815;7,848696821000033;48,024295316000064;1
209309;08230707311000285130;08;3;37;116;2023;07;21;6;3;0;6;2;0;1;0;0;0;0;0;417630,105899999849498;5275765,416300000622869;7,903588959000047;47,630049699000040;1
209310;08230707311000282170;08;3;16;017;2023;07;07;6;3;5;3;0;0;1;1;0;0;0;0;408863,356800000183284;5341191,993899999186397;7,773081448000028;48,217404724000062;1
209311;08230707311000279670;08;3;11;000;2023;07;11;6;3;4;2;0;0;1;1;0;0;0;0;414298,422500000335276;5317007,693099999800324;7,851094329000034;48,000619663000066;1
209312;08230707235100305230;08;2;35;047;2023;07;08;6;3;6;7;0;0;0;1;1;0;0;0;477048,575199999846518;5390012,790899999439716;8,688308362000043;48,662745647000065;1
209315;08230707225100257130;08;2;25;058;2023;07;10;6;3;3;6;0;0;1;1;0;0;0;0;509796,810700000263751;5465822,467599999159575;9,134875531000034;49,345042941000031;1
209316;08230707221050284780;08;2;21;000;2023;07;22;6;3;5;3;2;0;1;0;0;1;0;0;477301,781000000424683;5472659,873999999836087;8,687118884000029;49,406200983000076;1
209318;08230707221050268210;08;2;21;000;2023;07;16;6;3;0;7;0;0;1;1;0;0;0;0;478504,341300000436604;5467960,234300000593066;8,703949299000044;49,363971891000062;1
209319;08230707216300267970;08;2;16;015;2023;07;13;6;3;0;7;0;0;1;0;0;0;0;0;449334,303999999538064;5406970,569800000637770;8,309870483000054;48,813654104000079;1
209320;08230707215402258280;08;2;15;009;2023;07;12;6;3;6;6;0;0;1;0;1;0;0;0;469892,044200000353158;5442023,253000000491738;8,587287718000027;49,130304268000032;1
209321;08230707212102257530;08;2;12;000;2023;07;13;6;3;6;6;0;0;1;0;1;0;0;0;460349,769899999722838;5427707,731499999761581;8,457892654000034;49,000992940000060;1
209323;08230707136100324590;08;1;36;088;2023;07;09;6;3;8;7;0;0;1;0;0;0;0;0;581013,985399999655783;5413014,956599999219179;10,104640549000067;48,864802877000045;1
209324;08230707136050281920;08;1;19;079;2023;07;08;6;3;0;7;0;0;1;0;0;0;0;0;522513,453999999910593;5408554,777000000700355;9,306757410000046;48,829563179000047;1
209325;08230707136050268810;08;1;19;067;2023;07;09;6;3;2;2;0;0;1;1;0;0;0;0;538863,315899999812245;5405395,939699999988079;9,529225666000059;48,800339796000060;1
209326;08230707135200267090;08;1;35;019;2023;07;10;6;3;0;3;0;0;0;1;1;0;0;0;584770,346900000236928;5392472,333300000056624;10,151614724000069;48,679537466000056;1
209328;08230707128100271940;08;1;28;007;2023;07;18;6;3;6;4;0;0;1;0;1;0;0;0;555773,640700000338256;5482451,588600000366569;9,770153687000061;49,492136272000039;1
209329;08230707121500280390;08;1;25;005;2023;07;08;6;3;4;2;0;0;1;1;0;0;0;0;515375,702600000426173;5451684,132500000298023;9,211137660000077;49,217751860000078;1
209330;08230707121500257260;08;1;25;005;2023;07;14;6;3;0;1;0;0;1;1;0;0;0;0;514156,968799999915063;5453312,036000000312924;9,194459685000027;49,232424574000049;1
209331;08230707121100280760;08;1;25;006;2023;07;21;6;2;0;1;1;0;1;0;0;0;0;0;506970,147300000302494;5454335,525599999353290;9,095759744000077;49,241755096000077;1
209332;08230707119300257420;08;1;19;084;2023;07;19;6;3;0;1;0;0;1;0;0;0;0;0;546279,004700000397861;5412938,466199999675155;9,631055376000063;48,867679468000063;1
209334;08230707118048288870;08;1;15;003;2023;07;14;6;3;0;7;0;0;1;0;0;0;0;0;501278,470300000160933;5391261,671099999919534;9,017366249000077;48,674401116000070;1
209335;08230707116400255910;08;1;16;033;2023;07;10;6;3;0;1;0;0;1;0;0;0;0;0;533605,673200000077486;5386915,938500000163913;9,456126216000030;48,634404371000073;1
209337;08230707115200316200;08;1;15;037;2023;07;09;6;3;3;2;0;0;1;1;0;0;0;0;492664,523799999617040;5386319,199899999424815;8,900445359000059;48,629896128000041;1
209338;08230707115100258360;08;1;15;003;2023;07;15;6;3;5;3;0;0;1;1;0;0;0;0;498937,487399999983609;5392419,014900000765920;8,985564262000025;48,684813123000026;1
209341;08230707111000282390;08;1;11;000;2023;07;15;6;2;5;3;0;0;1;1;0;0;0;0;517866,108400000259280;5402481,020700000226498;9,243171322000023;48,775075707000042;1
209342;08230706436200266000;08;4;36;082;2023;07;22;5;3;0;1;2;0;1;0;0;0;0;0;546680,852800000458956;5296172,657800000160933;9,623588006000034;47,817211951000047;1
209343;08230706436200256750;08;4;36;064;2023;07;18;5;3;6;1;0;0;1;0;1;0;0;0;546118,049200000241399;5292065,691800000146031;9,615633541000022;47,780302237000058;1
209344;08230706426200265810;08;4;26;070;2023;07;10;5;3;0;1;0;0;1;0;0;0;0;0;565256,782999999821186;5341329,280999999493361;9,878585442000031;48,221829728000046;1
209346;08230706421300256000;08;4;21;000;2023;07;16;5;3;4;2;0;0;1;1;0;0;0;0;572214,076999999582767;5361938,823200000450015;9,975770510000075;48,406466759000068;1
209347;08230706421200256120;08;4;25;072;2023;07;14;5;3;5;3;0;0;1;0;0;0;0;1;578183,649100000038743;5370653,254100000485778;10,058045844000048;48,484140413000034;1
209348;08230706421000281030;08;4;21;000;2023;07;19;5;3;5;3;0;0;1;0;0;0;0;1;572953,759899999946356;5361665,349099999293685;9,985716175000050;48,403921613000080;1
209349;08230706421000269110;08;4;26;120;2023;07;12;5;3;0;1;0;0;1;0;0;0;0;0;561676,178700000047684;5323445,346799999475479;9,827792480000028;48,061303736000070;1
209351;08230706417100254520;08;4;17;079;2023;07;18;5;3;5;3;0;0;1;1;0;0;0;0;501019,358699999749660;5339676,634299999102950;9,013721011000030;48,210317251000049;1
209352;08230707335100351280;08;3;35;043;2023;07;17;6;3;5;3;0;0;1;1;0;0;0;0;511038,783999999985099;5280825,922000000253320;9,147076738000067;47,680727882000042;1
209353;08230706416200266730;08;4;16;041;2023;07;14;5;3;5;3;0;0;1;1;0;0;0;0;505681,230899999849498;5375205,226800000295043;9,076951887000064;48,529929071000026;1
209354;08230706416200255270;08;4;16;048;2023;07;20;5;3;0;1;0;0;1;0;0;0;0;0;497631,036999999545515;5377958,512099999934435;8,967896884000027;48,554719789000046;1
209355;08230706416010260090;08;4;16;041;2023;07;07;5;3;6;4;0;0;0;1;1;0;0;0;503782,951100000180304;5372503,962099999189377;9,051215328000069;48,505641810000043;1
209357;08230706415300253840;08;4;15;089;2023;07;06;5;3;0;1;0;0;1;0;0;0;0;0;521688,518199999816716;5359475,551000000908971;9,292952281000055;48,388070352000057;1
209360;08230706415050269240;08;4;16;041;2023;07;13;5;3;0;1;0;0;1;0;0;0;0;0;502760,643000000156462;5375482,595000000670552;9,037394573000029;48,532444018000035;1
209361;08230706415050268240;08;1;16;056;2023;07;09;5;3;6;6;0;0;1;0;1;0;0;0;530712,814899999648333;5395317,451999999582767;9,417486852000025;48,710132274000046;1
209363;08230706335050269190;08;3;25;045;2023;07;17;5;3;6;4;0;0;1;0;1;0;0;0;468451,110000000335276;5348532,756500000134110;8,574684108000042;48,289208329000076;1
209364;08230706317500256670;08;3;17;096;2023;07;17;5;3;6;7;0;0;1;0;1;0;0;0;421866,938699999824166;5369120,913699999451637;7,942925051000032;48,470363449000047;1
209365;08230706317300326780;08;3;17;031;2023;07;08;5;3;5;3;0;0;1;1;0;0;0;0;416800,093399999663234;5358400,548200000077486;7,876515472000051;48,373286075000067;1
209366;08230706317200255780;08;3;17;057;2023;07;17;5;3;3;5;0;0;1;1;0;0;0;0;412572,104500000365078;5380566,224999999627471;7,814800654000067;48,572084161000078;1
209367;08230706317050275960;08;3;17;065;2023;07;16;5;3;5;3;0;0;1;1;0;0;0;0;416233,506000000052154;5354558,362199999392033;7,869630991000065;48,338651137000056;1
209368;08230706311500255750;08;3;15;113;2023;07;19;5;3;0;1;0;0;1;0;0;0;0;0;439403,357599999755621;5315476,460799999535084;8,187822190000077;47,989717186000064;1
209370;08230706311010254160;08;3;36;050;2023;07;10;5;3;5;3;0;0;1;1;0;0;0;0;399351,704699999652803;5274484,489299999549985;7,660645156000044;47,615944496000054;1
209371;08230718127100290890;08;1;27;076;2023;07;15;3;2;0;1;0;0;1;0;0;0;0;0;554150,864500000141561;5439543,572399999946356;9,741931102000024;49,106351976000042;1
209372;08230718121400291660;08;1;25;074;2023;07;18;3;3;1;5;0;0;1;1;0;0;0;0;509626,696399999782443;5439458,521199999377131;9,131900750000057;49,107895681000059;1
209374;08230706311000279770;08;3;15;073;2023;07;15;5;3;5;3;0;0;1;1;0;0;0;0;412534,536999999545515;5313563,507999999448657;7,828154516000041;47,969399188000068;1
209376;08230706226700256110;08;2;26;076;2023;07;08;5;3;1;5;0;0;1;1;0;0;0;0;475202,685100000351667;5466343,566500000655651;8,658578437000074;49,349304735000032;1
209381;08230724226400332130;08;2;26;062;2023;07;12;2;3;5;3;0;0;1;1;0;0;0;0;469395,847199999727309;5468483,051799999549985;8,578464662000044;49,368285210000067;1
209383;08230706221050279690;08;2;26;032;2023;07;14;5;3;5;3;0;0;1;1;0;0;0;0;467686,846599999815226;5462518,081100000068545;8,555409590000068;49,314543201000049;1
209384;08230706221050279590;08;2;22;000;2023;07;12;5;3;5;3;0;0;1;1;0;0;0;0;462249,893899999558926;5482943,814200000837445;8,478664920000028;49,497952721000047;1
209385;08230706221050269360;08;2;26;038;2023;07;17;5;3;0;3;0;0;1;1;0;0;0;0;471663,429499999620020;5479464,709799999371171;8,608912965000059;49,467172179000045;1
209386;08230706221050268940;08;2;26;018;2023;07;18;5;3;5;3;0;0;1;1;0;0;0;0;473385,132000000216067;5472372,031400000676513;8,633150633000071;49,403453208000030;1
209392;08230831221400445050;08;2;21;000;2023;08;14;5;3;5;3;0;0;1;1;0;0;0;0;475871,517099999822676;5469751,870400000363588;8,667580468000040;49,379988900000058;1
209393;08230831221200454090;08;2;21;000;2023;08;08;5;3;5;2;0;0;1;1;0;0;0;0;476185,314199999906123;5472343,769899999722838;8,671748284000046;49,403315012000064;1
209394;08230831212010433880;08;2;12;000;2023;08;13;5;3;5;3;0;0;1;0;0;0;0;1;458453,247200000099838;5428512,519500000402331;8,431881905000068;49,008107406000079;1
209395;08230831211100443090;08;2;11;000;2023;08;18;5;3;5;3;0;0;1;1;0;0;0;0;440783,215800000354648;5403463,898099999874830;8,193910842000037;48,781355325000050;1
209397;08230831136300435140;08;1;36;042;2023;08;18;5;3;6;4;0;0;0;0;1;1;0;0;550100,737999999895692;5405251,615800000727177;9,682224880000035;48,798237439000047;1
209400;08230831121400434950;08;1;25;086;2023;08;11;5;3;5;3;0;0;1;1;0;0;0;0;504052,829800000414252;5443128,720799999311566;9,055567028000041;49,140972653000063;1
209401;08230831118100454140;08;1;18;010;2023;08;16;5;3;0;1;0;0;1;0;0;0;0;0;508663,527999999932945;5431681,827800000086427;9,118537318000051;49,037954892000073;1
209404;08230831116200454150;08;1;16;077;2023;08;14;5;2;0;1;0;0;1;0;0;0;0;0;517130,143699999898672;5390906,452500000596046;9,232673580000039;48,670971863000034;1
209405;08230831226700433770;08;2;26;095;2023;08;13;5;3;5;3;0;0;1;1;0;0;0;0;474419,833200000226498;5461257,163799999281764;8,648126154000067;49,303520533000039;1
209407;08230831115100450250;08;1;15;046;2023;08;17;5;3;0;7;0;0;1;1;0;0;0;0;508636,771300000138581;5389660,552300000563264;9,117285028000026;48,659938832000080;1
209408;08230830421200433110;08;4;25;014;2023;08;10;4;3;8;7;0;0;1;0;0;0;0;0;572475,057099999859929;5371070,479900000616908;9,980877080000027;48,488577566000060;1
209410;08230830416010434100;08;4;15;061;2023;08;17;4;3;6;2;0;0;0;1;1;0;0;0;513888,783800000324845;5370637,197100000455976;9,187970144000076;48,488705549000031;1
209411;08230830336400432630;08;3;36;091;2023;08;12;4;3;1;6;0;0;1;0;0;0;0;1;396434,996199999935925;5271883,381799999624491;7,622457635000046;47,592087334000041;1
209412;08230830336100445020;08;3;36;050;2023;08;16;4;3;0;3;0;0;1;1;0;0;0;0;399258,332000000402331;5274473,963999999687076;7,659405391000064;47,615835305000076;1
209413;08230830335100453050;08;3;35;043;2023;08;21;4;3;0;7;2;0;1;0;0;0;0;0;511313,514999999664724;5281326,346799999475479;9,150750113000072;47,685225782000032;1
209416;08230830316200447240;08;3;16;009;2023;08;10;4;3;1;3;0;0;1;1;0;0;0;0;416962,201899999752641;5324395,077500000596046;7,885365125000021;48,067423943000051;1
209417;08230830316200441880;08;3;16;014;2023;08;07;4;3;4;2;1;0;1;0;0;0;0;0;425187,449699999764562;5329799,195900000631809;7,994808813000077;48,117055460000074;1
209418;08230830311010453880;08;3;11;000;2023;08;18;4;3;5;2;0;0;1;1;0;0;0;0;414560,977900000289083;5317329,806399999186397;7,854549235000036;48,003552342000035;1
209420;08230830311010447380;08;3;15;047;2023;08;10;4;3;2;2;0;0;1;1;0;0;0;0;415104,502799999900162;5321763,632999999448657;7,860956131000023;48,043508680000059;1
209421;08230830311010434460;08;3;11;000;2023;08;04;4;3;0;7;2;0;1;0;0;0;0;0;411326,286000000312924;5315109,786000000312924;7,811651013000073;47,983142125000029;1
209425;08230830231302453990;08;2;31;000;2023;08;21;4;3;1;5;2;1;1;0;0;0;0;1;478577,114699999801815;5415489,779699999839067;8,707738943000038;48,891987087000075;1