OID_;UIDENTSTLAE;ULAND;UREGBEZ;UKREIS;UGEMEINDE;UJAHR;UMONAT;USTUNDE;UWOCHENTAG;UKATEGORIE;UART;UTYP1;ULICHTVERH;IstStrassenzustand;IstRad;IstPKW;IstFuss;IstKrad;IstGkfz;IstSonstige;LINREFX;LINREFY;XGCSWGS84;YGCSWGS84;PLST
209426;08230830231102453010;08;2;36;046;2023;08;16;4;3;3;6;0;0;1;0;0;0;0;0;484150,297100000083447;5418552,306199999526143;8,783651353000039;48,919704281000065;1
209430;08230830221011450170;08;2;21;000;2023;08;14;4;2;6;4;0;0;0;1;1;0;0;0;475629,788999999873340;5469176,226900000125170;8,664285495000058;49,374801438000077;1
209433;08230830212010433940;08;2;12;000;2023;08;08;4;3;0;7;0;0;1;0;0;0;0;0;455216,273000000044703;5428809,376199999824166;8,387588715000049;49,010551242000076;1
209434;08230830211100432710;08;2;11;000;2023;08;17;4;3;0;7;0;0;1;0;0;0;0;0;442880,080400000326335;5406229,617699999362230;8,222067074000051;48,806429360000038;1
209435;08230830121200432550;08;1;21;000;2023;08;18;4;3;5;3;0;0;1;1;0;0;0;0;515608,467500000260770;5444683,584400000050664;9,214062121000040;49,154774210000028;1
209437;08230830119400448430;08;1;19;091;2023;08;17;4;3;5;3;0;0;1;1;0;0;0;0;526947,950600000098348;5407234,053799999877810;9,367091740000035;48,817505732000029;1
209438;08230830119400448350;08;1;19;041;2023;08;14;4;3;5;2;0;1;1;1;0;0;0;0;527293,839300000108778;5408152,110500000417233;9,371864511000069;48,825749201000065;1
209440;08230830118010446440;08;1;18;070;2023;08;18;4;3;4;6;0;0;1;0;0;0;0;0;520866,699599999934435;5425102,770999999716878;9,285165536000022;48,978480756000067;1
209444;08230830115300447080;08;1;15;028;2023;08;11;4;3;1;3;0;0;1;1;0;0;0;0;501333,107300000265241;5405220,623299999162555;9,018153577000021;48,799976130000061;1
209446;08230830111500432690;08;1;11;000;2023;08;17;4;3;5;3;0;0;1;1;0;0;0;0;511666,464300000108778;5408915,891000000759959;9,158972735000077;48,833110228000066;1
209447;08230830111120441690;08;1;11;000;2023;08;09;4;3;5;2;0;0;1;1;0;0;0;0;513140,983900000341237;5404238,259099999442697;9,178915351000057;48,791001416000029;1
209450;08230829335200440520;08;3;35;063;2023;08;13;3;3;5;3;0;1;1;0;0;0;0;0;497790,725399999879301;5288954,773299999535084;8,970523158000049;47,753958772000033;1
209451;08230829316100428260;08;3;16;011;2023;08;20;3;3;5;3;2;1;1;1;0;0;0;0;414525,529199999757111;5328649,499099999666214;7,851812266000024;48,105371591000051;1
209453;08230829222400431850;08;2;22;000;2023;08;11;3;3;0;7;0;0;1;0;0;0;0;0;468820,394000000320375;5478164,014900000765920;8,569778374000066;49,455333575000054;1
209455;08230829221011433600;08;2;21;000;2023;08;11;3;2;6;4;0;0;0;1;1;0;0;0;476517,242399999871850;5473840,780400000512600;8,676234824000062;49,416793265000081;1
209456;08230829215102447690;08;2;12;000;2023;08;06;3;3;5;3;0;0;1;1;0;0;0;0;455255,941800000146031;5433762,718699999153614;8,387584470000036;49,055109688000073;1
209457;08230829136100438460;08;1;36;088;2023;08;12;3;3;0;7;0;0;1;0;0;0;0;0;579757,920199999585748;5410009,435599999502301;10,086931751000066;48,837933328000076;1
209459;08230829111140439330;08;1;11;000;2023;08;15;3;3;4;7;0;1;1;1;0;0;0;0;511166,701700000092387;5401458,796800000593066;9,151959986000065;48,766036151000037;1
209460;08230828436300444060;08;4;36;078;2023;08;05;2;3;7;6;2;1;1;0;0;0;0;0;557161,390899999998510;5292553,207200000062585;9,763103982000075;47,783802988000048;1
209462;08230828417100442300;08;4;17;079;2023;08;16;2;3;5;7;0;1;1;1;0;0;0;0;502367,951000000350177;5339546,105200000107288;9,031872920000069;48,209139300000061;1
209463;08230828335300424310;08;3;35;075;2023;08;13;2;3;0;1;0;1;1;0;0;0;0;0;488729,519799999892712;5289894,826700000092387;8,849601565000057;47,762322214000051;1
209465;08230828237200440740;08;2;37;040;2023;08;18;2;2;0;1;0;1;1;0;0;0;0;0;475901,583300000056624;5370453,273399999365211;8,673865614000022;48,486742342000070;1
209467;08230828226300426720;08;2;26;048;2023;08;06;2;3;1;7;0;0;1;1;0;0;0;0;484633,195399999618530;5464802,275399999693036;8,788480533000040;49,335751378000055;1
209468;08230828216100437350;08;2;16;043;2023;08;14;2;3;5;2;0;0;1;0;0;0;0;0;440487,497100000269711;5412232,000299999490380;8,188613669000063;48,860196146000078;1
209469;08230828212302529550;08;2;12;000;2023;08;13;2;3;6;6;0;0;1;0;1;0;0;0;456204,181300000287592;5428709,302999999374151;8,401108240000042;49,009721980000052;1
209470;08230828127100566880;08;1;27;076;2023;08;08;2;3;9;7;0;0;0;1;1;0;0;0;556757,436900000087917;5439872,445900000631809;9,777687099000048;49,109075035000046;1
209471;08230828121600453790;08;1;25;102;2023;08;17;2;3;5;3;0;0;1;1;0;0;0;0;520616,082000000402331;5444227,038100000470877;9,282714843000065;49,150519722000070;1
209472;08230828121400445550;08;1;25;013;2023;08;11;2;3;1;5;0;0;1;1;0;0;0;0;505471,874200000427663;5436932,199300000444055;9,074939060000077;49,085221266000076;1
209473;08230828119500446160;08;1;19;085;2023;08;12;2;3;0;7;0;0;1;0;0;0;0;0;529970,735399999655783;5413378,044199999421835;9,408717357000057;48,872636325000030;1
209474;08230828119300445750;08;1;19;086;2023;08;21;2;3;0;7;2;1;1;0;0;0;0;0;535935,183199999853969;5405918,031400000676513;9,489398758000050;48,805212493000056;1
209477;08230828111110445990;08;1;11;000;2023;08;16;2;2;5;3;0;0;1;0;0;0;0;0;513170,489000000059605;5402447,278000000864267;9,179259675000026;48,774889282000061;1
209478;08230828111000433560;08;1;11;000;2023;08;15;2;3;2;7;0;0;1;1;0;0;0;0;512309,011800000444055;5401291,399700000882149;9,167499826000039;48,764508711000076;1
209479;08230827311010432990;08;3;11;000;2023;08;01;1;3;1;5;2;0;1;0;0;0;0;1;412922,604799999855459;5316693,093299999833107;7,832718053000065;47,997603808000065;1
209480;08230827222400436770;08;2;26;028;2023;08;10;1;3;5;3;0;0;1;1;0;0;0;0;470844,743400000035763;5483692,130699999630451;8,597302410000054;49,505157525000072;1
209481;08230828231202446990;08;2;36;043;2023;08;19;2;3;6;4;0;0;0;1;1;0;0;0;469307,469600000418723;5411285,294099999591708;8,581596601000058;48,853775493000057;1
209483;08230827212010494300;08;2;12;000;2023;08;15;1;2;0;4;0;0;0;0;1;0;0;1;457440,548899999819696;5428641,826400000602007;8,418021261000035;49,009201529000052;1
209487;08230827116500424920;08;1;16;049;2023;08;17;1;3;4;6;0;0;1;1;0;0;0;0;525716,581799999810755;5387912,278500000014901;9,349112657000035;48,643741725000041;1
209488;08230826436400419740;08;4;36;009;2023;08;12;7;3;5;2;0;0;1;1;0;0;0;0;557070,733000000007451;5308068,808000000193715;9,763941409000040;47,923398978000080;1
209489;08230826435200419250;08;4;35;059;2023;08;09;7;3;1;5;0;1;1;0;0;0;0;1;513469,121500000357628;5290815,201400000602007;9,179766504000042;47,770561100000066;1
209496;08230826311200421630;08;3;11;000;2023;08;14;7;3;0;1;0;1;1;0;0;0;0;0;414120,249599999748170;5316226,164999999105930;7,848862673000042;47,993565614000033;1
209497;08230826226500435290;08;2;26;085;2023;08;12;7;2;8;7;0;0;1;0;0;0;0;0;490028,951700000092387;5455731,241699999198318;8,862977583000031;49,254268315000047;1
209498;08230826226200433480;08;2;26;068;2023;08;15;7;3;0;7;0;0;1;0;0;0;0;0;468070,860100000165403;5459668,670199999585748;8,560920769000063;49,288933298000075;1
209500;08230826212402441980;08;2;12;000;2023;08;01;7;3;6;2;2;1;0;1;1;0;0;0;453854,650899999774992;5425685,499099999666214;8,369324737000056;48,982351406000078;1
209501;08230826212010490500;08;2;12;000;2023;08;23;7;2;6;4;2;0;0;0;1;0;0;1;457816,248499999754131;5428475,462899999693036;8,423175774000072;49,007730862000074;1
209502;08230826135010426510;08;1;35;019;2023;08;15;7;3;6;7;0;1;0;1;1;0;0;0;584088,294099999591708;5391373,663699999451637;10,142127473000073;48,669747905000065;1
209503;08230826128100443190;08;1;28;082;2023;08;14;7;3;5;3;0;0;1;1;0;0;0;0;566705,177000000141561;5472559,777000000700355;9,919418348000022;49,402068410000027;1
209504;08230826111500444830;08;1;11;000;2023;08;17;7;3;0;7;0;1;1;1;0;0;0;0;511978,724600000306964;5401823,638299999758601;9,163020827000025;48,769303145000038;1
209506;08230825436500430780;08;4;36;055;2023;08;18;6;3;5;3;0;1;1;1;0;0;0;0;576207,221800000406802;5297456,962400000542402;10,018191192000074;47,825945725000054;1
209507;08230825436100416150;08;4;36;055;2023;08;13;6;3;0;1;0;0;1;0;0;0;0;0;576555,082000000402331;5297441,098999999463558;10,022835322000049;47,825761705000048;1
209508;08230825436000440280;08;4;36;064;2023;08;18;6;3;6;2;0;1;0;1;1;0;0;0;545871,772699999623001;5292508,399199999868870;9,612392950000071;47,784302867000065;1
209510;08230825421200429410;08;4;21;000;2023;08;22;6;3;0;1;2;1;1;0;0;0;0;0;573345,756199999712408;5360992,090399999171495;9,990894179000065;48,397820018000061;1
209512;08230825416200440830;08;4;16;025;2023;08;18;6;3;0;1;0;0;1;0;0;0;0;0;505059,881799999624491;5361324,942199999466538;9,068367827000031;48,405061162000038;1
209514;08230825335200417070;08;3;35;063;2023;08;11;6;3;0;1;0;0;1;0;0;0;0;0;497260,895499999634922;5287684,256999999284744;8,963462003000075;47,742525164000028;1
209516;08230825326200452590;08;3;26;074;2023;08;15;6;3;1;7;0;0;1;1;0;0;0;0;465162,407300000078976;5322778,171800000593066;8,532461192000028;48,057331781000073;1
209518;08230825212702437930;08;2;15;108;2023;08;21;6;3;0;7;2;1;1;0;0;0;0;0;447843,514700000174344;5424411,907099999487400;8,287339262000046;48,970417173000044;1
209519;08230825212102419720;08;2;12;000;2023;08;15;6;3;0;7;0;0;1;0;0;0;0;0;459674,972900000400841;5426745,742799999192357;8,448762607000049;48,992295940000076;1
209520;08230825212010416850;08;2;15;064;2023;08;20;6;2;5;3;0;0;1;1;0;0;0;0;478379,035699999891222;5451721,766000000759959;8,703102017000049;49,217901792000077;1
209521;08230825136200427850;08;1;36;019;2023;08;08;6;3;0;7;0;0;1;0;0;0;0;0;583081,481200000271201;5423126,879200000315905;10,134883685000034;48,955475954000065;1
209522;08230825136100430990;08;1;36;088;2023;08;07;6;3;5;3;0;0;1;1;0;0;0;0;580156,636599999852479;5411544,719799999147654;10,092664787000047;48,851690664000046;1
209524;08230825127202430910;08;1;27;014;2023;08;15;6;3;0;7;0;0;1;0;0;0;0;0;578054,127999999560416;5443513,062000000849366;10,070151500000065;49,139483926000025;1
209525;08230825127202419500;08;1;27;014;2023;08;16;6;3;0;7;0;0;1;0;0;0;0;0;576592,889000000432134;5442896,907600000500679;10,050003852000032;49,134126232000028;1
209526;08230825121500431250;08;1;25;065;2023;08;07;6;3;5;3;0;0;1;1;0;0;0;0;516829,492200000211596;5447331,599700000137091;9,230918452000026;49,178561599000034;1
209527;08230825121500429460;08;1;25;065;2023;08;11;6;3;8;7;0;1;1;0;0;0;0;0;517185,786000000312924;5449385,213999999687076;9,235894942000073;49,197024486000032;1
209531;08230825116200427790;08;1;16;078;2023;08;07;6;3;8;1;0;0;1;0;0;0;0;0;512060,350999999791384;5392645,603000000119209;9,163863207000077;48,686735906000081;1
209534;08230825111110487470;08;1;11;000;2023;08;08;6;3;5;2;0;1;1;1;0;0;0;0;512836,936499999836087;5402291,665999999269843;9,174714955000070;48,773496379000051;1
209535;08230824437000414820;08;4;35;053;2023;08;09;5;2;1;5;0;0;0;1;1;0;0;0;507482,502500000409782;5293758,333000000566244;9,099916613000062;47,797139296000068;1
209536;08230824435200413750;08;4;35;018;2023;08;20;5;2;0;1;1;1;1;0;0;0;0;0;524074,404199999757111;5280154,558199999853969;9,320719527000051;47,674333186000069;1
209537;08230824435100441230;08;4;35;030;2023;08;10;5;3;0;1;0;0;1;0;0;0;0;0;540218,138700000010431;5271976,997899999842048;9,535027169000045;47,599954005000029;1
209538;08230824435100416170;08;4;35;057;2023;08;18;5;3;1;2;0;0;0;1;1;0;0;0;544221,424300000071526;5280380,164899999275804;9,589129933000038;47,675298928000075;1
209539;08230824426100436710;08;4;26;021;2023;08;18;5;3;0;7;0;0;1;0;0;0;0;0;559272,495400000363588;5326637,010500000789762;9,795977281000035;48,090244460000065;1
209540;08230824426100430030;08;4;26;021;2023;08;12;5;3;0;1;0;0;1;0;0;0;0;0;558551,951299999840558;5327379,338999999687076;9,786403788000030;48,096989203000078;1
209541;08230824421300426160;08;4;21;000;2023;08;07;5;3;0;1;0;0;1;0;0;0;0;0;569782,885099999606609;5361236,516000000759959;9,942807713000036;48,400423150000051;1
209543;08230824417200428230;08;4;17;002;2023;08;19;5;3;0;1;0;0;1;0;0;0;0;0;493887,759999999776483;5346557,387800000607967;8,917627307000032;48,272193385000037;1
209544;08230824416200437790;08;4;16;041;2023;08;09;5;3;0;1;0;0;1;0;0;0;0;0;504299,972199999727309;5374913,315500000491738;9,058239832000027;48,527313919000051;1
209546;08230824336200439630;08;3;36;069;2023;08;21;5;3;9;6;2;0;1;0;0;0;0;0;408615,418399999849498;5267763,601700000464916;7,785289714000044;47,556857574000048;1
209547;08230824335100451470;08;3;35;043;2023;08;14;5;3;0;1;0;0;1;0;0;0;0;0;513201,878999999724329;5279680,316999999806285;9,175862262000066;47,670379562000051;1
209551;08230824311010416750;08;3;15;102;2023;08;17;5;3;0;1;0;0;1;0;0;0;0;0;439024,873900000005960;5296808,863299999386072;8,185389454000074;47,821739619000027;1
209552;08230824226400447170;08;2;26;084;2023;08;13;5;3;5;3;0;0;1;1;0;0;0;0;469133,410400000400841;5469931,531099999323487;8,574737625000068;49,381300729000031;1
209554;08230824222500431180;08;2;22;000;2023;08;17;5;3;6;2;0;0;0;1;1;0;0;0;461670,669999999925494;5480419,018999999389052;8,470910885000023;49,475207201000046;1
209556;08230824221011432920;08;2;26;098;2023;08;18;5;3;0;6;0;0;1;0;0;0;0;1;477579,653300000354648;5459966,540799999609590;8,691663505000065;49,292035523000038;1
209557;08230824215402413680;08;2;15;009;2023;08;11;5;3;0;3;0;0;1;1;0;0;0;0;469784,445000000298023;5441800,961699999868870;8,585829472000057;49,128299436000077;1
209559;08230824212702445860;08;2;15;017;2023;08;05;5;3;0;7;2;0;1;0;0;0;0;0;458399,580000000074506;5420349,985999999567866;8,431982822000066;48,934680021000077;1
209561;08230824212010430210;08;2;12;000;2023;08;15;5;2;5;3;0;1;1;1;0;0;0;0;460787,224200000055134;5427643,427899999544024;8,463879566000060;49,000442460000045;1
209563;08230824121600431510;08;1;25;008;2023;08;17;5;3;6;7;0;1;0;1;1;0;0;0;524150,644500000402331;5431911,994200000539422;9,330448488000059;49,039613146000079;1
209569;08230824116500452630;08;1;16;035;2023;08;15;5;3;1;7;0;0;1;1;0;0;0;0;526780,158099999651313;5391545,823100000619888;9,363785965000034;48,676384311000049;1
209570;08230824111500440560;08;1;11;000;2023;08;14;5;3;0;7;0;0;1;0;0;0;0;1;515442,453599999658763;5406370,703600000590086;9,210329999000066;48,810131710000064;1
209572;08230823436200410740;08;4;36;064;2023;08;10;4;3;5;3;0;0;1;1;0;0;0;0;545782,273000000044703;5293284,485200000926852;9,611280059000023;47,791291688000058;1
209573;08230823426100413970;08;4;26;021;2023;08;17;4;3;5;3;0;0;1;0;0;0;0;1;559828,462600000202656;5329117,009800000116229;9,803790422000077;48,112502929000073;1
209574;08230823417100418730;08;4;17;079;2023;08;11;4;2;0;1;0;0;1;0;0;0;0;0;502484,126799999736249;5342992,754799999296665;9,033456863000026;48,240147785000033;1
209579;08230823336400432620;08;3;36;014;2023;08;05;4;3;6;6;2;0;0;1;1;0;0;0;392198,356700000353158;5279045,459799999371171;7,564359798000055;47,655819417000032;1
209581;08230823335100409620;08;3;35;066;2023;08;10;4;3;0;7;0;0;1;0;0;0;0;0;505919,493499999865890;5281547,855499999597669;9,078879063000045;47,687290761000042;1
209582;08230823317010435540;08;3;17;089;2023;08;19;4;3;9;1;0;0;1;0;0;0;0;0;432150,069500000216067;5376496,476900000125170;8,080828215000054;48,537901988000044;1
209583;08230823311010792910;08;3;36;050;2023;08;15;4;2;0;6;0;0;1;0;0;0;0;0;399329,803399999625981;5274235,384500000625849;7,660411032000070;47,613700313000038;1
209584;08230823226700452640;08;2;26;098;2023;08;10;4;3;7;7;0;0;1;0;0;0;0;0;475921,828999999910593;5459836,819099999964237;8,668872428000043;49,290805593000073;1
209585;08230823226600452030;08;2;26;107;2023;08;07;4;3;5;3;0;0;1;1;0;0;0;0;474867,689000000245869;5484417,203500000759959;8,652820740000038;49,511859368000046;1
209586;08230823226600414300;08;2;26;096;2023;08;17;4;3;6;7;0;0;1;0;1;0;0;0;475984,145299999974668;5488832,396500000730157;8,667974370000024;49,551617661000080;1
209587;08230823225100424350;08;2;25;033;2023;08;13;4;2;8;1;0;0;1;0;0;0;0;0;509608,180999999865890;5458326,123999999836087;9,132098196000072;49,277615544000071;1
209590;08230823222014432650;08;2;22;000;2023;08;16;4;2;3;2;0;0;1;0;0;0;1;0;464026,206899999640882;5478448,174599999561906;8,503603972000064;49,457624497000040;1
209594;08230823212010432130;08;2;12;000;2023;08;09;4;3;5;2;0;0;1;0;0;1;0;0;455737,122299999929965;5428293,278400000184774;8,394767109000043;49,005946471000073;1
209595;08230823211100411490;08;2;16;049;2023;08;15;4;3;4;6;0;0;1;0;0;0;0;0;437121,240100000053644;5401016,597100000828505;8,144441899000071;48,758982531000072;1
209597;08230823116500446010;08;1;16;035;2023;08;10;4;2;0;1;0;0;1;0;0;0;0;0;526390,622600000351667;5391883,526399999856949;9,358516119000058;48,679438859000072;1
209599;08230823116400412810;08;1;16;072;2023;08;11;4;2;0;7;0;0;1;0;0;0;0;0;531518,353400000371039;5392088,883099999278784;9,428190040000061;48,681048382000029;1
209600;08230822437200441200;08;4;37;078;2023;08;22;3;2;9;7;2;0;1;0;0;0;0;0;507457,232800000347197;5318330,043999999761581;9,100004153000043;48,018219112000054;1
209602;08230822421300409220;08;4;25;110;2023;08;18;3;3;0;7;0;0;1;0;0;0;0;0;571934,801099999807775;5347873,603000000119209;9,969594638000046;48,279977057000053;1
209605;08230824111500444650;08;1;11;000;2023;08;12;5;3;0;7;0;0;1;0;0;0;0;0;511612,204400000162423;5400648,604900000616908;9,157999640000071;48,758739548000051;1
209607;08230822416010408990;08;4;15;061;2023;08;10;3;2;6;4;0;0;0;0;1;0;0;1;515276,921600000001490;5371432,024199999868870;9,206786087000069;48,495823883000071;1
209608;08230822415400445420;08;4;15;061;2023;08;18;3;3;5;3;0;0;1;1;0;0;0;0;510984,921900000423193;5365264,423699999228120;9,148528470000031;48,440427258000057;1
209611;08230822335200420490;08;3;35;063;2023;08;12;3;3;0;1;0;0;1;1;0;0;0;0;498340,419700000435114;5287586,651900000870228;8,977862573000039;47,741650635000042;1
209612;08230822317200451260;08;3;17;005;2023;08;17;3;3;6;3;0;0;0;1;1;0;0;0;423886,345700000412762;5379539,119300000369549;7,968340087000058;48,564322000000061;1
209615;08230822311010443120;08;3;11;000;2023;08;10;3;3;0;5;0;0;1;1;0;0;0;0;414507,116899999789894;5318209,303099999204278;7,853651965000040;48,011456540000040;1
209616;08230822311010430440;08;3;36;057;2023;08;08;3;2;5;3;0;0;1;1;0;0;0;0;408196,402900000102818;5277683,449200000613928;7,777644141000053;47,646035106000056;1
209618;08230822237100407950;08;2;37;028;2023;08;09;3;3;6;2;0;0;0;1;1;0;0;0;456684,310700000263751;5367777,261199999600649;8,414078163000056;48,461638337000068;1
209620;08230822231000416040;08;2;36;076;2023;08;13;3;3;0;3;0;0;1;1;0;0;0;0;473215,718999999575317;5423715,487999999895692;8,634057334000033;48,965773253000066;1
209621;08230822226700433140;08;2;26;076;2023;08;10;3;3;1;5;0;0;1;0;0;0;1;0;474352,955299999564886;5464892,709100000560284;8,646972544000050;49,336219258000028;1
209624;08230822222600421950;08;2;22;000;2023;08;10;3;3;5;7;0;0;1;1;0;0;0;0;462178,777599999681115;5482895,660299999639392;8,477687445000072;49,497515172000078;1
209627;08230822216100406890;08;3;17;122;2023;08;14;3;3;5;3;0;0;1;1;0;0;0;0;418411,658099999651313;5367437,836999999359250;7,896515073000046;48,454785732000062;1
209628;08230822212010411930;08;2;12;000;2023;08;12;3;3;5;3;0;0;1;0;0;0;0;0;451166,128299999982119;5431860,880999999120831;8,331839939000076;49,037692195000034;1
209629;08230822212010406250;08;2;12;000;2023;08;08;3;2;5;2;0;0;1;1;0;0;0;0;455092,662299999967217;5429276,291899999603629;8,385846796000067;49,014742202000036;1
209631;08230822121600422310;08;1;25;046;2023;08;10;3;3;5;3;0;0;1;1;0;0;0;0;517329,673799999989569;5433894,976500000804663;9,237204337000037;49,057680488000074;1
209634;08230822118010442560;08;1;15;003;2023;08;05;3;2;4;6;2;0;1;0;0;0;0;1;500439,321200000122190;5390028,177500000223517;9,005966260000037;48,663305594000065;1
209635;08230822117300436140;08;1;17;026;2023;08;18;3;3;4;2;0;0;1;1;0;0;0;0;548251,201399999670684;5394610,728399999439716;9,655794505000074;48,702664529000060;1
209638;08230822111500408450;08;1;11;000;2023;08;13;3;3;5;3;0;0;1;1;0;0;0;0;515274,718000000342727;5403674,797000000253320;9,207945148000022;48,785883820000038;1
209639;08230821437100404310;08;4;37;076;2023;08;11;2;3;5;7;0;0;1;1;0;0;0;0;524523,916000000201166;5321751,602700000628829;9,329067858000030;48,048575631000062;1
209640;08230821417200450950;08;4;17;057;2023;08;07;2;3;4;6;0;0;1;0;0;0;0;0;482562,624599999748170;5339788,581199999898672;8,765281760000050;48,211085646000072;1
209642;08230821335300418030;08;3;35;035;2023;08;21;2;3;0;1;2;0;1;0;0;0;0;0;477751,438400000333786;5291022,942600000649691;8,703048794000040;47,772186910000073;1
209643;08230821317600430510;08;3;17;129;2023;08;20;2;3;0;1;0;0;1;0;0;0;0;0;430283,461600000038743;5349576,630300000309944;8,060019521000072;48,295544861000053;1
209644;08230821317100404640;08;3;17;001;2023;08;09;2;3;3;6;0;0;1;1;0;0;0;0;431490,394399999640882;5386645,852099999785423;8,070219566000048;48,629124800000056;1
209645;08230821316100430900;08;3;16;043;2023;08;20;2;3;1;5;0;0;1;1;0;0;0;0;410778,446399999782443;5331438,091499999165535;7,800904865000064;48,129941192000047;1
209648;08230821216200436340;08;2;16;007;2023;08;11;2;3;5;3;0;0;1;0;0;0;0;0;436806,339999999850988;5394045,192700000479817;8,141226235000033;48,696242648000066;1
209649;08230821216100442410;08;2;16;043;2023;08;09;2;3;5;3;0;0;1;1;0;0;0;0;443780,110000000335276;5412505,848200000822544;8,233462818000021;48,862966564000033;1
209650;08230821215102408700;08;2;15;102;2023;08;18;2;3;4;6;0;0;1;0;0;0;0;0;455658,222699999809265;5439159,979599999263883;8,392498359000058;49,103687061000073;1
209651;08230821212010406780;08;2;12;000;2023;08;05;2;2;0;6;0;0;1;0;0;0;0;0;449695,287499999627471;5429603,466800000518560;8,311996960000045;49,017268659000081;1
209652;08230821136300430350;08;1;36;065;2023;08;19;2;2;7;7;0;0;1;0;0;0;0;0;563888,692900000140071;5400600,315099999308586;9,869233477000023;48,755135263000057;1
209653;08230821135200435000;08;1;35;019;2023;08;06;2;3;5;3;0;0;1;1;0;0;0;0;585680,367200000211596;5395532,387000000104308;10,164609496000026;48,706936083000073;1
209654;08230821135100418940;08;1;35;016;2023;08;15;2;3;0;7;0;1;1;0;0;0;0;1;590908,913200000301003;5385720,859200000762939;10,233506184000021;48,617950461000078;1
209655;08230821128010416340;08;1;28;139;2023;08;12;2;2;0;7;0;0;1;0;0;0;0;0;551113,383899999782443;5491075,548699999228120;9,706925375000026;49,570111534000034;1
209656;08230822435100418400;08;4;35;016;2023;08;10;3;3;6;4;0;0;1;0;1;0;0;0;536141,168899999931455;5278065,474500000476837;9,481295432000024;47,654974943000070;1
209657;08230821127202420670;08;1;27;008;2023;08;17;2;3;8;7;0;0;1;0;0;0;0;0;570668,788099999539554;5462432,686799999326468;9,972244858000067;49,310540505000063;1
209658;08230821126200405050;08;1;26;066;2023;08;10;2;3;0;7;0;0;1;0;0;0;0;0;537236,276100000366569;5449641,252599999308586;9,511126619000038;49,198437568000031;1
209659;08230821119500422300;08;1;19;085;2023;08;12;2;3;6;7;0;0;0;1;1;0;0;0;529387,481300000101328;5413745,429999999701977;9,400790000000029;48,875969097000052;1
209665;08230821111500404480;08;1;11;000;2023;08;13;2;3;5;3;0;0;1;0;0;0;0;1;516102,318900000303984;5405858,939799999818206;9,219297383000026;48,805511209000031;1
209666;08230821111240430520;08;1;11;000;2023;08;09;2;3;1;7;0;0;1;1;0;0;0;0;515387,210799999535084;5403860,503299999982119;9,209483532000036;48,787551640000061;1
209667;08230820426100414830;08;4;26;087;2023;08;21;1;3;0;1;1;0;1;0;0;0;0;0;570981,926699999719858;5324272,194700000807643;9,952810984000052;48,067774307000036;1
209671;08230820337200432100;08;3;37;065;2023;08;19;1;2;0;1;0;0;1;0;0;0;0;0;447409,768299999646842;5275524,322799999266863;8,299970569000038;47,630984037000076;1
209672;08230820311500434630;08;3;15;113;2023;08;12;1;3;0;6;0;0;1;0;0;0;0;1;437744,686099999584258;5306012,712099999189377;8,166962703000024;47,904418976000045;1
209673;08230820311400414770;08;3;15;108;2023;08;11;1;3;6;4;0;0;0;1;1;0;0;0;405156,777200000360608;5304004,726500000804663;7,731437360000029;47,882366197000067;1
209674;08230820311010404800;08;3;11;000;2023;08;15;1;2;5;2;0;0;1;0;0;0;0;0;411659,863599999807775;5314400,281500000506639;7,816266347000067;47,976806079000028;1
209675;08230820215502426710;08;2;15;066;2023;08;20;1;3;5;3;0;0;1;1;0;0;0;0;460335,222299999557436;5453584,300499999895692;8,455150191000030;49,233752452000033;1
209679;08230820211000436550;08;2;11;000;2023;08;11;1;1;8;1;0;0;1;0;0;0;0;0;441793,492800000123680;5399547,796000000089407;8,208215825000025;48,746224848000054;1
209680;08230820136100439180;08;1;36;045;2023;08;12;1;3;0;7;0;0;1;0;0;0;0;0;592406,459999999962747;5406325,126099999994040;10,258434152000063;48,803043907000074;1
209681;08230820121300419910;08;1;21;000;2023;08;11;1;3;5;3;0;0;1;1;0;0;0;0;513922,510999999940395;5442581,593000000342727;9,190867600000047;49,135906633000047;1
209685;08230820111500426750;08;1;11;000;2023;08;19;1;3;6;4;0;0;0;1;1;0;0;0;511579,341699999757111;5395758,450099999085069;9,157415088000050;48,714748350000036;1
209689;08230819421300414280;08;4;21;000;2023;08;13;7;2;0;1;0;0;1;0;0;0;0;0;569423,999200000427663;5358237,843299999833107;9,937464055000021;48,373488599000041;1
209690;08230819417300402570;08;4;17;013;2023;08;18;7;3;0;7;0;0;1;0;0;0;0;0;512512,519500000402331;5346590,950999999418855;9,168627907000030;48,272401214000070;1
209692;08230819416200426870;08;4;16;041;2023;08;10;7;3;5;2;0;0;1;1;0;0;0;0;505434,682400000281632;5373101,076600000262260;9,073584984000036;48,511001559000078;1
209693;08230819416200424000;08;4;16;015;2023;08;11;7;3;5;3;0;0;1;1;0;0;0;0;507737,434600000269711;5367046,598600000143051;9,104651828000044;48,456508830000075;1
209694;08230819416010415390;08;4;15;059;2023;08;21;7;2;5;2;1;0;1;0;0;1;0;0;516792,214999999850988;5369369,308399999514222;9,227213799000026;48,477228293000053;1
209696;08230819335100400420;08;3;35;043;2023;08;21;7;3;0;1;2;0;1;0;0;0;0;0;514201,128200000151992;5280682,221300000324845;9,189205776000051;47,679373173000045;1
209698;08230819316100437560;08;3;16;020;2023;08;02;7;3;0;1;2;0;1;0;0;0;0;0;408308,713800000026822;5338156,157199999317527;7,766272434000030;48,190018133000081;1