OID_;UIDENTSTLAE;ULAND;UREGBEZ;UKREIS;UGEMEINDE;UJAHR;UMONAT;USTUNDE;UWOCHENTAG;UKATEGORIE;UART;UTYP1;ULICHTVERH;IstStrassenzustand;IstRad;IstPKW;IstFuss;IstKrad;IstGkfz;IstSonstige;LINREFX;LINREFY;XGCSWGS84;YGCSWGS84;PLST
209699;08230819311100401270;08;3;15;015;2023;08;17;7;3;0;7;0;0;1;0;0;0;0;0;394741,199500000104308;5320009,248700000345707;7,588250291000065;48,024696041000027;1
209705;08230819215402449750;08;2;15;009;2023;08;16;7;3;5;3;0;0;1;1;0;0;0;0;469885,964800000190735;5440834,867900000885129;8,587293109000029;49,119614223000042;1
209706;08230819215202449770;08;2;15;100;2023;08;10;7;3;0;6;0;0;1;1;0;0;0;0;472975,670800000429153;5449931,119500000029802;8,629025291000062;49,201580210000031;1
209707;08230819215202431600;08;2;15;064;2023;08;12;7;3;5;3;0;0;1;1;0;0;0;0;481716,656100000254810;5447322,239399999380112;8,749133781000069;49,178435791000027;1
209708;08230819212502423800;08;2;12;000;2023;08;10;7;3;1;5;0;0;1;1;0;0;0;0;453170,804600000381470;5428922,749700000509620;8,359605927000075;49,011419200000034;1
209709;08230819212402399290;08;2;12;000;2023;08;09;7;2;9;7;0;0;1;0;0;0;0;0;453296,509899999946356;5427294,680099999532104;8,361512102000063;48,996784158000025;1
209710;08230819136200427500;08;1;36;010;2023;08;16;7;3;6;7;0;0;0;1;1;0;0;0;599309,289699999615550;5412668,494699999690056;10,353950188000056;48,859027687000037;1
209711;08230819135200425870;08;1;35;019;2023;08;22;7;2;0;1;2;0;1;0;0;0;0;0;581384,008200000040233;5392408,520999999716878;10,105607492000047;48,679414160000078;1
209713;08230819119400399450;08;1;19;079;2023;08;12;7;3;8;7;0;0;1;0;0;0;0;0;522560,741000000387430;5408487,176300000399351;9,307397991000073;48,828953343000080;1
209715;08230819115400427040;08;1;15;045;2023;08;18;7;3;0;7;0;0;1;1;0;0;0;0;501349,750000000000000;5394849,937999999150634;9,018346209000072;48,706681379000031;1
209716;08230819115300412450;08;1;15;028;2023;08;17;7;2;0;7;0;0;1;0;0;0;0;0;500176,265599999576807;5405088,619000000879169;9,002400239000053;48,798790033000046;1
209717;08230818436000418450;08;4;36;009;2023;08;17;6;1;5;3;0;0;1;0;0;0;0;1;553754,846300000324845;5303547,911800000816584;9,718995636000045;47,883012822000069;1
209719;08230818337100421090;08;3;37;096;2023;08;14;6;2;1;5;0;0;1;1;0;0;0;0;420984,577899999916553;5267433,164999999105930;7,949732872000027;47,555508171000042;1
209720;08230818336100400200;08;3;36;084;2023;08;23;6;3;5;3;2;0;1;0;0;0;0;0;405598,738300000317395;5277451,448000000789762;7,743115032000048;47,643574442000045;1
209721;08230818325202455180;08;3;25;049;2023;08;11;6;3;5;3;0;0;1;1;0;0;0;0;472358,312900000251830;5333516,517599999904633;8,628335784000058;48,154295241000057;1
209727;08230818311400398510;08;3;15;050;2023;08;10;6;3;5;2;0;0;1;1;0;0;0;0;398943,560399999842048;5303264,982300000265241;7,648529592000045;47,874764216000074;1
209728;08230818311010426110;08;3;15;073;2023;08;13;6;3;5;3;0;0;1;1;0;0;0;0;412535,536500000394881;5313680,199699999764562;7,828144155000075;47,970449007000070;1
209729;08230818311010400390;08;3;11;000;2023;08;15;6;3;4;2;0;0;1;1;0;0;0;0;411682,991000000387430;5314562,441600000485778;7,816542840000068;47,978267951000078;1
209730;08230818231302422760;08;2;31;000;2023;08;22;6;3;6;7;2;0;0;1;1;0;0;0;478224,129099999554455;5415431,760700000450015;8,702926508000076;48,891452862000051;1
209733;08230818222014427080;08;2;22;000;2023;08;12;6;3;3;6;0;0;1;1;0;0;0;0;461437,278400000184774;5482115,840199999511242;8,467523870000036;49,490454432000035;1
209736;08230818212502506830;08;2;12;000;2023;08;23;6;3;1;5;2;0;1;1;0;0;0;0;454218,460500000044703;5428728,675899999216199;8,373953712000059;49,009752114000037;1
209738;08230818211100399110;08;2;11;000;2023;08;17;6;3;1;5;0;0;1;1;0;0;0;0;443083,958999999798834;5402118,576999999582767;8,225412890000030;48,769468738000057;1
209740;08230818121400399730;08;1;25;108;2023;08;20;6;2;8;7;1;0;1;0;0;0;0;0;495715,889399999752641;5435569,034199999645352;8,941342172000077;49,072968345000049;1
209741;08230818119300422550;08;1;19;067;2023;08;18;6;3;0;7;0;0;1;0;0;0;0;0;539285,030399999581277;5406599,969900000840425;9,535083370000052;48,811144175000038;1
209750;08230818111250406860;08;1;11;000;2023;08;21;6;3;0;7;2;0;1;0;0;0;0;0;515287,188599999994040;5397405,733899999409914;9,207882083000072;48,729487415000051;1
209751;08230817437100395580;08;4;36;005;2023;08;22;5;3;0;7;2;0;1;0;0;0;0;0;540305,987700000405312;5309283,854299999773502;9,539656866000030;47,935604153000043;1
209754;08230817335200420560;08;3;35;061;2023;08;20;5;2;0;1;1;0;1;0;0;0;0;0;491743,634300000034273;5278023,284700000658631;8,890048082000021;47,655552140000054;1
209755;08230817317500406420;08;3;17;096;2023;08;14;5;2;4;6;0;0;1;0;0;0;0;0;422055,598000000230968;5369436,532999999821186;7,945418168000060;48,473225832000026;1
209756;08230817311010427320;08;3;11;000;2023;08;07;5;3;5;3;0;0;1;0;0;0;0;0;411157,835500000044703;5318569,129300000146031;7,808677776000025;48,014236384000071;1
209757;08230817311010420830;08;3;11;000;2023;08;09;5;3;0;7;0;0;1;0;0;0;0;0;413844,818300000391901;5315909,880300000309944;7,845235036000076;47,990683464000028;1
209758;08230817222500408240;08;2;22;000;2023;08;06;5;3;0;3;0;1;1;1;0;0;0;0;465669,875400000251830;5472831,061400000005960;8,526770132000024;49,407195745000081;1
209759;08230817221300406210;08;2;21;000;2023;08;19;5;3;1;6;0;0;1;1;0;0;0;0;477532,360999999567866;5473686,231200000271201;8,690239156000075;49,415441460000068;1
209760;08230817215102398280;08;2;15;105;2023;08;13;5;3;1;5;0;0;1;1;0;0;0;0;457307,041299999691546;5442055,616100000217557;8,414780285000063;49,129849868000065;1
209761;08230829115200431810;08;1;15;015;2023;08;16;3;3;5;3;0;0;1;1;0;0;0;0;492822,838100000284612;5387448,135999999940395;8,902574392000076;48,640054073000044;1
209762;08230817212010409360;08;2;12;000;2023;08;18;5;3;6;4;0;0;1;0;1;0;0;0;455669,958599999547005;5428751,529899999499321;8,393798755000034;49,010063669000033;1
209763;08230817212010396750;08;2;12;000;2023;08;11;5;3;4;6;0;0;1;0;0;0;0;1;460768,427500000223517;5426662,186699999496341;8,463717348000046;48,991614777000052;1
209764;08230817136200394800;08;1;36;019;2023;08;16;5;3;0;7;0;0;1;0;0;0;0;0;582528,207499999552965;5424106,385299999266863;10,127526148000072;48,964359668000043;1
209765;08230817127100422410;08;1;27;076;2023;08;20;5;3;5;3;0;0;1;1;0;0;0;0;552328,699500000104308;5439513,988199999555945;9,716963530000044;49,106243617000075;1
209766;08230817127100418590;08;1;27;076;2023;08;08;5;3;0;7;0;0;1;0;0;0;0;0;553588,793600000441074;5440614,211100000888109;9,734372862000043;49,116031286000066;1
209767;08230817119400395750;08;1;19;090;2023;08;21;5;3;0;1;2;0;1;0;0;0;0;0;533825,740799999795854;5406408,753699999302626;9,460711847000027;48,809745235000037;1
209768;08230817118500425280;08;1;18;049;2023;08;18;5;3;5;2;0;0;1;1;0;0;0;0;516876,885599999688566;5419181,555199999362230;9,230395625000028;48,925337641000056;1
209769;08230817118010430420;08;1;18;019;2023;08;02;5;3;3;6;2;1;1;1;0;0;0;0;504381,380599999800324;5404718,473099999129772;9,059658039000055;48,795444811000038;1
209770;08230817117300410730;08;1;17;026;2023;08;18;5;3;5;3;0;0;1;1;0;0;0;0;546459,081000000238419;5395139,252699999138713;9,631498392000026;48,707554945000027;1
209772;08230817116200419990;08;1;16;078;2023;08;19;5;3;6;4;0;0;0;1;1;0;0;0;511822,254999999888241;5393407,394999999552965;9,160650025000052;48,693593594000049;1
209774;08230817115200422420;08;1;15;015;2023;08;21;5;3;0;1;2;0;1;0;0;0;0;0;494353,306200000457466;5386179,950699999928474;8,923366824000027;48,628660946000082;1
209775;08230817111110420890;08;1;11;000;2023;08;09;5;3;0;7;0;0;1;0;0;0;0;0;513116,309100000187755;5402986,023900000378489;9,178539439000076;48,779736943000046;1
209777;08230831121200445110;08;1;21;000;2023;08;15;5;3;5;3;0;0;1;1;0;0;0;0;515729,140700000338256;5445133,064400000497699;9,215734639000061;49,158814341000038;1
209778;08230816435200393960;08;4;35;059;2023;08;11;4;3;6;4;0;0;1;0;1;0;0;0;511867,762600000016391;5290439,363399999216199;9,158383686000036;47,767210975000069;1
209781;08230816421300419070;08;4;21;000;2023;08;21;4;2;8;1;2;1;1;0;0;0;0;0;571423,042999999597669;5356879,209400000050664;9,964223387000061;48,361044120000031;1
209782;08230816421200407810;08;4;21;000;2023;08;15;4;3;6;4;0;0;0;1;1;0;0;0;572836,543100000359118;5361135,940600000321865;9,984040775000040;48,399173020000035;1
209783;08230816416200446600;08;4;16;041;2023;08;21;4;3;0;1;2;1;1;0;0;0;0;0;503183,087500000372529;5374420,700699999928474;9,043108728000050;48,522888839000075;1
209784;08230816416100446570;08;4;16;036;2023;08;19;4;3;0;1;0;1;1;0;0;0;0;0;495264,197999999858439;5369550,895500000566244;8,935918033000064;48,479068358000063;1
209785;08230816415400420270;08;4;15;061;2023;08;15;4;3;6;7;0;0;1;0;1;0;0;0;516283,274199999868870;5370317,135199999436736;9,220364357000051;48,485768676000077;1
209787;08230816335100418950;08;3;35;043;2023;08;12;4;3;5;2;0;0;1;1;0;0;0;0;513459,096300000324845;5279848,305199999362230;9,179293814000062;47,671885760000066;1
209788;08230816335100390980;08;3;35;043;2023;08;06;4;3;0;1;0;0;1;0;0;0;0;0;513326,447200000286102;5279006,365199999883771;9,177501067000037;47,664313012000036;1
209789;08230816335000394060;08;3;35;075;2023;08;10;4;3;7;7;0;0;1;0;1;0;0;0;493921,785400000400841;5287996,813500000163913;8,918915960000049;47,745314593000046;1
209791;08230816317500394860;08;3;17;096;2023;08;06;4;3;2;6;0;0;1;0;0;1;0;0;421198,589499999769032;5367429,535000000149012;7,934203064000030;48,455066270000032;1
209792;08230816311400403870;08;3;15;006;2023;08;18;4;3;5;3;0;0;1;1;0;0;0;0;403489,916500000283122;5306770,713099999353290;7,708529668000040;47,906997980000028;1
209793;08230816311010419900;08;3;11;000;2023;08;08;4;2;5;3;0;0;1;1;0;0;0;0;410227,063000000081956;5315752,596999999135733;7,796788866000043;47,988771024000073;1
209795;08230816231302392410;08;2;36;031;2023;08;11;4;2;5;3;0;0;1;1;0;0;0;0;481152,916199999861419;5420074,910199999809265;8,742667093000023;48,933317076000037;1
209797;08230816222800403810;08;2;22;000;2023;08;11;4;3;5;3;0;0;1;1;0;0;0;0;462454,005499999970198;5487519,977499999105930;8,481048238000028;49,539125396000031;1
209798;08230816222500395960;08;2;22;000;2023;08;12;4;3;5;2;0;0;1;0;0;0;1;0;461952,988400000147521;5479284,623700000345707;8,474916841000038;49,465021639000042;1
209799;08230831119300449920;08;1;19;067;2023;08;14;5;3;5;3;0;0;1;1;0;0;0;0;538180,423799999989569;5405931,201300000771880;9,519976481000072;48,805197090000036;1
209800;08230816222301418370;08;2;22;000;2023;08;07;4;3;3;2;0;0;1;0;0;0;1;0;463364,793600000441074;5484453,454800000414252;8,493921188000058;49,511599504000060;1
209802;08230816215102393260;08;2;15;105;2023;08;17;4;3;0;7;0;0;1;0;0;0;0;0;457484,704800000414252;5442807,032400000840425;8,417136262000042;49,136621131000027;1
209803;08230816212102415300;08;2;15;101;2023;08;01;4;3;0;7;2;0;1;0;0;0;0;0;467316,893299999646842;5425508,834599999710917;8,553322323000032;48,981621299000039;1
209804;08230820317000409040;08;3;17;057;2023;08;01;1;2;4;6;2;0;1;0;0;0;0;0;415094,888399999588728;5379823,132099999114871;7,849144681000041;48,565747337000062;1
209805;08230816136300419870;08;1;36;065;2023;08;19;4;2;6;4;0;1;0;1;1;0;0;0;558302,523900000378489;5405639,047800000756979;9,793953699000042;48,801007333000030;1
209806;08230816136100395910;08;1;36;088;2023;08;17;4;3;0;7;0;0;1;0;0;0;0;0;580385,309700000099838;5410321,787699999287724;10,095541388000072;48,840661774000068;1
209807;08230816127100407960;08;1;27;076;2023;08;17;4;3;0;7;0;0;1;0;0;0;0;0;552366,769000000320375;5439951,030999999493361;9,717541770000025;49,110171463000029;1
209808;08230816121200390720;08;1;21;000;2023;08;06;4;3;0;7;0;0;1;0;0;0;0;0;516003,804999999701977;5443668,888000000268221;9,219443615000046;49,145636518000060;1
209809;08230816117400392010;08;1;17;051;2023;08;16;4;3;4;6;0;0;1;1;0;0;0;0;541898,826600000262260;5395816,130699999630451;9,569584901000042;48,713966939000045;1
209810;08230816117300421580;08;1;17;020;2023;08;18;4;2;8;1;0;0;1;0;0;0;0;0;549144,877600000239909;5388223,256100000813603;9,667180704000032;48,645136143000059;1
209811;08230816116500418520;08;1;16;081;2023;08;15;4;3;9;1;0;0;1;0;0;0;0;0;519455,542299999855459;5385689,453400000929832;9,264013335000072;48,623971230000052;1
209812;08230816115300394830;08;1;15;041;2023;08;16;4;3;0;7;0;0;1;0;0;0;0;0;495881,596499999985099;5402238,870400000363588;8,943947572000070;48,773140226000066;1
209813;08230816111500395040;08;1;11;000;2023;08;06;4;3;5;3;0;0;1;1;0;0;0;0;511642,258200000040233;5410118,205199999734759;9,158677052000030;48,843926503000034;1
209814;08230816111110433360;08;1;11;000;2023;08;06;4;3;7;7;0;0;1;0;0;0;0;0;513412,262000000104308;5404080,229800000786781;9,182603642000061;48,789574008000045;1
209816;08230815435100390450;08;4;35;016;2023;08;14;3;3;4;6;0;0;1;1;0;0;0;0;534450,371000000275671;5282403,084100000560284;9,459121893000031;47,694094442000051;1
209820;08230815417300446580;08;4;17;025;2023;08;17;3;3;0;7;0;0;1;0;0;0;0;1;483453,735199999995530;5358853,693399999290705;8,776529289000052;48,382631689000050;1
209821;08230815415400440660;08;4;15;080;2023;08;21;3;2;0;1;2;0;1;0;0;0;0;0;510693,010700000450015;5373122,115100000053644;9,144782515000031;48,511123301000055;1
209823;08230815335200390750;08;3;35;063;2023;08;18;3;3;0;1;0;0;1;0;0;0;0;0;498449,002299999818206;5287607,796299999579787;8,979310900000030;47,741841153000053;1
209827;08230815311010415580;08;3;11;000;2023;08;17;3;3;3;2;0;0;1;1;0;0;0;0;412992,441999999806285;5317243,500000000000000;7,833542407000039;48,002564401000029;1
209828;08230815311010390190;08;3;11;000;2023;08;10;3;3;0;7;0;0;1;0;0;0;0;0;408904,107599999755621;5318602,188899999484420;7,778456586000061;48,014216420000025;1
209829;08230815237200404490;08;2;37;074;2023;08;16;3;2;0;7;0;0;1;0;0;0;0;0;467566,651200000196695;5369276,438799999654293;8,561159679000070;48,475780472000054;1
209830;08230815231202398030;08;2;36;071;2023;08;12;3;3;5;3;0;0;1;1;0;0;0;0;468416,552000000141561;5421171,958200000226498;8,568687371000067;48,942666479000081;1
209831;08230815231000411740;08;2;31;000;2023;08;18;3;3;6;4;0;0;1;0;1;0;0;0;476702,083999999798834;5415478,052200000733137;8,682159958000057;48,891813926000054;1
209832;08230815222014397730;08;2;22;000;2023;08;15;3;3;5;3;0;0;1;1;0;0;0;0;461156,469700000248849;5481925,278000000864267;8,463665353000067;49,488722517000042;1
209833;08230815221400390910;08;2;26;018;2023;08;08;3;3;5;3;0;0;1;0;0;0;0;1;473514,868900000117719;5472360,739299999549985;8,634939592000023;49,403357297000071;1
209835;08230821212102402630;08;2;12;000;2023;08;03;2;3;1;5;2;0;1;0;0;0;0;1;459329,302199999801815;5427244,200999999418855;8,443987670000070;48,996757000000059;1
209837;08230815212102415870;08;2;15;101;2023;08;12;3;3;5;3;0;0;1;1;0;0;0;0;466349,516900000162423;5426589,451700000092387;8,540012234000073;48,991289882000046;1
209838;08230815128300392150;08;1;28;131;2023;08;13;3;3;2;6;0;0;1;1;0;0;0;0;535566,459200000390410;5511902,819099999964237;9,493805705000057;49,758550685000046;1
209839;08230815121200409150;08;1;21;000;2023;08;19;3;3;1;5;0;0;1;1;0;0;0;0;516809,990899999625981;5442897,552300000563264;9,230465740000056;49,138676568000051;1
209841;08230815118300391210;08;1;18;081;2023;08;19;3;3;0;1;0;0;1;0;0;0;0;0;520592,972799999639392;5414236,020899999886751;9,280875974000026;48,880736803000048;1
209842;08230815118100419850;08;1;18;040;2023;08;15;3;3;6;7;0;0;0;1;1;0;0;0;510851,973500000312924;5431001,233799999579787;9,148462054000049;49,031797947000030;1
209844;08230815115400427110;08;1;15;045;2023;08;07;3;3;5;3;0;0;1;0;0;0;0;0;500110,955000000074506;5394967,149000000208616;9,001508165000075;48,707737269000063;1
209847;08230814437100388750;08;4;37;076;2023;08;10;2;2;1;5;0;0;1;1;0;0;0;0;524669,678899999707937;5322061,883700000122190;9,331041596000034;48,051361598000028;1
209848;08230814436200387180;08;4;36;064;2023;08;12;2;3;0;1;0;0;1;0;0;0;0;0;544105,232699999585748;5288399,783999999985099;9,588393720000056;47,747460721000039;1
209849;08230814435200413010;08;4;35;047;2023;08;10;2;2;4;6;0;0;1;1;0;0;0;0;512444,219999999739230;5292843,584000000730157;9,166145788000051;47,788832074000027;1
209850;08230814426010417270;08;4;26;021;2023;08;13;2;3;0;1;0;0;1;0;0;0;0;0;559034,970300000160933;5328883,858899999409914;9,793098708000059;48,110479532000056;1
209852;08230814425000412430;08;4;25;071;2023;08;13;2;3;4;2;0;0;1;1;0;0;0;0;550887,276999999769032;5371078,580399999395013;9,688735797000049;48,490769348000072;1
209853;08230814417010388290;08;4;17;002;2023;08;06;2;2;6;4;0;1;0;1;1;0;0;0;488573,005900000222027;5346094,425799999386072;8,846014795000031;48,267954632000055;1
209854;08230814336300384500;08;3;36;057;2023;08;00;2;3;0;1;2;0;1;0;0;0;0;0;407681,723299999721348;5277457,990299999713898;7,770840442000065;47,643933742000058;1
209855;08230814335100409630;08;3;35;043;2023;08;07;2;3;0;3;0;0;1;0;0;0;0;0;511637,125400000251830;5281049,965299999341369;9,155054765000045;47,682733251000059;1
209856;08230814335100389390;08;3;35;043;2023;08;18;2;3;6;7;0;0;0;1;1;0;0;0;512816,113099999725819;5280093,108200000599027;9,170735611000055;47,674101479000058;1
209857;08230814311400409750;08;3;15;074;2023;08;21;2;3;0;1;2;1;1;0;0;0;0;0;396387,423700000159442;5296065,059000000357628;7,616079367000054;47,809594917000027;1
209859;08230814311010389360;08;3;11;000;2023;08;14;2;3;1;5;0;0;1;1;0;0;0;0;412424,871299999766052;5314384,317900000140071;7,826518259000068;47,976767654000071;1
209860;08230814311010388200;08;3;11;000;2023;08;13;2;3;0;7;0;0;1;0;0;0;0;0;415587,885400000028312;5315900,979000000283122;7,868594896000047;47,990835859000072;1
209861;08230814235100388140;08;2;35;085;2023;08;16;2;3;5;2;0;0;1;1;0;0;0;0;482280,546600000001490;5396039,660000000149012;8,759101866000037;48,717133839000041;1
209862;08230814231102410080;08;2;36;046;2023;08;19;2;3;6;4;0;0;0;1;1;0;0;0;486976,229199999943376;5416907,645600000396371;8,822277631000077;48,904975297000078;1
209863;08230814226700386400;08;2;26;098;2023;08;11;2;3;6;4;0;0;0;1;1;0;0;0;477816,079499999992549;5460202,373700000345707;8,694901823000066;49,294165477000035;1
209865;08230814221011405560;08;2;26;018;2023;08;16;2;3;0;7;0;0;1;1;0;0;0;0;473372,372999999672174;5471248,420199999585748;8,633050080000032;49,393345983000074;1
209868;08230814212702424330;08;2;15;108;2023;08;11;2;3;5;3;0;0;1;1;0;0;0;0;450451,077100000344217;5425663,049100000411272;8,322813615000030;48,981885816000045;1
209869;08230814212402409990;08;2;12;000;2023;08;08;2;3;0;7;0;0;1;0;0;0;0;0;455475,904500000178814;5428211,094599999487400;8,391204544000061;49,005188430000032;1
209870;08230814212010394360;08;2;12;000;2023;08;11;2;3;5;2;0;0;1;1;0;0;0;0;460925,520999999716878;5427568,155999999493361;8,465777527000057;48,999774142000035;1
209871;08230814211000390640;08;3;17;068;2023;08;11;2;2;0;1;0;0;1;0;0;0;0;0;436262,771599999628961;5388687,671399999409914;8,134665951000045;48,647995900000069;1
209873;08230814118400412570;08;1;18;048;2023;08;19;2;3;6;4;0;0;0;1;1;0;0;0;511778,309999999590218;5417272,246500000357628;9,160737404000031;48,908280085000058;1
209875;08230814117100412720;08;1;17;019;2023;08;17;2;3;3;2;0;0;1;0;0;0;0;1;553402,293300000019372;5392880,479000000283122;9,725575040000024;48,686680551000052;1
209876;08230814116400399650;08;1;16;033;2023;08;14;2;3;0;7;0;0;1;0;0;0;0;0;533236,990000000223517;5387727,024000000208616;9,451187346000040;48,641720527000075;1
209878;08230814111500405830;08;1;11;000;2023;08;21;2;3;6;4;2;0;0;1;1;0;0;0;508197,694799999706447;5397430,381899999454618;9,111476713000059;48,729842742000073;1
209880;08230813436400402920;08;4;36;009;2023;08;11;1;3;5;3;0;0;1;0;0;0;0;0;556919,053999999538064;5307509,961999999359250;9,761837415000059;47,918384799000080;1
209881;08230813435200409390;08;4;35;059;2023;08;17;1;3;0;1;0;0;1;0;0;0;0;0;511059,724000000394881;5291372,195000000298023;9,147623629000066;47,775618517000055;1
209882;08230813421300384820;08;4;21;000;2023;08;15;1;3;0;1;0;1;1;0;0;0;0;0;572164,314100000075996;5360167,205199999734759;9,974793670000054;48,390536301000054;1
209884;08230813336400416230;08;3;36;091;2023;08;14;1;3;5;2;0;0;1;1;0;0;0;0;397842,183500000275671;5271886,541699999943376;7,641168763000053;47,592338982000058;1
209885;08230813316200383590;08;3;16;010;2023;08;16;1;3;9;1;0;0;1;0;0;0;0;0;432100,961000000126660;5336459,921199999749660;8,086624175000054;48,177748967000070;1
209887;08230813311010382730;08;3;11;000;2023;08;13;1;3;5;3;0;1;1;1;0;0;0;0;411244,252399999648333;5316922,001000000163913;7,810177183000064;47,999432091000074;1
209888;08230813231102383290;08;2;36;040;2023;08;13;1;3;1;5;0;0;1;1;0;0;0;0;485321,773500000126660;5420142,351600000634789;8,799584681000056;48,934036701000082;1
209890;08230817435100400450;08;4;35;016;2023;08;11;5;3;0;1;0;0;1;0;0;0;0;0;536290,872700000181794;5277964,450899999588728;9,483280592000028;47,654057612000031;1
209891;08230813226400406450;08;2;26;037;2023;08;22;1;3;6;4;2;0;0;1;1;0;0;0;465838,599999999627471;5468693,257999999448657;8,529451468000047;49,369986922000066;1
209892;08230813222600423490;08;2;22;000;2023;08;11;1;3;3;6;0;0;1;1;0;0;0;0;462922,769199999980628;5482643,885800000280142;8,487985187000049;49,495296522000046;1
209893;08230813222400387380;08;2;26;038;2023;08;17;1;3;0;7;0;0;1;0;0;0;0;0;469641,726999999955297;5480977,498600000515580;8,580895123000062;49,480681456000070;1
209896;08230813221011409830;08;2;26;059;2023;08;13;1;2;1;5;0;0;1;1;0;0;0;0;464925,739000000059605;5460453,540300000458956;8,517602732000057;49,295820648000074;1
209897;08230813216300408670;08;2;16;024;2023;08;20;1;3;8;7;0;0;1;0;0;0;0;0;447067,530399999581277;5408350,874299999326468;8,278818610000030;48,825881224000057;1
209898;08230813216100394970;08;2;16;043;2023;08;02;1;3;2;7;2;0;1;0;0;0;0;0;440874,873599999584258;5413511,485999999567866;8,193709680000040;48,871742079000057;1
209899;08230813136010394260;08;1;36;037;2023;08;02;1;2;6;6;2;0;0;1;1;0;0;0;603219,221599999815226;5415863,599999999627471;10,408046685000045;48,887123378000069;1
209901;08230813121600387190;08;1;25;107;2023;08;17;1;3;0;7;0;0;1;0;0;0;0;1;534622,534900000318885;5437979,438599999994040;9,474248060000036;49,093691833000037;1
209904;08230813119300413210;08;1;19;067;2023;08;19;1;3;6;6;0;0;0;0;1;0;0;1;541244,919200000353158;5402874,180299999192357;9,561402718000068;48,777501812000025;1
209909;08230812435100381330;08;4;35;016;2023;08;13;7;3;5;3;0;0;1;1;0;0;0;0;536891,655000000260770;5278066,065999999642372;9,491289403000053;47,654937906000043;1
209910;08230812421200398270;08;4;25;112;2023;08;18;7;3;5;3;0;0;1;1;0;0;0;0;582785,287999999709427;5375759,562699999660254;10,121319879000055;48,529480736000039;1
209911;08230812421200384000;08;4;21;000;2023;08;17;7;3;0;1;0;0;1;0;0;0;0;0;573721,204400000162423;5361014,219599999487400;9,995969539000043;48,397975283000051;1
209912;08230812417100380890;08;4;17;079;2023;08;08;7;3;0;1;0;1;1;0;0;0;0;0;501094,165300000458956;5344549,729199999943376;9,014740527000072;48,254159492000042;1
209914;08230812337010391790;08;3;37;123;2023;08;14;7;2;6;7;0;0;0;0;1;0;0;1;452878,133200000040233;5279424,367499999701977;8,372335019000047;47,666494566000040;1
209915;08230812337010381140;08;3;37;106;2023;08;11;7;2;0;1;0;1;1;0;0;0;0;0;457116,288499999791384;5285347,449400000274181;8,428202077000037;47,720080771000028;1
209916;08230812336300383680;08;3;36;081;2023;08;15;7;3;6;4;0;0;0;1;1;0;0;0;410512,120900000445545;5277711,954299999400973;7,808464898000068;47,646615868000026;1
209917;08230812325202400750;08;3;25;049;2023;08;01;7;3;0;1;2;0;1;0;0;0;0;0;472204,411100000143051;5333207,707100000232458;8,626286674000028;48,151510239000061;1
209918;08230812317500406150;08;3;17;047;2023;08;15;7;3;5;3;0;0;1;0;0;0;0;0;419323,330099999904633;5363969,115100000053644;7,909511203000022;48,423702607000052;1
209919;08230812317010393490;08;3;17;011;2023;08;21;7;2;0;6;2;0;1;1;0;0;0;0;426406,866200000047684;5352882,714299999177456;8,007182980000039;48,324845205000031;1
209920;08230812316100383020;08;3;16;017;2023;08;19;7;3;0;1;0;0;1;0;0;0;0;0;409185,321000000461936;5342071,937999999150634;7,777226320000068;48,225365803000045;1
209921;08230812311010396330;08;3;36;091;2023;08;14;7;2;5;3;0;0;1;1;0;0;0;0;395040,182000000029802;5275063,369000000879169;7,603149037000037;47,620467464000058;1
209924;08230812231000381370;08;2;36;076;2023;08;15;7;3;5;3;0;0;1;1;0;0;0;0;471687,737999999895692;5423827,139000000432134;8,613173871000072;48,966709497000068;1
209925;08230812226200424970;08;2;26;032;2023;08;17;7;3;5;3;0;1;1;1;0;0;0;0;467186,766800000332296;5463609,844399999827147;8,548439534000067;49,324336761000040;1
209928;08230812216300384230;08;2;16;006;2023;08;15;7;3;8;1;0;0;1;0;0;0;0;0;447474,611800000071526;5409707,997600000351667;8,284190570000021;48,838123350000046;1
209930;08230812121200403970;08;1;21;000;2023;08;12;7;3;6;6;0;0;0;0;1;0;0;1;516638,981900000013411;5443353,719200000166893;9,228140052000072;49,142784593000044;1
209932;08230812115400382370;08;1;15;054;2023;08;10;7;2;0;7;0;0;1;0;0;0;0;0;493543,725800000131130;5395950,440199999138713;8,912227209000037;48,716549603000033;1
209933;08230812111500393320;08;1;11;000;2023;08;09;7;3;0;7;0;0;1;1;0;0;0;0;511891,985299999825656;5402693,438899999484420;9,161865531000046;48,777129479000052;1
209938;08230811436300404550;08;4;36;081;2023;08;15;6;3;0;2;0;0;1;1;0;0;0;0;561434,780899999663234;5281606,179500000551343;9,818602757000065;47,684922599000060;1
209939;08230811435200380040;08;4;35;059;2023;08;08;6;3;4;6;0;0;1;1;0;0;0;0;513413,588000000454485;5289988,954500000923872;9,178999817000033;47,763128093000034;1
209941;08230811417300382430;08;4;17;031;2023;08;14;6;3;0;7;0;0;1;0;0;0;0;0;497767,295300000347197;5356348,896099999547005;8,969858699000042;48,360310101000039;1
209942;08230811416010418320;08;4;16;041;2023;08;19;6;2;3;6;0;0;1;0;0;0;0;0;504313,393000000156462;5373796,437500000000000;9,058410052000056;48,517265989000066;1