OID_;UIDENTSTLAE;ULAND;UREGBEZ;UKREIS;UGEMEINDE;UJAHR;UMONAT;USTUNDE;UWOCHENTAG;UKATEGORIE;UART;UTYP1;ULICHTVERH;IstStrassenzustand;IstRad;IstPKW;IstFuss;IstKrad;IstGkfz;IstSonstige;LINREFX;LINREFY;XGCSWGS84;YGCSWGS84;PLST
209943;08230811336400394250;08;3;36;014;2023;08;16;6;2;0;1;0;0;1;0;0;0;0;0;391039,932500000111759;5280759,605000000447035;7,548510215000022;47,671043807000046;1
209944;08230811336100426270;08;3;36;050;2023;08;10;6;3;5;2;0;0;1;1;0;0;0;0;399465,069099999964237;5273819,044099999591708;7,662305992000029;47,609976190000054;1
209945;08230811335100395930;08;3;35;043;2023;08;12;6;2;5;2;0;0;1;1;0;0;0;0;512759,485100000165403;5279957,947499999776483;9,169977270000061;47,672886469000048;1
209946;08230811335100393140;08;3;35;043;2023;08;12;6;3;0;7;0;0;1;0;0;0;0;0;514924,448699999600649;5280197,242499999701977;9,198826149000070;47,674993212000061;1
209947;08230821325000426320;08;3;26;052;2023;08;10;2;2;6;4;0;0;0;1;1;0;0;0;450376,592699999921024;5330558,325600000098348;8,333135231000028;48,126346675000036;1
209949;08230811326300378480;08;3;26;052;2023;08;06;6;3;3;6;0;0;1;1;0;0;0;0;451660,000900000333786;5330649,881699999794364;8,350370776000034;48,127269127000034;1
209952;08230823121100435500;08;1;25;006;2023;08;08;4;1;5;3;0;0;1;1;0;0;0;0;508072,451399999670684;5454719,609300000593066;9,110911517000034;49,245196467000028;1
209954;08230811311100386950;08;3;15;072;2023;08;12;6;3;2;6;0;0;1;1;0;0;0;0;402341,512000000104308;5318973,975999999791384;7,690394277000053;48,016591262000077;1
209955;08230811311010390440;08;3;11;000;2023;08;21;6;3;0;7;2;0;1;0;0;0;0;0;411800,185999999754131;5317367,437999999150634;7,817536573000041;48,003515858000071;1
209956;08230811237100408190;08;2;37;045;2023;08;18;6;3;8;1;0;0;1;0;0;0;0;0;462391,405100000090897;5364502,994799999520183;8,491567486000065;48,432549729000073;1
209957;08230811226400456560;08;2;26;084;2023;08;23;6;3;4;6;2;0;1;0;0;1;0;0;468625,638500000350177;5469826,277899999171495;8,567750343000057;49,380328057000042;1
209958;08230811226100404730;08;2;26;013;2023;08;22;6;3;1;5;2;0;1;0;0;0;0;1;499209,690999999642372;5480591,057299999520183;8,989090171000043;49,477964170000064;1
209960;08230811222400395530;08;2;26;105;2023;08;12;6;3;6;7;0;0;1;0;1;0;0;1;470819,365000000223517;5479606,924000000581145;8,597253426000066;49,468411374000027;1
209961;08230811216200411580;08;2;16;007;2023;08;17;6;3;5;3;0;0;1;1;0;0;0;0;436542,439199999906123;5393505,655300000682473;8,137723250000022;48,691362682000033;1
209962;08230811212010379550;08;2;12;000;2023;08;17;6;3;5;2;0;0;1;1;0;0;0;0;456652,389800000004470;5428243,938599999994040;8,407286670000076;49,005567618000043;1
209964;08230811212010378880;08;2;12;000;2023;08;11;6;3;0;7;0;0;1;0;0;0;0;0;455802,229199999943376;5429225,178400000557303;8,395555836000028;49,014333671000031;1
209965;08230811136300404360;08;1;36;044;2023;08;17;6;3;0;7;0;0;1;0;0;0;0;0;558355,387099999934435;5408102,058299999684095;9,795023738000054;48,823157262000052;1
209966;08230811136300379760;08;1;36;065;2023;08;11;6;3;0;7;0;0;1;0;0;0;0;0;558204,611800000071526;5405427,133899999782443;9,792590446000077;48,799110329000030;1
209967;08230811136100380880;08;1;36;088;2023;08;16;6;3;6;7;0;0;0;0;1;0;0;1;580343,702800000086427;5410300,416200000792742;10,094970261000071;48,840474941000082;1
209968;08230811135100380580;08;1;35;020;2023;08;14;6;3;0;1;0;0;1;0;0;0;0;0;586892,463999999687076;5385834,635199999436736;10,179044759000021;48,619544536000035;1
209970;08230811121500403780;08;1;25;005;2023;08;21;6;3;5;3;2;0;1;1;0;0;0;0;515495,019500000402331;5453085,188200000673532;9,212830215000054;49,230351634000044;1
209971;08230822115300422360;08;1;15;042;2023;08;09;3;3;0;7;0;0;1;0;0;0;0;0;496416,724999999627471;5405680,291999999433756;8,951200781000068;48,804102376000060;1
209972;08230813136300399370;08;1;36;065;2023;08;16;1;2;0;1;0;0;1;0;0;0;0;0;563937,782100000418723;5400750,617799999192357;9,869924621000052;48,756482191000032;1
209973;08230811121200379690;08;1;21;000;2023;08;11;6;2;8;1;0;0;1;0;0;0;0;0;518033,394299999810755;5441216,631500000134110;9,247163320000027;49,123521439000058;1
209974;08230811119200403930;08;1;19;093;2023;08;13;6;2;5;3;0;0;1;1;0;0;0;0;523903,305700000375509;5406258,570299999788404;9,325560746000065;48,808855123000058;1
209975;08230811119100408090;08;1;19;008;2023;08;15;6;3;5;3;0;0;1;1;0;0;0;0;530967,347099999897182;5423096,697000000625849;9,423045581000054;48,960011519000034;1
209977;08230811116500415210;08;1;16;071;2023;08;19;6;3;1;7;0;0;1;1;0;0;0;0;530253,339300000108778;5390370,531099999323487;9,410879049000073;48,665652857000055;1
209979;08230811111500403880;08;1;11;000;2023;08;18;6;3;5;3;0;0;1;1;0;0;0;0;514858,957799999974668;5406125,718000000342727;9,202373827000031;48,807942080000032;1
209983;08230817118300422120;08;1;18;046;2023;08;20;5;3;0;7;1;0;1;0;0;0;0;0;513832,318500000052154;5411987,705299999564886;9,188589269000033;48,860699206000049;1
209985;08230811111310390570;08;1;11;000;2023;08;08;6;3;0;7;0;0;1;0;0;0;0;0;515407,950699999928474;5406469,700899999588728;9,209863781000024;48,811023131000070;1
209987;08230810437200379880;08;4;37;104;2023;08;13;5;3;5;3;0;0;0;1;1;0;0;0;517128,543100000359118;5327157,308499999344349;9,230052638000075;48,097452117000046;1
209989;08230810436300405200;08;4;36;049;2023;08;20;5;3;6;4;0;0;0;0;1;0;0;1;578032,393400000408292;5282683,317099999636412;10,039920736000056;47,692821996000077;1
209991;08230810435100388550;08;4;35;029;2023;08;15;5;3;0;1;0;0;1;0;0;0;0;0;544941,935300000011921;5271514,906400000676513;9,597817750000047;47,595486116000075;1
209992;08230810435100386060;08;4;35;030;2023;08;12;5;3;1;7;0;0;1;1;0;0;0;0;540546,114799999631941;5271665,992900000885129;9,539361319000022;47,597135330000071;1
209993;08230810435100385510;08;4;35;016;2023;08;08;5;3;2;6;0;0;1;1;0;0;0;0;536266,411000000312924;5282375,664899999275804;9,483321206000028;47,693748355000025;1
209995;08230810421300437280;08;4;21;000;2023;08;20;5;3;1;5;0;0;1;1;0;0;0;0;574139,940499999560416;5361758,656099999323487;10,001757233000035;48,404622518000053;1
209996;08230830121200566580;08;1;21;000;2023;08;18;4;3;0;7;0;0;0;0;1;0;0;1;516157,140899999998510;5443076,101199999451637;9,221522366000045;49,140300193000030;1
209997;08230810421300387830;08;4;21;000;2023;08;19;5;3;0;1;0;0;1;0;0;0;0;0;570906,275200000032783;5361729,773000000044703;9,958066512000073;48,404734783000038;1
209998;08230810421200403440;08;4;21;000;2023;08;13;5;3;5;3;0;0;1;1;0;0;0;0;575439,080000000074506;5364958,029999999329448;10,019883518000029;48,433247061000031;1
210000;08230810421200386240;08;4;25;075;2023;08;20;5;3;1;1;0;0;1;1;0;0;0;0;566336,836299999617040;5377327,921099999919534;9,898808776000067;48,545542837000028;1
210004;08230810336100406360;08;3;36;050;2023;08;12;5;3;5;2;0;0;1;0;0;0;0;0;399392,870500000193715;5274232,357100000604987;7,661250707000022;47,613682876000041;1
210005;08230810335400386910;08;3;35;098;2023;08;16;5;3;5;7;0;0;1;0;0;0;0;1;504076,721499999985099;5295798,832699999213219;9,054457181000032;47,815529245000050;1
210007;08230810335100402980;08;3;35;043;2023;08;14;5;3;0;1;0;0;1;0;0;0;0;0;513363,630900000222027;5278240,800799999386072;9,177972919000069;47,657423943000026;1
210008;08230810335100392980;08;3;35;043;2023;08;13;5;3;0;7;0;0;1;0;0;0;0;0;513914,137600000016391;5280561,393300000578165;9,185378286000059;47,678292246000069;1
210009;08230811311010403150;08;3;11;000;2023;08;22;6;3;1;5;2;0;1;1;0;0;0;0;413556,405100000090897;5316385,119999999180436;7,841274446000057;47,994919492000065;1
210011;08230810316100402090;08;3;16;011;2023;08;08;5;3;5;3;0;0;1;1;0;0;0;0;413785,474000000394881;5330662,144999999552965;7,841466165000043;48,123375931000055;1
210012;08230810311010401320;08;3;36;050;2023;08;14;5;3;6;4;0;0;0;1;1;0;0;0;399358,086699999868870;5273704,565999999642372;7,660909201000038;47,608929815000067;1
210013;08230810311010379890;08;3;11;000;2023;08;15;5;2;3;6;0;0;1;0;0;0;0;0;412469,450600000098348;5315088,670399999246001;7,826971939000032;47,983109639000077;1
210015;08230810311010377380;08;3;11;000;2023;08;08;5;3;5;3;0;0;1;0;0;0;0;1;413621,730999999679625;5316925,302999999374151;7,842041178000045;47,999787457000082;1
210019;08230810226700437290;08;2;26;076;2023;08;20;5;3;5;3;0;0;1;1;0;0;0;0;474705,455500000156462;5466034,273299999535084;8,651752106000060;49,346502249000082;1
210020;08230810226700399800;08;2;26;054;2023;08;09;5;2;6;7;0;0;0;1;1;0;0;0;477997,093899999745190;5454229,520600000396371;8,697719698000071;49,240445777000048;1
210023;08230810221400438520;08;2;21;000;2023;08;18;5;3;5;3;0;0;1;0;0;0;0;0;476820,627299999818206;5470360,620899999514222;8,680620711000074;49,385501394000073;1
210024;08230810221011427220;08;2;26;041;2023;08;20;5;3;0;7;1;0;1;0;0;0;0;0;477678,386199999600649;5466279,012599999085069;8,692668174000062;49,348819730000059;1
210025;08230810216200378940;08;2;16;007;2023;08;15;5;3;0;7;0;0;1;0;0;0;0;0;436808,006599999964237;5394273,913000000640750;8,141213884000024;48,698300174000053;1
210026;08230810212502407730;08;2;12;000;2023;08;18;5;3;1;5;0;0;1;1;0;0;0;0;451421,631199999712408;5428184,361199999228120;8,335775809000040;49,004642167000043;1
210027;08230810212402388760;08;2;12;000;2023;08;17;5;3;5;2;0;0;1;1;0;0;0;0;455396,549200000241399;5427057,667099999263883;8,390246221000041;48,994807497000068;1
210028;08230810212010391360;08;2;12;000;2023;08;12;5;3;5;3;0;0;1;1;0;0;0;0;455882,366100000217557;5428891,566500000655651;8,396687980000024;49,011338535000050;1
210030;08230810136100395420;08;1;36;050;2023;08;12;5;3;0;7;0;0;1;0;0;0;0;0;580915,632399999536574;5402202,518300000578165;10,101167440000040;48,767566071000033;1
210031;08230810136100376920;08;1;36;088;2023;08;13;5;3;0;7;0;0;1;0;0;0;0;0;578725,978400000371039;5409310,468900000676513;10,072736910000060;48,831778332000056;1
210032;08230810127202377770;08;1;27;014;2023;08;08;5;3;0;7;0;0;1;0;0;0;0;0;578974,114599999971688;5442929,782299999147654;10,082648243000051;49,134120445000065;1
210034;08230810121600403160;08;1;25;024;2023;08;14;5;3;0;1;0;0;1;0;0;0;0;0;522944,176500000059605;5444099,356699999421835;9,314632986000049;49,149288618000071;1
210036;08230810121100377260;08;1;25;047;2023;08;19;5;2;0;1;0;0;1;0;0;0;0;0;495284,803799999877810;5450174,426699999719858;8,935268906000033;49,204346448000081;1
210037;08230810118200380360;08;1;18;080;2023;08;17;5;3;5;3;0;0;1;1;0;0;0;0;508944,458100000396371;5409018,292099999263883;9,121883733000061;48,834076593000077;1
210038;08230810118010396150;08;1;18;071;2023;08;17;5;2;5;3;0;0;1;1;0;0;0;0;509461,250000000000000;5419131,816999999806285;9,129159936000065;48,925048004000075;1
210041;08230810111500401720;08;1;11;000;2023;08;16;5;2;6;4;0;0;0;1;1;0;0;0;514374,472699999809265;5404054,741200000047684;9,195702863000065;48,789323217000060;1
210043;08230810111500389610;08;1;11;000;2023;08;21;5;3;5;2;2;0;1;1;0;0;0;0;508198,772800000384450;5406751,865599999204278;9,111677190000023;48,813698397000053;1
210044;08230810111370377350;08;1;11;000;2023;08;10;5;3;5;2;0;0;1;1;0;0;0;0;512381,244800000451505;5408054,255200000479817;9,168686607000041;48,825345244000061;1
210047;08230809436300378330;08;4;36;052;2023;08;15;4;2;6;6;0;0;0;0;1;1;0;0;564487,376699999906123;5298722,278999999165535;9,861812854000050;47,838611011000069;1
210048;08230809435200375820;08;4;35;059;2023;08;15;4;3;5;3;0;0;1;1;0;0;0;0;512901,060899999924004;5290740,595899999141693;9,172182666000026;47,769901460000028;1
210049;08230809426100375640;08;4;26;021;2023;08;10;4;3;6;4;0;1;0;0;1;1;0;0;558581,283699999563396;5327416,825099999085069;9,786802854000030;48,097323739000046;1
210050;08230809426010397600;08;4;21;000;2023;08;11;4;2;6;7;0;0;0;0;1;0;0;1;572241,609000000171363;5361358,722500000149012;9,976042618000065;48,401245456000026;1
210052;08230809335010389840;08;3;35;043;2023;08;16;4;3;5;3;0;0;1;1;0;0;0;0;513330,462600000202656;5278965,088500000536442;9,177553290000048;47,663941535000049;1
210054;08230809317300376420;08;3;17;031;2023;08;18;4;2;8;1;0;0;1;0;0;0;0;0;416761,848600000143051;5358898,956399999558926;7,875900443000035;48,377764144000025;1
210055;08230809311010386110;08;3;11;000;2023;08;17;4;2;0;7;0;0;1;0;0;0;0;0;418691,083300000056624;5313612,253900000825524;7,910613498000032;47,970649538000032;1
210057;08230809311010375920;08;3;11;000;2023;08;16;4;3;3;6;0;0;1;0;0;0;0;0;412237,178100000135601;5314540,187500000000000;7,823971927000059;47,978144033000035;1
210058;08230809231000396350;08;2;31;000;2023;08;19;4;3;0;6;0;1;1;0;0;0;0;0;474561,210599999874830;5416262,732000000774860;8,652904929000044;48,898788408000030;1
210060;08230809225100377580;08;2;25;058;2023;08;15;4;3;5;3;0;0;1;1;0;0;0;0;509624,595700000412762;5465985,930199999362230;9,132508552000047;49,346516038000061;1
210062;08230809222500413550;08;2;22;000;2023;08;16;4;3;6;4;0;0;1;0;1;0;0;0;461684,184999999590218;5480315,148700000718236;8,471107494000023;49,474273794000055;1
210064;08230809212010384710;08;2;12;000;2023;08;18;4;3;5;3;0;1;1;1;0;0;0;0;457082,042500000447035;5427607,497199999168515;8,413228462000063;48,999872766000067;1
210067;08230809118400376140;08;1;18;048;2023;08;13;4;3;5;3;0;0;1;1;0;0;0;0;515594,825000000186265;5416012,703800000250340;9,212772565000023;48,896865258000048;1
210070;08230809111500387840;08;1;11;000;2023;08;16;4;3;0;2;0;0;1;1;0;0;0;0;518816,317099999636412;5402713,013100000098348;9,256114870000033;48,777134670000066;1
210071;08230817416200418660;08;4;16;041;2023;08;20;5;3;0;1;0;0;1;0;0;0;0;0;504218,873399999924004;5373751,512900000438094;9,057129656000029;48,516862473000060;1
210072;08230809111370376030;08;1;11;000;2023;08;16;4;3;0;7;0;0;1;0;0;0;0;0;507923,395100000314415;5405824,218599999323487;9,107908312000063;48,805356951000078;1
210074;08230809111230399490;08;1;11;000;2023;08;17;4;2;0;7;0;0;1;0;0;0;0;0;507730,527800000272691;5398549,296700000762939;9,105144922000022;48,739914489000057;1
210076;08230808425000398460;08;4;25;033;2023;08;12;3;3;5;3;0;0;1;1;0;0;0;0;552150,652700000442564;5347940,411299999803305;9,702961156000072;48,282517148000068;1
210077;08230816317500394490;08;3;17;097;2023;08;12;4;2;0;1;0;0;1;0;0;0;0;0;427707,990799999795854;5367232,894600000232458;8,022263387000066;48,454079057000058;1
210078;08230808417010393150;08;4;17;002;2023;08;13;3;2;5;3;0;0;1;1;0;0;0;0;488841,366799999959767;5345177,030400000512600;8,849655303000077;48,259705848000067;1
210079;08230808415400400330;08;4;15;061;2023;08;10;3;3;5;3;0;0;1;1;0;0;0;0;516506,512000000104308;5371693,365000000223517;9,223439841000072;48,498143891000041;1
210080;08230822311010444140;08;3;11;000;2023;08;08;3;3;6;7;0;0;0;1;1;0;0;0;410219,012400000356138;5315764,376299999654293;7,796678527000040;47,988875851000046;1
210081;08230808336400383460;08;3;36;091;2023;08;20;3;3;0;1;0;0;1;0;0;0;0;0;396907,573599999770522;5272111,120699999853969;7,628688110000041;47,594211208000047;1
210082;08230808326300372610;08;3;26;060;2023;08;11;3;3;6;4;0;0;0;1;1;0;0;0;442782,942300000227988;5331102,150100000202656;8,231023731000050;48,130601633000026;1
210083;08230808326100398770;08;3;26;012;2023;08;15;3;3;4;6;0;0;1;1;0;0;0;0;462465,214900000020862;5311165,540599999949336;8,497281105000070;47,952701899000033;1
210086;08230808311000372880;08;3;15;047;2023;08;07;3;3;5;3;0;0;1;1;0;0;0;0;415347,625000000000000;5321042,538000000640750;7,864360028000021;48,037054465000040;1
210087;08230808221300384160;08;2;21;000;2023;08;08;3;3;5;3;0;0;1;1;0;0;0;0;481872,392500000074506;5473876,728299999609590;8,750065703000075;49,417299762000027;1
210089;08230808212702400610;08;2;15;108;2023;08;17;3;3;5;3;0;0;1;1;0;0;0;0;451680,275200000032783;5423481,003900000825524;8,339871110000047;48,962355564000063;1
210090;08230808212102386790;08;2;12;000;2023;08;14;3;3;6;6;0;0;0;1;1;0;0;0;455975,251600000075996;5428580,906799999997020;8,397991815000069;49,008550753000065;1
210092;08230808136200382760;08;1;36;019;2023;08;21;3;3;5;3;2;0;1;1;0;0;0;0;582948,753399999812245;5423738,852299999445677;10,133195700000044;48,960997812000073;1
210093;08230808136050373380;08;1;36;088;2023;08;20;3;3;5;3;0;0;1;1;0;0;0;0;580837,511800000444055;5409686,997899999842048;10,101577881000026;48,834893622000038;1
210095;08230808121050373230;08;1;21;000;2023;08;08;3;3;0;1;0;0;1;1;0;0;0;0;515185,242999999783933;5441439,839999999850988;9,208135633000040;49,125606248000054;1
210096;08230808119200372820;08;1;19;020;2023;08;09;3;3;3;2;0;0;1;1;0;0;0;0;519457,859699999913573;5406657,618699999526143;9,265033868000046;48,812599984000030;1
210098;08230808118400374290;08;1;18;048;2023;08;13;3;3;5;3;0;0;1;1;0;0;0;0;511131,252600000239909;5415416,212700000032783;9,151856523000049;48,891595653000081;1
210099;08230808118200373970;08;1;18;067;2023;08;18;3;3;0;7;0;0;1;0;0;0;0;0;505405,932099999859929;5413633,869300000369549;9,073726188000023;48,875638465000065;1
210101;08230831215202435010;08;2;15;100;2023;08;07;5;3;5;3;0;0;1;1;0;0;0;0;474494,652999999932945;5451919,115000000223517;8,649750294000057;49,219527554000081;1
210102;08230808117200382600;08;1;17;024;2023;08;11;3;3;0;5;0;0;1;1;0;0;0;0;560272,446399999782443;5385469,323999999091029;9,817831221000063;48,619389751000028;1
210105;08230808111500381260;08;1;11;000;2023;08;19;3;3;6;3;0;0;0;1;1;0;0;0;513399,185300000011921;5404379,442700000479817;9,182435366000050;48,792265979000035;1
210106;08230808111000373040;08;1;11;000;2023;08;08;3;3;6;4;0;0;0;1;1;0;0;0;513831,881400000303984;5409512,000199999660254;9,188499692000050;48,838428259000068;1
210107;08230807436100396460;08;4;36;010;2023;08;22;2;3;6;4;2;0;0;1;1;0;0;0;562756,025399999693036;5299985,905099999159575;9,838860859000022;47,850150529000075;1
210108;08230807415400372230;08;4;15;061;2023;08;18;2;3;0;1;0;0;1;0;0;0;0;0;513136,779000000096858;5372341,327199999243021;9,177846213000066;48,504052693000062;1
210109;08230807415100391590;08;4;15;078;2023;08;22;2;3;6;4;2;0;0;1;1;0;0;0;529441,354000000283122;5370950,874900000169873;9,398476103000064;48,490991280000060;1
210111;08230807336400371840;08;3;36;091;2023;08;11;2;3;1;6;0;0;1;1;0;0;0;0;395843,625300000421703;5271934,272399999201298;7,614581953000027;47,592450384000074;1
210113;08230808311010390850;08;3;36;105;2023;08;16;3;3;6;4;0;0;0;1;1;0;0;0;401653,645299999974668;5266990,202600000426173;7,692948786000045;47,548883173000036;1
210114;08230807317000388930;08;3;17;096;2023;08;11;2;2;5;3;0;0;1;1;0;0;0;0;420994,680100000463426;5369342,336100000888109;7,931084412000075;48,472246136000081;1
210116;08230807311010370610;08;3;11;000;2023;08;07;2;2;3;7;0;0;1;0;0;0;0;0;415955,142900000326335;5315344,980000000447035;7,873625235000077;47,985882763000063;1
210119;08230807221400395770;08;2;21;000;2023;08;09;2;3;0;7;0;1;1;0;0;0;0;0;474335,282599999569356;5473836,913100000470877;8,646152192000045;49,416670339000063;1
210120;08230825136300442030;08;1;36;065;2023;08;05;6;3;2;6;1;0;1;1;0;0;0;0;558085,627000000327826;5404976,585300000384450;9,790906637000035;48,795068739000044;1
210122;08230807216100384330;08;2;16;043;2023;08;16;2;3;1;5;0;0;1;1;0;0;0;0;442028,789400000125170;5412408,969799999147654;8,209600279000028;48,861933936000071;1
210124;08230807118400396600;08;1;18;048;2023;08;07;2;3;0;3;0;0;1;1;0;0;0;0;514865,946999999694526;5415634,139100000262260;9,202814195000030;48,893477713000038;1
210127;08230831115100442120;08;1;15;003;2023;08;07;5;3;3;2;0;0;1;1;0;0;0;0;500793,910500000230968;5391689,325799999758601;9,010784997000030;48,678249155000060;1
210128;08230818421200399160;08;4;25;075;2023;08;17;6;3;5;3;0;0;1;1;0;0;0;0;566012,310899999924004;5377718,595799999311566;9,894474221000053;48,549091285000031;1
210129;08230806421300377650;08;4;21;000;2023;08;02;1;3;9;1;2;1;1;0;0;0;0;0;571950,365899999625981;5362028,682099999859929;9,972223137000071;48,407305223000037;1
210130;08230806336400376820;08;3;36;091;2023;08;00;1;3;3;6;2;0;1;0;0;0;0;0;396681,646300000138581;5272531,981100000441074;7,625584617000072;47,597960983000064;1
210132;08230806326100412240;08;3;26;012;2023;08;00;1;3;0;1;2;0;1;0;0;0;0;0;462743,833899999968708;5309420,982300000265241;8,501163661000021;47,937022498000033;1
210133;08230806317100388940;08;3;17;067;2023;08;20;1;2;4;1;2;1;1;1;0;0;0;0;434759,330000000074506;5374928,131999999284744;8,116417240000033;48,524071056000025;1
210134;08230806311010370830;08;3;36;081;2023;08;18;1;3;5;3;0;0;1;1;0;0;0;0;411121,159400000236928;5277371,931700000539422;7,816641578000031;47,643641011000057;1
210135;08230806226600393200;08;2;26;040;2023;08;16;1;3;1;5;0;1;1;1;0;0;0;0;475119,154000000096858;5495454,550000000745058;8,655596884000033;49,611145986000054;1
210136;08230806226600392850;08;2;26;096;2023;08;11;1;2;6;7;0;1;0;1;1;0;0;0;481550,621100000105798;5485101,380200000479817;8,745106052000040;49,518253536000032;1
210138;08230806119200388730;08;1;19;020;2023;08;10;1;3;0;1;0;0;1;0;0;0;0;0;521057,654799999669194;5407766,440300000831485;9,286881182000059;48,822522552000066;1
210139;08230806118300369780;08;1;18;046;2023;08;16;1;3;6;4;0;0;0;1;1;0;0;0;513274,086099999956787;5412405,652000000700355;9,180991948000042;48,864471163000076;1
210143;08230805435100368840;08;4;35;029;2023;08;17;7;3;1;5;0;0;1;1;0;0;0;0;544537,788599999621511;5270802,980699999257922;9,592369796000071;47,589108563000082;1
210144;08230805425000368450;08;4;25;033;2023;08;09;7;3;5;3;0;0;1;1;0;0;0;0;553904,220999999903142;5348070,696200000122190;9,726612941000042;48,283542288000035;1
210145;08230805337010448760;08;3;37;070;2023;08;14;7;2;5;3;0;0;1;1;0;0;0;0;467699,270499999634922;5275021,565400000661612;8,570071257000052;47,627790516000061;1
210146;08230805335100368920;08;3;35;043;2023;08;20;7;3;6;4;1;0;0;1;1;0;0;0;511137,680100000463426;5281477,257400000467896;9,148411011000064;47,686586677000037;1
210147;08230805325202392130;08;3;25;049;2023;08;15;7;3;1;5;0;0;1;0;0;0;0;1;478064,455400000326335;5338384,242900000885129;8,704806878000056;48,198311617000059;1
210148;08230805317500377360;08;3;17;096;2023;08;20;7;3;0;7;0;0;1;0;0;0;0;0;421240,740100000053644;5367882,857799999415874;7,934687734000022;48,459149146000073;1
210153;08230805226700422940;08;2;26;095;2023;08;17;7;3;1;3;0;0;1;1;0;0;0;0;474609,495799999684095;5461528,751399999484420;8,650717783000061;49,305971370000066;1
210154;08230805225100390530;08;2;25;058;2023;08;16;7;3;0;1;0;0;1;0;0;0;0;0;510574,977400000207126;5466654,891599999740720;9,145610839000028;49,352517633000048;1
210155;08230828311010446770;08;3;11;000;2023;08;14;2;2;6;7;0;0;1;0;1;0;0;0;414209,745799999684095;5316354,139299999922514;7,850036454000076;47,994728806000069;1
210156;08230811326100407990;08;3;26;012;2023;08;15;6;3;5;2;0;0;1;0;0;0;0;0;464256,622000000439584;5310770,334699999541044;8,521306110000069;47,949248761000035;1
210157;08230805215502378580;08;2;15;106;2023;08;14;7;2;1;5;0;0;1;1;0;0;0;0;463671,557099999859929;5454653,416099999099970;8,500880491000032;49,243576096000027;1
210158;08230805212010403020;08;2;12;000;2023;08;19;7;3;5;3;0;0;1;1;0;0;0;0;458284,215499999932945;5428081,632200000807643;8,429614925000067;49,004220102000033;1
210159;08230805212010392370;08;2;12;000;2023;08;16;7;3;5;3;0;0;1;1;0;0;0;0;455654,568300000391901;5428838,858699999749660;8,393578769000044;49,010848094000039;1
210160;08230805212010377840;08;2;12;000;2023;08;10;7;3;1;5;0;0;1;1;0;0;0;0;455800,433600000105798;5429502,984899999573827;8,395501023000065;49,016832437000062;1
210164;08230805126100376910;08;1;26;039;2023;08;17;7;2;4;2;0;0;1;1;0;0;0;0;546026,082999999634922;5461211,744500000029802;9,633103063000021;49,301913469000056;1
210165;08230805119100392630;08;1;19;044;2023;08;18;7;3;6;4;0;0;0;1;1;0;0;0;542349,336199999786913;5425477,638100000098348;9,578775842000027;48,980753590000063;1
210167;08230805118400390360;08;1;18;048;2023;08;20;7;3;1;5;0;1;1;1;0;0;0;0;513580,906499999575317;5414864,250199999660254;9,185257065000030;48,886581491000072;1
210170;08230805116100369060;08;1;16;019;2023;08;19;7;3;6;7;0;0;1;0;1;0;0;0;523249,485799999907613;5399502,872300000861287;9,316273895000052;48,748106841000038;1
210172;08230804436300374830;08;4;36;052;2023;08;09;6;2;0;1;0;1;1;0;0;0;0;0;565916,798899999819696;5293171,660399999469519;9,880069213000070;47,788530351000077;1
210173;08230804426100377680;08;4;26;021;2023;08;12;6;3;0;2;0;0;1;1;0;0;0;0;558535,037200000137091;5327772,748400000855327;9,786230603000035;48,100529941000048;1
210174;08230804426100368960;08;4;26;044;2023;08;14;6;3;5;3;0;0;1;1;0;0;0;0;581067,972000000067055;5327325,078999999910593;10,088754534000032;48,094034014000044;1
210175;08230804426010387620;08;4;26;070;2023;08;16;6;2;0;1;0;1;1;0;0;0;0;0;565342,331299999728799;5342002,736700000241399;9,879840914000056;48,227879175000055;1
210176;08230804421200369170;08;4;21;000;2023;08;11;6;3;0;1;0;0;1;0;0;0;0;0;573171,049399999901652;5360913,052500000223517;9,988520497000025;48,397129355000061;1
210177;08230804415300402040;08;4;15;059;2023;08;17;6;3;6;4;0;1;0;0;1;0;0;1;516168,636800000444055;5368631,577500000596046;9,218747758000063;48,470607735000044;1
210179;08230804317200387520;08;3;17;057;2023;08;08;6;3;6;3;0;0;0;1;1;0;0;0;412695,881000000052154;5381057,065300000831485;7,816375172000050;48,576516214000037;1
210180;08230804316100368490;08;3;16;011;2023;08;14;6;3;5;3;0;1;1;1;0;0;0;0;413113,656000000424683;5330781,396299999207258;7,832416031000037;48,124357262000046;1
210182;08230804311010385210;08;3;11;000;2023;08;09;6;3;3;6;0;0;1;0;0;0;0;0;413860,459099999628961;5316091,226199999451637;7,845408238000061;47,992316845000062;1
210183;08230804311010385170;08;3;11;000;2023;08;20;6;3;0;7;2;0;1;0;0;0;0;0;414076,658999999985099;5315700,469799999147654;7,848383733000048;47,988830930000063;1
210184;08230804237100367270;08;2;37;002;2023;08;12;6;2;0;1;0;0;1;0;0;0;0;0;458900,584599999710917;5353712,551899999380112;8,445432677000042;48,335258991000046;1
210185;08230804222800402500;08;2;22;000;2023;08;10;6;3;0;5;0;0;1;1;0;0;0;0;461432,491499999538064;5483061,559100000187755;8,467365475000065;49,498960352000040;1