OID_;UIDENTSTLAE;ULAND;UREGBEZ;UKREIS;UGEMEINDE;UJAHR;UMONAT;USTUNDE;UWOCHENTAG;UKATEGORIE;UART;UTYP1;ULICHTVERH;IstStrassenzustand;IstRad;IstPKW;IstFuss;IstKrad;IstGkfz;IstSonstige;LINREFX;LINREFY;XGCSWGS84;YGCSWGS84;PLST
210186;08230804222200386120;08;2;22;000;2023;08;15;6;2;6;2;0;0;0;1;1;0;0;0;462521,806400000117719;5481074,664699999615550;8,482597137000027;49,481157548000056;1
210187;08230804221200375410;08;2;21;000;2023;08;20;6;3;0;6;0;0;1;1;0;0;0;0;478855,971599999815226;5473102,235600000247359;8,708518596000033;49,410235948000036;1
210188;08230804221011387950;08;2;21;000;2023;08;14;6;3;0;6;0;0;1;0;0;0;0;1;477680,064399999566376;5472977,206700000911951;8,692315373000042;49,409069334000037;1
210189;08230804221011367170;08;2;26;018;2023;08;09;6;3;6;4;0;1;1;0;1;0;0;0;473382,478000000119209;5471765,660399999469519;8,633154683000043;49,397998903000030;1
210191;08230807425000381020;08;4;25;033;2023;08;08;2;2;0;7;0;0;1;0;0;0;0;0;554127,341900000348687;5347994,751599999144673;9,729610561000072;48,282840048000025;1
210192;08230804212010378470;08;2;12;000;2023;08;12;6;3;5;3;0;1;1;1;0;0;0;0;461196,442800000309944;5428006,319499999284744;8,469439510000029;49,003732612000078;1
210193;08230804212010367760;08;2;12;000;2023;08;20;6;3;5;2;1;1;1;1;0;0;0;0;458342,979700000025332;5428342,781500000506639;8,430391580000048;49,006573152000044;1
210195;08230804212000372480;08;2;12;000;2023;08;12;6;3;5;2;0;1;1;1;0;0;0;0;455774,010999999940395;5427895,819000000134110;8,395314770000027;49,002373926000075;1
210196;08230830121400430680;08;1;25;056;2023;08;14;4;3;6;4;0;0;0;1;1;0;0;0;511362,145399999804795;5435723,641699999570847;9,155574010000066;49,074269178000065;1
210197;08230804211100367500;08;2;11;000;2023;08;09;6;3;0;1;0;1;1;0;0;0;0;0;443893,378999999724329;5400436,961999999359250;8,236656767000056;48,754415796000046;1
210198;08230804136300377110;08;1;36;065;2023;08;12;6;3;5;3;0;0;1;1;0;0;0;0;558903,889200000092387;5405991,046399999409914;9,802192650000052;48,804116882000073;1
210199;08230804121600378950;08;1;25;046;2023;08;17;6;3;5;3;0;0;1;1;0;0;0;0;520887,924499999731779;5434014,578800000250340;9,285914392000052;49,058645987000034;1
210201;08230804118300383060;08;1;18;046;2023;08;09;6;3;5;3;0;0;1;1;0;0;0;0;513533,603199999779463;5410864,904500000178814;9,184479501000055;48,850605308000070;1
210202;08230804118200369090;08;1;18;019;2023;08;07;6;3;3;5;0;1;1;1;0;0;0;0;506073,838999999687076;5405760,577999999746680;9,082718393000050;48,804805273000056;1
210203;08230804118010383350;08;1;18;046;2023;08;20;6;2;5;3;1;0;1;1;0;0;0;0;512553,411999999545515;5412359,256999999284744;9,171164192000049;48,864068809000059;1
210205;08230803437200367330;08;4;37;078;2023;08;15;5;2;8;1;0;0;1;0;0;0;0;0;508138,781499999575317;5315278,267500000074506;9,109086039000033;47,990753459000075;1
210206;08230803436200409100;08;4;36;064;2023;08;11;5;3;6;4;0;0;0;1;1;0;0;0;545905,091400000266731;5293579,234600000083447;9,612951006000060;47,793934803000070;1
210208;08230828222500428400;08;2;22;000;2023;08;16;2;3;1;5;0;0;1;1;0;0;0;0;461806,862900000065565;5479245,468599999323487;8,472904044000074;49,464660286000026;1
210209;08230803421300410340;08;4;25;028;2023;08;19;5;2;0;1;0;0;1;0;0;0;0;0;578500,531100000254810;5343696,768600000068545;10,057302616000072;48,241625294000073;1
210210;08230803416200370900;08;4;16;041;2023;08;09;5;3;0;7;0;0;1;0;0;0;0;0;504287,757199999876320;5374978,346699999645352;9,058075058000043;48,527899047000062;1
210211;08230803415400367590;08;4;15;061;2023;08;15;5;3;4;2;0;0;1;1;0;0;0;0;511841,185999999754131;5371111,081199999898672;9,160271609000063;48,493010709000032;1
210212;08230803336300417850;08;3;36;081;2023;08;21;5;3;2;6;1;0;1;1;0;0;0;0;410317,118900000117719;5277247,494599999859929;7,805964251000034;47,642410694000034;1
210213;08230803336100385920;08;3;36;043;2023;08;17;5;2;2;6;0;0;1;0;0;0;0;0;401527,823599999770522;5271188,613299999386072;7,690335754000046;47,586630978000073;1
210214;08230803327200380870;08;3;27;033;2023;08;17;5;3;1;5;0;0;1;1;0;0;0;0;487773,325100000016391;5324654,678899999707937;8,835855440000046;48,075048859000049;1
210215;08230803325202381560;08;3;25;049;2023;08;10;5;3;6;7;0;0;0;1;1;0;0;0;472327,088399999774992;5334552,567299999296665;8,627848547000042;48,163614960000075;1
210216;08230803317300382990;08;3;17;065;2023;08;17;5;3;6;4;0;0;0;1;1;0;0;0;414265,670699999667704;5355044,467100000008941;7,842983065000055;48,342759575000059;1
210217;08230803317200370040;08;3;17;057;2023;08;15;5;3;0;1;0;0;1;0;0;0;0;0;415667,535699999891222;5386838,526799999177456;7,855480399000044;48,628924289000054;1
210219;08230803311300366750;08;3;11;000;2023;08;13;5;3;1;5;0;0;1;1;0;0;0;0;414730,821899999864399;5315341,783299999311566;7,857220794000057;47,985691953000071;1
210221;08230803311010385230;08;3;15;047;2023;08;14;5;2;6;4;0;0;1;0;1;0;0;0;415391,474000000394881;5321719,769999999552965;7,864814313000068;48,043152220000081;1
210222;08230813118600413840;08;1;18;073;2023;08;14;1;3;0;1;0;1;1;0;0;0;0;0;497750,263700000010431;5419709,591299999505281;8,969284574000028;48,930313733000048;1
210223;08230803311010383150;08;3;11;000;2023;08;18;5;3;4;3;0;0;1;0;0;0;0;0;414469,336400000378489;5319233,485899999737740;7,852941132000069;48,020664375000081;1
210224;08230803311010375510;08;3;11;000;2023;08;15;5;3;2;6;0;0;1;1;0;0;0;0;413746,000300000421703;5315819,494999999180436;7,843928987000027;47,989857093000069;1
210225;08230803222200368080;08;2;22;000;2023;08;18;5;3;5;3;0;0;1;1;0;0;0;0;462387,348100000061095;5481527,327400000765920;8,480697904000067;49,485220701000060;1
210227;08230803222014385040;08;2;26;068;2023;08;18;5;3;4;3;0;0;1;0;0;0;0;1;467616,889000000432134;5460792,396400000900030;8,554587036000044;49,299017196000079;1
210230;08230803215102387260;08;2;15;109;2023;08;18;5;3;5;3;0;1;1;1;0;0;0;0;461417,191899999976158;5434852,676599999889731;8,471806056000048;49,065330667000069;1
210232;08230803212010370910;08;2;15;106;2023;08;19;5;3;6;4;0;0;0;1;1;0;0;0;464367,208999999798834;5452505,312200000509620;8,510628655000062;49,224294966000059;1
210234;08230831111230449160;08;1;11;000;2023;08;14;5;3;0;1;0;0;1;0;0;0;0;0;510307,096400000154972;5398899,469799999147654;9,140198167000051;48,743027340000026;1
210235;08230803212010365990;08;2;12;000;2023;08;07;5;3;5;3;0;0;1;1;0;0;0;0;455450,501099999994040;5432862,002100000157952;8,390346336000050;49,047021818000076;1
210238;08230803121500375060;08;1;25;065;2023;08;16;5;3;6;7;0;0;0;1;1;0;0;0;516143,076700000092387;5446730,412699999287724;9,221476052000071;49,173172205000071;1
210239;08230803121500366790;08;1;25;005;2023;08;17;5;3;0;7;0;0;1;0;0;0;0;0;514383,826000000350177;5453686,934000000357628;9,197589220000054;49,235791568000081;1
210240;08230803435100365910;08;4;35;029;2023;08;11;5;3;5;3;0;0;1;1;0;0;0;0;545556,364799999631941;5271941,443399999290705;9,606034739000052;47,599280920000069;1
210241;08230803121200377040;08;1;21;000;2023;08;18;5;2;0;7;0;0;1;1;0;0;0;0;515831,617899999953806;5444637,926799999549985;9,217120697000041;49,154357792000042;1
210243;08230803119300366630;08;1;19;067;2023;08;20;5;3;0;7;0;0;1;0;0;0;0;0;538142,521200000308454;5405899,761700000613928;9,519457390000071;48,804916601000059;1
210247;08230803111500385130;08;1;11;000;2023;08;16;5;3;6;7;0;0;0;1;1;0;0;0;514521,995199999772012;5402902,030300000682473;9,197670583000047;48,778950116000033;1
210248;08230803111500383330;08;1;11;000;2023;08;08;5;3;5;2;0;0;1;1;0;0;0;0;513112,514299999922514;5403174,356499999761581;9,178493791000051;48,781431247000057;1
210249;08230803111500380450;08;1;11;000;2023;08;16;5;3;5;3;0;0;1;1;0;0;0;0;512187,824599999934435;5402857,306900000199676;9,165897132000055;48,778597899000033;1
210252;08230802416200371950;08;4;16;041;2023;08;19;4;3;1;5;1;1;1;1;0;0;0;0;504146,459900000132620;5373014,270500000566244;9,056141745000048;48,510230446000037;1
210253;08230802336400366670;08;3;36;019;2023;08;17;4;3;2;6;0;0;1;0;0;0;0;1;395331,134999999776483;5276364,237700000405312;7,606708999000034;47,632216001000074;1
210256;08230802325202375200;08;3;25;049;2023;08;13;4;3;5;3;0;0;1;1;0;0;0;0;472412,492999999783933;5334928,013000000268221;8,628972701000066;48,166996459000075;1
210257;08230802311200380960;08;3;11;000;2023;08;17;4;3;8;1;0;0;1;0;0;0;0;0;413851,351499999873340;5316154,722599999979138;7,845273443000053;47,992886791000046;1
210258;08230802311000373690;08;3;11;000;2023;08;14;4;3;3;2;0;0;1;1;0;0;0;0;412600,577600000426173;5315672,477700000628829;7,828610004000041;47,988379107000071;1
210260;08230802231402365680;08;2;31;000;2023;08;12;4;3;8;7;0;1;1;0;0;0;0;0;477605,624699999578297;5414917,861300000920892;8,694516957000076;48,886807952000026;1
210261;08230802231400378450;08;2;31;000;2023;08;18;4;3;6;4;0;1;0;0;1;1;0;0;475791,187800000421703;5415263,853299999609590;8,669746029000066;48,889852151000071;1
210264;08230802221200381990;08;2;21;000;2023;08;08;4;3;5;3;0;1;1;1;0;0;0;0;477099,118900000117719;5472831,813599999994040;8,684315439000045;49,407739960000072;1
210266;08230804211000376260;08;2;16;009;2023;08;18;6;2;0;7;0;1;1;0;0;0;0;0;445955,605899999849498;5419124,954900000244379;8,262246702000027;48,922699054000077;1
210267;08230802215502377940;08;2;15;106;2023;08;15;4;3;5;2;0;1;1;1;0;0;0;0;464867,173700000159442;5455471,741499999538064;8,517234783000049;49,251006658000051;1
210270;08230802212402365960;08;2;12;000;2023;08;10;4;3;2;2;0;1;1;0;0;0;0;0;456897,736800000071526;5425249,407800000160933;8,410958886000060;48,978648540000052;1
210271;08230802212010411430;08;2;12;000;2023;08;02;4;3;0;7;2;0;1;0;0;0;0;0;457167,827100000344217;5427722,461500000208616;8,414389115000063;49,000912845000073;1
210272;08230802212010365950;08;2;12;000;2023;08;10;4;3;5;3;0;1;1;1;0;0;0;0;452297,965400000102818;5429346,162299999967217;8,347620799000026;49,015160941000033;1
210273;08230802136100414470;08;1;36;088;2023;08;17;4;3;6;4;0;1;0;1;1;0;0;0;580178,057000000029802;5410226,293400000780821;10,092698671000051;48,839829680000037;1
210278;08230802119300373580;08;1;19;067;2023;08;17;4;3;0;7;0;1;1;0;0;0;0;0;539233,681300000287592;5405773,837099999189377;9,534305039000060;48,803715920000059;1
210280;08230802111140365730;08;1;11;000;2023;08;18;4;3;0;7;1;1;1;0;0;0;0;0;512646,847400000318885;5401252,845100000500679;9,172095853000030;48,764155103000064;1
210282;08230801436200371710;08;4;36;064;2023;08;10;3;3;5;3;0;1;1;1;0;0;0;0;544084,413599999621511;5292095,976099999621511;9,588490965000062;47,780717095000057;1
210283;08230801421300378820;08;4;21;000;2023;08;17;3;3;0;7;0;0;1;0;0;0;0;0;572234,645700000226498;5361311,574500000104308;9,975940439000055;48,400822146000053;1
210284;08230801421200392570;08;4;21;000;2023;08;11;3;3;5;3;0;0;1;1;0;0;0;0;574939,810100000351667;5364320,078400000929832;10,013020763000043;48,427568240000028;1
210285;08230801416200370430;08;4;16;041;2023;08;10;3;3;4;2;0;1;1;0;0;1;0;0;504289,788999999873340;5374045,337700000032783;9,058092978000047;48,519505349000042;1
210287;08230801335100411380;08;3;35;043;2023;08;10;3;3;0;7;0;1;1;0;0;0;0;1;514660,212000000290573;5279935,247099999338388;9,195297166000046;47,672641915000042;1
210289;08230801311010376590;08;3;11;000;2023;08;08;3;3;3;2;0;1;1;1;0;0;0;0;411458,843799999915063;5314563,392500000074506;7,813539714000058;47,978245522000066;1
210291;08230801231102379440;08;2;36;061;2023;08;11;3;3;5;3;0;0;1;1;0;0;0;0;488937,914400000125170;5433313,979199999943376;8,848600347000058;49,052598558000057;1
210293;08230801231000366840;08;2;36;040;2023;08;08;3;2;6;4;0;1;0;1;1;0;0;0;490241,502999999560416;5422555,282899999991059;8,866700232000028;48,955839811000033;1
210295;08230801226200380980;08;2;26;059;2023;08;16;3;3;5;3;0;0;1;0;0;0;0;0;465213,840099999681115;5460478,772800000384450;8,521562816000028;49,296064083000033;1
210296;08230801212010365900;08;2;12;000;2023;08;11;3;3;1;5;0;1;1;1;0;0;0;0;455485,460599999874830;5427852,037100000306964;8,391374561000021;49,001959360000058;1
210297;08230801212010364380;08;2;12;000;2023;08;08;3;3;5;3;0;1;1;1;0;0;0;0;459723,534500000067055;5430443,543199999257922;8,449059528000021;49,025561514000060;1
210299;08230801126200380740;08;1;26;011;2023;08;14;3;2;0;1;0;0;1;0;0;0;0;0;529786,400000000372529;5445724,474999999627471;9,408578250000062;49,163613014000077;1
210300;08230801121200371540;08;1;21;000;2023;08;12;3;3;0;3;0;0;1;1;0;0;0;0;516001,705400000326335;5442757,258300000801682;9,219378626000037;49,137436164000064;1
210301;08230809116400377980;08;1;16;016;2023;08;14;4;3;8;1;0;0;1;0;0;0;0;0;533423,456500000320375;5385244,592299999669194;9,453518345000020;48,619378843000050;1
210302;08230801117400364150;08;1;17;051;2023;08;19;3;3;5;3;0;0;1;1;0;0;0;0;542773,330199999734759;5395292,685499999672174;9,581418269000039;48,709198853000032;1
210303;08230801116500393580;08;1;16;071;2023;08;18;3;3;5;3;0;0;1;1;0;0;0;0;528040,197399999946356;5391775,809800000861287;9,380917754000052;48,678397932000053;1
210305;08230731437200350770;08;4;37;104;2023;07;16;2;3;4;3;0;0;1;0;0;0;0;1;515822,970999999903142;5326212,167700000107288;9,212482657000066;48,088982470000076;1
210306;08230731437100362350;08;4;37;088;2023;07;17;2;2;0;7;0;0;1;0;0;0;0;0;518587,012600000016391;5308132,967900000512600;9,248816332000047;47,926247653000075;1
210307;08230731437100334350;08;4;37;100;2023;07;11;2;3;8;1;0;0;1;0;0;0;0;0;537805,141499999910593;5318362,834200000390410;9,506973451000022;48,017439026000034;1
210308;08230731437000364790;08;4;37;123;2023;07;16;2;3;5;3;0;0;1;0;0;0;1;0;506260,427699999883771;5307985,457399999722838;9,083803868000075;47,925159417000032;1
210309;08230822128200408310;08;1;28;139;2023;08;18;3;3;0;1;0;0;1;0;0;0;0;0;554133,701200000010431;5486481,344000000506639;9,748063056000035;49,528528631000029;1
210310;08230731436300335240;08;4;36;081;2023;07;15;2;3;6;4;0;0;0;1;1;0;0;0;562242,137199999764562;5282166,727800000458956;9,829439373000071;47,689888456000062;1
210311;08230731435100359910;08;4;35;035;2023;07;18;2;2;4;6;0;0;1;0;0;0;0;0;541699,360399999655783;5281899,058700000867248;9,555677094000032;47,689132408000035;1
210313;08230731425000335520;08;4;25;090;2023;07;11;2;3;0;1;0;0;1;0;0;0;0;0;539835,549100000411272;5342060,639699999243021;9,536415661000035;48,230515302000072;1
210314;08230731417100354830;08;4;17;079;2023;07;11;2;3;6;4;0;0;0;1;1;0;0;0;501691,661000000312924;5339754,528000000864267;9,022770803000071;48,211016613000027;1
210317;08230811335200380000;08;3;35;063;2023;08;10;6;2;2;6;0;0;1;1;0;0;0;0;498128,718600000254810;5287313,190700000151992;8,975039832000050;47,739189562000035;1
210318;08230731415300361750;08;4;15;059;2023;07;07;2;2;0;1;0;0;1;0;0;0;0;0;516644,313799999654293;5368256,007099999114871;9,225168259000043;48,467216550000046;1
210319;08230731337100362390;08;3;37;096;2023;07;20;2;3;6;4;0;0;0;1;1;0;0;0;419834,269299999810755;5267380,750600000843406;7,934455321000030;47,554895617000057;1
210321;08230731336300337020;08;3;36;057;2023;07;12;2;3;8;1;0;0;1;0;0;0;0;0;408828,201299999840558;5277673,577899999916553;7,786056578000057;47,646035617000052;1
210322;08230731336100359960;08;3;36;084;2023;07;19;2;3;0;7;0;0;1;0;0;0;0;0;407604,453599999658763;5281372,525900000706315;7,768984224000064;47,679136478000032;1
210324;08230731335100337530;08;3;35;043;2023;07;19;2;3;0;7;0;0;1;0;0;0;0;0;513900,009200000204146;5280486,478399999439716;9,185187669000072;47,677618493000068;1
210326;08230731317600348380;08;3;17;011;2023;07;15;2;3;0;1;0;0;1;0;0;0;0;0;427438,660400000400841;5353507,657800000160933;8,020992797000076;48,330586090000054;1
210327;08230731317500356510;08;3;17;034;2023;07;18;2;3;4;1;0;0;1;0;0;0;0;0;428566,626899999566376;5364413,278100000694394;8,034355462000065;48,428814073000069;1
210328;08230731316100356460;08;3;16;024;2023;07;17;2;3;5;3;0;0;1;1;0;0;0;0;408885,044099999591708;5334126,828400000929832;7,774888987000054;48,153857853000034;1
210329;08230731311200356840;08;3;11;000;2023;07;09;2;3;5;3;0;0;1;1;0;0;0;0;412721,236800000071526;5317414,445199999958277;7,829872527000020;48,004065132000051;1
210330;08230731311100336220;08;3;15;115;2023;07;12;2;2;3;6;0;0;1;0;0;0;0;0;408208,759999999776483;5321818,463999999687076;7,768445427000074;48,043047501000046;1
210332;08230731311010340150;08;3;36;091;2023;07;17;2;3;6;4;0;0;0;1;1;0;0;0;395451,849000000394881;5274363,077700000256300;7,608793149000064;47,614234820000036;1
210334;08230821111330433720;08;1;11;000;2023;08;17;2;3;4;3;0;0;1;1;0;0;0;0;511672,917999999597669;5408912,938699999824166;9,159060592000060;48,833083549000037;1
210335;08230731231102356340;08;2;36;019;2023;07;16;2;3;5;2;0;0;1;1;0;0;0;0;487413,715200000442564;5409419,711699999868870;8,828477942000063;48,837624551000033;1
210339;08230731118600335010;08;1;18;050;2023;07;14;2;3;5;3;0;0;1;1;0;0;0;0;506389,525000000372529;5415587,053999999538064;9,087170961000027;48,893199542000048;1
210341;08230731116500336110;08;1;16;041;2023;07;09;2;3;5;3;0;0;1;1;0;0;0;0;519743,240000000223517;5384097,229100000113249;9,267841589000057;48,609638375000031;1
210342;08230831118010447040;08;1;18;021;2023;08;08;5;2;0;6;0;0;1;0;0;0;1;0;522206,657599999569356;5427990,079299999400973;9,303635012000029;49,004406833000075;1
210343;08230731116400339220;08;1;16;016;2023;07;18;2;3;0;1;0;0;1;0;0;0;0;0;533690,168399999849498;5384542,117599999532104;9,457080151000071;48,613045121000027;1
210344;08230731116200350750;08;1;16;080;2023;07;18;2;3;0;7;0;0;1;0;0;0;0;0;518486,849399999715388;5397106,138199999928474;9,251378679000027;48,726705557000059;1
210346;08230804317600413720;08;3;17;146;2023;08;23;6;3;6;6;2;0;0;1;1;0;0;0;429774,748800000175834;5353690,676000000908971;8,052476554000066;48,332496346000028;1
210347;08230731111210360030;08;1;11;000;2023;07;11;2;3;6;7;0;0;0;1;1;0;0;0;511014,920400000177324;5397105,835500000044703;9,149778088000062;48,726879688000054;1
210348;08230730437200345730;08;4;37;107;2023;07;14;1;2;0;2;0;0;1;0;0;0;0;0;506296,007600000128150;5330009,751900000497699;9,084603794000031;48,123314716000039;1
210349;08230730435200331500;08;4;35;059;2023;07;17;1;2;0;1;0;0;1;0;0;0;0;0;507543,940999999642372;5297627,877000000327826;9,100804384000071;47,831954668000037;1
210351;08230730337010337130;08;3;37;097;2023;07;16;1;3;5;3;0;0;1;0;0;0;0;1;435425,780299999751151;5289888,948799999430776;8,138341789000037;47,759133383000062;1
210354;08230730311200332010;08;3;11;000;2023;07;22;1;3;1;1;2;0;1;1;0;0;0;0;413323,887799999676645;5317037,900800000876188;7,838026491000051;48,000759998000035;1
210357;08230730222400361730;08;2;26;038;2023;07;18;1;3;6;4;0;0;0;1;1;0;0;0;471517,956000000238419;5480075,574999999254942;8,606861295000044;49,472659903000078;1
210358;08230730212302362130;08;2;12;000;2023;07;19;1;3;0;1;0;0;1;0;0;0;0;0;455774,574699999764562;5428743,086699999868870;8,395230188000028;49,009995228000037;1
210360;08230730127100331990;08;1;27;059;2023;07;08;1;3;0;7;0;1;1;0;0;0;0;0;549598,251000000163913;5438764,010999999940395;9,679463963000046;49,099723972000049;1
210362;08230730121200336420;08;1;21;000;2023;07;14;1;3;1;5;0;0;1;1;0;0;0;0;516812,055700000375509;5442201,104299999773502;9,230465002000074;49,132411731000047;1
210364;08230730117100348750;08;1;17;049;2023;07;15;1;3;1;5;0;0;1;1;0;0;0;0;555910,499300000257790;5392323,174599999561906;9,759575496000025;48,681447761000072;1
210366;08230829415400442750;08;4;15;061;2023;08;19;3;3;6;7;1;0;0;1;1;0;0;0;516210,053799999877810;5371145,870500000193715;9,219405621000021;48,493226163000031;1
210367;08230730115100356940;08;1;15;044;2023;07;17;1;2;6;7;0;0;0;1;1;0;0;0;504478,805100000463426;5389074,061100000515580;9,060814669000024;48,654706320000059;1
210368;08230730115100355000;08;1;15;003;2023;07;17;1;3;5;2;0;0;1;1;0;0;0;0;500358,035500000230968;5390592,992699999362230;9,004862838000065;48,668386803000033;1
210369;08230729435200328570;08;4;35;034;2023;07;11;7;3;6;4;0;0;0;1;1;0;0;0;529660,218700000084937;5284665,088199999183416;9,395438874000035;47,714684348000048;1
210370;08230729421200330550;08;4;21;000;2023;07;13;7;2;0;1;0;1;1;0;0;0;0;0;573544,293999999761581;5360929,063999999314547;9,993564946000049;48,397229953000078;1
210371;08230729421000354320;08;4;21;000;2023;07;10;7;2;7;1;0;0;1;0;0;0;0;0;573000,387699999846518;5360939,546099999919534;9,986219868000035;48,397387455000057;1
210372;08230729416200363290;08;4;16;041;2023;07;17;7;3;0;1;0;0;1;0;0;0;0;0;503219,447700000368059;5374161,070100000128150;9,043599151000024;48,520552922000036;1
210374;08230729336200354390;08;3;36;069;2023;07;08;7;3;5;3;0;0;1;0;0;0;0;0;408254,618200000375509;5268216,807399999350309;7,780400349000047;47,560883654000065;1
210375;08230729335200330360;08;3;35;055;2023;07;15;7;3;0;1;0;1;1;0;0;0;0;0;497122,657999999821186;5284688,346000000834465;8,961637798000027;47,715568518000055;1
210376;08230729335100328460;08;3;35;043;2023;07;11;7;3;6;7;0;0;0;1;1;0;0;0;512993,098399999551475;5278960,826999999582767;9,173059708000039;47,663910057000066;1
210378;08230729327100358720;08;3;27;050;2023;07;19;7;3;5;3;0;0;1;1;0;0;0;0;486403,052699999883771;5314447,565899999812245;8,817783471000041;47,983186735000061;1
210379;08230729326100328970;08;3;26;027;2023;07;20;7;2;8;1;0;0;1;0;0;0;0;0;462531,611299999989569;5308317,156500000506639;8,498418295000022;47,927079057000071;1
210380;08230811222014397450;08;2;22;000;2023;08;08;6;2;0;7;0;0;1;0;0;0;0;0;460606,802099999971688;5481380,709799999371171;8,456130400000063;49,483788990000050;1
210387;08230729311010328750;08;3;11;000;2023;07;13;7;3;2;6;0;0;1;1;0;0;0;0;413438,452600000426173;5317552,846599999815226;7,839458102000037;48,005407631000026;1
210389;08230729226400332020;08;2;21;000;2023;07;13;7;3;5;3;0;0;1;0;0;0;0;0;474120,229199999943376;5471294,968100000172853;8,643352890000074;49,393796922000035;1
210391;08230729225100355720;08;2;25;074;2023;07;13;7;3;5;3;0;0;1;1;0;0;0;0;506917,236600000411272;5466740,314099999144673;9,095247607000033;49,353338483000073;1
210393;08230729222200352650;08;2;22;000;2023;07;19;7;3;6;4;0;0;0;0;1;0;0;1;461875,608300000429153;5481484,206000000238419;8,473636997000028;49,484800914000061;1
210395;08230729222014328240;08;2;21;000;2023;07;16;7;3;5;2;0;0;1;1;0;0;0;0;477099,093399999663234;5472832,120100000873208;8,684315070000025;49,407742715000040;1
210397;08230729212102329200;08;2;12;000;2023;07;19;7;3;0;7;0;0;1;0;1;0;0;0;458393,834200000390410;5429811,466800000518560;8,430936356000075;49,019787629000064;1
210399;08230729212010353160;08;2;12;000;2023;07;21;7;3;0;7;2;0;1;0;0;1;0;0;455281,196899999864399;5428751,339600000530481;8,388482881000073;49,010033906000046;1
210401;08230729135100345570;08;1;35;015;2023;07;18;7;2;0;1;0;0;1;0;0;0;0;0;574832,839499999769032;5385572,311400000005960;10,015389215000027;48,618743850000044;1
210402;08230729118500329500;08;1;18;021;2023;07;16;7;3;0;7;0;1;1;0;0;0;0;0;522684,238400000147521;5428453,721400000154972;9,310190852000062;49,008560145000047;1
210404;08230729116400360490;08;1;16;033;2023;07;21;7;2;0;1;1;1;1;0;0;0;0;0;531334,987200000323355;5389191,713199999183416;9,425479534000033;48,654994995000038;1
210405;08230729116100344510;08;1;16;019;2023;07;23;7;3;0;1;2;0;1;0;0;0;0;0;523022,820000000298023;5398016,970200000330806;9,313107462000062;48,734748254000067;1
210407;08230728436200324110;08;4;36;064;2023;07;10;6;3;0;1;0;0;1;0;0;0;0;0;545994,419700000435114;5288098,539499999955297;9,613563440000064;47,744618431000049;1
210408;08230728436100329270;08;4;36;055;2023;07;18;6;3;5;3;0;0;1;1;0;0;0;0;576197,231999999843538;5297482,265000000596046;10,018062193000048;47,826174532000039;1
210410;08230728416200352390;08;4;16;041;2023;07;09;6;3;0;1;0;0;1;0;0;0;0;0;503803,690000000409782;5374748,700699999928474;9,051516570000047;48,525836190000064;1
210411;08230728416010350410;08;4;16;041;2023;07;15;6;3;5;3;0;0;1;1;0;0;0;0;504458,870500000193715;5373410,698699999600649;9,060375920000070;48,513794723000046;1
210412;08230728335300351150;08;3;35;075;2023;07;09;6;3;5;2;0;0;1;0;0;0;0;1;488520,970599999651313;5290252,632799999788404;8,846809147000045;47,765537904000041;1
210413;08230728317600331570;08;3;17;029;2023;07;18;6;3;8;1;0;1;1;0;0;0;0;0;434054,353000000119209;5348056,177999999374151;8,111092911000071;48,282271688000037;1
210414;08230729111500359200;08;1;11;000;2023;07;17;7;3;6;7;0;0;0;0;1;0;0;1;512667,999200000427663;5402419,232999999076128;9,172419603000037;48,774647425000069;1
210415;08230728317600325110;08;3;17;129;2023;07;15;6;3;0;1;0;0;1;0;0;0;0;0;430397,274600000120699;5349407,807900000363588;8,061581667000041;48,294038748000048;1
210416;08230728317500350310;08;3;17;096;2023;07;21;6;3;5;3;1;0;1;0;0;0;0;1;421133,778900000266731;5367602,505400000140071;7,933294056000022;48,456614003000027;1
210417;08230728317010342080;08;3;17;088;2023;07;20;6;3;4;6;0;1;1;1;0;0;0;0;436778,764200000092387;5356736,539899999275804;8,146510261000060;48,360635449000029;1
210419;08230728311010324710;08;3;36;091;2023;07;10;6;3;3;6;0;0;1;0;0;0;0;1;395697,957200000062585;5275170,058000000193715;7,611874930000056;47,621533390000081;1
210422;08230728226700350170;08;2;26;041;2023;07;22;6;3;6;7;2;1;0;1;1;0;0;0;477001,264899999834597;5465352,245699999853969;8,683398968000063;49,340458355000067;1
210423;08230728226700343260;08;2;26;095;2023;07;14;6;3;5;3;0;1;1;1;0;0;0;0;471535,025000000372529;5459994,080299999564886;8,608534432000056;49,292031535000035;1
210427;08230728212302325580;08;2;12;000;2023;07;10;6;3;6;6;0;0;1;0;1;0;0;0;455989,997000000439584;5428077,845399999991059;8,398247967000032;49,004026712000041;1
210428;08230728212102342060;08;2;12;000;2023;07;17;6;3;0;6;0;0;1;1;0;0;0;0;459189,476099999621511;5429128,401499999687076;8,441886811000074;49,013696497000069;1
210430;08230728212010324560;08;2;12;000;2023;07;10;6;3;6;2;0;0;1;0;1;0;0;0;454284,730800000019372;5428880,400599999353290;8,374842791000049;49,011121800000069;1
210431;08230728135100343230;08;1;35;016;2023;07;17;6;3;6;7;0;0;0;1;1;0;0;0;593780,253299999982119;5386604,649100000038743;10,272656215000040;48,625475443000028;1