OID_;UIDENTSTLAE;ULAND;UREGBEZ;UKREIS;UGEMEINDE;UJAHR;UMONAT;USTUNDE;UWOCHENTAG;UKATEGORIE;UART;UTYP1;ULICHTVERH;IstStrassenzustand;IstRad;IstPKW;IstFuss;IstKrad;IstGkfz;IstSonstige;LINREFX;LINREFY;XGCSWGS84;YGCSWGS84;PLST
210434;08230728126100344880;08;1;26;039;2023;07;18;6;3;0;7;0;1;1;0;0;0;0;0;548158,964900000020862;5460759,471699999645352;9,662384977000045;49,297681035000039;1
210435;08230728121300351820;08;1;21;000;2023;07;14;6;2;5;3;0;1;1;1;0;0;0;0;513993,750300000421703;5442108,810200000181794;9,191827823000040;49,131652164000059;1
210436;08230826118010443990;08;1;18;048;2023;08;10;7;2;5;3;0;0;1;0;0;0;0;0;515637,616000000387430;5415398,271999999880791;9,213332873000070;48,891336923000040;1
210437;08230728121200352890;08;1;21;000;2023;07;19;6;2;0;1;0;1;1;0;0;0;0;0;516462,444699999876320;5443060,722200000658631;9,225707570000054;49,140153747000056;1
210438;08230728119300352950;08;1;19;067;2023;07;18;6;2;3;6;0;1;1;0;0;0;0;0;540463,069899999536574;5408112,914100000634789;9,551277363000054;48,824678248000055;1
210439;08230728119200352290;08;1;19;020;2023;07;19;6;3;5;3;0;1;1;1;0;0;0;0;520195,240100000053644;5406281,671399999409914;9,275059046000024;48,809194505000050;1
210442;08230728118300324150;08;1;18;046;2023;07;09;6;3;0;7;0;1;1;0;0;0;0;0;513251,508999999612570;5412134,613700000569224;9,180675334000057;48,862033443000030;1
210443;08230728118200337960;08;1;18;080;2023;07;13;6;3;0;7;0;1;1;0;0;0;0;0;508943,161299999803305;5408824,691899999976158;9,121861838000029;48,832335012000044;1
210446;08230728118010350100;08;1;15;041;2023;07;08;6;2;5;3;0;1;1;1;0;0;0;0;495339,899899999611080;5402754,695699999108911;8,936569114000065;48,777776750000044;1
210450;08230728116100354180;08;1;16;004;2023;07;18;6;3;5;3;1;1;1;1;0;0;0;0;528471,035000000149012;5396489,071100000292063;9,387095394000028;48,720778376000055;1
210451;08230728116100353960;08;1;16;019;2023;07;17;6;3;0;3;0;1;1;1;0;0;0;0;520367,984699999913573;5399464,585400000214577;9,277074074000041;48,747863326000072;1
210452;08230728115400344740;08;1;15;045;2023;07;17;6;3;5;3;0;1;1;1;0;0;0;0;497699,980700000189245;5396360,285399999469519;8,968729027000052;48,720265781000080;1
210453;08230728115300329560;08;1;15;041;2023;07;17;6;3;1;6;0;1;1;1;0;0;0;0;495436,824799999594688;5402411,228199999779463;8,937892217000069;48,774687648000054;1
210454;08230728111370356790;08;1;11;000;2023;07;16;6;3;5;2;0;0;1;1;0;0;0;0;511978,853099999949336;5406377,308900000527501;9,163155334000066;48,810267552000028;1
210455;08230727436000366710;08;4;36;064;2023;07;19;5;3;5;3;0;0;1;1;0;0;0;0;545661,193599999882281;5290690,245999999344349;9,609390692000034;47,767959852000047;1
210456;08230727426300326030;08;4;26;097;2023;07;14;5;3;5;3;0;0;1;1;0;0;0;0;535367,757199999876320;5333597,422399999573827;9,475550722000037;48,154640279000034;1
210457;08230727426300325780;08;4;26;097;2023;07;15;5;3;0;1;0;1;1;0;0;0;0;0;535111,798700000159442;5333841,240299999713898;9,472129380000069;48,156848006000075;1
210458;08230727426010350070;08;4;21;000;2023;07;13;5;3;5;7;0;0;1;1;0;0;0;0;572126,976099999621511;5356252,380899999290705;9,973617729000068;48,355325556000025;1
210460;08230727415400361240;08;4;15;061;2023;07;20;5;3;0;7;0;0;0;1;1;0;0;0;515135,375500000081956;5369804,147900000214577;9,204811172000063;48,481182345000036;1
210461;08230727336200351760;08;3;36;069;2023;07;16;5;3;4;2;0;0;1;1;0;0;0;0;408591,525999999605119;5267638,683000000193715;7,784998185000063;47,555730459000074;1
210462;08230727335300334870;08;3;35;075;2023;07;12;5;3;8;1;0;0;1;0;0;0;0;0;489007,421000000089407;5289315,317999999970198;8,853324649000058;47,757112863000032;1
210463;08230727317010327540;08;3;17;008;2023;07;21;5;1;8;1;2;0;1;0;0;0;0;0;444181,936400000005960;5366790,876399999484420;8,245106426000063;48,451779962000046;1
210467;08230727311010361090;08;3;11;000;2023;07;07;5;3;6;6;0;0;0;1;1;0;0;0;414917,205900000408292;5318789,624199999496341;7,859034421000047;48,016731483000058;1
210470;08230727231302348220;08;2;31;000;2023;07;11;5;3;6;7;0;0;0;1;1;0;0;0;478156,612700000405312;5415873,005100000649691;8,701981848000059;48,895419771000036;1
210471;08230727231302325350;08;2;31;000;2023;07;13;5;3;0;1;0;1;1;0;0;0;0;0;478088,221400000154972;5415592,159399999305606;8,701063835000070;48,892890964000060;1
210474;08230730335100454520;08;3;35;043;2023;07;16;1;3;6;4;0;0;1;0;1;0;0;0;512945,126699999906123;5279112,085100000724196;9,172425240000052;47,665271990000065;1
210475;08230727231000361150;08;2;31;000;2023;07;12;5;2;6;4;0;0;1;0;1;0;0;0;477939,100100000388920;5415389,660499999299645;8,699040378000063;48,891064061000066;1
210480;08230923111500543330;08;1;11;000;2023;09;09;7;3;4;6;0;0;1;0;0;0;0;0;517460,678700000047684;5399334,268400000408292;9,237519654000039;48,746779304000029;1
210482;08230923111230512980;08;1;11;000;2023;09;16;7;3;6;7;0;0;0;1;1;0;0;0;513907,905299999751151;5399654,746099999174476;9,189201996000065;48,749751785000058;1
210483;08230923111140542460;08;1;11;000;2023;09;18;7;3;6;7;0;0;0;1;1;0;0;0;511891,904900000430644;5402594,028400000184774;9,161861561000023;48,776235191000069;1
210484;08230922437100537200;08;4;37;088;2023;09;22;6;2;0;7;2;1;1;0;0;0;0;0;519517,293899999931455;5307973,600500000640750;9,261262255000076;47,924786136000080;1
210486;08230922426100522020;08;4;26;021;2023;09;10;6;3;5;3;0;0;1;1;0;0;0;0;558931,483000000007451;5328034,422000000253320;9,791591199000038;48,102847447000045;1
210487;08230922421300508460;08;4;21;000;2023;09;16;6;3;0;1;0;0;1;0;0;0;0;0;572213,457399999722838;5361938,665500000119209;9,975762111000051;48,406465411000056;1
210489;08230922415100537390;08;4;15;050;2023;09;07;6;3;0;2;1;1;1;1;0;0;0;0;521399,399400000460446;5375843,677799999713898;9,289884402000041;48,535333566000077;1
210490;08230922337010561790;08;3;37;096;2023;09;08;6;3;4;3;0;1;1;1;0;0;0;0;422386,671699999831617;5267725,437899999320507;7,968314639000027;47,558306711000057;1
210491;08230922336300507650;08;3;36;081;2023;09;12;6;3;5;3;0;0;1;1;0;0;0;0;412227,125300000421703;5278003,990800000727177;7,831236694000040;47,649477855000043;1
210493;08230922325302537570;08;3;25;053;2023;09;10;6;3;6;7;0;1;0;1;1;0;0;0;454580,987999999895692;5340945,832399999722838;8,388522458000068;48,220110804000058;1
210494;08230922325202539250;08;3;25;049;2023;09;11;6;3;5;3;0;0;1;1;0;0;0;0;475667,073499999940395;5330963,633500000461936;8,672969793000050;48,131462654000075;1
210495;08230922317100561130;08;3;17;068;2023;09;19;6;3;0;7;1;1;1;0;0;0;0;0;436879,799700000323355;5388063,241699999198318;8,143137269000022;48,642441677000079;1
210496;08230922316100508390;08;3;16;017;2023;09;18;6;3;5;3;0;0;1;1;0;0;0;0;408889,876000000163913;5341497,676000000908971;7,773372684000037;48,220158076000075;1
210498;08230922311010561910;08;3;15;056;2023;09;14;6;3;4;6;0;1;1;1;0;0;0;0;413694,030000000260770;5310210,550000000745058;7,844358695000039;47,939395329000035;1
210501;08230922311010540170;08;3;36;050;2023;09;06;6;2;3;2;2;1;1;1;0;0;0;0;399275,695399999618530;5273584,236999999731779;7,659840908000035;47,607834614000069;1
210502;08230922311010514270;08;3;36;091;2023;09;17;6;3;4;6;0;0;1;0;0;0;0;0;396406,337700000032783;5273853,022199999541044;7,621611170000051;47,609800084000028;1
210503;08230922235100506580;08;2;35;085;2023;09;18;6;3;8;1;0;0;1;0;0;0;0;0;480344,495799999684095;5395531,058599999174476;8,732805533000032;48,712500444000057;1
210506;08230922226300539630;08;2;26;056;2023;09;10;6;3;6;4;0;0;0;1;1;0;0;0;485500,756000000052154;5471113,126000000163913;8,800192283000058;49,392538662000049;1
210507;08230922222600509730;08;2;22;000;2023;09;18;6;3;6;7;1;1;1;0;1;0;0;0;461686,031399999745190;5483326,658199999481440;8,470841105000034;49,501360840000075;1
210510;08230922215502561940;08;2;15;106;2023;09;11;6;3;3;7;0;0;1;0;0;0;1;0;464595,055800000205636;5452391,341600000858307;8,513767783000048;49,223283021000043;1
210511;08230922212702526700;08;2;15;110;2023;09;16;6;3;6;3;0;0;0;1;1;0;0;0;460895,944099999964237;5417804,673699999228120;8,466310910000061;48,911946872000044;1
210513;08230922212010538840;08;2;12;000;2023;09;19;6;2;0;1;2;1;1;0;0;0;0;0;459057,044999999925494;5428335,730299999937415;8,440155762000074;49,006557511000040;1
210515;08230922212010522900;08;2;12;000;2023;09;18;6;3;5;3;1;1;1;0;0;0;0;1;457087,219200000166893;5428632,340600000694394;8,413190925000038;49,009091733000048;1
210518;08230922127202541670;08;1;27;014;2023;09;11;6;3;0;7;0;0;1;0;0;0;0;0;578423,042600000277162;5443541,253000000491738;10,075214012000060;49,139690485000074;1
210519;08230922127100506670;08;1;27;076;2023;09;11;6;3;5;3;0;1;1;1;0;0;0;0;556116,141800000332296;5439941,457800000905991;9,768910538000057;49,109754628000076;1
210520;08230922121500548290;08;1;25;065;2023;09;10;6;3;6;7;0;0;0;1;1;0;0;0;514674,958899999968708;5449187,917799999937415;9,201423950000049;49,195315003000076;1
210521;08230922121200506770;08;1;21;000;2023;09;11;6;3;0;1;0;1;1;0;0;0;0;0;516965,663599999621511;5444048,749199999496341;9,232648473000040;49,149027669000077;1
210522;08230922119500523320;08;1;19;068;2023;09;12;6;3;6;2;0;0;0;1;1;0;0;0;525781,183000000193715;5413573,327999999746680;9,351597057000049;48,874581384000066;1
210524;08230922118400552020;08;1;18;048;2023;09;15;6;3;5;2;0;0;1;1;0;0;0;0;513432,838600000366569;5416162,720000000670552;9,183279974000072;48,898265414000036;1
210526;08230922116400541960;08;1;16;070;2023;09;12;6;3;1;7;0;0;1;1;0;0;0;0;539306,109100000001490;5385514,109899999573827;9,533361467000077;48,621461410000052;1
210530;08230922115400509590;08;1;15;045;2023;09;14;6;3;5;2;0;0;1;1;0;0;0;0;501618,373499999754131;5394133,857100000604987;9,021994613000061;48,700238818000059;1
210531;08230922115400506530;08;1;15;045;2023;09;12;6;3;5;3;0;0;1;1;0;0;0;0;500466,311099999584258;5396936,724999999627471;9,006340600000044;48,725455530000033;1
210532;08230922115100510030;08;1;15;024;2023;09;14;6;3;0;7;0;0;1;0;0;0;0;0;500537,903699999675155;5387108,964700000360608;9,007301281000025;48,637043797000047;1
210533;08230922111500541940;08;1;11;000;2023;09;15;6;3;6;7;0;0;0;0;1;1;0;0;516273,622999999672174;5402947,273000000044703;9,221515016000069;48,779313758000058;1
210534;08230922111320505640;08;1;11;000;2023;09;07;6;3;6;7;0;1;0;1;1;0;0;0;516514,089399999938905;5405362,913399999961257;9,224885287000063;48,801038223000035;1
210535;08230922111250506810;08;1;11;000;2023;09;10;6;3;0;1;0;0;1;0;0;0;0;0;515236,336199999786913;5403681,583000000566244;9,207422885000028;48,785945807000076;1
210536;08230922111130567090;08;1;11;000;2023;09;15;6;2;0;1;0;0;1;0;0;0;0;0;511056,395399999804795;5399637,734400000423193;9,150409991000060;48,749655906000044;1
210537;08230922111000523730;08;1;11;000;2023;09;17;6;3;6;4;0;0;1;0;1;0;0;0;511238,865199999883771;5401458,124600000679493;9,152941987000077;48,766028805000076;1
210540;08230921435100507780;08;4;35;016;2023;09;15;5;3;5;3;0;0;1;1;0;0;0;0;535317,413999999873340;5278043,271999999880791;9,470324001000051;47,654820671000039;1
210541;08230921421300551220;08;4;21;000;2023;09;08;5;3;1;5;0;0;1;1;0;0;0;0;570697,318799999542534;5360749,602099999785423;9,955078478000075;48,395941318000041;1
210543;08230921417300522590;08;4;17;025;2023;09;08;5;3;5;3;0;0;1;1;0;0;0;0;485069,506299999542534;5356936,025200000032783;8,798419552000041;48,365419620000068;1
210545;08230921417200538970;08;4;17;002;2023;09;13;5;3;6;4;0;0;0;1;1;0;0;0;488733,766800000332296;5346700,184499999508262;8,848164987000075;48,273407360000078;1
210547;08230921415400536070;08;4;15;061;2023;09;22;5;3;4;6;2;1;1;0;0;0;0;1;512878,998399999924004;5371878,576899999752641;9,174342109000065;48,499894965000067;1
210548;08230921415300561820;08;4;15;059;2023;09;18;5;3;6;7;0;0;0;1;1;0;0;0;516527,129900000058115;5367788,260800000280142;9,223564498000030;48,463011614000038;1
210550;08230921415100528640;08;4;15;014;2023;09;15;5;3;5;3;0;0;1;1;0;0;0;0;525055,495699999853969;5375518,781899999827147;9,339390898000033;48,532275385000048;1
210551;08230921336100552310;08;3;36;050;2023;09;10;5;2;0;1;0;0;1;0;0;0;0;0;398725,907999999821186;5272373,597999999299645;7,652807612000061;47,596858844000053;1
210552;08230921335200506820;08;3;35;063;2023;09;12;5;3;5;3;0;0;1;1;0;0;0;0;497774,203599999658763;5288892,460500000044703;8,970303038000054;47,753398051000033;1
210554;08230921326400541510;08;3;26;074;2023;09;15;5;3;6;4;0;0;0;1;1;0;0;0;459253,239000000059605;5323345,538000000640750;8,453106458000036;48,062086142000055;1
210558;08230921317300526330;08;3;17;065;2023;09;12;5;3;0;1;0;0;1;0;0;0;0;0;416216,078999999910593;5354005,161100000143051;7,869505901000025;48,333672834000026;1
210560;08230921311010524980;08;3;11;000;2023;09;15;5;3;3;6;0;0;1;0;0;0;0;0;413851,919300000183284;5316225,379200000315905;7,845266870000046;47,993522450000057;1
210561;08230921311010517100;08;3;11;000;2023;09;02;5;3;0;1;2;0;1;0;0;0;0;0;414570,993700000457466;5317622,889499999582767;7,854625113000054;48,006190074000074;1
210562;08230921222301503470;08;2;22;000;2023;09;10;5;3;3;2;0;0;1;1;0;0;0;0;464353,051099999807775;5484717,912699999287724;8,507548561000021;49,514037073000054;1
210564;08230921215302503130;08;2;15;007;2023;09;10;5;3;4;6;0;0;1;1;0;0;0;0;478531,114400000311434;5431298,026599999517202;8,706277472000068;49,034189471000047;1
210566;08230921212102538150;08;2;12;000;2023;09;08;5;3;0;1;0;1;1;0;0;0;0;1;461514,236100000329316;5426018,921700000762939;8,473972767000021;48,985875380000039;1
210567;08230921212102526590;08;2;12;000;2023;09;17;5;3;4;6;0;0;1;0;0;0;0;1;454221,889200000092387;5429337,097500000149012;8,373931972000037;49,015225157000032;1
210571;08230921128300541420;08;1;28;131;2023;09;14;5;3;5;3;0;0;1;1;0;0;0;0;536719,348299999721348;5511775,528100000694394;9,509799787000077;49,757336497000040;1
210572;08230921121400503630;08;1;25;013;2023;09;08;5;2;0;7;0;0;1;0;0;0;0;0;504896,914800000376999;5435767,268699999898672;9,067050706000032;49,074746993000076;1
210574;08230921119300504470;08;1;19;067;2023;09;11;5;3;2;6;0;0;1;1;0;0;0;0;538213,849399999715388;5405959,414999999105930;9,520434309000052;48,805448834000060;1
210576;08230921118100507260;08;1;18;016;2023;09;17;5;3;0;7;0;0;1;0;0;0;0;0;504577,435600000433624;5428605,552699999883771;9,062595354000052;49,010325916000056;1
210577;08230921116500590270;08;1;16;071;2023;09;00;5;3;4;6;2;0;1;0;0;0;0;1;527216,660000000149012;5390457,042999999597669;9,369643697000072;48,666570829000079;1
210578;08230921116500546870;08;1;16;081;2023;09;13;5;3;5;3;0;0;1;1;0;0;0;0;517873,665699999779463;5385822,905899999663234;9,242553100000066;48,625218992000043;1
210579;08230921116500514650;08;1;16;068;2023;09;06;5;3;5;3;1;0;1;1;0;0;0;0;526466,707600000314415;5389416,232499999925494;9,359391839000068;48,657239962000062;1
210580;08230921116200561260;08;1;16;080;2023;09;11;5;3;0;7;0;0;1;0;0;0;0;0;518065,060999999754131;5397793,781999999657273;9,245673515000021;48,732903940000028;1
210581;08230921116100519510;08;1;16;019;2023;09;18;5;3;5;3;1;0;1;1;0;0;0;0;521357,599600000306964;5398008,782299999147654;9,290460565000046;48,734733905000041;1
210582;08230921115400541190;08;1;15;045;2023;09;17;5;3;5;3;0;0;1;1;0;0;0;0;499822,761599999852479;5394800,997800000011921;8,997590943000034;48,706242545000066;1
210583;08230921115400524840;08;1;15;029;2023;09;16;5;3;5;3;0;0;1;1;0;0;0;0;497268,875599999912083;5398813,338300000876188;8,962851487000023;48,742331794000052;1
210584;08230921111500544710;08;1;11;000;2023;09;16;5;3;0;1;0;0;1;0;0;0;0;0;517751,272099999710917;5399262,447000000625849;9,241469498000072;48,746124989000066;1
210588;08230920435200521000;08;4;35;034;2023;09;17;4;3;3;2;0;0;1;0;0;0;0;1;525441,876000000163913;5283322,482999999076128;9,339121402000046;47,702784287000043;1
210590;08230920426010510990;08;4;26;021;2023;09;16;4;3;6;4;0;0;0;1;1;0;0;0;558502,544900000095367;5327325,460300000384450;9,785732896000070;48,096509039000068;1
210591;08230920417100530460;08;4;17;079;2023;09;16;4;3;6;4;0;0;0;1;1;0;0;0;501042,844200000166893;5339875,848099999129772;9,014037626000061;48,212109511000051;1
210592;08230920416200538460;08;4;16;041;2023;09;15;4;3;0;7;0;0;1;0;0;0;0;0;504265,354899999685585;5372991,977499999105930;9,057751317000054;48,510029093000071;1
210593;08230920416010508730;08;4;16;041;2023;09;10;4;2;5;3;0;0;1;1;0;0;0;0;500065,684000000357628;5370304,037000000476837;9,000888914000029;48,485861777000025;1
210595;08230920436400526120;08;4;36;008;2023;09;16;4;3;6;4;0;0;1;0;1;0;0;0;547367,259600000455976;5311119,364199999719858;9,634396717000072;47,951634582000054;1
210598;08230920336200534610;08;3;36;105;2023;09;10;4;3;0;7;0;1;1;0;0;0;0;1;400023,512000000104308;5266997,101999999955297;7,671288233000041;47,548696323000058;1
210599;08230920335100560600;08;3;35;043;2023;09;07;4;3;5;3;0;0;1;0;0;0;0;1;511347,394799999892712;5281813,862700000405312;9,151214230000051;47,689611684000056;1
210600;08230920335100536580;08;3;35;043;2023;09;18;4;3;5;2;0;0;1;0;0;0;0;1;513322,199099999852479;5280230,029400000348687;9,177481808000039;47,675323219000063;1
210601;08230920335100501550;08;3;35;043;2023;09;17;4;3;0;1;0;0;1;0;0;0;0;0;512758,112900000065565;5280868,586500000208616;9,169985601000064;47,681080113000064;1
210603;08230920325202501630;08;3;25;049;2023;09;15;4;2;6;2;0;0;0;1;1;0;0;0;472249,592699999921024;5334157,635099999606609;8,626832162000028;48,160058478000053;1
210605;08230920311400560520;08;3;15;006;2023;09;10;4;3;5;3;0;0;1;1;0;0;0;0;402522,769999999552965;5307420,132999999448657;7,695444221000059;47,912693244000081;1
210606;08230920311400538830;08;3;15;007;2023;09;18;4;3;4;2;0;0;1;1;0;0;0;0;400555,172000000253320;5295117,731399999931455;7,671948157000031;47,801731176000033;1
210607;08230920311010539870;08;3;36;091;2023;09;13;4;2;0;7;0;0;1;0;0;0;0;0;394132,167600000277162;5271832,602800000458956;7,591848862000063;47,591258687000050;1
210612;08230920222014539700;08;2;22;000;2023;09;07;4;2;5;2;0;0;1;0;0;0;1;0;460729,413099999539554;5482820,500800000503659;8,457680062000065;49,496747058000039;1
210613;08230920221400560700;08;2;21;000;2023;09;20;4;3;0;7;2;0;1;0;0;0;0;0;477349,281000000424683;5467501,593399999663234;8,688067475000025;49,359804620000034;1
210614;08230920215402531890;08;2;15;009;2023;09;17;4;3;5;2;0;0;1;1;0;0;0;0;469121,170199999585748;5440762,116200000047684;8,576817614000049;49,118921866000051;1
210615;08230920212302500000;08;2;12;000;2023;09;08;4;3;5;3;0;0;1;0;0;0;0;1;455366,073300000280142;5428600,758600000292063;8,389660030000073;49,008685561000050;1
210616;08230920212010498880;08;2;12;000;2023;09;08;4;3;0;5;0;0;1;1;0;0;0;0;454957,537700000219047;5429053,811300000175834;8,384023634000073;49,012731123000037;1
210617;08230920136300520580;08;1;36;065;2023;09;14;4;3;6;7;0;0;0;0;1;0;0;1;558663,384100000374019;5405380,391100000590086;9,798830384000041;48,798646751000035;1
210618;08230920128100503000;08;1;28;007;2023;09;18;4;3;8;1;0;0;1;0;0;0;0;0;557165,272499999962747;5480977,391100000590086;9,789155076000043;49,478747816000066;1
210620;08230920127010502140;08;1;27;076;2023;09;16;4;3;0;1;0;0;1;0;0;0;0;0;551197,072800000198185;5442669,281199999153614;9,701860563000025;49,134719942000061;1
210621;08230920119300503210;08;1;19;067;2023;09;13;4;3;6;3;0;0;0;1;1;0;0;0;538525,537999999709427;5404927,359999999403954;9,524582183000064;48,796145688000081;1
210623;08230920116200536480;08;1;16;080;2023;09;15;4;2;6;4;0;0;0;1;1;0;0;0;519981,665300000458956;5396440,132400000467896;9,271672240000044;48,720668068000066;1
210626;08230919436100494810;08;4;36;055;2023;09;07;3;3;0;1;0;0;1;0;0;0;0;0;576735,494699999690056;5297538,180900000035763;10,025262578000024;47,826613556000041;1
210627;08230919426300500900;08;4;26;097;2023;09;15;3;3;5;1;0;0;1;0;1;0;0;0;535250,338399999774992;5333357,935900000855327;9,473952136000037;48,152492226000049;1
210630;08230919416200535780;08;4;16;041;2023;09;12;3;2;0;7;0;0;1;0;0;0;0;0;505381,184399999678135;5373835,593699999153614;9,072870104000060;48,517610008000077;1
210631;08230919416010508010;08;4;16;041;2023;09;17;3;3;3;6;0;0;1;1;0;0;0;0;503095,965200000442564;5374162,651300000026822;9,041926910000029;48,520567768000035;1
210632;08230919416010507330;08;4;15;080;2023;09;15;3;3;5;3;0;0;1;1;0;0;0;0;511130,044700000435114;5373335,097699999809265;9,150705582000057;48,513031773000080;1
210634;08230919415100531950;08;4;15;078;2023;09;07;3;3;0;1;0;1;1;0;0;0;0;0;529348,667999999597669;5370988,310000000521541;9,397224299000072;48,491332389000036;1
210635;08230919415100516230;08;4;15;050;2023;09;12;3;3;4;6;0;0;1;1;0;0;0;0;521128,692999999970198;5376304,226500000804663;9,286240715000076;48,539485943000045;1
210638;08230919335100496010;08;3;35;043;2023;09;13;3;3;0;1;0;0;1;0;0;0;0;0;513827,860799999907613;5280308,782400000840425;9,184220824000022;47,676021193000054;1
210641;08230919317100500540;08;3;17;001;2023;09;16;3;3;0;7;0;0;1;0;0;0;0;0;432592,852800000458956;5385226,174799999222159;8,085410383000067;48,616474522000033;1
210642;08230919317000499060;08;3;17;047;2023;09;08;3;3;6;7;0;0;0;0;1;0;0;1;421021,616100000217557;5361540,280700000002980;7,932919660000039;48,402070536000053;1
210647;08230919311010497000;08;3;11;000;2023;09;06;3;3;5;2;2;0;1;1;0;0;0;0;410924,144299999810755;5315068,152799999341369;7,806271608000031;47,982711748000042;1
210648;08230919225200560440;08;2;25;082;2023;09;17;3;3;6;7;0;0;0;1;1;0;0;0;534550,451700000092387;5478139,627399999648333;9,476729401000057;49,454931864000059;1
210650;08230919221011496580;08;2;21;000;2023;09;17;3;3;5;5;0;0;1;1;0;0;0;0;476504,614000000059605;5472057,857999999076128;8,676166217000059;49,400755689000050;1
210653;08230919211100516930;08;2;11;000;2023;09;16;3;3;6;4;0;0;0;1;1;0;0;0;443601,436800000257790;5401923,073100000619888;8,232481537000069;48,767757261000042;1
210655;08230919128200527620;08;1;28;115;2023;09;07;3;3;5;2;0;0;1;1;0;0;0;0;548419,368999999947846;5497260,517999999225140;9,670430684000053;49,625961128000029;1
210656;08230919128100548680;08;1;28;007;2023;09;19;3;3;5;3;1;0;1;0;0;0;0;0;555916,780199999921024;5482186,619400000199676;9,772092564000047;49,489739956000051;1
210657;08230919317500493930;08;3;17;047;2023;09;01;3;2;7;7;2;1;1;0;0;0;0;0;418347,308400000445545;5362798,240399999544024;7,896549041000071;48,413044987000035;1
210659;08230919121200532720;08;1;21;000;2023;09;22;3;3;6;7;2;0;0;1;1;0;0;0;515981,230100000277162;5442589,929500000551343;9,219091284000058;49,135931518000064;1
210662;08230919116010523650;08;1;16;033;2023;09;16;3;3;6;4;0;0;0;0;1;0;0;1;532983,712000000290573;5388382,558000000193715;9,447801449000053;48,647631061000027;1
210663;08230919111340558390;08;1;11;000;2023;09;15;3;3;5;3;0;0;1;0;0;0;0;1;513916,274199999868870;5405680,185599999502301;9,189519778000033;48,803955953000070;1
210665;08230919111120511680;08;1;11;000;2023;09;14;3;3;1;5;0;0;1;1;0;0;0;0;514315,229100000113249;5403540,913599999621511;9,194878390000042;48,784702243000027;1
210667;08230918415400527320;08;4;15;061;2023;09;13;2;3;3;6;0;1;1;0;0;0;0;1;515389,939100000075996;5371339,288300000131130;9,208312447000026;48,494986840000081;1
210668;08230918415400493110;08;4;15;061;2023;09;12;2;3;5;3;0;1;1;1;0;0;0;0;516084,408800000324845;5371445,963500000536442;9,217716568000071;48,495929132000072;1
210673;08230918311010493700;08;3;11;000;2023;09;19;2;3;0;1;2;1;1;0;0;0;0;0;414426,144999999552965;5319288,336600000038743;7,852351056000032;48,021151991000067;1
210674;08230918311010493390;08;3;11;000;2023;09;10;2;3;6;2;0;1;0;1;1;0;0;0;418739,104100000113249;5314352,611999999731779;7,911116739000022;47,977315604000069;1
210676;08230918231300530490;08;2;36;076;2023;09;07;2;3;4;2;1;0;1;1;0;0;0;0;471687,737999999895692;5423827,139000000432134;8,613173871000072;48,966709497000068;1
210677;08230918226095517640;08;2;26;098;2023;09;07;2;3;5;3;1;1;1;1;0;0;0;0;476499,838800000026822;5460300,027899999171495;8,676793954000061;49,294994667000026;1
210681;08230918221400494390;08;2;21;000;2023;09;12;2;3;6;7;0;0;0;1;1;0;0;0;474337,874300000257790;5471334,998700000345707;8,646349595000061;49,394166203000054;1
210683;08230918212702493100;08;2;15;110;2023;09;19;2;3;6;2;1;1;0;1;1;0;0;0;461363,759300000034273;5420087,023800000548363;8,472479145000023;48,932506793000073;1
210684;08230918212010517870;08;2;12;000;2023;09;16;2;3;1;5;0;0;1;1;0;0;0;0;457662,013600000180304;5428920,244300000369549;8,421020476000024;49,011721171000033;1
210685;08230918212010501870;08;2;12;000;2023;09;17;2;3;5;3;0;0;1;1;0;0;0;0;454054,319000000134110;5428456,710000000894070;8,371740057000068;49,007293564000065;1
210686;08230918211000518940;08;2;16;043;2023;09;20;2;2;5;3;2;1;1;1;0;0;0;0;442131,727199999615550;5412820,619100000709295;8,210945418000051;48,865646323000078;1
210688;08230918135010539820;08;1;35;016;2023;09;17;2;3;0;4;0;0;0;0;1;1;0;0;590017,282399999909103;5385418,879599999636412;10,221345359000054;48,615363332000072;1
210691;08230918121200492680;08;1;21;000;2023;09;07;2;2;1;5;0;0;1;1;0;0;0;0;516823,258299999870360;5442071,554199999198318;9,230613164000033;49,131246078000061;1
210692;08230918121200491130;08;1;21;000;2023;09;09;2;3;0;7;0;1;1;0;0;0;0;0;516587,315499999560416;5443042,803400000557303;9,227418853000074;49,139989202000038;1
210693;08230918118400561850;08;1;18;048;2023;09;06;2;3;5;3;0;0;1;1;0;0;0;0;513201,111299999989569;5415864,069499999284744;9,180108611000037;48,895583815000066;1
210695;08230918118400496840;08;1;18;048;2023;09;17;2;3;0;7;0;0;1;0;0;0;0;0;513691,223699999973178;5415617,526900000870228;9,186787133000053;48,893355346000078;1
210696;08230918118400496700;08;1;18;048;2023;09;16;2;3;6;4;0;0;0;1;1;0;0;0;516100,080699999816716;5417691,043400000780821;9,219732298000054;48,911950173000037;1
210697;08230918118200545170;08;1;18;011;2023;09;06;2;3;0;3;2;1;1;0;0;0;0;0;504861,912600000388920;5407890,018100000917912;9,066238655000063;48,823972169000058;1
210698;08230918118200523340;08;1;18;080;2023;09;08;2;2;6;6;0;1;0;1;1;0;0;0;506848,342400000430644;5411205,655600000172853;9,093357138000044;48,853780444000051;1
210700;08230918117100542030;08;1;17;019;2023;09;11;2;3;0;1;0;0;1;0;0;0;0;1;552195,713999999687076;5394607,844000000506639;9,709400900000048;48,702320977000056;1