OID_;UIDENTSTLAE;ULAND;UREGBEZ;UKREIS;UGEMEINDE;UJAHR;UMONAT;USTUNDE;UWOCHENTAG;UKATEGORIE;UART;UTYP1;ULICHTVERH;IstStrassenzustand;IstRad;IstPKW;IstFuss;IstKrad;IstGkfz;IstSonstige;LINREFX;LINREFY;XGCSWGS84;YGCSWGS84;PLST
210703;08230918116100508780;08;1;16;019;2023;09;18;2;3;6;7;0;0;0;0;1;0;0;1;522933,062800000421703;5399330,005899999290705;9,311959883000043;48,746563489000039;1
210704;08230918116010517260;08;1;16;019;2023;09;07;2;3;6;4;0;0;1;0;1;0;0;0;521371,031700000166893;5401040,316800000146031;9,290800557000068;48,762004811000054;1
210709;08230918111310510280;08;1;11;000;2023;09;08;2;2;0;7;0;1;1;0;0;0;0;0;516472,377799999900162;5406488,041400000452995;9,224362420000034;48,811160814000061;1
210710;08230917435200524090;08;4;35;005;2023;09;18;1;3;5;3;0;0;1;1;0;0;0;0;525587,395899999886751;5286612,534199999645352;9,341254280000044;47,732380683000031;1
210711;08230917425000493350;08;4;25;108;2023;09;14;1;2;9;1;0;0;1;0;0;0;0;0;553332,714800000190735;5356822,619400000199676;9,720017119000033;48,362322732000052;1
210713;08230922415400541660;08;4;15;061;2023;09;10;6;3;5;3;0;0;1;1;0;0;0;0;515087,165000000037253;5372707,661000000312924;9,204263693000030;48,507304532000035;1
210714;08230917416200523480;08;4;16;041;2023;09;13;1;3;5;3;0;0;1;1;0;0;0;0;504629,570799999870360;5373600,976700000464916;9,062689420000027;48,515505299000040;1
210715;08230917415100492960;08;4;15;050;2023;09;17;1;3;1;5;0;0;1;1;0;0;0;0;521525,581500000320375;5376054,487800000235438;9,291604581000058;48,537225744000068;1
210718;08230917337010491420;08;3;37;022;2023;09;16;1;3;0;6;0;0;1;1;0;0;0;0;449568,362800000235438;5296057,210599999874830;8,326323876000060;47,815890193000030;1
210719;08230917335100519610;08;3;35;002;2023;09;10;1;3;8;1;0;0;1;0;0;0;0;0;504515,000000000000000;5285215,668999999761581;9,060201755000037;47,720303797000042;1
210720;08230917335100499260;08;3;35;043;2023;09;17;1;3;8;1;0;0;1;0;0;0;0;0;512226,513299999758601;5281653,265399999916553;9,162924727000075;47,688150652000047;1
210721;08230917335100493800;08;3;35;043;2023;09;18;1;3;0;7;0;0;1;0;0;0;0;0;510941,391599999740720;5281530,547100000083447;9,145796787000052;47,687069512000051;1
210722;08230917327100494060;08;3;27;050;2023;09;14;1;3;6;4;0;0;0;1;1;0;0;0;486608,102500000037253;5314620,990399999544024;8,820525979000024;47,984751390000042;1
210723;08230917327100488950;08;3;27;018;2023;09;20;1;3;2;6;2;0;1;0;0;0;0;0;473858,905000000260770;5307999,597300000488758;8,650070184000072;47,924784093000028;1
210724;08230917317100509700;08;3;17;001;2023;09;14;1;3;0;1;0;0;1;0;0;0;0;0;431780,639700000174344;5387056,971300000324845;8,074090439000031;48,632854555000051;1
210727;08230917235100526840;08;2;35;065;2023;09;01;1;2;6;7;2;0;0;1;1;0;0;0;473730,890499999746680;5403964,416799999773502;8,642364602000043;48,788121971000066;1
210729;08230917231302489350;08;2;31;000;2023;09;18;1;3;6;4;0;0;0;0;1;0;0;1;478086,043100000359118;5415284,764699999243021;8,701050604000045;48,890125667000063;1
210730;08230917225200523090;08;2;25;082;2023;09;09;1;3;3;6;0;0;1;0;0;0;0;0;533573,437300000339746;5482339,263100000098348;9,463605354000038;49,492760603000079;1
210733;08230917221300490540;08;2;26;012;2023;09;05;1;2;1;5;2;0;1;1;0;0;0;0;476543,493999999947846;5477327,443600000813603;8,676390507000065;49,448156102000041;1
210736;08230917212010515730;08;2;15;106;2023;09;19;1;2;0;7;0;0;1;0;0;0;0;0;466407,613400000147521;5454333,894999999552965;8,538496848000023;49,240858308000043;1
210737;08230917136300517450;08;1;36;009;2023;09;03;1;2;0;1;2;0;1;0;0;0;0;0;567283,490799999795854;5407756,432600000873208;9,916586802000040;48,819145500000047;1
210739;08230917128200507030;08;1;28;115;2023;09;20;1;3;4;1;2;0;1;1;0;0;0;0;548621,189299999736249;5497531,932000000029802;9,673258594000060;49,628386014000057;1
210740;08230917121400508160;08;1;25;017;2023;09;12;1;2;0;7;0;0;1;0;0;0;0;0;501989,717799999751151;5431780,470100000500679;9,027224505000049;49,038899900000047;1
210741;08230917118010530210;08;1;18;048;2023;09;18;1;3;2;2;0;0;1;1;0;0;0;0;513880,919999999925494;5415930,667999999597669;9,189385754000057;48,896168059000047;1
210742;08230917116200502810;08;1;16;077;2023;09;08;1;2;5;2;0;0;1;0;0;0;0;1;516068,450799999758601;5391548,562799999490380;9,218277990000047;48,676776550000056;1
210743;08230917116200502680;08;1;16;077;2023;09;11;1;2;0;7;0;0;1;0;0;0;0;0;515624,236999999731779;5390802,422399999573827;9,212215527000069;48,670075497000028;1
210746;08230917111500522570;08;1;11;000;2023;09;18;1;3;5;2;0;0;1;1;0;0;0;0;512533,293999999761581;5401638,533999999985099;9,170562397000026;48,767627036000079;1
210747;08230917111230526870;08;1;11;000;2023;09;13;1;3;1;5;0;0;1;1;0;0;0;0;516048,472900000400841;5399720,940899999812245;9,218324474000042;48,750295782000080;1
210750;08230916435200503550;08;4;35;036;2023;09;12;7;3;3;6;0;0;1;0;0;0;0;0;521101,141300000250340;5281716,111300000920892;9,281185695000033;47,688487264000059;1
210751;08230916435100526620;08;4;35;045;2023;09;13;7;3;0;7;0;0;1;0;0;0;0;1;533497,645999999716878;5287666,660000000149012;9,446830013000067;47,741502817000026;1
210752;08230916421300488120;08;4;21;000;2023;09;16;7;3;5;3;0;0;1;0;0;0;0;1;572034,428199999965727;5360932,838700000196695;9,973170779000043;48,397438230000034;1
210755;08230916335300490520;08;3;35;100;2023;09;19;7;3;0;1;0;0;1;0;0;0;0;0;488149,372999999672174;5285838,037799999117851;8,841970364000076;47,725810623000029;1
210756;08230916335100534360;08;3;35;002;2023;09;22;7;3;0;1;2;0;1;0;0;0;0;0;505316,433699999935925;5284852,484999999403954;9,070883409000032;47,717029901000046;1
210757;08230916327100487690;08;3;27;050;2023;09;15;7;3;8;1;0;0;1;0;0;0;0;0;484832,203800000250340;5313496,316500000655651;8,796765805000064;47,974592865000034;1
210758;08230916326100487600;08;3;26;012;2023;09;12;7;3;3;2;0;0;1;0;0;0;0;0;463581,403400000184774;5311001,827899999916553;8,512243970000043;47,951293446000079;1
210759;08230916317500485520;08;3;17;096;2023;09;07;7;3;0;1;0;0;1;0;0;0;0;0;421198,621199999935925;5367294,870400000363588;7,934228847000043;48,453854977000049;1
210760;08230916317300896550;08;3;17;031;2023;09;13;7;3;6;7;0;0;0;1;1;0;0;0;420256,114699999801815;5361260,433199999853969;7,922631994000028;48,399456941000039;1
210767;08230916226700519000;08;2;26;103;2023;09;11;7;3;5;3;0;0;1;1;0;0;0;0;473367,663800000213087;5457285,032899999991059;8,633917715000052;49,267746300000056;1
210769;08230916225200488810;08;2;25;109;2023;09;16;7;3;6;6;0;0;0;1;1;0;0;0;526056,060800000093877;5492003,262800000607967;9,360441371000036;49,580053822000082;1
210770;08230916222700562360;08;2;22;000;2023;09;20;7;3;3;7;2;0;1;1;0;0;0;0;461354,925900000147521;5481981,414599999785423;8,466399937000062;49,489240106000068;1
210771;08230916221300520570;08;2;21;000;2023;09;21;7;2;1;5;2;0;1;1;0;0;0;0;476727,422299999743700;5473646,646400000900030;8,679143984000063;49,415055141000039;1
210772;08230916212702521630;08;2;15;017;2023;09;11;7;3;5;2;0;0;1;1;0;0;0;0;456388,962399999611080;5420836,904400000348687;8,404479020000053;48,938921506000042;1
210774;08230916212402487030;08;2;12;000;2023;09;08;7;3;0;7;0;0;1;1;0;0;0;0;455294,479799999855459;5425639,972599999979138;8,389006906000077;48,982047779000027;1
210778;08230916121600489150;08;1;25;024;2023;09;13;7;3;0;1;0;0;1;0;0;0;0;0;522441,362999999895692;5444414,542300000786781;9,307755582000027;49,152142373000061;1
210779;08230916121200486390;08;1;21;000;2023;09;10;7;3;0;7;0;0;1;0;0;0;0;0;512826,934899999760091;5440652,313799999654293;9,175786757000026;49,118575895000049;1
210782;08230916118300515200;08;1;18;046;2023;09;10;7;3;3;6;0;0;1;0;0;0;0;0;514053,825000000186265;5412016,930199999362230;9,191610265000065;48,860957128000052;1
210784;08230916118010515040;08;1;15;044;2023;09;14;7;3;5;3;0;0;1;1;0;0;0;0;504387,096699999645352;5390607,199100000783801;9,059585678000076;48,668499298000029;1
210786;08230916115400489890;08;1;15;045;2023;09;15;7;3;5;3;0;0;1;1;0;0;0;0;499902,167399999685585;5395929,856100000441074;8,998669974000052;48,716397850000078;1
210787;08230916115300502870;08;1;15;028;2023;09;14;7;3;5;3;0;0;1;1;0;0;0;0;500098,786000000312924;5405000,673000000417233;9,001345165000032;48,797998894000045;1
210789;08230916111330566320;08;1;11;000;2023;09;00;7;3;0;7;2;0;1;0;0;0;0;1;513668,538900000043213;5409139,692600000649691;9,186261270000045;48,835082663000037;1
210790;08230915437100511790;08;4;37;100;2023;09;07;6;3;6;6;0;0;0;0;1;1;0;0;535815,649699999950826;5317613,838600000366569;9,480232446000059;48,010815061000073;1
210791;08230915436100503190;08;4;36;055;2023;09;19;6;3;4;2;1;0;1;0;0;0;0;0;577083,743700000457466;5296815,347300000488758;10,029786127000023;47,820069292000028;1
210795;08230915415400517830;08;4;15;061;2023;09;15;6;3;0;7;0;0;1;0;0;0;0;0;513027,379499999806285;5371774,781799999997020;9,176347485000065;48,498958127000037;1
210798;08230915415100504210;08;4;15;050;2023;09;15;6;3;5;3;0;0;1;1;0;0;0;0;521551,008399999700487;5375754,974899999797344;9,291933540000059;48,534530385000039;1
210799;08230915336400485150;08;3;36;091;2023;09;17;6;3;2;6;0;0;1;1;0;0;0;0;396181,575000000186265;5274537,872400000691414;7,618459163000068;47,615924464000045;1
210800;08230915336100485390;08;3;36;050;2023;09;16;6;3;0;1;0;0;1;0;0;0;0;0;400204,095999999903142;5274294,096999999135733;7,672028379000039;47,614363702000048;1
210801;08230915335100511410;08;3;35;043;2023;09;07;6;3;5;2;0;0;1;1;0;0;0;0;512527,030799999833107;5280497,960000000894070;9,166896104000045;47,677749864000077;1
210806;08230915226700552940;08;2;26;041;2023;09;07;6;3;5;3;0;0;1;1;0;0;0;0;476869,107699999585748;5466952,477099999785423;8,681486812000060;49,354847332000077;1
210807;08230915226500547690;08;2;26;102;2023;09;18;6;3;5;3;0;0;1;0;0;0;0;1;484115,816200000233948;5453094,171099999919534;8,781824144000041;49,230422466000050;1
210809;08230915222700485270;08;2;22;000;2023;09;17;6;3;0;6;0;0;1;0;0;0;0;0;462632,650999999605119;5479975,971000000834465;8,484231117000036;49,471282175000056;1
210811;08230915222400499400;08;2;26;038;2023;09;16;6;3;1;5;0;0;1;1;0;0;0;0;471639,496299999766052;5480287,671700000762939;8,608523674000025;49,474573331000045;1
210814;08230915216100484450;08;2;16;043;2023;09;19;6;3;5;2;1;0;1;1;0;0;0;0;440887,076899999752641;5413083,464900000020862;8,193937929000072;48,867893223000067;1
210816;08230915215402551240;08;2;15;009;2023;09;18;6;3;6;3;0;0;0;1;1;0;0;0;466953,905399999581277;5437425,937300000339746;8,547390039000049;49,088799673000040;1
210818;08230915215102553140;08;2;15;102;2023;09;18;6;3;5;3;0;0;1;1;0;0;0;0;456425,486600000411272;5436370,899900000542402;8,403310345000023;49,078654168000071;1
210819;08230915212702524930;08;2;15;017;2023;09;07;6;3;3;6;0;0;1;1;0;0;0;0;456329,596400000154972;5421574,227600000798702;8,403589380000028;48,945549702000051;1
210820;08230915212010553120;08;2;12;000;2023;09;14;6;3;6;7;0;0;1;0;1;0;0;0;456752,807400000281632;5428639,872099999338388;8,408617476000074;49,009136134000073;1
210821;08230915212010501790;08;2;12;000;2023;09;11;6;3;5;3;0;0;1;1;0;0;0;0;459176,917299999855459;5429150,054800000041723;8,441712890000076;49,013890442000047;1
210822;08230920221011545490;08;2;21;000;2023;09;13;4;3;0;3;0;0;1;0;0;0;0;1;476437,366499999538064;5472529,176200000569224;8,675211409000042;49,404992522000043;1
210824;08230915212010495080;08;2;12;000;2023;09;08;6;3;5;3;0;0;1;1;0;0;0;0;460119,208399999886751;5427779,874700000509620;8,454733427000065;49,001627030000066;1
210825;08230915136300501270;08;1;36;070;2023;09;12;6;2;0;1;0;0;1;0;0;0;0;0;562487,755099999718368;5410549,663100000470877;9,851689256000043;48,844771199000036;1
210827;08230915136200498270;08;1;36;084;2023;09;23;6;3;7;7;2;0;1;0;0;0;0;0;594636,018600000068545;5431805,932099999859929;10,294699244000071;49,031869002000064;1
210829;08230915128200499510;08;1;28;115;2023;09;13;6;3;8;1;0;0;1;0;0;0;0;0;547556,069199999794364;5496865,207900000736117;9,658430070000065;49,622474293000039;1
210831;08230915121200521570;08;1;21;000;2023;09;17;6;3;6;7;0;0;0;1;1;0;0;0;515207,156600000336766;5443323,384400000795722;9,208507038000050;49,142548842000053;1
210832;08230915119200485580;08;1;19;020;2023;09;17;6;3;5;3;0;0;1;1;0;0;0;0;519501,664599999785423;5408479,746700000017881;9,265717156000051;48,828990111000053;1
210833;08230915118400515990;08;1;18;048;2023;09;19;6;3;5;3;0;0;1;1;0;0;0;0;511418,428000000305474;5417506,239299999549985;9,155832696000061;48,910391760000039;1
210834;08230915118400496220;08;1;18;048;2023;09;23;6;3;0;7;2;0;1;0;0;0;0;0;511780,815399999730289;5415727,197499999776483;9,160727022000060;48,894381185000043;1
210837;08230915117100553160;08;1;17;049;2023;09;15;6;3;5;7;0;0;1;0;0;0;0;1;555914,866399999707937;5392534,679700000211596;9,759663433000071;48,683349926000062;1
210840;08230915111110501920;08;1;11;000;2023;09;17;6;3;3;2;0;0;1;1;0;0;0;0;513315,090099999681115;5401911,974799999967217;9,181210458000066;48,770070655000040;1
210843;08230914435200523210;08;4;35;052;2023;09;23;5;3;0;7;2;0;1;0;0;0;0;0;521923,182000000029802;5291757,762599999085069;9,292645523000033;47,778809550000062;1
210844;08230914435100500650;08;4;35;016;2023;09;16;5;3;1;7;0;0;1;1;0;0;0;0;534782,993599999696016;5278392,262000000104308;9,463235108000049;47,657989638000060;1
210845;08230914425000516570;08;4;25;033;2023;09;18;5;3;5;3;0;0;1;1;0;0;0;0;555932,282100000418723;5344626,498199999332428;9,753492570000049;48,252382364000027;1
210847;08230914421300511320;08;4;21;000;2023;09;07;5;3;5;3;1;0;1;0;0;0;0;1;571642,804999999701977;5359709,338999999687076;9,967672094000022;48,386477125000056;1
210850;08230914335400500850;08;3;35;063;2023;09;21;5;3;0;1;2;0;1;0;0;0;0;0;497851,854100000113249;5292383,554500000551343;8,971321802000034;47,784809607000057;1
210851;08230915215502487100;08;2;15;066;2023;09;17;6;2;5;3;0;0;0;1;1;0;0;0;460298,468700000084937;5454701,621500000357628;8,454534683000077;49,243800187000033;1
210853;08230914335200551640;08;3;35;063;2023;09;10;5;3;5;3;0;0;1;1;0;0;0;0;496827,492800000123680;5287692,610999999567866;8,957680613000036;47,742598344000044;1
210854;08230914317600492200;08;3;17;029;2023;09;08;5;2;0;7;0;0;1;0;0;0;0;0;434663,164800000376999;5348431,969499999657273;8,119240189000038;48,285715321000055;1
210855;08230914317600481740;08;3;17;040;2023;09;11;5;3;0;1;0;0;1;0;0;0;0;0;432853,436400000005960;5347673,185699999332428;8,094968231000053;48,278700181000033;1
210856;08230914317500547500;08;3;17;021;2023;09;15;5;3;6;7;0;0;0;1;1;0;0;0;427624,613800000399351;5371665,432199999690056;8,020368569000027;48,493940707000036;1
210857;08230914317300509070;08;3;17;065;2023;09;18;5;3;5;2;0;0;1;1;0;0;0;0;414589,881000000052154;5354460,073799999430776;7,847475996000071;48,337546978000034;1
210861;08230914311010514010;08;3;11;000;2023;09;18;5;3;0;7;0;0;1;0;0;0;0;0;414267,780199999921024;5316903,854499999433756;7,850704377000056;47,999681487000032;1
210862;08230914436500496550;08;4;36;081;2023;09;04;5;1;9;1;2;0;1;0;0;0;0;0;564790,433100000023842;5286727,094900000840425;9,864072031000035;47,730665867000027;1
210863;08230914311010497100;08;3;11;000;2023;09;10;5;3;5;3;0;0;1;1;0;0;0;0;414749,539900000207126;5315255,283900000154972;7,857488775000036;47,984916349000059;1
210864;08230914226700551580;08;2;26;095;2023;09;17;5;3;5;3;0;0;1;1;0;0;0;0;474615,281299999915063;5460636,984699999913573;8,650854045000074;49,297950190000051;1
210865;08230914226700534870;08;2;26;041;2023;09;15;5;3;0;7;0;0;1;0;0;0;0;0;477183,509999999776483;5467039,362999999895692;8,685811095000076;49,355640712000081;1
210867;08230914222014519730;08;2;26;032;2023;09;16;5;3;0;7;0;0;1;0;0;0;0;0;466536,062500000000000;5463062,255200000479817;8,539531073000035;49,319375962000038;1
210868;08230914221011480340;08;2;21;000;2023;09;08;5;3;5;3;0;0;1;1;0;0;0;0;476920,247700000181794;5474963,861199999228120;8,681725782000058;49,426910595000038;1
210870;08230914212010492360;08;2;15;096;2023;09;17;5;3;5;3;0;0;1;0;0;0;0;1;463278,834499999880791;5417526,681800000369549;8,498856078000074;48,909592123000039;1
210874;08230914136100521130;08;1;36;088;2023;09;19;5;3;5;3;2;0;1;1;0;0;0;0;579983,143299999646842;5409788,237099999561906;10,089957317000028;48,835914840000044;1
210875;08230914128300494920;08;1;28;131;2023;09;06;5;3;0;1;1;0;1;0;0;0;0;0;535616,045099999755621;5514975,580900000408292;9,494775400000037;49,786184393000042;1
210878;08230914121200516510;08;1;21;000;2023;09;17;5;3;4;6;0;0;1;1;0;0;0;0;516891,548999999649823;5443270,663200000301003;9,231599534000054;49,142030584000054;1
210880;08230914119500519370;08;1;19;068;2023;09;16;5;2;0;7;0;0;1;1;0;0;0;0;525231,578200000338256;5413387,290100000798702;9,344090356000038;48,872930463000046;1
210881;08230914119010495300;08;1;19;020;2023;09;13;5;1;9;7;0;0;1;0;0;0;0;0;519943,474100000225008;5407549,082900000736117;9,271691639000039;48,820604023000044;1
210882;08230914118400481600;08;1;18;048;2023;09;08;5;3;3;2;0;0;1;1;0;0;0;0;513834,841400000266731;5415255,286900000646710;9,188734209000074;48,890093540000066;1
210883;08230914116500495930;08;1;16;049;2023;09;15;5;3;0;1;0;0;1;0;0;0;0;0;524301,317999999970198;5387473,359500000253320;9,329874490000066;48,639849825000056;1
210884;08230914116200515700;08;1;16;080;2023;09;13;5;2;0;7;0;0;1;0;0;0;0;0;517383,580000000074506;5397791,630000000819564;9,236405794000063;48,732903967000027;1
210885;08230914116100551540;08;1;16;037;2023;09;14;5;2;0;1;0;0;1;0;0;0;0;0;535093,198599999770522;5397413,769899999722838;9,477206818000070;48,728759084000046;1
210887;08230914111500480190;08;1;11;000;2023;09;07;5;3;5;2;0;0;1;1;0;0;0;0;518414,297399999573827;5401321,883400000631809;9,250580626000044;48,764632251000080;1
210888;08230914111320506270;08;1;11;000;2023;09;07;5;3;5;7;0;0;1;1;0;0;0;0;516244,363400000147521;5406377,965900000184774;9,221252411000023;48,810176594000040;1
210889;08230913436500496120;08;4;36;010;2023;09;13;4;3;6;4;0;0;0;1;1;0;0;0;566486,083700000308454;5306457,013499999418855;9,889710821000051;47,907991415000026;1
210891;08230913425000491700;08;4;25;033;2023;09;20;4;3;0;1;2;1;1;0;0;0;0;0;553908,028300000354648;5348144,994599999859929;9,726673739000034;48,284210353000049;1
210893;08230913416200549200;08;4;16;041;2023;09;07;4;3;4;2;0;0;1;1;0;0;0;0;502754,297500000335276;5375489,467499999329448;9,037308665000069;48,532505873000048;1
210895;08230913416010487680;08;4;16;041;2023;09;19;4;3;4;6;2;0;1;0;0;0;0;1;504408,758899999782443;5374683,377699999138713;9,059710832000064;48,525244563000058;1
210897;08230913317010482640;08;3;17;059;2023;09;10;4;2;5;3;0;0;1;1;0;0;0;0;412585,996100000105798;5351906,744500000029802;7,820971003000068;48,314306296000041;1
210899;08230913311010477750;08;3;36;050;2023;09;12;4;3;0;7;0;0;1;0;0;0;0;0;399511,627000000327826;5274580,486300000920892;7,662750668000058;47,616832845000033;1
210900;08230913226700519070;08;2;26;098;2023;09;11;4;3;2;6;0;0;1;1;0;0;0;0;475760,039499999955297;5459789,768300000578165;8,666650361000052;49,290375973000039;1
210901;08230913226700492690;08;2;26;095;2023;09;07;4;3;6;4;0;0;0;0;1;0;0;1;473783,901999999769032;5462367,080800000578165;8,639305760000070;49,313477221000028;1
210904;08230913222200549190;08;2;22;000;2023;09;07;4;3;5;3;0;0;1;1;0;0;0;0;462741,468399999663234;5480264,681199999526143;8,485705835000033;49,473885670000072;1
210905;08230913216100498680;08;3;17;151;2023;09;18;4;3;0;1;0;0;1;0;0;0;0;0;411959,074099999852479;5367604,658600000664592;7,809227476000046;48,455416432000050;1
210907;08230913212010508230;08;2;12;000;2023;09;22;4;2;0;1;2;0;1;0;0;0;0;0;451005,302000000141561;5428598,502499999478459;8,330033665000030;49,008334455000067;1
210908;08230913136300549340;08;1;36;065;2023;09;20;4;2;0;1;2;0;1;0;0;0;0;0;555320,400799999944866;5407158,370500000193715;9,753552190000050;48,814946401000043;1
210909;08230913136300509030;08;1;36;028;2023;09;12;4;3;6;4;0;0;0;1;1;0;0;0;568591,838800000026822;5405161,941199999302626;9,933974135000028;48,795665690000078;1
210911;08230913126100510410;08;1;26;060;2023;09;07;4;2;6;4;0;0;0;1;1;0;0;0;544740,287499999627471;5461102,063799999654293;9,615405349000071;49,301022469000031;1
210912;08230913121200479550;08;1;21;000;2023;09;16;4;3;5;3;0;0;1;1;0;0;0;0;515437,644399999640882;5441639,120799999684095;9,211602761000051;49,127392562000068;1
210914;08230913118010523900;08;1;18;079;2023;09;14;4;2;5;3;0;0;1;1;0;0;0;0;508941,247600000351667;5422237,970100000500679;9,122129309000059;48,952997730000050;1
210915;08230913118010505660;08;1;15;010;2023;09;08;4;2;0;7;0;0;1;0;0;0;0;0;487338,421000000089407;5388425,688599999994040;8,828097155000023;48,648761238000077;1
210919;08230913115200494150;08;1;15;021;2023;09;11;4;3;6;7;0;1;1;0;1;0;0;0;490625,411000000312924;5382217,882799999788404;8,872863925000047;48,592972598000074;1
210922;08230912436400475600;08;4;36;082;2023;09;09;3;3;5;3;0;0;1;1;0;0;0;0;547838,851800000295043;5294758,531899999827147;9,638900127000056;47,804404097000031;1
210924;08230912426100494500;08;4;26;021;2023;09;13;3;3;4;2;0;0;1;1;0;0;0;0;558694,477199999615550;5327776,979100000113249;9,788372541000058;48,100553330000025;1
210925;08230913435100478580;08;4;35;029;2023;09;10;4;3;0;1;0;0;1;0;0;0;0;0;544829,242499999701977;5271601,288499999791384;9,596327624000025;47,596271127000080;1
210926;08230912426100488770;08;4;26;117;2023;09;18;3;3;0;1;0;0;1;0;0;0;0;0;581214,799899999983609;5319133,910199999809265;10,089170712000055;48,020331925000050;1
210928;08230912415300546850;08;4;15;019;2023;09;07;3;3;4;6;0;0;1;0;0;0;0;0;517174,372999999672174;5370033,077999999746680;9,232411975000048;48,483189478000043;1
210931;08230912336400515880;08;3;36;091;2023;09;11;3;3;0;1;0;0;1;0;0;0;0;0;396517,148500000126660;5272023,399499999359250;7,623517004000064;47,593359941000074;1
210932;08230912336400476420;08;3;36;014;2023;09;18;3;3;0;7;0;0;1;0;0;0;0;0;392559,169400000013411;5278123,478800000622869;7,569389900000033;47,647586283000066;1
210934;08230912335300475210;08;3;35;075;2023;09;05;3;3;5;3;2;0;1;1;0;0;0;0;489067,136699999682605;5288361,337099999189377;8,854145427000049;47,748530390000042;1
210936;08230912316200499550;08;3;16;056;2023;09;09;3;3;5;3;0;0;1;1;0;0;0;0;422112,990799999795854;5327196,085599999874830;7,953982259000043;48,093270431000064;1
210940;08230912311400476780;08;3;15;048;2023;09;13;3;3;1;5;0;0;1;1;0;0;0;0;397171,893099999986589;5310125,854699999094009;7,623207475000072;47,936194683000053;1
210941;08230912311010501360;08;3;11;000;2023;09;16;3;3;6;4;0;0;0;1;1;0;0;0;414168,395899999886751;5316587,933700000867248;7,849435540000059;47,996826326000075;1
210945;08230912226600552920;08;2;26;082;2023;09;11;3;3;5;2;0;0;1;1;0;0;0;0;475489,675300000235438;5480408,388900000602007;8,661661376000040;49,475826801000039;1
210946;08230920335100500500;08;3;35;043;2023;09;07;4;3;3;6;0;0;1;0;0;0;0;0;513812,841400000266731;5280272,862400000914931;9,184019594000063;47,675698319000048;1
210947;08230912226600509790;08;2;26;082;2023;09;16;3;3;5;3;1;0;1;1;0;0;0;0;475005,575299999676645;5480528,210899999365211;8,654971452000041;49,476884826000060;1
210948;08230912225200534770;08;2;25;014;2023;09;18;3;2;0;1;0;0;1;0;0;0;0;1;522508,014299999922514;5485101,207599999383092;9,310966666000070;49,518114867000065;1
210950;08230912221011546780;08;2;21;000;2023;09;14;3;2;0;7;0;0;1;0;0;0;0;0;476549,312800000421703;5473173,136199999600649;8,676716425000052;49,410789160000036;1
210951;08230912216100473430;08;2;16;005;2023;09;07;3;3;0;7;0;0;1;0;0;0;0;0;445337,031200000084937;5417982,470699999481440;8,253956425000069;48,912368110000045;1
210952;08230912215302475460;08;2;15;089;2023;09;18;3;3;8;6;0;0;1;0;0;1;0;0;468293,381000000052154;5431569,080000000074506;8,566194170000074;49,036186192000059;1
210953;08230912212302786700;08;2;12;000;2023;09;18;3;3;4;6;0;0;1;0;0;0;0;0;456646,607800000347197;5430287,263499999418855;8,406989328000066;49,023947147000058;1
210954;08230912212102546770;08;2;12;000;2023;09;14;3;3;0;7;0;0;1;0;0;0;0;0;459960,987499999813735;5424697,300400000065565;8,452873948000047;48,973888338000052;1
210955;08230912212010480250;08;2;12;000;2023;09;13;3;2;0;5;0;0;1;0;0;0;0;0;456880,835300000384450;5427829,987800000235438;8,410454101000028;49,001860078000050;1
210956;08230912212010477740;08;2;12;000;2023;09;16;3;2;5;3;0;0;1;1;0;0;0;0;451628,200000000186265;5428840,953500000759959;8,338521847000038;49,010564442000032;1
210957;08230912136100476760;08;1;36;021;2023;09;17;3;3;0;7;0;0;1;0;0;0;0;0;572988,078399999998510;5407750,424699999392033;9,994286206000027;48,818447425000045;1
210958;08230912121600493850;08;1;25;046;2023;09;15;3;3;0;7;0;0;1;0;0;0;0;0;519160,336299999617040;5434549,470899999141693;9,262292715000058;49,063513727000043;1
210959;08230913335300508550;08;3;35;100;2023;09;11;4;3;5;2;0;0;1;1;0;0;0;0;487906,108500000089407;5286387,763499999418855;8,838711144000058;47,730752311000060;1
210960;08230912121400519240;08;1;25;058;2023;09;19;3;2;6;4;0;0;0;1;1;0;0;0;509004,103299999609590;5445007,414000000804663;9,123494199000049;49,157819553000081;1
210963;08230912119300488660;08;1;19;067;2023;09;14;3;3;8;7;0;0;1;0;0;0;0;0;539179,097199999727309;5406939,643799999728799;9,533672998000043;48,814206407000029;1
210964;08230912119200556530;08;1;19;093;2023;09;16;3;3;5;2;0;0;1;1;0;0;0;0;525107,464999999850988;5404161,818600000813603;9,341832790000069;48,789945740000064;1
210965;08230912118400476680;08;1;18;048;2023;09;13;3;3;0;7;0;0;1;0;0;0;0;0;513709,803899999707937;5416734,063899999484420;9,187078097000040;48,903398998000057;1
210967;08230912116400477990;08;1;16;070;2023;09;15;3;3;5;3;0;0;1;0;0;0;0;1;538497,182000000029802;5386323,864000000059605;9,522460454000054;48,628796128000033;1
210969;08230912111500488790;08;1;11;000;2023;09;18;3;3;6;4;0;0;1;0;1;0;0;0;512834,031700000166893;5402294,885600000619888;9,174675520000051;48,773525402000075;1
210971;08230912111110488380;08;1;11;000;2023;09;13;3;3;0;7;0;0;1;0;0;0;0;0;512851,674800000153482;5402576,364600000903010;9,174924444000055;48,776057203000050;1