OID_;UIDENTSTLAE;ULAND;UREGBEZ;UKREIS;UGEMEINDE;UJAHR;UMONAT;USTUNDE;UWOCHENTAG;UKATEGORIE;UART;UTYP1;ULICHTVERH;IstStrassenzustand;IstRad;IstPKW;IstFuss;IstKrad;IstGkfz;IstSonstige;LINREFX;LINREFY;XGCSWGS84;YGCSWGS84;PLST
210972;08230911436500487510;08;4;36;055;2023;09;16;2;2;0;1;0;0;1;0;0;0;0;0;577282,177899999544024;5298515,430999999865890;10,032740011000044;47,835339428000054;1
210977;08230911415400472530;08;4;15;061;2023;09;08;2;3;5;7;0;0;1;1;0;0;0;0;513856,778199999593198;5372331,063899999484420;9,187593196000023;48,503944889000081;1
210978;08230911335100471520;08;3;35;043;2023;09;16;2;2;8;1;0;0;1;0;0;0;0;0;513426,324799999594688;5279255,567600000649691;9,178839034000021;47,666553188000080;1
210979;08230911335100470390;08;3;35;043;2023;09;07;2;3;0;1;0;0;1;0;0;0;0;0;512809,691399999894202;5278724,933299999684095;9,170609940000077;47,661791220000055;1
210980;08230911325000506590;08;3;25;014;2023;09;08;2;3;0;7;0;0;0;1;1;0;0;0;462517,236999999731779;5343186,775000000372529;8,495165399000030;48,240789980000045;1
210981;08230911317300470510;08;3;17;114;2023;09;09;2;3;5;7;0;0;1;1;0;0;0;0;405897,012600000016391;5346585,736800000071526;7,731958636000059;48,265486262000081;1
210982;08230911316100503010;08;3;16;011;2023;09;07;2;3;0;3;1;0;1;0;0;0;0;0;415158,935999999754131;5329182,115900000557303;7,860213194000039;48,110247293000043;1
210985;08230911311010503490;08;3;11;000;2023;09;11;2;3;5;3;0;0;1;1;0;0;0;0;410417,657200000248849;5315669,913499999791384;7,799360039000021;47,988053994000040;1
210986;08230911311010474780;08;3;11;000;2023;09;17;2;3;0;7;0;0;1;0;0;0;0;0;410825,055200000293553;5315330,073000000789762;7,804889598000045;47,985053980000032;1
210987;08230911231000544370;08;2;31;000;2023;09;16;2;2;5;3;0;0;1;1;0;0;0;0;479013,159599999897182;5415632,698000000789762;8,713680253000064;48,893287655000051;1
210988;08230911222400503450;08;2;26;038;2023;09;08;2;3;5;3;0;0;1;1;0;0;0;0;471481,467799999751151;5480365,031600000336766;8,606336793000025;49,475261755000076;1
210989;08230911222014499270;08;2;22;000;2023;09;12;2;2;6;4;0;1;0;1;1;0;0;0;463343,918100000359118;5478240,828099999576807;8,494208765000053;49,455718720000050;1
210990;08230911221011531390;08;2;21;000;2023;09;10;2;3;3;6;0;0;1;0;0;0;0;1;475799,762400000356138;5470656,340299999341369;8,666536865000069;49,388121636000051;1
210993;08230911215102479670;08;2;15;102;2023;09;09;2;3;0;4;0;0;0;0;1;1;0;0;455278,257899999618530;5436247,131799999624491;8,387615330000074;49,077458601000046;1
210994;08230911212502475740;08;2;12;000;2023;09;16;2;3;5;3;0;0;1;1;0;0;0;0;454749,212299999780953;5427907,540699999779463;8,381302625000046;49,002405084000031;1
210998;08230911136100499380;08;1;36;088;2023;09;08;2;3;3;2;0;0;1;0;0;0;1;0;577775,080099999904633;5408561,754000000655651;10,059640080000065;48,825163961000044;1
211001;08230911128200472990;08;1;28;115;2023;09;17;2;3;5;3;0;0;1;0;0;0;0;1;548895,666000000201166;5495426,258999999612570;9,676796647000060;49,609425386000055;1
211004;08230911121600471930;08;1;25;021;2023;09;11;2;3;0;7;0;0;1;0;0;0;0;0;523442,948699999600649;5447728,952600000426173;9,321683954000036;49,181918775000042;1
211005;08230911121500507320;08;1;25;065;2023;09;18;2;2;6;4;0;0;0;1;1;0;0;0;516006,451999999582767;5446470,959499999880791;9,219591311000045;49,170841930000051;1
211007;08230911121200475480;08;1;21;000;2023;09;15;2;3;6;2;0;0;0;1;1;0;0;0;515768,701700000092387;5444407,867200000211596;9,216248839000059;49,152289953000036;1
211009;08230911116200507470;08;1;16;077;2023;09;17;2;3;1;6;0;0;1;1;0;0;0;0;515188,069799999706447;5388669,421199999749660;9,206213058000060;48,650897585000052;1
211011;08230911116010502230;08;1;16;070;2023;09;10;2;2;6;4;0;0;0;1;1;0;0;0;539607,785000000149012;5384853,327999999746680;9,537391749000051;48,615498106000075;1
211013;08230915317500491760;08;3;17;009;2023;09;11;6;3;5;3;0;0;1;1;0;0;0;0;425235,588100000284612;5362894,007500000298023;7,989604133000057;48,414761402000067;1
211014;08230911111500475870;08;1;11;000;2023;09;16;2;3;5;3;0;0;1;1;0;0;0;0;510650,448800000362098;5406394,693399999290705;9,145062611000071;48,810448129000065;1
211015;08230911111500474010;08;1;11;000;2023;09;17;2;3;4;2;0;0;1;1;0;0;0;0;518525,388000000268221;5402885,827999999746680;9,252162768000062;48,778698023000061;1
211016;08230911111500472880;08;1;11;000;2023;09;17;2;3;5;3;0;0;1;1;0;0;0;0;511938,160099999979138;5405221,893200000748038;9,162567487000047;48,799874347000070;1
211017;08230911111250502560;08;1;11;000;2023;09;14;2;3;4;6;0;0;1;1;0;0;0;0;514962,680499999783933;5401454,563599999994040;9,203616406000037;48,765918383000042;1
211018;08230911111140475820;08;1;11;000;2023;09;15;2;3;0;1;0;0;1;0;0;0;0;0;513282,483099999837577;5402996,165999999269843;9,180801718000055;48,779824654000038;1
211021;08230910435100467900;08;4;35;057;2023;09;00;1;1;4;6;2;0;1;0;1;0;0;0;542332,909400000236928;5279504,828199999406934;9,563887059000024;47,667549706000045;1
211022;08230922231302548530;08;2;31;000;2023;09;21;6;3;6;4;2;0;0;1;1;0;0;0;475640,210900000296533;5416582,294600000604987;8,667607831000055;48,901706442000034;1
211023;08230914115400494850;08;1;15;045;2023;09;19;5;3;5;3;1;0;1;1;0;0;0;0;497548,529400000348687;5396125,870200000703335;8,966671295000026;48,718156392000026;1
211024;08230910426010483900;08;4;26;097;2023;09;15;1;3;4;3;0;0;1;0;0;0;0;0;535431,551300000399351;5333324,455900000408292;9,476385726000046;48,152180947000033;1
211025;08230910425000483040;08;4;25;108;2023;09;18;1;3;7;7;0;0;1;0;0;0;0;1;547647,110799999907613;5361073,174599999561906;9,643746075000024;48,401015595000047;1
211026;08230910421200497750;08;4;21;000;2023;09;00;1;3;0;1;2;0;1;0;0;0;0;0;573131,586699999868870;5360918,960400000214577;9,987988479000023;48,397187077000069;1
211027;08230910416100779490;08;4;16;036;2023;09;14;1;3;2;6;0;0;1;1;0;0;0;0;496375,777999999932945;5368900,721000000834465;8,950964882000051;48,473226496000052;1
211029;08230910337101483270;08;3;37;116;2023;09;15;1;2;0;7;0;0;1;0;0;0;0;1;417437,139999999664724;5275122,463999999687076;7,901142162000042;47,624241051000070;1
211031;08230910337010488190;08;3;37;128;2023;09;10;1;3;0;7;0;0;1;0;0;0;0;0;441904,110299999825656;5286614,981300000101328;8,225215216000038;47,730294668000056;1
211032;08230910317200497260;08;3;17;153;2023;09;20;1;3;4;2;2;0;1;1;0;0;0;0;422202,338000000454485;5390931,712300000712276;7,943382250000070;48,666588100000070;1
211033;08230910317010499560;08;3;17;150;2023;09;18;1;2;2;6;0;0;1;0;0;0;0;0;407612,018799999728799;5359905,341099999845028;7,752143177000050;48,385542507000025;1
211035;08230910311010469140;08;3;11;000;2023;09;20;1;3;0;7;1;0;1;0;0;0;0;0;411960,052099999971688;5314472,464999999850988;7,820273112000052;47,977496771000062;1
211036;08230910231402529480;08;2;31;000;2023;09;00;1;3;1;5;2;0;1;1;0;0;0;0;478014,024000000208616;5411724,023600000888109;8,700259556000049;48,858091791000049;1
211037;08230910231102497660;08;2;36;040;2023;09;01;1;3;0;7;2;0;1;0;0;0;0;0;489096,796000000089407;5422498,734999999403954;8,851065254000048;48,955311997000081;1
211043;08230910216100485140;08;2;16;009;2023;09;13;1;3;5;3;0;0;1;1;0;0;0;0;446599,185899999924004;5420483,182700000703335;8,270853505000048;48,934972171000027;1
211046;08230910212010539150;08;2;15;017;2023;09;02;1;3;0;7;2;0;1;0;0;0;0;0;455979,893000000156462;5421505,000000000000000;8,398821204000058;48,944902194000065;1
211047;08230910126100472710;08;1;26;056;2023;09;12;1;3;8;7;0;0;1;0;0;0;0;0;557922,417600000277162;5465294,503299999982119;9,797318551000046;49,337622531000079;1
211048;08230910121100470580;08;1;25;006;2023;09;12;1;3;0;7;0;0;1;0;0;0;0;0;504458,422699999995530;5454198,625600000843406;9,061250784000038;49,240547098000036;1
211049;08230910119200477860;08;1;19;020;2023;09;21;1;3;1;5;2;0;1;1;0;0;0;0;520071,871600000187755;5407092,135700000450015;9,273418430000049;48,816489283000067;1
211051;08230910116500516440;08;1;16;011;2023;09;20;1;2;0;7;2;0;1;0;0;0;0;0;529919,231999999843538;5379704,297000000253320;9,405572191000033;48,569715615000064;1
211052;08230910116500469770;08;1;16;049;2023;09;11;1;2;0;7;0;0;1;0;0;0;0;0;525243,098000000230968;5385830,369999999180436;9,342558233000034;48,625032118000036;1
211053;08230910111500568650;08;1;11;000;2023;09;20;1;2;0;5;2;0;1;1;0;0;0;0;517033,935999999754131;5405249,823799999430776;9,231959695000057;48,800006857000028;1
211054;08230910111500471530;08;1;11;000;2023;09;18;1;3;4;6;0;0;1;0;0;0;0;0;516476,855800000019372;5406804,721300000324845;9,224436127000047;48,814009497000029;1
211057;08230909436400495880;08;4;36;082;2023;09;13;7;3;6;3;0;0;1;0;1;0;0;0;547534,721099999733269;5294250,702199999243021;9,634782977000043;47,799857715000030;1
211059;08230909436300790310;08;4;36;094;2023;09;19;7;3;0;1;0;0;1;0;0;0;0;0;574108,538499999791384;5280393,021900000050664;9,987247742000022;47,672679666000079;1
211060;08230909435200467000;08;4;35;059;2023;09;13;7;3;0;1;0;0;1;0;0;0;0;0;512666,090400000102818;5290868,951300000771880;9,169050414000026;47,771061001000078;1
211061;08230909435100469740;08;4;35;016;2023;09;15;7;3;0;1;0;0;1;0;0;0;0;0;530091,532999999821186;5282227,482000000774860;9,401020893000066;47,692732190000072;1
211063;08230909426300466770;08;4;26;013;2023;09;07;7;3;0;7;0;0;1;1;0;0;0;0;545396,003999999724329;5323537,132999999448657;9,609311472000059;48,063495901000067;1
211064;08230909426010469890;08;4;26;021;2023;09;16;7;3;0;1;0;0;1;0;0;0;0;0;559460,739299999549985;5328690,194599999114871;9,798791079000068;48,108697686000028;1
211065;08230909425000466710;08;4;25;033;2023;09;07;7;3;5;3;0;0;1;1;0;0;0;0;554195,332999999634922;5348314,448999999091029;9,730567986000040;48,285710231000053;1
211066;08230909417300468070;08;4;17;013;2023;09;11;7;3;1;5;0;0;1;1;0;0;0;0;510787,229100000113249;5355896,162799999117851;9,145614722000062;48,356148820000044;1
211067;08230909416200511900;08;4;16;041;2023;09;13;7;3;5;3;0;0;1;0;0;0;0;0;503492,163900000043213;5374176,211300000548363;9,047292517000074;48,520687679000048;1
211068;08230909416200467210;08;4;16;041;2023;09;14;7;3;4;3;0;0;1;0;0;0;0;0;504409,048000000417233;5372066,588999999687076;9,059687090000068;48,501702948000059;1
211069;08230909416100539130;08;4;16;036;2023;09;19;7;3;0;1;0;0;1;0;0;0;0;0;495264,041100000031292;5369252,414000000804663;8,935919292000051;48,476383089000080;1
211070;08230909416010481380;08;4;15;059;2023;09;19;7;3;5;3;0;0;1;1;0;0;0;0;518156,076000000350177;5368273,237800000235438;9,245620301000031;48,467329736000067;1
211071;08230909415300498360;08;4;15;019;2023;09;18;7;3;6;7;0;0;0;0;1;0;0;1;518723,328200000338256;5370227,769300000742078;9,253381710000042;48,484896754000033;1
211074;08230909336300467620;08;3;36;081;2023;09;09;7;3;5;3;0;0;1;1;0;0;0;0;411738,379200000315905;5278272,307900000363588;7,824675911000043;47,651825118000033;1
211075;08230909335100467550;08;3;35;066;2023;09;23;7;3;8;1;2;0;1;0;0;0;0;0;506135,652499999850988;5281858,707699999213219;9,081763816000034;47,690085689000057;1
211076;08230909335010481490;08;3;35;075;2023;09;19;7;3;6;4;2;0;0;1;1;0;0;0;488286,118999999947846;5291130,028000000864267;8,843651340000065;47,773428056000057;1
211078;08230909327100480330;08;3;27;050;2023;09;10;7;3;5;4;0;0;0;1;1;0;0;0;486217,278300000354648;5314520,291200000792742;8,815291535000028;47,983837080000058;1
211079;08230909326400469680;08;3;26;074;2023;09;12;7;3;5;2;0;0;1;1;0;0;0;0;458546,384200000204146;5322890,004599999636412;8,443663836000042;48,057942313000069;1
211080;08230909326200541770;08;3;26;074;2023;09;18;7;3;5;3;0;0;1;1;0;0;0;0;465480,175300000235438;5323652,753100000321865;8,536655055000040;48,065217484000073;1
211082;08230909317100481420;08;3;17;089;2023;09;08;7;3;5;5;0;0;1;1;0;0;0;0;430951,876899999566376;5376612,253200000151992;8,064579190000075;48,538812682000071;1
211085;08230909311400491910;08;3;15;006;2023;09;15;7;3;0;1;0;0;1;0;0;0;0;0;402857,858400000259280;5307770,610500000417233;7,699848591000034;47,915896642000064;1
211086;08230909311010536300;08;3;11;000;2023;09;00;7;3;0;7;2;0;1;0;0;0;0;0;414503,725200000219047;5316120,073699999600649;7,854022869000062;47,992662671000062;1
211087;08230909311010495630;08;3;11;000;2023;09;15;7;2;6;4;0;0;0;1;1;0;0;0;411638,381000000052154;5317811,873999999836087;7,815276232000031;48,007491325000046;1
211088;08230909311010469170;08;3;11;000;2023;09;13;7;3;7;7;0;0;1;0;0;0;0;0;413224,264499999582767;5315253,148800000548363;7,837052064000034;47,984692026000062;1
211089;08230909311010468990;08;3;11;000;2023;09;13;7;3;0;1;0;0;1;0;0;0;0;0;415771,275000000372529;5315377,785099999979138;7,871155085000055;47,986153673000047;1
211090;08230909231102491540;08;2;36;046;2023;09;17;7;3;4;6;0;0;1;1;0;0;0;0;486725,788700000382960;5416890,026100000366569;8,818860711000070;48,904811479000045;1
211091;08230909226400536340;08;2;26;063;2023;09;04;7;3;0;1;2;0;1;0;0;0;0;0;471613,798600000329316;5471555,703900000080466;8,608794148000072;49,396030483000061;1
211092;08230909222200564720;08;2;22;000;2023;09;02;7;3;0;7;2;0;1;0;0;0;0;0;460065,450000000186265;5482816,673499999567866;8,448511678000045;49,496669288000078;1
211093;08230909222014480050;08;2;22;000;2023;09;18;7;3;1;5;0;0;1;1;0;0;0;0;461258,986700000241399;5483229,544999999925494;8,464952932000074;49,500460234000059;1
211095;08230909221400539210;08;2;21;000;2023;09;14;7;3;5;3;0;0;1;1;0;0;0;0;476076,665500000119209;5469739,929600000381470;8,670407478000072;49,379889586000047;1
211097;08230909216300484310;08;2;16;033;2023;09;15;7;3;5;7;0;0;1;1;0;0;0;0;447076,822200000286102;5413470,064699999988079;8,278283687000055;48,871929848000036;1
211098;08230909216200467140;08;2;16;007;2023;09;13;7;3;5;3;0;0;1;0;0;0;0;1;435995,529600000008941;5393721,369300000369549;8,130259177000028;48,693247185000075;1
211101;08230909212702539060;08;2;15;017;2023;09;16;7;3;1;5;0;0;1;1;0;0;0;0;456867,929899999871850;5421548,990599999204278;8,410943712000062;48,945360468000047;1
211104;08230914335200505160;08;3;35;025;2023;09;15;5;3;0;1;0;0;1;0;0;0;0;0;498765,928500000387430;5281110,586999999359250;8,983556848000035;47,683382290000054;1
211106;08230909212010497800;08;2;12;000;2023;09;12;7;3;5;2;0;0;1;1;0;0;0;0;457896,325299999676645;5428041,346499999985099;8,424315710000030;49,003831387000048;1
211107;08230909212010492520;08;2;12;000;2023;09;19;7;3;5;2;0;0;1;1;0;0;0;0;456879,483900000341237;5427895,093599999323487;8,410428712000055;49,002445619000071;1
211109;08230909136100480260;08;1;36;088;2023;09;18;7;3;0;1;0;0;1;0;0;0;0;0;580268,736899999901652;5410432,031700000166893;10,093974561000039;48,841668418000040;1
211110;08230909119200481700;08;1;19;020;2023;09;11;7;2;0;1;0;0;1;0;0;0;0;0;521139,934299999848008;5404986,100099999457598;9,287858902000039;48,797508371000049;1
211112;08230909118100468360;08;1;18;079;2023;09;13;7;3;0;7;0;0;1;0;0;0;0;0;509642,484500000253320;5422890,509700000286102;9,131722997000054;48,958857217000059;1
211113;08230909118010500170;08;1;15;003;2023;09;10;7;1;6;2;0;0;0;1;1;0;0;0;500731,429800000041723;5391802,974300000816584;9,009936419000041;48,679271627000048;1
211115;08230909116010467100;08;1;16;056;2023;09;13;7;2;2;7;0;0;1;1;0;0;0;0;531529,771599999628961;5395805,146700000390410;9,428628891000074;48,714478713000062;1
211117;08230909115300497180;08;1;15;050;2023;09;11;7;3;5;3;0;0;1;1;0;0;0;0;486643,332299999892712;5402361,990000000223517;8,818209084000046;48,774118068000064;1
211118;08230909111500501050;08;1;11;000;2023;09;17;7;3;3;6;0;0;1;1;0;0;0;0;506790,333499999716878;5405778,724799999967217;9,092476475000069;48,804961105000075;1
211119;08230909111240495680;08;1;11;000;2023;09;14;7;3;0;1;0;0;1;0;0;0;0;0;514042,938500000163913;5402947,884099999442697;9,191151361000038;48,779373612000029;1
211121;08230908436300464870;08;4;36;049;2023;09;12;6;3;5;3;0;0;1;1;0;0;0;0;577493,692999999970198;5282282,246999999508262;10,032671562000075;47,689278718000025;1
211122;08230908435200466490;08;4;35;059;2023;09;15;6;3;5;3;0;0;1;1;0;0;0;0;514750,648599999956787;5288829,189699999988079;9,196802982000065;47,752663879000067;1
211123;08230908435100476970;08;4;35;016;2023;09;09;6;2;0;1;0;0;1;0;0;0;0;0;531104,434899999760091;5282196,190400000661612;9,414516945000059;47,692402678000064;1
211124;08230908421300466180;08;4;21;000;2023;09;08;6;3;3;2;0;0;1;1;0;0;0;0;570328,623399999924004;5363840,327800000086427;9,950616432000061;48,423784569000077;1
211125;08230920311200665620;08;3;11;000;2023;09;17;4;2;0;1;0;0;1;0;0;0;0;0;412904,508799999952316;5318064,634099999442697;7,832197047000022;48,009938779000038;1
211126;08230908417300476130;08;4;17;008;2023;09;11;6;3;0;1;0;0;1;0;0;0;0;0;494017,787100000306964;5350481,732799999415874;8,919324046000042;48,307500870000069;1
211128;08230908415200536240;08;4;15;093;2023;09;17;6;3;6;3;0;0;0;1;1;0;0;0;528191,637000000104308;5364130,181600000709295;9,381102519000024;48,429687834000049;1
211130;08230908335300493320;08;3;35;075;2023;09;11;6;3;0;6;0;0;1;0;0;0;0;1;488786,246299999766052;5289713,059299999848008;8,850363236000021;47,760687745000041;1
211131;08230908317500465330;08;3;17;096;2023;09;11;6;3;7;1;0;0;1;0;0;0;0;0;420809,592400000430644;5370375,153400000184774;7,928385034000030;48,481512904000056;1
211133;08230908317010492760;08;3;17;127;2023;09;15;6;2;5;3;0;0;1;1;0;0;0;0;421160,281000000424683;5352347,443199999630451;7,936515647000022;48,319397717000072;1
211134;08230908311010505780;08;3;11;000;2023;09;17;6;3;1;5;0;0;1;1;0;0;0;0;413728,691700000315905;5317462,981399999931455;7,843366627000023;48,004638505000059;1
211135;08230908311010497740;08;3;11;000;2023;09;18;6;3;1;5;0;0;1;1;0;0;0;0;412432,220499999821186;5317845,488900000229478;7,825910584000042;48,007902963000049;1
211137;08230908311010474340;08;3;11;000;2023;09;11;6;3;3;2;0;0;1;0;0;0;0;0;414292,978099999949336;5317791,437999999150634;7,850864758000057;48,007669008000050;1
211138;08230908237100477160;08;2;37;028;2023;09;11;6;3;1;1;0;0;1;1;0;0;0;0;456261,671600000001490;5368598,272299999371171;8,408275679000042;48,468994886000075;1
211139;08230908237100477090;08;2;37;028;2023;09;06;6;3;5;3;0;0;1;1;0;0;0;0;456941,567800000309944;5368407,238399999216199;8,417492986000070;48,467323269000076;1
211140;08230908235100494170;08;2;35;085;2023;09;10;6;2;5;3;0;0;1;1;0;0;0;0;478122,688599999994040;5394692,022800000384450;8,702647442000057;48,704878521000069;1
211141;08230908231202523870;08;2;36;004;2023;09;08;6;3;0;7;0;0;1;0;1;0;0;0;473348,101300000213087;5413272,209300000220537;8,636548217000040;48,871835813000075;1
211144;08230908231000467240;08;2;36;074;2023;09;16;6;3;2;6;0;0;1;0;0;1;0;0;473381,641999999992549;5419673,857000000774860;8,636588341000049;48,929423860000043;1
211147;08230908215202466230;08;2;15;100;2023;09;10;6;2;0;7;0;0;1;0;0;0;0;0;474949,138199999928474;5451732,230499999597669;8,656003016000057;49,217865263000078;1
211149;08230908127202479170;08;1;27;014;2023;09;07;6;3;5;3;0;0;1;1;0;0;0;0;578413,497100000269711;5443187,024900000542402;10,075014253000063;49,136505842000076;1
211151;08230908121100492870;08;1;25;026;2023;09;19;6;2;4;6;0;0;1;0;0;0;0;0;490549,734100000001490;5442947,331599999219179;8,870434882000040;49,139281663000077;1
211152;08230908118010492940;08;1;18;081;2023;09;22;6;2;0;1;2;0;1;0;0;0;0;0;519766,190299999900162;5412973,455199999734759;9,269538258000068;48,869406041000047;1
211153;08230908118010485920;08;1;18;048;2023;09;08;6;3;5;3;0;0;1;1;0;0;0;0;516287,400100000202656;5415510,212700000032783;9,222201810000058;48,892327170000044;1
211154;08230908117300464690;08;1;17;026;2023;09;09;6;3;7;1;0;0;1;0;0;0;0;0;548161,345399999991059;5394752,489800000563264;9,654589870000052;48,703946687000041;1
211156;08230908116100466860;08;1;16;014;2023;09;17;6;2;8;1;0;0;1;0;0;0;0;0;527719,179899999871850;5395185,942099999636412;9,376785770000026;48,709089486000039;1
211159;08230908115100493710;08;1;15;024;2023;09;10;6;3;5;3;0;0;1;1;0;0;0;0;500671,764399999752641;5387812,007500000298023;9,009119390000023;48,643368367000051;1
211162;08230908111230465290;08;1;11;000;2023;09;05;6;3;6;6;2;0;0;1;1;0;0;0;508083,371000000275671;5396776,639000000432134;9,109909262000031;48,723963145000027;1
211165;08230907436500488400;08;4;36;049;2023;09;17;5;3;4;1;0;0;1;0;0;1;0;0;580951,898099999874830;5281612,287000000476837;10,078622660000065;47,682827747000033;1
211168;08230907417300464430;08;4;17;025;2023;09;15;5;3;5;3;0;0;1;1;0;0;0;0;485649,557599999941885;5359019,292400000616908;8,806179803000020;48,384175286000072;1
211169;08230907417010464330;08;4;17;002;2023;09;17;5;3;5;3;0;0;1;0;0;0;1;0;489610,005400000140071;5344400,954600000753999;8,860030502000029;48,252736756000047;1
211170;08230907416200536130;08;4;16;041;2023;09;16;5;3;6;4;0;0;1;0;1;0;0;0;504281,456399999558926;5374110,926100000739098;9,057980810000061;48,520095463000075;1
211171;08230920311300504600;08;3;15;064;2023;09;16;4;3;5;3;0;0;1;0;0;1;0;0;421829,470999999903142;5313243,887599999085069;7,952721573000076;47,967726891000041;1
211172;08230907416200463900;08;4;16;041;2023;09;20;5;3;6;4;2;0;1;0;1;0;0;0;504174,394999999552965;5372705,842000000178814;9,056516892000047;48,507455520000065;1
211173;08230907416100530370;08;4;16;006;2023;09;18;5;3;7;7;0;0;1;0;0;0;0;1;497429,894299999810755;5360305,504300000146031;8,965279622000025;48,395904803000064;1
211176;08230907337010494610;08;3;37;126;2023;09;10;5;3;6;7;0;0;0;0;1;0;0;1;440582,596499999985099;5274693,365000000223517;8,209215167000025;47,622917500000028;1
211178;08230907335300488170;08;3;35;075;2023;09;18;5;3;5;2;0;0;1;1;0;0;0;0;488816,970999999903142;5287798,474999999627471;8,850822466000068;47,743461717000059;1
211184;08230907316100493440;08;3;16;011;2023;09;17;5;3;4;6;0;0;1;0;0;0;0;1;414640,169200000353158;5329061,607899999246001;7,853269447000059;48,109093973000029;1
211186;08230907316100463050;08;3;16;011;2023;09;13;5;3;0;1;0;0;1;0;0;0;0;0;414523,669999999925494;5330117,658999999985099;7,851493014000027;48,118577736000077;1
211187;08230907311300491440;08;3;11;000;2023;09;08;5;3;1;6;0;0;1;0;0;0;0;0;412622,792999999597669;5315348,785000000149012;7,828973561000055;47,985470421000059;1
211190;08230907311010491680;08;3;11;000;2023;09;15;5;3;4;6;0;0;1;1;0;0;0;0;413919,209599999710917;5316592,452199999243021;7,846095015000060;47,996833469000080;1
211195;08230907226700463740;08;2;26;098;2023;09;08;5;3;4;6;0;0;1;1;0;0;0;0;476618,534699999727309;5459586,356699999421835;8,678468148000036;49,288579736000031;1
211196;08230907226400479130;08;2;26;062;2023;09;15;5;3;0;7;0;0;1;0;0;0;0;0;469777,622000000439584;5468265,739199999719858;8,583739506000029;49,366349580000076;1
211197;08230907225200479650;08;2;25;075;2023;09;17;5;3;8;7;0;0;1;0;0;0;0;0;531934,315600000321865;5474337,057800000533462;9,440326625000068;49,420872176000046;1
211198;08230907222600488990;08;2;22;000;2023;09;20;5;3;4;6;2;0;1;0;0;0;0;0;461318,090200000442564;5486641,317299999296665;8,465434801000072;49,531150911000054;1
211199;08230907221300478200;08;2;21;000;2023;09;14;5;3;1;5;0;0;1;1;0;0;0;0;477328,090599999763072;5474316,228299999609590;8,687386936000053;49,421100597000077;1
211200;08230907221200523250;08;2;21;000;2023;09;14;5;3;5;2;0;0;1;1;0;0;0;0;478623,760999999940395;5473434,501000000163913;8,705299605000050;49,413216513000066;1
211202;08230907221011494190;08;2;21;000;2023;09;08;5;3;5;3;0;0;1;1;0;0;0;0;475915,554200000129640;5472904,209499999880791;8,667996100000039;49,408345455000074;1
211203;08230907216200473420;08;2;16;007;2023;09;13;5;3;8;1;0;0;1;0;0;0;0;0;432762,611100000329316;5396928,923100000247359;8,085811044000025;48,721758908000027;1
211204;08230907216100464400;08;2;16;043;2023;09;14;5;3;5;3;0;0;1;1;0;0;0;0;442376,100899999961257;5412681,877399999648333;8,214296750000074;48,864421097000047;1
211206;08230907212010504910;08;2;12;000;2023;09;10;5;3;5;2;0;0;1;1;0;0;0;0;461830,797199999913573;5428132,681700000539422;8,478100771000072;49,004908826000076;1
211207;08230907212010482350;08;2;12;000;2023;09;19;5;3;1;5;1;0;1;1;0;0;0;0;455739,780000000260770;5428388,456599999219179;8,394793072000027;49,006802800000060;1
211210;08230907212010462610;08;2;12;000;2023;09;09;5;3;0;3;0;0;1;1;0;0;0;0;457642,451999999582767;5428170,343800000846386;8,420831225000029;49,004974366000056;1
211211;08230907136100464600;08;1;36;088;2023;09;13;5;3;6;2;0;0;0;1;1;0;0;0;579407,420400000177324;5409256,155500000342727;10,082010140000023;48,831203054000071;1
211212;08230907136010498770;08;1;36;021;2023;09;16;5;3;6;7;0;0;0;1;1;0;0;0;577347,771300000138581;5407723,214400000870228;10,053661157000022;48,817675184000052;1
211215;08230907121200464370;08;1;21;000;2023;09;16;5;2;0;1;0;0;1;0;0;0;0;0;515253,593399999663234;5445938,307299999520183;9,209242783000036;49,166069745000073;1
211217;08230907118500490580;08;1;18;078;2023;09;13;5;3;6;7;0;0;0;1;1;0;0;0;515146,197399999946356;5420212,264100000262260;9,206807511000022;48,934654331000047;1
211218;08230907118500464490;08;1;18;063;2023;09;18;5;3;8;7;0;0;1;0;0;0;0;0;514793,842000000178814;5423286,638100000098348;9,202108116000034;48,962318822000043;1
211223;08230907116400533520;08;1;16;070;2023;09;19;5;3;0;7;0;0;1;0;0;0;0;0;538747,673899999819696;5385588,229499999433756;9,525791081000023;48,622163019000027;1
211225;08230907116100466170;08;1;16;019;2023;09;18;5;3;5;3;0;0;1;1;0;0;0;0;524197,947900000028312;5397799,924799999222159;9,329076043000043;48,732751206000046;1
211227;08230907111500487910;08;1;11;000;2023;09;06;5;3;5;3;1;0;1;1;0;0;0;0;516175,022599999792874;5405371,668299999088049;9,220268330000067;48,801125896000030;1
211228;08230907111500462880;08;1;11;000;2023;09;06;5;3;5;3;0;0;1;1;0;0;0;0;516990,356499999761581;5402961,483999999240041;9,231271631000027;48,779422435000072;1
211230;08230907111210488840;08;1;11;000;2023;09;08;5;3;5;2;0;0;1;1;0;0;0;0;508498,828099999576807;5397539,243599999696016;9,115573923000056;48,730818029000034;1
211231;08230906436400487190;08;4;36;011;2023;09;17;4;3;5;2;0;0;1;1;0;0;0;0;548792,810100000351667;5297477,276300000026822;9,651945779000073;47,828792737000072;1