OID_;UIDENTSTLAE;ULAND;UREGBEZ;UKREIS;UGEMEINDE;UJAHR;UMONAT;USTUNDE;UWOCHENTAG;UKATEGORIE;UART;UTYP1;ULICHTVERH;IstStrassenzustand;IstRad;IstPKW;IstFuss;IstKrad;IstGkfz;IstSonstige;LINREFX;LINREFY;XGCSWGS84;YGCSWGS84;PLST
211233;08230907212502464310;08;2;12;000;2023;09;17;5;3;7;7;0;0;1;0;0;0;0;0;452957,259100000374019;5429194,000600000843406;8,356654423000066;49,013842866000061;1
211234;08230906435100470080;08;4;35;029;2023;09;21;4;3;0;1;2;0;1;0;0;0;0;0;543580,031600000336766;5270924,410199999809265;9,579644001000077;47,590266184000029;1
211237;08230906417200521490;08;4;17;002;2023;09;22;4;3;5;3;2;0;1;1;0;0;0;0;491218,215099999681115;5343513,739199999719858;8,881713962000049;48,244779008000080;1
211238;08230906416200519920;08;4;16;041;2023;09;23;4;2;0;7;2;0;1;0;0;0;0;0;505154,818300000391901;5373380,437999999150634;9,069799111000066;48,513517159000060;1
211239;08230906416200461840;08;4;16;015;2023;09;12;4;3;1;5;0;0;1;1;0;0;0;0;507039,501500000245869;5366308,867699999362230;9,095199616000059;48,449880059000066;1
211240;08230906416000522820;08;4;16;041;2023;09;18;4;3;0;6;0;0;1;0;0;0;0;1;504550,802000000141561;5374457,190199999138713;9,061632149000047;48,523208685000043;1
211245;08230906335200478690;08;3;35;063;2023;09;18;4;3;5;2;0;0;1;1;0;0;0;0;498199,740000000223517;5287360,656999999657273;8,975986958000021;47,739616847000036;1
211246;08230906335100492030;08;3;35;066;2023;09;08;4;3;3;6;0;0;1;1;0;0;0;0;504372,377799999900162;5282169,482000000774860;9,058269516000053;47,692896271000052;1
211249;08230906317200522320;08;3;17;153;2023;09;18;4;3;5;3;0;0;1;1;0;0;0;0;421418,206500000320375;5389624,551599999889731;7,932982614000025;48,654732562000049;1
211250;08230906317100486060;08;3;17;001;2023;09;16;4;3;5;2;0;0;1;1;0;0;0;0;431216,453599999658763;5386587,014000000432134;8,066512046000071;48,628565481000066;1
211251;08230906317100462170;08;3;17;153;2023;09;15;4;3;0;7;0;0;1;0;0;0;0;0;420870,781000000424683;5389437,796000000089407;7,925586491000047;48,652983686000027;1
211252;08230906311300502340;08;3;11;000;2023;09;18;4;3;5;2;0;0;1;1;0;0;0;0;414580,093999999575317;5315648,480000000447035;7,855140134000067;47,988430702000073;1
211253;08230906311100461200;08;3;15;115;2023;09;09;4;3;5;3;0;0;1;0;0;0;0;1;408512,916299999691546;5320245,477800000458956;7,772861363000061;48,028942056000062;1
211254;08230906311010491350;08;3;11;000;2023;09;14;4;3;5;3;0;0;1;1;0;0;0;0;411044,127700000070035;5318013,722400000318885;7,807268590000035;48,009224559000074;1
211255;08230906311010474710;08;3;11;000;2023;09;19;4;3;7;1;0;0;1;0;0;0;0;0;411367,066399999894202;5317008,520700000226498;7,811805337000067;48,000227396000071;1
211256;08230919121200495370;08;1;21;000;2023;09;08;3;3;0;7;0;0;1;0;0;0;0;0;518136,764999999664724;5442436,653300000354648;9,248634962000040;49,134492895000051;1
211257;08230906311010473370;08;3;11;000;2023;09;15;4;3;3;2;0;0;1;0;0;0;0;0;412377,372899999842048;5314905,980000000447035;7,825775515000032;47,981453673000033;1
211259;08230906226500470670;08;2;26;020;2023;09;06;4;3;4;6;1;0;1;1;0;0;0;0;488718,993499999865890;5462725,098500000312924;8,844778812000072;49,317156257000079;1
211261;08230906222014483540;08;2;26;038;2023;09;11;4;2;5;2;0;0;1;1;0;0;0;0;471486,462899999693036;5480253,460100000724196;8,606413785000029;49,474258441000075;1
211263;08230906215102474750;08;2;15;109;2023;09;16;4;3;5;3;0;0;1;0;0;0;0;0;460600,446600000374019;5432662,674100000411272;8,460838523000064;49,045579600000053;1
211264;08230906212010486900;08;2;15;108;2023;09;09;4;3;5;3;0;0;1;0;0;0;0;1;450450,336699999868870;5425662,382200000807643;8,322803578000048;48,981879758000048;1
211265;08230906212010479380;08;2;12;000;2023;09;08;4;2;5;3;0;0;1;1;0;0;0;0;460412,060700000263751;5427284,170700000599027;8,458785551000062;48,997186917000079;1
211270;08230906127202490230;08;1;27;008;2023;09;12;4;3;0;7;0;0;1;0;0;0;0;0;571352,341500000096858;5459883,797900000587106;9,981192340000064;49,287536747000047;1
211273;08230906121100460510;08;1;25;047;2023;09;11;4;2;4;6;0;0;1;0;0;0;0;1;495201,741399999707937;5449717,710300000384450;8,934134067000059;49,200237506000065;1
211274;08230906119500489080;08;1;19;006;2023;09;18;4;2;0;1;0;0;1;0;0;0;0;0;537853,197900000028312;5424011,777499999850988;9,517194803000052;48,967859640000029;1
211276;08230907111310474130;08;1;11;000;2023;09;18;5;3;2;6;0;0;1;0;0;0;0;0;516712,569500000216067;5406990,821200000122190;9,227654407000045;48,815677326000070;1
211277;08230906119400462470;08;1;19;079;2023;09;16;4;3;0;1;0;0;1;0;0;0;0;0;523225,695000000298023;5408700,442999999970198;9,316470161000041;48,830847322000068;1
211282;08230906116400521210;08;1;16;033;2023;09;19;4;3;5;3;1;0;1;1;0;0;0;0;533394,126799999736249;5387844,436000000685453;9,453329852000024;48,642768378000028;1
211283;08230906116200470380;08;1;16;077;2023;09;14;4;3;5;3;0;0;1;1;0;0;0;0;516621,646999999880791;5391637,563500000163913;9,225796268000067;48,677562722000062;1
211289;08230906111370461670;08;1;11;000;2023;09;12;4;3;5;2;0;0;1;1;0;0;0;0;513042,970099999569356;5406996,192700000479817;9,177668507000021;48,815813523000031;1
211292;08230905435200459350;08;4;35;059;2023;09;14;3;3;2;6;0;0;1;0;0;0;0;0;512085,162600000388920;5290597,900499999523163;9,161289441000065;47,768633375000036;1
211293;08230905435100462770;08;4;35;057;2023;09;12;3;2;3;6;0;0;1;0;0;0;0;0;547611,140800000168383;5283274,660299999639392;9,634601739000061;47,701100327000063;1
211294;08230905435100460310;08;4;35;016;2023;09;16;3;2;0;1;0;0;1;0;0;0;0;0;537828,037999999709427;5278340,356000000610948;9,503782544000046;47,657351725000069;1
211297;08230905421300467120;08;4;21;000;2023;09;19;3;3;5;3;0;0;1;1;0;0;0;0;571960,994199999608099;5361496,284299999475479;9,972275438000054;48,402514956000061;1
211299;08230914126100516990;08;1;26;039;2023;09;18;5;3;5;3;0;0;1;1;0;0;0;0;546092,067800000309944;5461172,882600000128150;9,634006162000048;49,301558946000057;1
211301;08230905415400480640;08;4;15;061;2023;09;11;3;3;0;3;0;0;1;1;0;0;0;0;514805,512199999764562;5369568,404100000858307;9,200339155000052;48,479069361000029;1
211302;08230905415300525940;08;4;15;059;2023;09;13;3;2;8;1;0;0;1;0;0;0;0;0;517913,206600000150502;5365783,431299999356270;9,242228150000074;48,444937432000074;1
211308;08230905235200460240;08;2;35;020;2023;09;17;3;3;0;1;0;0;1;0;0;0;0;0;476233,251799999736249;5381055,465099999681115;8,677749427000037;48,582134460000077;1
211311;08230905222500526010;08;2;22;000;2023;09;09;3;3;5;3;0;0;1;0;0;0;0;0;462889,621799999848008;5479180,294500000774860;8,487852459000067;49,464141204000043;1
211313;08230905221300477640;08;2;26;012;2023;09;09;3;3;1;3;0;0;1;1;0;0;0;0;476046,518799999728799;5476974,797800000756979;8,669555601000070;49,444964748000075;1
211315;08230905221200494430;08;2;21;000;2023;09;01;3;2;0;1;2;0;1;0;0;0;0;0;476742,401999999769032;5471672,571000000461936;8,679466120000029;49,397299222000072;1
211316;08230905215402529570;08;2;15;009;2023;09;15;3;3;5;3;0;0;1;1;0;0;0;0;468899,498499999754131;5441438,027699999511242;8,573727670000039;49,124990634000028;1
211317;08230905215302473270;08;2;15;089;2023;09;14;3;3;5;3;0;0;1;1;0;0;0;0;471571,849600000306964;5428236,007899999618530;8,611282177000021;49,006363851000060;1
211318;08230909118400480860;08;1;18;048;2023;09;13;7;3;4;3;0;0;1;1;0;0;0;0;515594,008399999700487;5417713,787399999797344;9,212826394000047;48,912167723000039;1
211322;08230905136300468710;08;1;36;065;2023;09;18;3;3;0;7;0;0;1;0;0;0;0;0;565119,820500000379980;5404060,147299999371171;9,886529179000036;48,786128556000051;1
211323;08230905136200470560;08;1;36;010;2023;09;09;3;3;1;5;0;0;1;1;0;0;0;0;599239,669400000013411;5412529,008700000122190;10,352967470000067;48,857784384000070;1
211326;08230905121500459850;08;1;25;079;2023;09;12;3;3;0;7;0;0;1;0;0;0;0;0;512048,292999999597669;5454865,101999999955297;9,165541803000053;49,246439845000054;1
211327;08230905121200485800;08;1;21;000;2023;09;15;3;3;6;4;0;0;0;1;1;0;0;0;515458,432000000029802;5441392,625000000000000;9,211878246000026;49,125174722000054;1
211328;08230905121200472480;08;1;21;000;2023;09;12;3;3;1;5;0;0;1;1;0;0;0;0;516614,541799999773502;5443049,439500000327826;9,227792407000038;49,140048161000038;1
211329;08230905119300487230;08;1;19;076;2023;09;19;3;3;0;1;0;0;1;0;0;0;0;0;543935,250599999912083;5408945,247999999672174;9,598669679000068;48,831929507000041;1
211330;08230905119200469080;08;1;19;020;2023;09;07;3;3;3;4;0;0;1;0;1;0;0;0;520519,399000000208616;5406731,538000000640750;9,279496527000049;48,813230798000063;1
211331;08230905119200461340;08;1;19;020;2023;09;16;3;3;2;6;0;0;1;1;0;0;0;0;519555,553000000305474;5410153,598899999633431;9,266531267000062;48,844046015000060;1
211333;08230905118300482400;08;1;18;046;2023;09;11;3;3;5;3;0;0;1;1;0;0;0;0;516388,220399999991059;5412665,657500000670552;9,223463227000025;48,866735642000037;1
211336;08230905116501544690;08;1;16;035;2023;09;08;3;2;3;6;0;0;1;0;0;0;1;0;527611,399199999868870;5392409,650499999523163;9,375135130000047;48,684119028000055;1
211337;08230905115300486410;08;1;15;042;2023;09;17;3;3;0;7;0;0;1;0;0;0;0;0;494615,349000000394881;5406356,027400000020862;8,926659701000062;48,810168236000038;1
211339;08230904435100486570;08;4;35;016;2023;09;14;2;3;5;3;0;0;1;0;0;0;0;1;535345,863800000399351;5277838,825200000777841;9,470686324000042;47,652979622000032;1
211343;08230904416100458060;08;4;16;048;2023;09;12;2;3;0;3;0;0;1;0;0;0;0;1;496959,926199999637902;5374856,658800000324845;8,958824935000052;48,526811583000040;1
211344;08230904415400458900;08;4;15;061;2023;09;12;2;3;5;3;0;0;1;1;0;0;0;0;516074,791699999943376;5370733,472500000149012;9,217558970000027;48,489519561000066;1
211345;08230904415100469580;08;4;15;014;2023;09;15;2;3;5;3;0;0;1;1;0;0;0;0;527304,269500000402331;5374426,499700000509620;9,369779635000043;48,522355202000028;1
211347;08230904335100457760;08;3;35;043;2023;09;09;2;3;8;7;0;0;1;0;0;0;0;0;510371,196100000292063;5281323,316800000146031;9,138193887000057;47,685214328000029;1
211349;08230904317600468130;08;3;17;011;2023;09;15;2;3;0;1;0;0;1;1;0;0;0;0;428300,686999999918044;5355999,539999999105930;8,032197370000063;48,353099875000055;1
211350;08230904311010477570;08;3;15;047;2023;09;23;2;3;3;6;2;0;1;0;0;0;0;0;415915,170900000259280;5322444,176000000908971;7,871696965000069;48,049737721000042;1
211351;08230904311010467340;08;3;11;000;2023;09;09;2;3;1;5;0;0;1;1;0;0;0;0;414812,946100000292063;5318366,904500000178814;7,857720578000055;48,012915068000041;1
211355;08230904226600897360;08;2;26;082;2023;09;23;2;2;1;5;2;0;1;1;0;0;0;0;475903,912499999627471;5478798,541899999603629;8,667477394000059;49,461363243000051;1
211356;08230904226600533350;08;2;26;096;2023;09;16;2;3;5;3;0;0;1;1;0;0;0;0;474298,542000000365078;5488000,066500000655651;8,644725204000054;49,544061990000046;1
211360;08230904212402467660;08;2;12;000;2023;09;10;2;3;2;6;0;0;1;1;0;0;0;0;456342,680700000375509;5425944,739000000059605;8,403299179000044;48,984864176000031;1
211361;08230904212102480200;08;2;12;000;2023;09;10;2;2;0;7;0;0;1;0;0;0;0;0;461608,244300000369549;5427513,122899999842048;8,475116441000068;48,999321945000077;1
211362;08230904135100484850;08;1;35;031;2023;09;18;2;3;0;1;0;0;1;0;0;0;0;0;596164,781600000336766;5379706,740900000557303;10,303410054000040;48,563074140000026;1
211363;08230904135100467710;08;1;35;020;2023;09;10;2;3;1;5;0;0;1;0;0;1;0;0;586481,860799999907613;5387511,882600000128150;10,173824365000030;48,634687119000034;1
211367;08230904127202469260;08;1;27;104;2023;09;14;2;2;8;7;0;0;1;0;0;0;0;0;579126,240899999625981;5434470,201899999752641;10,083076536000021;49,058016638000026;1
211368;08230904127100479910;08;1;27;025;2023;09;18;2;2;5;3;0;0;1;1;0;0;0;0;556194,790199999697506;5427498,349199999123812;9,768261365000058;48,997825158000069;1
211370;08230904121500480940;08;1;25;039;2023;09;14;2;3;5;3;0;0;1;0;0;0;0;0;511644,990299999713898;5458659,063100000843406;9,160110883000073;49,280574973000057;1
211372;08230904121200469470;08;1;21;000;2023;09;15;2;3;5;3;0;0;1;1;0;0;0;0;516006,813900000415742;5443668,388299999758601;9,219484853000040;49,145631944000058;1
211373;08230904118400468450;08;1;18;048;2023;09;17;2;3;5;3;0;0;1;1;0;0;0;0;512496,577300000004470;5414793,604599999263883;9,170463649000055;48,885968794000064;1
211374;08230918212702523350;08;2;15;017;2023;09;09;2;3;6;7;0;1;0;1;1;0;0;0;456630,809899999760091;5421449,565700000151992;8,407716121000021;48,944449536000036;1
211375;08230904118400459910;08;1;18;048;2023;09;17;2;3;5;7;0;0;1;0;0;1;0;0;513178,935999999754131;5417473,519899999722838;9,179858011000022;48,910062459000073;1
211376;08230919311010512690;08;3;11;000;2023;09;07;3;3;0;7;0;0;1;0;0;0;0;1;411650,455799999646842;5316028,945900000631809;7,815805224000030;47,991455086000030;1
211379;08230904117300459610;08;1;17;026;2023;09;15;2;3;6;2;0;0;0;1;1;0;0;0;547884,672699999995530;5395026,912699999287724;9,650861531000032;48,706436560000043;1
211381;08230904117100485970;08;1;17;019;2023;09;17;2;3;6;4;0;0;1;0;1;0;0;0;552265,355899999849498;5392181,058800000697374;9,710040316000061;48,680485221000026;1
211382;08230904116400479740;08;1;16;033;2023;09;10;2;3;5;3;0;0;1;1;0;0;0;0;533665,881199999712408;5388693,390900000929832;9,457087847000025;48,650390900000048;1
211384;08230907111230501190;08;1;11;000;2023;09;00;5;3;0;6;2;0;1;0;0;0;0;1;511669,116399999707937;5399552,291500000283122;9,158742927000048;48,748876083000027;1
211385;08230903437100456940;08;4;37;056;2023;09;14;1;3;0;1;0;0;1;0;0;0;0;0;527192,675499999895692;5304171,939400000497699;9,363764796000055;47,890302322000025;1
211386;08230903436300457370;08;4;36;049;2023;09;12;1;3;2;6;0;0;1;0;0;0;0;0;580552,286899999715388;5284191,706599999219179;10,073775438000041;47,706082354000046;1
211387;08230903435100477520;08;4;35;057;2023;09;12;1;3;0;7;0;0;1;0;0;0;0;0;550078,531299999915063;5273847,838199999183416;9,666406801000051;47,616099545000054;1
211388;08230903435100456870;08;4;35;030;2023;09;15;1;3;0;1;0;0;1;0;0;0;0;0;541202,951399999670684;5271172,425400000065565;9,548052052000060;47,592653084000062;1
211390;08230903417200458440;08;4;17;002;2023;09;13;1;3;2;6;0;0;1;0;0;0;0;0;487995,170199999585748;5344949,609200000762939;8,838260660000060;48,257644327000037;1
211392;08230920128300534290;08;1;28;131;2023;09;09;4;2;4;6;0;0;1;0;0;0;0;0;541389,304999999701977;5510710,150399999693036;9,574519535000036;49,747451091000073;1
211394;08230903317600464940;08;3;17;011;2023;09;18;1;3;8;1;0;0;1;0;0;0;0;0;426910,344200000166893;5355020,321100000292063;8,013603303000025;48,344132098000046;1
211395;08230903311100458300;08;3;15;072;2023;09;14;1;3;5;3;0;0;1;1;0;0;0;0;401814,218000000342727;5318978,341000000014901;7,683324165000045;48,016549708000070;1
211396;08230903311100457560;08;3;15;015;2023;09;16;1;3;2;6;0;0;1;0;0;1;0;0;394027,666000000201166;5320288,031400000676513;7,578614340000058;48,027085534000037;1
211397;08230903235200457610;08;2;35;046;2023;09;16;1;3;0;7;0;0;1;0;0;0;0;0;481524,544999999925494;5373074,167999999597669;8,749846757000057;48,510511200000053;1
211398;08230903221300467290;08;2;21;000;2023;09;13;1;3;1;7;0;0;1;1;0;0;0;0;477576,861299999989569;5474340,986500000581145;8,690815675000067;49,421332515000074;1
211399;08230903215202468020;08;2;15;084;2023;09;14;1;3;5;3;0;0;1;1;0;0;0;0;472175,337000000290573;5447359,904100000858307;8,618217024000046;49,178416013000060;1
211400;08230903127202477310;08;1;27;102;2023;09;14;1;2;0;7;0;0;1;0;0;0;0;0;588775,909699999727309;5435904,720100000500679;10,215445981000073;49,069603030000053;1
211401;08230903121300473380;08;1;21;000;2023;09;00;1;2;0;7;2;0;1;0;0;0;0;0;512655,481200000271201;5445118,741499999538064;9,173577325000053;49,158756564000043;1
211404;08230903117100465190;08;1;17;019;2023;09;15;1;3;6;4;0;0;0;1;1;0;0;0;551898,417700000107288;5393898,655600000172853;9,705271485000026;48,695966346000034;1
211405;08230903117100457680;08;1;17;061;2023;09;13;1;2;8;1;0;0;1;0;0;0;0;0;566397,338000000454485;5394601,539999999105930;9,902394278000031;48,700914257000079;1
211406;08230903116500477400;08;1;16;042;2023;09;19;1;3;4;6;0;0;1;0;0;0;0;0;516932,266999999992549;5381550,903999999165535;9,229603758000053;48,586813565000057;1
211407;08230903116100462950;08;1;16;019;2023;09;12;1;3;0;1;0;0;1;0;0;0;0;0;523316,091000000014901;5400750,812000000849366;9,317250619000049;48,759330647000070;1
211408;08230903116010490870;08;1;16;070;2023;09;10;1;3;6;6;0;0;0;0;1;1;0;0;540462,249400000087917;5383503,296599999070168;9,548852795000073;48,603298795000057;1
211409;08230902437100457030;08;4;37;076;2023;09;16;7;2;5;3;0;0;1;1;0;0;0;0;524314,296000000089407;5322032,554999999701977;9,326271139000028;48,051111370000058;1
211410;08230902436400456710;08;4;36;008;2023;09;12;7;3;0;1;0;0;1;0;0;0;0;0;547682,922500000335276;5310871,025399999693036;9,638596640000060;47,949376922000056;1
211412;08230902425000456590;08;4;25;090;2023;09;15;7;3;0;1;0;0;1;0;0;0;0;0;540678,434100000187755;5341408,006200000643730;9,547702557000036;48,224590428000056;1
211413;08230902421200456690;08;4;21;000;2023;09;13;7;3;0;1;0;0;1;0;0;0;0;0;572870,438000000081956;5360934,903100000694394;9,984463738000045;48,397360724000066;1
211414;08230902416200465240;08;4;16;041;2023;09;16;7;3;2;2;0;0;1;1;0;0;0;0;505233,373800000175834;5373729,183000000193715;9,070867171000032;48,516653948000055;1
211415;08230902415400468650;08;4;15;061;2023;09;00;7;3;1;5;2;0;1;1;0;0;0;0;514674,888299999758601;5375440,512199999764562;9,198778122000022;48,531899895000038;1
211416;08230902336100462870;08;3;36;050;2023;09;17;7;3;0;1;0;0;1;0;0;0;0;0;399124,413800000213087;5272743,680099999532104;7,658022070000072;47,600249989000076;1
211417;08230902335100473070;08;3;35;043;2023;09;00;7;3;0;1;2;0;1;0;0;0;0;0;510989,922100000083447;5282105,425300000235438;9,146457946000055;47,692241240000044;1
211418;08230902335100463580;08;3;35;043;2023;09;19;7;2;8;1;0;0;1;0;0;0;0;0;515237,632600000128150;5280070,590399999171495;9,202993994000053;47,673846336000054;1
211419;08230902335100455560;08;3;35;043;2023;09;03;7;3;0;1;2;0;1;0;0;0;0;0;513347,880800000391901;5279147,327099999412894;9,177790856000058;47,665580899000076;1
211420;08230902335100455480;08;3;35;043;2023;09;01;7;3;0;1;2;0;1;0;0;0;0;0;512920,121100000105798;5279037,940199999138713;9,172089982000045;47,664605359000063;1
211421;08230908136300485330;08;1;36;065;2023;09;12;6;3;6;7;0;0;0;1;1;0;0;0;558137,954099999740720;5400326,347100000828505;9,790961656000036;48,753234436000071;1
211424;08230902311300473870;08;3;15;095;2023;09;17;7;3;5;3;0;0;1;1;0;0;0;0;427930,671000000089407;5318510,979000000283122;8,033564609000052;48,015825383000049;1
211426;08230902311010461730;08;3;11;000;2023;09;03;7;3;0;7;2;0;1;0;0;0;0;0;414444,730700000189245;5316265,096300000324845;7,853203372000053;47,993959316000030;1
211427;08230902231202490750;08;2;36;043;2023;09;12;7;2;5;3;0;0;1;1;0;0;0;0;469710,255900000222027;5410712,378699999302626;8,587129648000030;48,848641560000033;1
211428;08230902226700472950;08;2;26;098;2023;09;10;7;2;4;2;0;0;1;0;0;0;0;1;477866,891699999570847;5459933,431299999356270;8,695615535000059;49,291748175000066;1
211429;08230902226500479060;08;2;26;085;2023;09;13;7;2;1;5;0;0;1;1;0;0;0;0;485629,076799999922514;5451309,402499999850988;8,802673203000040;49,214405475000035;1
211431;08230902225100456160;08;2;25;024;2023;09;21;7;3;0;1;2;0;1;0;0;0;0;0;510964,257899999618530;5474854,296299999579787;9,151197145000026;49,426264202000027;1
211432;08230902225100456130;08;2;25;058;2023;09;11;7;3;8;1;0;0;1;0;0;0;0;0;510756,582999999634922;5466497,750000000000000;9,148107182000047;49,351100962000032;1
211433;08230902221400513540;08;2;21;000;2023;09;16;7;3;0;7;0;0;1;0;0;0;0;0;476171,382600000128150;5468393,801300000399351;8,671793005000040;49,367785032000029;1
211437;08230902212402475770;08;2;12;000;2023;09;21;7;3;3;6;2;0;1;0;0;0;0;0;455776,539200000464916;5428007,887700000777841;8,395337131000076;49,003382177000049;1
211438;08230902128100471150;08;1;28;007;2023;09;16;7;3;2;7;0;0;1;1;0;0;0;0;556048,509999999776483;5482592,587999999523163;9,773968869000043;49,493379094000034;1
211440;08230902127202476140;08;1;27;104;2023;09;12;7;3;6;4;0;0;0;1;1;0;0;0;578912,715300000272691;5433979,639599999412894;10,080058747000066;49,053631944000074;1
211442;08230902115100478250;08;1;15;003;2023;09;18;7;2;4;6;0;0;1;0;0;0;0;0;500509,968600000254810;5390156,812000000849366;9,006925855000077;48,664462755000045;1
211443;08230902111500457380;08;1;11;000;2023;09;14;7;2;6;2;0;0;0;1;1;0;0;0;506781,453099999576807;5398444,169299999251962;9,092234598000061;48,738979816000040;1
211446;08230901337010471320;08;3;37;116;2023;09;16;6;2;0;1;0;0;1;0;0;0;0;0;419885,667999999597669;5270580,680400000885129;7,934554643000070;47,583689518000028;1
211447;08230901337010460380;08;3;37;070;2023;09;19;6;2;4;2;0;0;1;1;0;0;0;0;467924,424899999983609;5275505,362900000065565;8,573032565000062;47,632154685000046;1
211448;08230901311500455830;08;3;15;070;2023;09;17;6;3;0;1;0;0;1;0;0;0;0;0;450644,852199999615550;5304410,137000000104308;8,339749537000046;47,891123456000059;1
211449;08230901311010471100;08;3;11;000;2023;09;17;6;3;5;2;0;0;1;1;0;0;0;0;410957,502600000239909;5322244,204099999740720;7,805228042000067;48,047266463000028;1
211450;08230901311010461710;08;3;11;000;2023;09;21;6;3;1;6;2;0;1;0;0;0;0;0;414451,467699999921024;5316052,795099999755621;7,853335973000071;47,992050484000060;1
211451;08230901231102489830;08;2;36;061;2023;09;18;6;3;3;6;0;0;1;0;0;0;0;1;490551,158400000073016;5429555,654100000858307;8,870767325000031;49,018817255000044;1
211452;08230901225100463440;08;2;25;058;2023;09;13;6;3;1;6;0;1;1;1;0;0;0;0;508341,671600000001490;5466127,652200000360608;9,114848645000052;49,347809733000076;1
211454;08230901216100455940;08;2;16;043;2023;09;13;6;3;5;3;0;0;1;1;0;0;0;0;442611,020800000056624;5412622,984500000253320;8,217507835000049;48,863913138000044;1
211455;08230901212502455760;08;2;15;105;2023;09;14;6;3;5;3;0;0;1;0;0;0;0;0;456603,185700000263751;5441317,750600000843406;8,405212019000032;49,123163512000076;1
211456;08230901212010480820;08;2;12;000;2023;09;01;6;3;6;7;2;1;1;0;1;0;0;0;455907,465599999763072;5428733,089900000020862;8,397048412000061;49,009914816000048;1
211463;08230901119200473850;08;1;19;020;2023;09;15;6;3;1;5;0;0;1;1;0;0;0;0;520478,950400000438094;5405946,024900000542402;9,278906386000074;48,806165807000070;1
211468;08230901118100475570;08;1;18;079;2023;09;18;6;3;5;3;0;0;1;1;0;0;0;0;510824,677600000053644;5422243,423699999228120;9,147855313000036;48,953016684000033;1
211471;08230901116010469060;08;1;16;080;2023;09;15;6;2;5;3;0;0;1;1;0;0;0;0;522122,764100000262260;5396318,005300000309944;9,300775833000046;48,719497110000077;1
211473;08230901111140470850;08;1;11;000;2023;09;15;6;2;1;7;0;0;1;1;0;0;0;0;512448,499699999578297;5401879,384199999272823;9,169415747000073;48,769795411000075;1
211475;08230831436300441060;08;4;36;049;2023;08;12;5;3;4;2;0;0;1;1;0;0;0;0;578151,027400000020862;5283291,130200000479817;10,041610378000030;47,698275652000063;1
211476;08230831436200442330;08;4;36;064;2023;08;12;5;3;0;1;0;0;1;0;0;0;0;0;546163,937199999578297;5292584,123999999836087;9,616301197000041;47,784963289000075;1
211477;08230831436100448980;08;4;36;055;2023;08;11;5;3;1;2;0;0;1;0;0;0;0;0;576520,115299999713898;5297496,114199999719858;10,022377937000044;47,826260785000045;1
211480;08230916111110522420;08;1;11;000;2023;09;16;7;3;6;7;0;0;0;0;1;0;0;1;513161,074699999764562;5402948,682099999859929;9,179147590000071;48,779400073000033;1
211481;08230831336400439960;08;3;36;008;2023;08;20;5;2;0;6;1;0;1;0;0;0;0;0;397345,763899999670684;5277072,910499999299645;7,633352383000044;47,638913174000038;1
211482;08230831335200434020;08;3;35;063;2023;08;12;5;3;0;1;0;0;1;0;0;0;0;0;495737,307000000029802;5288697,396999999880791;8,943128333000061;47,751632704000031;1
211483;08230831335100448910;08;3;35;043;2023;08;10;5;2;3;6;0;0;1;0;1;0;0;0;513333,663999999873340;5278935,627100000157952;9,177595031000067;47,663676385000031;1
211484;08230831317300437480;08;3;17;065;2023;08;18;5;3;5;3;0;0;1;1;0;0;0;0;413447,696899999864399;5355310,593699999153614;7,831891873000075;48,345041773000048;1
211485;08230831311100445060;08;3;15;015;2023;08;12;5;3;0;7;0;1;1;0;0;0;0;1;393598,223000000230968;5320890,348999999463558;7,572706545000074;48,032431588000065;1
211486;08230831311010435750;08;3;11;000;2023;08;13;5;2;5;3;0;0;1;0;0;0;0;0;412180,959499999880791;5317446,604399999603629;7,822624141000063;48,004280410000035;1
211487;08230831311010434500;08;3;11;000;2023;08;19;5;3;0;7;0;0;1;0;0;0;0;0;413473,911199999973178;5317139,827899999916553;7,840016709000054;48,001697191000062;1
211489;08230831235200443640;08;2;35;046;2023;08;16;5;2;0;1;0;0;1;0;0;0;0;0;480157,439000000245869;5376694,607999999076128;8,731164339000031;48,543039908000026;1
211497;08231015311100615060;08;3;15;015;2023;10;18;1;3;5;3;1;0;1;1;0;0;0;0;394493,839499999769032;5320858,607699999585748;7,584724518000030;48,032294700000080;1
211499;08231015311010593900;08;3;11;000;2023;10;16;1;3;5;2;0;0;1;1;0;0;0;0;414842,945899999700487;5316930,521299999207258;7,858407960000022;47,999998242000061;1
211500;08231015231302689000;08;2;31;000;2023;10;20;1;3;0;7;2;0;0;1;1;0;0;0;478245,644000000320375;5415271,929700000211596;8,703228526000032;48,890015832000074;1
211504;08231015212010638580;08;2;12;000;2023;10;19;1;2;6;4;2;0;0;1;1;0;0;0;456682,762699999846518;5428472,743300000205636;8,407677539000076;49,007627878000051;1
211505;08231015127202593740;08;1;27;014;2023;10;13;1;3;5;3;0;1;1;1;0;0;0;0;576591,766499999910593;5442901,449699999764562;10,049989329000027;49,134167223000077;1
211506;08231015119300633380;08;1;19;086;2023;10;15;1;3;6;2;0;0;0;1;1;0;0;0;535233,414599999785423;5404927,261900000274181;9,479756764000058;48,796340094000072;1
211508;08231015118400629830;08;1;18;048;2023;10;17;1;3;0;7;0;0;1;0;1;0;0;0;513637,371500000357628;5415535,506999999284744;9,186049702000048;48,892618704000029;1