OID_;UIDENTSTLAE;ULAND;UREGBEZ;UKREIS;UGEMEINDE;UJAHR;UMONAT;USTUNDE;UWOCHENTAG;UKATEGORIE;UART;UTYP1;ULICHTVERH;IstStrassenzustand;IstRad;IstPKW;IstFuss;IstKrad;IstGkfz;IstSonstige;LINREFX;LINREFY;XGCSWGS84;YGCSWGS84;PLST
211512;08231014425000592050;08;4;25;071;2023;10;11;7;3;0;1;0;0;1;0;0;0;0;0;550813,404600000008941;5371079,021900000050664;9,687736097000027;48,490779298000064;1
211514;08231014417100593230;08;4;17;079;2023;10;12;7;3;0;1;0;1;1;0;0;0;0;0;502249,242700000293553;5340111,438400000333786;9,030278089000035;48,214225952000049;1
211516;08231014311010620930;08;3;11;000;2023;10;23;7;3;6;7;2;0;0;0;1;0;0;1;413393,656499999575317;5318990,908999999985099;7,838567168000054;48,018337391000045;1
211518;08231014311010605810;08;3;11;000;2023;10;11;7;2;4;3;0;1;1;0;0;0;0;0;413714,027700000442564;5316383,087400000542402;7,843387247000067;47,994922499000040;1
211520;08231014222200645110;08;2;22;000;2023;10;07;7;3;5;3;0;0;1;1;0;0;0;0;461214,773599999956787;5481885,432600000873208;8,464474260000031;49,488367858000061;1
211522;08231014136100593300;08;1;36;010;2023;10;17;7;3;1;3;0;0;1;1;0;0;0;0;600326,048499999567866;5411673,570000000298023;10,367564454000046;48,849916459000042;1
211523;08231014121500592040;08;1;25;039;2023;10;09;7;2;0;1;0;1;1;0;0;0;0;0;516364,916199999861419;5459409,664699999615550;9,225037003000068;49,287218567000082;1
211527;08231014111500621600;08;1;11;000;2023;10;08;7;3;5;3;0;0;1;1;0;0;0;0;514389,595999999903142;5408949,727299999445677;9,196080392000056;48,833357476000060;1
211531;08231013436400605460;08;4;36;009;2023;10;19;6;3;0;1;2;0;1;0;0;0;0;0;556418,430800000205636;5308222,053300000727177;9,755230635000032;47,924835402000042;1
211532;08231013436400603430;08;4;36;008;2023;10;17;6;3;1;5;0;0;1;1;0;0;0;0;547796,434299999848008;5311220,917099999263883;9,640155632000074;47,952516331000027;1
211534;08231013425000591730;08;4;25;033;2023;10;14;6;3;6;7;0;0;0;0;1;0;0;1;553494,371000000275671;5348327,568900000303984;9,721121270000026;48,285887893000051;1
211535;08231013417200611150;08;4;17;054;2023;10;10;6;2;0;7;0;0;1;0;0;0;0;0;479563,622000000439584;5342466,748999999836087;8,724784577000037;48,235090905000050;1
211536;08231013416200660030;08;4;15;061;2023;10;16;6;3;5;3;0;0;1;1;0;0;0;0;510831,942599999718368;5371303,602700000628829;9,146616444000074;48,494760915000029;1
211538;08231013415300622980;08;4;15;019;2023;10;21;6;2;1;5;2;0;1;1;0;0;0;0;518795,539699999615550;5369280,516699999570847;9,254316331000041;48,476372790000028;1
211540;08231013327200605760;08;3;27;046;2023;10;15;6;3;5;5;0;0;1;1;0;0;0;0;480138,829499999992549;5325453,500099999830127;8,733325222000076;48,082043708000072;1
211541;08231013317600592090;08;3;17;146;2023;10;19;6;2;0;1;1;0;1;0;0;0;0;0;431802,061499999836087;5355289,160099999979138;8,079567774000054;48,347097553000026;1
211542;08231013311400624620;08;3;15;022;2023;10;14;6;3;5;3;0;0;1;1;0;0;0;0;398240,365399999544024;5301540,757500000298023;7,639534196000056;47,859144001000061;1
211543;08231013311010677060;08;3;11;000;2023;10;04;6;3;9;7;2;0;1;0;0;0;1;0;413034,223000000230968;5320275,803600000217557;7,833487239000021;48,029846554000073;1
211544;08231013311010664210;08;3;11;000;2023;10;20;6;3;1;7;0;0;1;1;0;0;0;0;417305,810200000181794;5315270,741299999877810;7,891737730000045;47,985391009000068;1
211545;08231013311010664090;08;3;11;000;2023;10;16;6;3;5;3;0;0;1;1;0;0;0;0;415956,917999999597669;5318041,346000000834465;7,873120898000025;48,010138019000067;1
211547;08231013311010609810;08;3;11;000;2023;10;16;6;3;0;1;0;0;1;0;0;0;0;0;414376,579199999570847;5315689,135399999096990;7,852404938000063;47,988769198000057;1
211548;08231013311010608520;08;3;11;000;2023;10;12;6;2;0;1;0;0;1;0;0;0;0;0;414927,485999999567866;5318782,796000000089407;7,859173605000024;48,016671430000031;1
211550;08231013226700609520;08;2;26;041;2023;10;17;6;3;5;3;0;0;1;1;0;0;0;0;477371,038999999873340;5465760,965800000354648;8,688465998000027;49,344148601000029;1
211553;08231013222200615910;08;2;22;000;2023;10;16;6;3;1;5;0;0;1;0;0;0;0;1;461499,262699999846518;5482274,387800000607967;8,468364270000052;49,491884418000041;1
211554;08231013222014608870;08;2;22;000;2023;10;09;6;3;5;3;0;0;1;0;0;0;0;1;465451,494500000029802;5479929,087799999862909;8,523141278000026;49,471027419000052;1
211555;08231013222014604720;08;2;26;068;2023;10;18;6;2;0;7;1;0;1;0;0;0;0;0;468554,260300000198185;5460140,362400000914931;8,567531019000057;49,293201191000037;1
211558;08231013221300628130;08;2;21;000;2023;10;18;6;3;0;7;0;0;1;0;0;0;0;1;476753,387299999594688;5473290,844799999147654;8,679522791000068;49,411855760000037;1
211559;08231013221200638240;08;2;21;000;2023;10;11;6;3;5;3;0;0;1;1;0;0;0;0;477530,750500000081956;5472431,194299999624491;8,690287978000072;49,404152540000041;1
211561;08231013216200632590;08;2;16;007;2023;10;12;6;3;6;3;0;0;1;0;1;0;0;0;437217,481100000441074;5394053,474799999967217;8,146811552000031;48,696358655000040;1
211562;08231013215102610650;08;2;12;000;2023;10;16;6;2;0;7;0;0;1;0;0;0;0;0;460576,898000000044703;5432348,076999999582767;8,460546899000065;49,042748247000077;1
211563;08231013212402607450;08;2;12;000;2023;10;16;6;3;0;1;0;0;1;0;0;0;0;0;455411,645399999804795;5427326,327899999916553;8,390423094000028;48,997225222000054;1
211564;08231013212102623870;08;2;12;000;2023;10;16;6;3;0;7;1;0;1;0;0;0;0;0;463303,200899999588728;5428292,168199999257922;8,498218160000022;49,006432753000070;1
211565;08231013212010620340;08;2;12;000;2023;10;12;6;2;5;7;0;0;1;0;0;0;0;1;453012,227800000458956;5430892,851399999111891;8,357209340000054;49,029128245000038;1
211567;08231013136300622040;08;1;36;009;2023;10;14;6;3;5;3;0;0;1;1;0;0;0;0;567819,532800000160933;5407454,321599999442697;9,923838244000024;48,816369803000043;1
211569;08231013136100592030;08;1;36;050;2023;10;18;6;3;5;2;1;0;1;1;0;0;0;0;581104,676699999719858;5404022,273600000888109;10,104098524000051;48,783908883000038;1
211570;08231013135200607290;08;1;35;025;2023;10;22;6;2;0;1;2;0;1;0;0;0;0;0;582436,890599999576807;5398505,978700000792742;10,121125861000053;48,734118707000050;1
211572;08231013121100622250;08;1;25;026;2023;10;17;6;3;3;2;0;0;1;1;0;0;0;0;493783,116999999620020;5442654,887000000104308;8,914769682000042;49,136692243000027;1
211573;08231013119300607260;08;1;19;084;2023;10;19;6;2;0;7;2;0;1;0;0;0;0;0;546413,341000000014901;5413703,183000000193715;9,632973824000032;48,874548262000076;1
211574;08231013118500663950;08;1;18;021;2023;10;11;6;3;4;2;0;0;1;1;0;0;0;0;522213,640899999998510;5427846,504100000485778;9,303722640000046;49,003115053000045;1
211575;08231013118300588900;08;1;18;081;2023;10;14;6;3;5;3;0;1;1;1;0;0;0;0;516688,307799999602139;5413198,171700000762939;9,227576788000022;48,871518004000052;1
211576;08231013118100661670;08;1;18;040;2023;10;14;6;3;0;7;0;0;1;0;0;0;0;0;510690,150399999693036;5432287,585000000894070;9,146282145000043;49,043372182000041;1
211578;08231013118010627640;08;1;15;053;2023;10;15;6;2;5;2;0;0;1;1;0;0;0;0;483873,349000000394881;5379358,323999999091029;8,781405472000074;48,567109908000077;1
211579;08231013117200591880;08;1;17;024;2023;10;11;6;3;6;4;0;0;0;1;1;0;0;0;561861,859500000253320;5385975,896199999377131;9,839471002000039;48,623791337000057;1
211580;08231013116400664060;08;1;16;033;2023;10;16;6;3;1;5;0;0;1;1;0;0;0;0;535939,535699999891222;5384552,688799999654293;9,487597493000067;48,613015060000066;1
211583;08231013115300624920;08;1;15;028;2023;10;16;6;3;0;7;0;0;0;0;1;0;0;1;500722,362099999561906;5404868,564600000157952;9,009836140000061;48,796810043000050;1
211584;08231013115300607050;08;1;15;028;2023;10;07;6;3;0;7;0;0;1;0;0;0;0;0;501455,076200000010431;5404953,585100000724196;9,019813541000076;48,797573599000032;1
211585;08231013115100628270;08;1;15;013;2023;10;13;6;3;5;3;0;0;1;1;0;0;0;0;495416,730399999767542;5389082,025699999183416;8,937766791000058;48,654777213000045;1
211586;08231013111500618590;08;1;11;000;2023;10;21;6;2;0;7;2;0;0;1;1;0;0;0;514741,950400000438094;5404443,545700000599027;9,200719848000062;48,792812256000047;1
211587;08231013111500608290;08;1;11;000;2023;10;18;6;2;6;4;1;0;0;1;1;0;0;0;509419,984000000171363;5402821,255100000649691;9,128221376000056;48,778321649000077;1
211588;08231013111500606290;08;1;11;000;2023;10;23;6;3;5;2;2;0;1;1;0;0;0;0;515402,362999999895692;5406309,230000000447035;9,209781652000061;48,809579697000061;1
211590;08231013111370591830;08;1;11;000;2023;10;16;6;3;5;3;0;0;1;1;0;0;0;0;507601,148000000044703;5407988,348999999463558;9,103559745000041;48,824829259000069;1
211591;08231013111140645350;08;1;11;000;2023;10;16;6;3;3;6;0;0;1;0;0;1;0;0;510065,073099999688566;5402503,648099999874830;9,136994293000043;48,775454372000070;1
211592;08231013111140628160;08;1;11;000;2023;10;18;6;3;5;3;1;1;1;1;0;0;0;0;514071,456500000320375;5403004,617799999192357;9,191541486000062;48,779883339000037;1
211593;08231012426010589770;08;4;21;000;2023;10;18;5;3;2;6;1;0;1;1;0;0;0;0;570905,280299999751151;5360361,541500000283122;9,957821979000073;48,392427240000075;1
211594;08231012425000603850;08;4;25;020;2023;10;17;5;3;1;5;0;0;1;1;0;0;0;0;558120,071600000374019;5361979,593399999663234;9,785356112000045;48,408290862000058;1
211595;08231012421300617410;08;4;21;000;2023;10;20;5;2;4;6;2;0;1;0;0;0;0;0;572288,754399999976158;5360764,385399999096990;9,976577153000051;48,395893839000053;1
211596;08231012421300585870;08;4;21;000;2023;10;16;5;3;0;1;0;0;1;0;0;0;0;0;571993,546400000341237;5362001,867499999701977;9,972801921000041;48,407059088000040;1
211598;08231012416200589260;08;4;16;041;2023;10;17;5;3;5;3;0;0;1;1;0;0;0;0;505289,283200000412762;5375894,442099999636412;9,071651735000046;48,536132914000063;1
211599;08231012416010612720;08;4;16;048;2023;10;16;5;2;6;7;0;0;0;1;1;0;0;0;497036,790699999779463;5378230,925200000405312;8,959841989000040;48,557167975000027;1
211600;08231012416000611490;08;4;16;009;2023;10;10;5;3;6;7;0;0;0;1;1;0;0;0;508159,936099999584258;5384317,857499999925494;9,110704537000061;48,611881447000030;1
211602;08231012335300587740;08;3;35;035;2023;10;16;5;3;6;2;0;0;0;1;1;0;0;0;484425,207799999974668;5289793,939600000157952;8,792166811000072;47,761324845000047;1
211603;08231012335200654450;08;3;35;063;2023;10;07;5;3;5;2;0;0;1;1;0;0;0;0;497362,143500000238419;5288066,421099999919534;8,964810272000022;47,745964142000048;1
211605;08231012317600599740;08;3;17;041;2023;10;10;5;3;0;7;0;0;1;0;0;0;0;0;437355,550300000235438;5348181,500900000333786;8,155567300000030;48,283734382000034;1
211608;08231012316100638590;08;3;16;011;2023;10;17;5;3;6;7;0;0;0;1;1;0;0;0;413768,834499999880791;5330582,073499999940395;7,841258816000050;48,122653422000042;1
211609;08231012316100586640;08;3;16;011;2023;10;07;5;3;0;6;1;0;1;0;0;0;0;0;415068,010800000280142;5329712,391400000080466;7,858886304000066;48,115005119000045;1
211611;08231012311010615260;08;3;11;000;2023;10;08;5;2;3;6;1;0;1;0;0;0;0;0;412950,793700000271201;5314556,272099999710917;7,833529107000061;47,978386217000036;1
211612;08231012311010586380;08;3;11;000;2023;10;08;5;3;3;6;0;0;1;0;0;0;0;1;413417,439899999648333;5315526,721300000324845;7,839585239000030;47,987179089000051;1
211614;08231012221400620210;08;2;26;018;2023;10;11;5;3;1;5;0;0;1;1;0;0;0;0;473299,653800000436604;5472113,192700000479817;8,631989858000054;49,401121261000071;1
211615;08231012221300600900;08;2;21;000;2023;10;14;5;3;6;4;0;0;0;0;1;0;0;1;477655,244099999777973;5472985,200500000268221;8,691972776000057;49,409140326000056;1
211616;08231012221011626740;08;2;21;000;2023;10;16;5;3;5;3;0;0;1;1;0;0;0;0;474079,636500000022352;5471639,045399999246001;8,642771052000057;49,396890109000026;1
211619;08231012215102596450;08;2;12;000;2023;10;08;5;3;0;7;0;0;1;0;0;0;0;0;459275,931800000369549;5430728,033199999481440;8,442908519000071;49,028091150000080;1
211620;08231012215102586150;08;2;15;109;2023;10;08;5;3;5;3;0;0;1;0;0;0;0;0;460611,930499999783933;5432867,220699999481440;8,460975779000023;49,047420261000070;1
211621;08231012212402622660;08;2;12;000;2023;10;16;5;3;5;3;0;0;1;0;0;0;0;0;456491,184399999678135;5428059,895199999213219;8,405102273000068;49,003900782000073;1
211624;08231012118500600770;08;1;18;049;2023;10;18;5;3;1;5;1;0;1;1;0;1;0;0;518494,711000000126660;5419589,577600000426173;9,252499738000040;48,928961834000063;1
211625;08231012118200598970;08;1;18;011;2023;10;07;5;3;6;4;0;0;0;0;1;0;0;1;498597,666000000201166;5410945,403000000864267;8,980884152000044;48,851475462000053;1
211626;08231012116400603480;08;1;16;070;2023;10;17;5;3;5;3;0;0;0;1;1;0;0;0;540475,114500000141561;5384763,032400000840425;9,549150163000036;48,614630315000056;1
211627;08231012116200620460;08;1;16;078;2023;10;16;5;3;6;4;0;0;0;1;1;0;0;0;510297,504999999888241;5394279,354000000283122;9,139952344000051;48,701464821000059;1
211628;08231012115300602460;08;1;15;041;2023;10;19;5;3;6;3;2;0;0;1;1;0;0;0;495292,083200000226498;5402834,513900000602007;8,935917344000075;48,778494431000070;1
211629;08231012111500589790;08;1;11;000;2023;10;18;5;3;6;4;2;0;1;0;1;0;0;0;511227,563099999912083;5402334,651200000196695;9,152812111000060;48,773914194000042;1
211630;08231012111110600160;08;1;11;000;2023;10;13;5;3;6;7;0;0;0;0;1;0;0;1;513256,624400000087917;5403109,893999999389052;9,180453398000054;48,780848293000076;1
211631;08231012111500590260;08;1;11;000;2023;10;17;5;3;5;3;0;0;1;1;0;0;0;0;515228,565600000321865;5403899,902899999171495;9,207325190000063;48,787909980000052;1
211632;08231012111110589570;08;1;11;000;2023;10;13;5;3;6;7;0;0;0;1;1;0;0;0;513103,722799999639392;5403035,316999999806285;9,178369686000053;48,780180644000041;1
211633;08231011436300602890;08;4;36;081;2023;10;16;4;3;6;4;0;0;0;1;1;0;0;0;561847,812199999578297;5281970,005200000479817;9,824157272000036;47,688156455000069;1
211634;08231011436200583610;08;4;36;064;2023;10;09;4;3;5;3;0;0;1;1;0;0;0;0;546726,030000000260770;5293471,563100000843406;9,623900385000070;47,792907030000038;1
211635;08231011426200682440;08;4;26;070;2023;10;13;4;3;0;7;0;0;0;0;1;0;1;0;566196,007899999618530;5343165,597200000658631;9,891516029000059;48,238251424000055;1
211636;08231011426100617440;08;4;26;021;2023;10;15;4;3;0;1;0;0;1;0;0;0;0;0;558219,303600000217557;5328219,790400000289083;9,782051148000050;48,104580549000048;1
211637;08231011417300587010;08;4;17;013;2023;10;17;4;3;0;7;0;0;1;0;0;0;0;0;507630,765700000338256;5348828,764000000432134;9,102878371000031;48,292611861000069;1
211638;08231011417100618900;08;4;17;079;2023;10;18;4;3;5;3;0;0;1;1;0;0;0;0;499815,152900000102818;5344078,165400000289083;8,997509957000034;48,249917849000042;1
211639;08231011416200586060;08;4;16;041;2023;10;17;4;3;5;3;0;0;1;1;0;0;0;0;503132,142099999822676;5373569,602700000628829;9,042412379000041;48,515232303000062;1
211640;08231011416100614920;08;4;16;018;2023;10;19;4;3;4;6;2;0;1;1;0;0;0;0;491383,369800000451505;5361460,181099999696016;8,883571604000053;48,406239252000034;1
211641;08231011415400785020;08;4;15;061;2023;10;13;4;3;6;3;0;0;0;1;1;0;0;0;515715,359500000253320;5374608,312699999660254;9,212840309000057;48,524387986000079;1
211646;08231011335300584680;08;3;35;075;2023;10;15;4;3;1;7;0;0;1;1;0;0;0;0;488441,946600000374019;5289878,247999999672174;8,845764512000073;47,762167954000063;1
211647;08231011335101634120;08;3;35;043;2023;10;12;4;2;0;1;0;0;1;0;0;0;0;0;512157,831000000238419;5278868,528000000864267;9,161931963000029;47,663095821000070;1
211650;08231011317300629440;08;3;17;073;2023;10;17;4;3;5;3;0;0;1;1;0;0;0;0;412098,887000000104308;5347893,441999999806285;7,815238005000026;48,278139937000049;1
211651;08231011317200590250;08;3;17;057;2023;10;13;4;3;5;7;0;0;1;0;0;0;0;1;413013,729000000283122;5381203,264499999582767;7,820652850000045;48,577875394000046;1
211653;08231011317100604800;08;3;17;008;2023;10;16;4;3;9;1;0;0;1;0;0;0;0;0;442821,754599999636412;5367066,912799999117851;8,226675097000054;48,454140963000043;1
211654;08231011316200617950;08;3;16;009;2023;10;18;4;3;5;3;0;0;1;1;0;0;0;0;416390,626000000163913;5325340,383999999612570;7,877509319000069;48,075852626000028;1
211659;08231011231102616730;08;2;36;039;2023;10;07;4;3;3;2;0;0;1;1;0;0;0;0;490409,837100000120699;5409402,925599999725819;8,869308444000069;48,837527061000060;1
211660;08231011226600614370;08;2;26;096;2023;10;21;4;3;1;7;2;0;0;1;1;0;0;0;474674,755499999970198;5487388,985099999234080;8,649964817000068;49,538581406000048;1
211661;08231011226400618710;08;2;26;084;2023;10;18;4;3;5;2;0;0;1;1;0;0;0;0;470130,422399999573827;5469948,763599999248981;8,588472218000049;49,381505440000069;1
211663;08231011225100584580;08;2;25;118;2023;10;15;4;2;9;1;0;0;1;0;0;0;0;0;507231,986299999989569;5479058,069599999114871;9,099805936000052;49,464132586000062;1
211664;08231011222700659570;08;2;22;000;2023;10;08;4;3;5;3;0;0;1;1;0;0;0;0;461634,904600000008941;5482443,179700000211596;8,470220805000054;49,493411202000061;1
211665;08231011222500602240;08;2;22;000;2023;10;18;4;3;5;2;2;0;1;1;0;0;0;0;462985,836299999617040;5478995,168999999761581;8,489197537000052;49,462481958000069;1
211668;08231011221400598870;08;2;26;018;2023;10;18;4;3;1;5;0;0;1;1;0;0;0;0;473299,656399999745190;5472466,474799999967217;8,631966145000035;49,404298963000031;1
211669;08231011221300659740;08;2;21;000;2023;10;17;4;3;0;7;0;0;1;0;0;0;0;0;476497,944799999706447;5474521,292700000107288;8,675928460000023;49,422913603000040;1
211670;08231011216300599780;08;2;16;024;2023;10;17;4;3;9;1;0;0;1;0;0;0;0;0;444479,160299999639392;5409534,379899999126792;8,243396072000053;48,836300976000075;1
211671;08231011216300586320;08;2;16;006;2023;10;18;4;3;5;3;1;0;1;1;0;0;0;0;446996,686599999666214;5409126,923000000417233;8,277753149000034;48,832855871000049;1
211673;08231011128200614700;08;1;28;139;2023;10;12;4;3;6;6;0;0;0;1;1;0;0;0;550479,228299999609590;5490594,911900000646710;9,698093707000055;49,565841896000052;1
211674;08231011127202619950;08;1;27;014;2023;10;13;4;2;3;2;0;0;1;0;0;0;0;0;576556,069099999964237;5443071,677799999713898;10,049532368000030;49,135702686000059;1
211675;08231011126100599270;08;1;26;046;2023;10;14;4;2;8;1;0;0;1;0;0;0;0;0;549962,201700000092387;5457814,772099999710917;9,686817123000026;49,271050045000038;1
211677;08231011121500617520;08;1;25;065;2023;10;21;4;3;0;2;2;0;1;1;0;0;0;0;516325,163300000131130;5449030,667099999263883;9,224067583000021;49,193858774000034;1
211679;08231011118400780030;08;1;18;048;2023;10;17;4;3;6;7;1;0;0;0;1;0;0;1;514148,929700000211596;5415458,415400000289083;9,193025994000038;48,891913738000028;1
211680;08231011118100584590;08;1;18;079;2023;10;15;4;3;4;7;0;0;1;1;0;0;0;0;509543,617999999783933;5422987,639000000432134;9,130374693000022;48,959732494000036;1
211681;08231011118010612560;08;1;18;079;2023;10;07;4;3;5;2;1;0;1;1;0;0;0;0;510838,778599999845028;5422373,518300000578165;9,148051382000062;48,954186723000078;1
211682;08231011117200582900;08;1;17;024;2023;10;16;4;3;4;2;0;0;1;1;0;0;0;0;561067,616899999789894;5385773,649000000208616;9,828664457000059;48,622050119000050;1
211683;08231011116500619290;08;1;16;049;2023;10;18;4;3;0;1;1;0;1;0;0;0;0;0;525465,425599999725819;5384661,899700000882149;9,345503499000074;48,614511488000062;1
211684;08231011116400619720;08;1;16;054;2023;10;18;4;3;0;1;0;0;1;0;0;0;0;0;532903,060399999842048;5381264,655200000852346;9,446141958000055;48,583603043000039;1
211685;08231011417300659710;08;4;17;013;2023;10;20;4;3;3;1;2;0;1;0;0;0;0;0;507708,019299999810755;5348442,416099999099970;9,103912854000043;48,289135062000071;1
211686;08231011116400601670;08;1;16;033;2023;10;16;4;3;0;7;0;0;1;0;0;0;0;0;532629,740000000223517;5388475,515200000256300;9,443003244000067;48,648485876000052;1
211689;08231011115100603120;08;1;15;003;2023;10;16;4;3;5;3;0;0;1;1;0;0;0;0;500202,827999999746680;5391527,970000000670552;9,002755268000044;48,676798050000059;1
211691;08231011111500601870;08;1;11;000;2023;10;13;4;3;5;3;0;0;1;1;0;0;0;0;510995,207200000062585;5400515,930400000885129;9,149601050000058;48,757557216000066;1
211692;08231011111500583720;08;1;11;000;2023;10;08;4;3;5;2;0;0;1;1;0;0;0;0;514418,271999999880791;5402739,115399999544024;9,196253019000039;48,777486961000079;1
211693;08231011111370598910;08;1;11;000;2023;10;22;4;3;0;7;2;0;1;0;0;0;0;0;512059,504099999554455;5406696,132600000128150;9,164263187000074;48,813134090000062;1
211697;08231010436000597500;08;4;36;082;2023;10;08;3;3;0;1;0;0;1;1;0;0;0;0;548078,363300000317395;5295977,093200000002980;9,642233812000029;47,815349550000064;1
211698;08231010435100581300;08;4;35;016;2023;10;20;3;2;5;3;2;0;1;0;0;1;0;0;533944,224299999885261;5278310,314799999818206;9,452058493000038;47,657296879000057;1
211699;08231010426200579860;08;4;26;013;2023;10;10;3;3;5;3;0;0;1;1;0;0;0;0;545499,303000000305474;5323648,015000000596046;9,610709684000028;48,064486099000078;1
211700;08231010417100580130;08;4;17;045;2023;10;12;3;3;0;1;0;0;1;0;0;0;0;0;495791,427199999801815;5329337,781899999827147;8,943453124000030;48,117286232000026;1
211702;08231010416200630090;08;4;16;041;2023;10;15;3;3;3;6;0;0;1;0;0;0;0;1;504283,414400000125170;5373919,569700000807643;9,058005360000038;48,518373937000035;1
211704;08231010415400608450;08;4;15;061;2023;10;08;3;3;0;1;0;0;1;0;0;0;0;0;512789,843299999833107;5374576,622400000691414;9,173217942000065;48,524169324000070;1
211709;08231010325000604830;08;3;26;074;2023;10;14;3;2;6;4;0;0;0;0;1;0;1;0;464244,279600000008941;5322292,558599999174476;8,520180471000060;48,052912026000058;1
211712;08231010317100604790;08;3;17;089;2023;10;18;3;3;0;1;0;0;1;0;0;0;0;0;429210,183400000445545;5378486,802799999713898;8,040668544000027;48,555480262000060;1
211713;08231010316100616920;08;3;16;051;2023;10;17;3;3;5;3;0;0;1;1;0;0;0;0;398358,651300000026822;5335184,954900000244379;7,633140287000060;48,161779573000047;1
211715;08231010311010609100;08;3;36;069;2023;10;10;3;3;3;6;0;0;1;0;0;0;1;0;409929,827700000256300;5268825,967100000008941;7,802539472000035;47,566598206000037;1
211717;08231010225200592880;08;2;25;039;2023;10;09;3;3;5;3;0;0;1;1;0;0;0;0;531042,066499999724329;5494302,734200000762939;9,429594016000067;49,600500942000053;1
211718;08231010225100622390;08;2;25;058;2023;10;07;3;3;6;6;0;0;1;1;1;0;0;0;511209,548399999737740;5466774,232899999246001;9,154351812000073;49,353579775000071;1
211719;08231010222700598780;08;2;22;000;2023;10;15;3;3;5;3;0;0;1;1;0;0;0;0;462186,084400000050664;5482078,416400000452995;8,477866547000076;49,490164952000043;1
211720;08231010222400590560;08;2;26;038;2023;10;15;3;3;0;7;0;0;1;0;0;0;0;0;472508,774899999611080;5478819,163499999791384;8,620624556000053;49,461404547000029;1
211722;08231010222014668050;08;2;22;000;2023;10;12;3;3;6;4;0;0;1;0;1;0;0;0;461510,174499999731779;5481045,158099999651313;8,468634612000074;49,480828843000040;1
211723;08231010222014604360;08;2;22;000;2023;10;19;3;2;5;2;2;0;1;0;0;0;0;1;461830,866899999789894;5477739,684200000017881;8,473380451000025;49,451117988000078;1
211724;08231010215302581360;08;2;15;007;2023;10;09;3;3;6;3;0;0;0;1;1;0;0;0;479043,628700000233948;5431414,027400000020862;8,713283250000075;49,035250584000039;1
211725;08231013118300646050;08;1;18;046;2023;10;13;6;2;5;3;0;0;1;0;0;0;0;0;512953,286999999545515;5411479,342499999329448;9,176588563000053;48,856145058000038;1
211726;08231010212502611390;08;2;12;000;2023;10;21;3;3;5;2;2;0;1;1;0;0;0;0;454300,457899999804795;5429318,956000000238419;8,375008465000064;49,015067798000075;1
211727;08231010212010603950;08;2;15;105;2023;10;12;3;2;5;3;0;0;1;1;0;0;0;0;457122,814299999736249;5441826,334599999710917;8,412279484000067;49,127774667000040;1
211728;08231010212010603940;08;2;12;000;2023;10;16;3;3;6;6;0;0;1;0;1;0;0;0;455834,578800000250340;5428867,434100000187755;8,396037149000051;49,011118043000067;1
211730;08231010136200591070;08;1;36;019;2023;10;12;3;2;0;7;0;0;1;0;0;0;0;0;581873,177299999631941;5424805,733999999240041;10,118719432000034;48,970736690000081;1
211734;08231010325202628980;08;3;25;049;2023;10;11;3;3;6;7;0;0;0;1;1;0;0;0;471875,356999999843538;5335272,829099999740720;8,621726051000053;48,170075132000079;1
211736;08231010127202581000;08;1;27;014;2023;10;09;3;3;6;4;0;0;0;1;1;0;0;0;579168,563099999912083;5442352,643699999898672;10,085200103000034;49,128904755000065;1
211738;08231010119400678910;08;1;19;079;2023;10;16;3;3;6;6;0;0;1;0;1;0;0;0;523266,174399999901652;5409055,031600000336766;9,317041845000062;48,834035594000056;1
211740;08231010118300591280;08;1;18;046;2023;10;07;3;3;2;2;2;0;1;1;0;0;0;0;512847,744199999608099;5411607,537699999287724;9,175153758000022;48,857300470000041;1
211743;08231010116200650890;08;1;16;015;2023;10;13;3;3;5;3;0;0;1;1;0;0;0;0;522965,909699999727309;5393987,575799999758601;9,312109186000043;48,698502215000076;1
211748;08231009436400577740;08;4;36;009;2023;10;09;2;3;3;7;0;0;1;1;0;0;0;0;555911,279299999587238;5307024,242399999871850;9,748286967000070;47,914103684000054;1
211750;08231009425000588480;08;4;25;071;2023;10;12;2;2;0;6;0;0;1;0;1;0;0;0;550368,496899999678135;5371030,434100000187755;9,681709062000039;48,490378032000081;1
211751;08231009421200608970;08;4;21;000;2023;10;17;2;3;5;3;0;0;1;1;0;0;0;0;573315,802000000141561;5361616,502000000327826;9,990598623000039;48,403440216000035;1
211757;08231009325102656730;08;3;25;070;2023;10;09;2;3;2;6;0;0;1;0;0;0;0;1;462848,850999999791384;5348715,924699999392033;8,499145770000041;48,290552085000058;1
211758;08231009317500588270;08;3;17;096;2023;10;02;2;3;0;7;2;0;1;0;0;0;0;0;422136,144399999640882;5369060,459000000730157;7,946577793000074;48,469853054000055;1
211759;08231009317300599980;08;3;17;026;2023;10;19;2;3;6;4;1;0;1;0;1;0;0;0;411925,638000000268221;5345361,070000000298023;7,813430869000058;48,255337590000067;1
211760;08231009311200580850;08;3;11;000;2023;10;17;2;3;5;3;0;0;1;1;0;0;0;0;413745,407899999991059;5318369,037799999117851;7,843408453000052;48,012791045000029;1
211761;08231009311010588390;08;3;36;081;2023;10;18;2;3;6;4;0;0;0;1;1;0;0;0;411161,362499999813735;5277447,976700000464916;7,817161290000058;47,644330618000026;1
211762;08231009311010580650;08;3;11;000;2023;10;17;2;3;3;6;0;0;1;0;0;0;0;1;415263,899699999950826;5315896,078800000250340;7,864254252000023;47,990748930000052;1