OID_;UIDENTSTLAE;ULAND;UREGBEZ;UKREIS;UGEMEINDE;UJAHR;UMONAT;USTUNDE;UWOCHENTAG;UKATEGORIE;UART;UTYP1;ULICHTVERH;IstStrassenzustand;IstRad;IstPKW;IstFuss;IstKrad;IstGkfz;IstSonstige;LINREFX;LINREFY;XGCSWGS84;YGCSWGS84;PLST
211764;08231009226700656720;08;2;26;098;2023;10;14;2;3;6;7;0;0;0;1;1;0;0;0;482029,304600000381470;5462689,658999999985099;8,752734260000068;49,316677200000072;1
211765;08231009226700591230;08;2;26;076;2023;10;11;2;3;0;1;0;0;1;0;0;0;0;0;474959,000500000081956;5465501,690799999982119;8,655276240000035;49,341722179000044;1
211768;08231009222600593990;08;2;22;000;2023;10;16;2;3;5;3;0;0;1;1;0;0;0;0;463339,842000000178814;5483253,626000000163913;8,493687903000023;49,500806168000054;1
211769;08231009222301608780;08;2;22;000;2023;10;16;2;3;5;3;0;0;1;1;0;0;0;0;465623,082999999634922;5482614,562000000849366;8,525276088000055;49,495191794000050;1
211770;08231009222014605500;08;2;22;000;2023;10;07;2;3;5;2;0;0;1;1;0;0;0;0;462474,309399999678135;5481948,899800000712276;8,481858473000045;49,489017911000076;1
211771;08231009222014588450;08;2;22;000;2023;10;14;2;2;6;4;0;0;0;1;1;0;0;0;461682,077300000004470;5484122,247300000861287;8,470709307000050;49,508516470000075;1
211773;08231009215502590970;08;2;15;106;2023;10;16;2;3;5;2;0;0;1;1;0;0;0;0;464572,382699999958277;5453392,391000000759959;8,513367988000027;49,232286084000066;1
211776;08231009212010580330;08;2;12;000;2023;10;15;2;3;5;5;0;0;1;1;0;0;0;0;453349,171500000171363;5428907,818499999120831;8,362046670000041;49,011298404000058;1
211777;08231009211000581830;08;2;11;000;2023;10;11;2;2;6;4;0;0;0;1;1;0;0;0;443890,451999999582767;5401660,365000000223517;8,236450159000071;48,765420279000068;1
211779;08231009127100592850;08;1;27;076;2023;10;17;2;3;6;4;0;0;0;0;1;0;0;1;554857,964999999850988;5440566,865700000897050;9,751757411000028;49,115493492000041;1
211782;08231009118400579110;08;1;18;048;2023;10;16;2;3;6;2;0;0;1;0;1;0;0;0;513465,508999999612570;5415443,153300000354648;9,183702014000062;48,891791673000057;1
211783;08231009118300579650;08;1;18;071;2023;10;16;2;3;5;3;0;0;1;1;0;0;0;0;508933,232300000265241;5418731,961999999359250;9,121942980000028;48,921458868000059;1
211784;08231009116500641570;08;1;16;035;2023;10;07;2;3;3;6;0;0;1;0;0;0;0;0;526224,405799999833107;5391854,236500000581145;9,356256254000073;48,679182374000050;1
211785;08231009116100594840;08;1;16;019;2023;10;15;2;3;8;1;0;0;1;0;0;0;0;0;526156,493700000457466;5397091,855499999597669;9,355665525000063;48,726302369000052;1
211788;08231008436400661930;08;4;36;082;2023;10;17;1;3;0;7;0;0;1;0;0;0;0;0;546594,067999999970198;5294071,812999999150634;9,622202966000032;47,798317029000032;1
211791;08231008335300578010;08;3;35;028;2023;10;14;1;2;0;1;0;0;1;0;0;0;0;0;482926,510700000450015;5286560,425400000065565;8,772294976000069;47,732193297000038;1
211792;08231008335200576990;08;3;35;063;2023;10;16;1;3;0;1;0;0;1;0;0;0;0;0;495380,248399999924004;5288975,804199999198318;8,938361601000054;47,754135233000056;1
211795;08231008317200596090;08;3;17;057;2023;10;05;1;3;6;4;2;0;0;1;1;0;0;0;412146,832000000402331;5381078,759999999776483;7,808928532000039;48,576634595000030;1
211796;08231008317100589800;08;3;17;001;2023;10;21;1;3;0;1;2;0;1;0;0;0;0;0;430667,108000000007451;5387889,826999999582767;8,058839748000025;48,640223589000072;1
211799;08231008311010578910;08;3;11;000;2023;10;15;1;3;1;5;0;0;1;1;0;0;0;0;415481,333100000396371;5315641,550000000745058;7,867218104000074;47,988488106000034;1
211800;08231008311010577450;08;3;36;084;2023;10;16;1;3;4;6;0;0;1;1;0;0;0;0;406764,260599999688566;5277536,820499999448657;7,758611146000021;47,644511361000070;1
211801;08231008235100578230;08;2;35;085;2023;10;18;1;3;0;7;0;0;1;0;0;0;0;0;480500,959400000050664;5394282,403500000014901;8,734991443000069;48,701272480000057;1
211802;08231008231402610660;08;2;31;000;2023;10;12;1;3;0;1;0;0;1;0;0;0;0;0;476707,040599999949336;5415090,362199999392033;8,682249677000073;48,888326588000041;1
211803;08231008226700577670;08;2;26;076;2023;10;15;1;3;5;3;0;0;1;1;0;0;0;0;475123,613800000399351;5465420,329299999400973;8,657547404000070;49,340997074000029;1
211805;08231008216100604840;08;2;16;043;2023;10;17;1;3;5;3;0;0;1;0;0;0;0;1;441336,025700000114739;5411991,038399999961257;8,200215754000055;48,858109529000046;1
211806;08231008215502610240;08;2;15;029;2023;10;16;1;2;5;7;0;0;1;1;0;0;0;0;466724,466000000014901;5448898,994200000539422;8,543300365000050;49,191988731000038;1
211809;08231008136010596130;08;1;36;028;2023;10;00;1;2;6;1;2;0;0;1;1;0;0;0;568665,296600000001490;5405403,630200000479817;9,935014631000058;48,797831510000037;1
211810;08231008136010585580;08;1;36;079;2023;10;20;1;2;6;4;2;0;0;1;1;0;0;0;560363,349600000306964;5401403,400499999523163;9,821392724000077;48,762710843000036;1
211811;08231008135200610810;08;1;35;019;2023;10;17;1;3;2;6;0;0;1;0;0;0;0;0;583916,799899999983609;5392225,748500000685453;10,139971547000073;48,677434919000063;1
211814;08231008119500603600;08;1;19;085;2023;10;08;1;3;1;1;0;0;1;0;0;0;0;1;528268,661999999545515;5413217,390000000596046;9,385495279000054;48,871271079000053;1
211815;08231008119200589210;08;1;19;020;2023;10;23;1;3;0;1;2;0;1;0;0;0;0;0;519499,847099999897182;5408512,396500000730157;9,265693945000066;48,829283879000059;1
211816;08231008117200679560;08;1;17;014;2023;10;19;1;3;8;1;2;0;1;0;0;0;0;0;554325,031799999997020;5384580,830600000917912;9,737022298000056;48,611942087000045;1
211818;08231008111500577080;08;1;11;000;2023;10;15;1;3;3;6;0;0;1;0;0;0;0;0;516264,066999999806285;5406382,263199999928474;9,221520948000034;48,810214737000081;1
211819;08231007436300576680;08;4;36;049;2023;10;14;7;3;2;6;0;0;1;1;0;0;0;0;578237,316100000403821;5282451,731799999251962;10,042609699000025;47,690713832000029;1
211820;08231007435200575860;08;4;35;066;2023;10;13;7;3;0;7;0;0;1;0;0;0;0;0;517367,502899999730289;5286864,900399999693036;9,231638329000077;47,734924974000080;1
211821;08231007435100593520;08;4;35;016;2023;10;01;7;2;8;1;2;0;1;0;0;0;0;0;536096,297699999995530;5278089,912599999457598;9,480699918000028;47,655197328000042;1
211822;08231007425000600120;08;4;25;033;2023;10;19;7;3;0;1;2;0;1;0;0;0;0;0;553837,963000000454485;5347860,118000000715256;9,725693042000046;48,281653561000041;1
211823;08231007421300585410;08;4;21;000;2023;10;16;7;3;5;3;0;0;1;1;0;0;0;0;572155,891999999992549;5355284,298000000417233;9,973842037000054;48,346614023000029;1
211824;08231007416200587840;08;4;16;041;2023;10;16;7;3;0;7;0;0;1;0;0;0;0;0;505491,897099999710917;5373222,455299999564886;9,074361262000025;48,512093029000027;1
211825;08231007416200587650;08;4;16;041;2023;10;12;7;3;6;3;0;0;1;0;1;0;0;0;504295,319000000134110;5374351,349799999967217;9,058171018000053;48,522258307000072;1
211826;08231007415300603260;08;4;15;059;2023;10;13;7;2;0;7;0;0;1;0;0;0;0;0;517584,934700000099838;5368054,375199999660254;9,237884615000041;48,465376996000032;1
211827;08231007415200600450;08;4;15;053;2023;10;22;7;2;8;1;2;0;1;0;0;0;0;0;538984,789300000295043;5363099,535499999299645;9,526906022000048;48,419840316000034;1
211828;08231007337200600180;08;3;37;002;2023;10;19;7;3;0;1;2;0;1;0;0;0;0;0;434781,540300000458956;5277380,074699999764562;8,131617377000055;47,646530961000053;1
211829;08231007336400589250;08;3;36;078;2023;10;12;7;3;0;1;0;0;1;0;0;0;0;0;394252,362800000235438;5290639,806099999696016;7,588892509000061;47,760448607000058;1
211830;08231007335100576690;08;3;35;043;2023;10;12;7;3;0;2;0;0;1;1;0;0;0;0;512203,199000000022352;5279257,150399999693036;9,162547078000046;47,666591666000045;1
211833;08231007316100603360;08;3;16;011;2023;10;15;7;2;6;4;0;0;1;0;1;0;0;0;414517,876299999654293;5330460,974400000646710;7,851346332000048;48,121665145000065;1
211834;08231007311400575900;08;3;15;006;2023;10;19;7;3;6;4;2;0;1;0;1;0;0;0;403266,458200000226498;5307876,997700000181794;7,705291969000029;47,916915374000041;1
211835;08231007311010606660;08;3;15;095;2023;10;13;7;3;4;1;0;0;1;1;0;0;0;0;427998,478900000452995;5316954,540400000289083;8,034735096000077;48,001831471000060;1
211836;08231007311010606120;08;3;11;000;2023;10;16;7;3;5;3;0;0;1;0;0;0;0;1;410064,997999999672174;5314844,927999999374151;7,794807338000055;47,980583573000047;1
211840;08231007222014585600;08;2;22;000;2023;10;21;7;1;3;2;2;0;1;0;0;0;0;1;462752,840800000354648;5479434,555700000375509;8,485940945000038;49,466419789000042;1
211841;08231007221400600930;08;2;21;000;2023;10;13;7;3;0;7;0;0;1;0;0;0;0;0;477187,310300000011921;5471438,752299999818206;8,685611128000062;49,395212891000028;1
211842;08231007221200617720;08;2;21;000;2023;10;19;7;3;6;7;2;0;0;0;1;0;0;1;477180,093500000424683;5472643,956399999558926;8,685442437000063;49,406053255000074;1
211844;08231007215102576870;08;2;15;090;2023;10;13;7;3;5;3;0;0;1;1;0;0;0;0;465029,048200000077486;5434044,765200000256300;8,521319828000060;49,058279020000043;1
211845;08231007212302575510;08;2;12;000;2023;10;22;7;3;1;5;2;0;1;1;0;0;0;0;456954,298499999567866;5428589,064799999818206;8,411377996000056;49,008693204000053;1
211846;08231007136100586960;08;1;36;088;2023;10;09;7;3;6;2;0;0;0;1;1;0;0;0;581803,690399999730289;5410532,685499999672174;10,114910283000029;48,842373331000033;1
211847;08231007135100597000;08;1;35;016;2023;10;19;7;2;0;1;1;0;1;0;0;0;0;0;591574,149299999698997;5386370,193800000473857;10,242673669000055;48,623693619000051;1
211848;08231007119200602810;08;1;19;093;2023;10;09;7;3;4;6;0;0;1;1;0;0;0;0;523494,684299999848008;5406131,606899999082088;9,319988185000057;48,807728572000030;1
211849;08231007118500600530;08;1;18;078;2023;10;16;7;3;6;7;0;0;0;1;1;0;0;0;514558,958999999798834;5420618,629000000655651;9,198803873000031;48,938323950000040;1
211851;08231007116500618340;08;1;16;041;2023;10;14;7;3;5;3;0;0;1;1;0;0;0;0;519743,056499999947846;5384097,751499999314547;9,267839124000034;48,609643081000058;1
211852;08231007116100575180;08;1;16;019;2023;10;08;7;3;6;4;0;0;0;1;1;0;0;0;521980,331399999558926;5398135,892799999564886;9,298936297000068;48,735855721000064;1
211853;08231007111500618670;08;1;11;000;2023;10;16;7;3;0;7;0;0;1;0;0;0;0;0;512207,535899999551475;5396519,345699999481440;9,165977541000075;48,721581399000058;1
211854;08231007111500601210;08;1;11;000;2023;10;17;7;3;6;6;0;0;1;1;1;0;0;0;512803,216199999675155;5402116,014599999412894;9,174250544000074;48,771916926000074;1
211855;08231007111500584020;08;1;11;000;2023;10;04;7;1;9;1;2;0;1;0;0;0;0;0;512910,135900000110269;5409514,577600000426173;9,175938369000050;48,838471298000059;1
211856;08231007111330575270;08;1;11;000;2023;10;21;7;3;0;7;2;0;1;0;0;0;0;0;515076,476099999621511;5409281,224899999797344;9,205452323000031;48,836323269000047;1
211857;08231007111310646690;08;1;11;000;2023;10;18;7;2;0;1;0;0;1;0;0;0;0;0;517530,303600000217557;5408521,659700000658631;9,238858707000077;48,829425932000049;1
211860;08231006436300582550;08;4;36;052;2023;10;13;6;3;5;3;0;0;1;1;0;0;0;0;566562,905500000342727;5293109,263800000771880;9,888684882000064;47,787902545000065;1
211862;08231007111340620260;08;1;11;000;2023;10;16;7;3;6;2;0;0;0;1;1;0;0;0;507716,501199999824166;5405993,454099999740720;9,105093821000025;48,806881981000060;1
211863;08231006435100574110;08;4;35;045;2023;10;16;6;3;0;1;0;0;1;0;0;0;0;0;535343,049800000153482;5285858,782899999991059;9,471298493000063;47,725138323000067;1
211865;08231006417100592730;08;4;17;075;2023;10;20;6;2;0;2;2;0;1;0;0;1;0;0;508444,127000000327826;5336198,207000000402331;9,113592314000073;48,178966951000064;1
211866;08231006416200612220;08;4;16;041;2023;10;08;6;3;0;7;0;0;1;1;0;0;0;0;503556,384100000374019;5375748,231599999591708;9,048175629000070;48,534829770000044;1
211867;08231006416100574180;08;4;16;036;2023;10;16;6;3;0;1;0;0;1;0;0;0;0;0;495748,632899999618530;5370146,294500000774860;8,942467048000026;48,484428283000057;1
211868;08231006415100643360;08;4;15;050;2023;10;17;6;3;0;7;0;0;1;0;0;0;0;0;522838,523500000126660;5374457,981499999761581;9,309303110000030;48,522816795000040;1
211870;08231006336100591630;08;3;36;050;2023;10;17;6;3;0;1;0;0;1;0;0;0;0;0;399337,952899999916553;5273911,288899999111891;7,660593901000027;47,610786230000031;1
211871;08231006335300588220;08;3;35;028;2023;10;13;6;3;5;2;0;0;1;1;0;0;0;0;483342,135999999940395;5287050,150000000372529;8,777819284000032;47,736610477000056;1
211872;08231006335300573300;08;3;35;075;2023;10;08;6;3;5;3;0;0;1;1;0;0;0;0;488376,962199999950826;5290017,463800000026822;8,844893612000021;47,763419384000031;1
211874;08231006335100573170;08;3;35;043;2023;10;12;6;3;1;5;0;0;1;1;0;0;0;0;513906,157700000330806;5279831,723799999803305;9,185248732000048;47,671727106000048;1
211878;08231006317300575340;08;3;17;065;2023;10;17;6;3;0;7;0;0;1;0;0;0;0;0;415218,058899999596179;5354811,973500000312924;7,855880028000058;48,340796877000059;1
211880;08231006316100575660;08;3;16;002;2023;10;16;6;2;8;1;0;0;1;0;0;0;0;0;406384,563199999742210;5331201,872300000861287;7,741919493000069;48,127185253000050;1
211881;08231006311100573140;08;3;15;132;2023;10;15;6;3;5;3;0;0;1;1;0;0;0;0;409258,749499999918044;5323506,871300000697374;7,782171646000052;48,058384976000070;1
211882;08231006311010597380;08;3;15;047;2023;10;16;6;3;3;6;0;0;1;0;0;0;0;0;415440,850499999709427;5321036,413000000640750;7,865611635000050;48,037011722000045;1
211886;08231006226200612030;08;2;26;032;2023;10;08;6;3;5;2;0;0;1;1;0;0;0;0;466886,839700000360608;5462618,218399999663234;8,544394504000024;49,315401054000063;1
211887;08231006222600586670;08;2;22;000;2023;10;13;6;3;5;3;0;0;1;1;0;0;0;0;461621,940499999560416;5483704,800100000575185;8,469919236000067;49,504757964000078;1
211888;08231006221400776950;08;2;26;018;2023;10;12;6;2;0;7;0;0;1;0;0;0;0;0;473174,387000000104308;5472142,961999999359250;8,630261337000036;49,401383522000060;1
211889;08231006221011601340;08;2;21;000;2023;10;15;6;3;5;3;0;0;1;1;0;0;0;0;477001,256400000303984;5472946,282899999991059;8,682959813000025;49,408765902000027;1
211892;08231006136300595410;08;1;36;065;2023;10;12;6;3;2;6;0;0;1;1;0;0;0;0;564406,942999999970198;5407255,571399999782443;9,877326565000033;48,814945226000077;1
211894;08231006121600596890;08;1;25;046;2023;10;18;6;3;0;7;0;0;1;0;0;0;0;0;520744,872700000181794;5433797,756799999624491;9,283945211000059;49,056700417000059;1
211897;08231006212010577030;08;2;12;000;2023;10;09;6;3;5;3;0;0;1;1;0;0;0;0;459610,733000000007451;5428044,766300000250340;8,447755332000042;49,003976719000036;1
211902;08231006116100597690;08;1;16;058;2023;10;11;6;3;0;7;0;0;0;1;1;0;0;0;534026,859400000423193;5395272,719599999487400;9,462530329000060;48,709557840000059;1
211903;08231006115100619980;08;1;15;024;2023;10;15;6;3;5;3;0;0;1;1;0;0;0;0;500722,376699999906123;5388109,861999999731779;9,009806986000058;48,646047862000046;1
211905;08231006111500573030;08;1;11;000;2023;10;12;6;3;5;3;0;0;1;1;0;0;0;0;507445,103799999691546;5396934,855299999937415;9,101233640000032;48,725394416000029;1
211906;08231006111320575650;08;1;11;000;2023;10;18;6;3;6;4;1;0;0;1;1;0;0;0;516179,299999999813735;5404883,839999999850988;9,220307359000060;48,796737347000033;1
211907;08231006111210585310;08;1;11;000;2023;10;14;6;3;5;3;0;0;1;0;0;0;0;0;508372,072700000368059;5398132,841499999165535;9,113862262000055;48,736159762000057;1
211908;08231005436300579870;08;4;36;081;2023;10;07;5;3;3;2;0;0;1;1;0;0;0;0;562437,340800000354648;5280910,104800000786781;9,831860603000052;47,678564121000079;1
211909;08231005435100572700;08;4;35;016;2023;10;05;5;3;5;3;2;0;1;1;0;0;0;0;536796,888700000010431;5278711,003299999982119;9,490081738000072;47,660746060000065;1
211910;08231005426010593870;08;4;21;000;2023;10;12;5;2;6;4;0;0;0;0;1;0;0;1;573242,902099999599159;5361407,041799999773502;9,989577245000021;48,401564552000082;1
211912;08231013235100618260;08;2;35;033;2023;10;19;6;3;6;4;1;0;0;1;1;0;0;0;459255,567200000397861;5406063,669399999082088;8,445092972000054;48,806225907000055;1
211914;08231005415400594290;08;4;15;061;2023;10;07;5;2;5;3;0;0;1;1;0;0;0;0;514793,940000000409782;5370816,359999999403954;9,200226755000074;48,490296706000038;1
211915;08231005415100595340;08;4;15;050;2023;10;18;5;3;0;1;0;0;1;0;0;0;0;0;521230,186999999918044;5377136,982999999076128;9,287658136000061;48,546974177000038;1
211916;08231005337010575990;08;3;37;096;2023;10;15;5;3;5;3;0;0;1;1;0;0;0;0;420438,462399999611080;5267017,819000000134110;7,942550396000058;47,551704876000031;1
211917;08231005335200592670;08;3;35;063;2023;10;07;5;3;8;6;0;0;1;0;0;0;0;1;497679,801900000311434;5287272,982599999755621;8,969052153000064;47,738826327000027;1
211918;08231005335200571690;08;3;35;063;2023;10;09;5;3;4;7;0;0;1;1;0;0;0;0;497675,730899999849498;5287013,101399999111891;8,968999240000073;47,736488006000059;1
211922;08231005311010595350;08;3;11;000;2023;10;19;5;3;5;3;2;0;1;0;0;0;0;0;412110,167000000365078;5317147,608200000599027;7,821736504000057;48,001581126000076;1
211923;08231005311010593360;08;3;11;000;2023;10;15;5;3;1;5;0;0;1;1;0;0;0;0;414148,100300000049174;5316940,038399999961257;7,849093085000050;47,999990914000080;1
211925;08231005226700574150;08;2;26;041;2023;10;16;5;3;5;3;0;0;1;1;0;0;0;0;475897,248200000263751;5465563,234999999403954;8,668188555000029;49,342313563000062;1
211927;08231005226600572560;08;2;26;040;2023;10;16;5;3;5;3;0;0;1;1;0;0;0;0;474501,256799999624491;5495111,874600000679493;8,647066313000039;49,608038033000071;1
211930;08231005222800571770;08;2;22;000;2023;10;20;5;3;0;7;2;0;1;0;0;0;0;0;463350,018500000238419;5490508,969499999657273;8,493154086000061;49,566064461000053;1
211932;08231005222500640390;08;2;22;000;2023;10;20;5;3;5;3;1;0;1;1;0;0;0;1;462863,189399999566376;5479230,117100000381470;8,487483016000056;49,464587719000065;1
211933;08231005311010620850;08;3;36;084;2023;10;12;5;2;0;1;0;0;1;0;0;0;0;0;406653,453099999576807;5276962,482599999755621;7,757258710000031;47,639328857000066;1
211934;08231005222014577150;08;2;22;000;2023;10;07;5;3;6;7;0;0;0;1;1;0;0;0;461386,861299999989569;5480694,307299999520183;8,466966561000049;49,477665291000051;1
211935;08231005221011595520;08;2;21;000;2023;10;08;5;3;5;3;0;0;1;0;0;0;0;1;477298,863400000147521;5472677,122600000351667;8,687077681000062;49,406356022000068;1
211936;08231005212402593580;08;2;12;000;2023;10;17;5;3;6;4;0;0;1;0;1;0;0;0;455031,124599999748170;5426705,073799999430776;8,385289989000057;48,991609374000063;1
211937;08231005212010589150;08;2;12;000;2023;10;09;5;3;5;3;0;0;1;1;0;0;0;0;455408,916000000201166;5432613,709000000730157;8,389804613000024;49,044785405000027;1
211938;08231005212010577830;08;2;12;000;2023;10;17;5;3;5;3;0;0;1;1;0;0;0;0;458131,647599999792874;5428606,571299999952316;8,427474821000033;49,008931681000035;1
211943;08231005116100681780;08;1;16;019;2023;10;16;5;2;6;4;0;0;1;0;1;0;0;0;523146,490299999713898;5399896,837099999189377;9,314894965000065;48,751654735000045;1
211944;08231005115100591110;08;1;15;003;2023;10;11;5;3;6;7;0;0;0;1;1;0;0;0;501183,039599999785423;5392524,762199999764562;9,016073570000060;48,685764221000056;1
211945;08231004436400572240;08;4;36;082;2023;10;15;4;3;5;7;0;0;1;1;0;0;0;0;547650,002399999648333;5295815,694700000807643;9,636494360000029;47,813929328000029;1
211946;08231004436300592560;08;4;36;081;2023;10;15;4;2;2;2;0;0;1;0;0;0;0;0;561566,861700000241399;5283015,302899999544024;9,820561368000028;47,697587561000034;1
211948;08231004436300570370;08;4;36;081;2023;10;11;4;3;0;7;0;0;1;0;0;0;0;0;562562,362499999813735;5281861,588400000706315;9,833662483000069;47,687112277000040;1
211949;08231004436200595840;08;4;36;064;2023;10;16;4;3;3;2;0;0;1;0;0;0;0;0;545824,705699999816716;5291768,496899999678135;9,611686541000040;47,777649303000032;1
211950;08231004435200591300;08;4;35;059;2023;10;13;4;3;5;3;0;0;1;1;0;0;0;0;514410,342000000178814;5291367,482000000774860;9,192346817000043;47,775509880000072;1
211951;08231004435100571160;08;4;35;016;2023;10;16;4;3;5;3;0;0;1;1;0;0;0;0;537154,615500000305474;5278445,598200000822544;9,494823399000040;47,658337658000050;1
211953;08231004416200595220;08;4;16;041;2023;10;16;4;3;5;2;0;0;1;0;0;0;0;1;503381,486499999649823;5374167,235099999234080;9,045793600000025;48,520607532000042;1
211958;08231004335200580620;08;3;35;063;2023;10;14;4;3;0;1;0;0;1;0;0;0;0;0;497210,454900000244379;5288393,287799999117851;8,962784609000039;47,748904514000060;1
211959;08231004335200578160;08;3;35;063;2023;10;07;4;3;0;1;0;0;1;0;0;0;0;0;497222,214100000448525;5288413,543999999761581;8,962941359000069;47,749086821000049;1
211960;08231004326400636980;08;3;26;074;2023;10;07;4;2;0;1;0;0;1;0;0;0;0;0;459405,805100000463426;5322571,484899999573827;8,455227544000024;48,055131956000025;1
211961;08231004326300588690;08;3;26;052;2023;10;11;4;3;6;2;0;0;0;1;1;0;0;0;450376,644899999722838;5330558,434499999508262;8,333135920000075;48,126347659000032;1
211962;08231004325202588780;08;3;25;049;2023;10;07;4;3;6;7;0;0;0;1;1;0;0;0;471667,712700000032783;5334189,091499999165535;8,619005534000053;48,160315815000047;1
211964;08231004316100592600;08;3;16;011;2023;10;06;4;3;0;7;1;0;1;0;0;0;0;1;414291,638899999670684;5330218,202199999243021;7,848355753000021;48,119450945000040;1
211966;08231004311010580610;08;3;11;000;2023;10;18;4;3;0;6;0;0;1;0;0;0;0;1;414293,501000000163913;5316497,592199999839067;7,851130255000044;47,996030453000060;1
211967;08231004226600682060;08;2;26;096;2023;10;08;4;3;5;3;0;0;1;1;0;0;0;0;474845,808500000275671;5487529,041600000113249;8,652320059000033;49,539848286000051;1
211968;08231004226500605740;08;2;26;101;2023;10;10;4;2;2;6;0;0;1;1;0;0;0;0;487206,527300000190735;5460372,020300000905991;8,824043496000058;49,295960274000038;1
211970;08231004222600591590;08;2;22;000;2023;10;08;4;3;3;2;0;0;1;1;0;0;0;0;462615,210900000296533;5482870,674499999731779;8,483716711000056;49,497317492000036;1
211972;08231004222200592660;08;2;22;000;2023;10;08;4;3;5;3;0;0;1;1;0;0;0;0;461463,859600000083447;5481354,913499999791384;8,467965061000029;49,483611991000032;1
211973;08231004222014581840;08;2;26;037;2023;10;14;4;3;5;7;0;0;1;1;0;0;0;0;465804,426799999549985;5466534,453700000420213;8,529166195000073;49,350567104000049;1
211974;08231004216200593310;08;2;16;007;2023;10;07;4;3;5;3;0;0;1;1;0;0;0;0;436205,785000000149012;5394380,550000000745058;8,133014126000035;48,699198088000060;1
211975;08231004215502580700;08;2;15;106;2023;10;12;4;3;5;3;0;0;1;1;0;0;0;0;464761,812900000251830;5453031,325699999928474;8,516001623000022;49,229049257000042;1
211976;08231004215202637110;08;2;15;100;2023;10;15;4;3;5;3;0;0;1;1;0;0;0;0;474761,527099999599159;5452542,881500000134110;8,653375805000053;49,225149453000029;1
211977;08231004212102571930;08;2;15;101;2023;10;12;4;3;6;3;0;0;1;0;1;0;0;0;466518,390100000426173;5426266,818099999800324;8,542347163000045;48,988396861000069;1
211979;08231004212102570550;08;2;15;101;2023;10;21;4;3;1;5;2;0;1;1;0;0;0;0;466983,016200000420213;5423560,928400000557303;8,548917509000034;48,964081386000032;1
211981;08231004211000597060;08;2;16;043;2023;10;18;4;2;2;2;0;0;1;0;0;1;0;0;441258,313299999572337;5411803,977299999445677;8,199183227000049;48,856419568000035;1
211983;08231004136200591900;08;1;36;019;2023;10;07;4;3;5;3;0;0;1;1;0;0;0;0;583086,991200000047684;5423117,063400000333786;10,134956932000023;48,955386931000078;1
211985;08231004121600571290;08;1;25;046;2023;10;15;4;3;0;7;0;0;1;0;0;0;0;0;519659,288999999873340;5433314,935699999332428;9,269063032000076;49,052392832000066;1
211986;08231004121500674390;08;1;25;065;2023;10;14;4;3;5;3;0;0;1;1;0;0;0;0;516969,712899999693036;5449405,344000000506639;9,232929963000061;49,197211579000054;1
211989;08231004118500592150;08;1;18;078;2023;10;11;4;3;5;3;0;0;1;1;0;0;0;0;514189,336500000208616;5420170,297499999403954;9,193741068000065;48,934299498000030;1
211990;08231004118400571790;08;1;18;048;2023;10;13;4;3;5;3;0;0;1;1;0;0;0;0;513819,356200000271201;5415546,958699999377131;9,188532827000074;48,892717689000051;1
211992;08231011311010582300;08;3;11;000;2023;10;08;4;2;5;3;0;0;1;1;0;0;0;0;411405,766499999910593;5322030,570100000128150;7,811285726000051;48,045407171000079;1
211993;08231004116500592470;08;1;16;035;2023;10;19;4;2;0;1;2;0;1;0;0;0;0;0;526273,853000000119209;5391224,904100000858307;9,356887984000025;48,673518852000029;1
211994;08231004116200594240;08;1;16;078;2023;10;19;4;3;6;4;0;0;0;1;1;0;0;0;512325,514000000432134;5393313,468000000342727;9,167485868000028;48,692738882000071;1
211995;08231004116100674370;08;1;16;019;2023;10;13;4;3;5;3;0;0;1;1;0;0;0;0;524197,222500000149012;5397799,188200000673532;9,329066134000072;48,732744608000075;1
211998;08231004111500609050;08;1;11;000;2023;10;15;4;3;0;7;0;0;0;1;1;0;0;0;512906,178799999877810;5408588,505100000649691;9,175855282000043;48,830140586000027;1
211999;08231004111500594040;08;1;11;000;2023;10;13;4;3;6;4;0;0;0;0;1;0;0;1;512311,116100000217557;5406815,535199999809265;9,167693976000066;48,814203286000065;1
212002;08231003437100569160;08;4;37;076;2023;10;10;3;3;5;3;0;0;1;1;0;0;0;0;523710,566999999806285;5322142,908099999651313;9,318176006000044;48,052126932000078;1
212004;08231003426010578390;08;4;26;028;2023;10;18;3;2;0;1;1;0;1;0;0;0;0;0;569283,160400000400841;5343608,219299999997020;9,933160068000063;48,241903217000072;1
212005;08231014222014620910;08;2;22;000;2023;10;03;7;3;1;7;2;0;1;1;1;0;0;0;461073,230499999597669;5483580,772800000384450;8,462352983000073;49,503607437000028;1
212006;08231003416100578640;08;4;16;036;2023;10;17;3;3;6;4;0;1;0;1;1;0;0;0;495298,601800000295043;5369534,829700000584126;8,936383744000068;48,478924081000059;1
212010;08231003311010588580;08;3;15;064;2023;10;14;3;3;5;3;0;0;1;1;0;0;0;0;422808,558600000105798;5312740,197300000116229;7,965926985000067;47,963314649000040;1
212013;08231003222700602640;08;2;22;000;2023;10;04;3;3;4;6;2;0;1;0;0;0;0;1;460652,671799999661744;5482287,031899999827147;8,456673445000035;49,491943833000050;1
212015;08231003221400582820;08;2;21;000;2023;10;01;3;3;0;7;2;0;1;0;0;0;0;0;475950,304100000299513;5471331,149499999359250;8,668570360000047;49,394197410000061;1