OID_;UIDENTSTLAE;ULAND;UREGBEZ;UKREIS;UGEMEINDE;UJAHR;UMONAT;USTUNDE;UWOCHENTAG;UKATEGORIE;UART;UTYP1;ULICHTVERH;IstStrassenzustand;IstRad;IstPKW;IstFuss;IstKrad;IstGkfz;IstSonstige;LINREFX;LINREFY;XGCSWGS84;YGCSWGS84;PLST
212016;08231003221011569800;08;2;26;031;2023;10;17;3;2;0;1;0;1;1;0;0;0;0;0;474455,095399999991059;5492698,152400000020862;8,646584322000024;49,586325833000046;1
212017;08231003215202578570;08;2;15;097;2023;10;17;3;3;1;5;0;1;1;1;0;0;0;0;479146,710300000384450;5439283,931900000199676;8,714287900000045;49,106046971000069;1
212018;08231003212702570490;08;2;15;017;2023;10;17;3;3;5;3;0;1;1;1;0;0;0;0;456565,762000000104308;5422039,517999999225140;8,406764919000068;48,949751721000041;1
212019;08231003212702569110;08;2;15;108;2023;10;11;3;3;0;7;0;0;1;0;0;0;0;0;450036,832299999892712;5425306,275399999693036;8,317196381000031;48,978643266000063;1
212020;08231003135100590610;08;1;35;020;2023;10;13;3;3;0;1;0;0;1;0;0;0;0;0;587424,754200000315905;5383617,975899999961257;10,185798830000067;48,599533079000025;1
212024;08231003118400605680;08;1;18;048;2023;10;13;3;3;5;3;0;0;1;1;0;0;0;0;514244,431200000457466;5415927,399900000542402;9,194345213000076;48,896130408000033;1
212028;08231003111120578050;08;1;11;000;2023;10;15;3;3;0;6;0;0;1;0;0;0;0;0;513988,003499999642372;5406195,085899999365211;9,190514168000050;48,808586319000028;1
212030;08231002436400572830;08;4;36;009;2023;10;17;2;3;6;6;0;0;1;0;1;0;0;0;556363,857499999925494;5307785,679199999198318;9,754443080000044;47,920914352000068;1
212033;08231002435100570010;08;4;35;029;2023;10;12;2;3;2;6;0;0;1;0;0;0;0;0;544835,438400000333786;5270763,926000000908971;9,596324441000036;47,588736662000031;1
212034;08231002421200568390;08;4;21;000;2023;10;09;2;3;6;7;0;0;1;1;1;0;0;0;573779,980100000277162;5361387,894899999722838;9,996829146000039;48,401329689000079;1
212035;08231002417100628770;08;4;17;079;2023;10;15;2;3;6;2;0;0;0;1;1;0;0;0;501052,116600000299513;5339949,488800000399351;9,014162624000051;48,212772030000053;1
212038;08231002337100632360;08;3;37;096;2023;10;16;2;3;4;3;0;0;1;1;0;0;0;0;420648,878899999894202;5266932,996300000697374;7,945361857000023;47,550967528000058;1
212039;08231002337100584120;08;3;37;116;2023;10;00;2;2;8;6;2;0;1;0;0;0;0;0;417958,555900000035763;5274305,135299999266863;7,908233672000051;47,616954497000052;1
212040;08231002335000579410;08;3;35;063;2023;10;13;2;3;5;2;0;0;1;0;0;0;0;0;497402,256099999882281;5287162,115900000557303;8,965350785000055;47,737827735000053;1
212042;08231002317500585560;08;3;17;096;2023;10;13;2;3;6;7;0;0;0;1;1;0;0;0;422642,313000000081956;5369386,855399999767542;7,953364184000066;48,472851440000056;1
212043;08231002317500582580;08;3;17;096;2023;10;09;2;3;5;3;0;0;1;1;0;0;0;0;422969,118499999865890;5369923,895099999383092;7,957686087000070;48,477722205000077;1
212044;08231002317500567980;08;3;17;096;2023;10;14;2;3;5;2;0;0;1;1;0;0;0;0;421850,454300000332296;5368920,650000000372529;7,942739494000023;48,468560046000050;1
212045;08231002317500567850;08;3;17;021;2023;10;13;2;2;7;7;0;0;1;0;0;0;0;0;425944,112399999983609;5371705,179500000551343;7,997618808000027;48,494102417000079;1
212046;08231002317200568540;08;3;17;057;2023;10;02;2;3;6;7;2;0;0;0;1;0;0;1;413423,240299999713898;5373120,616699999198318;7,827883668000027;48,505233161000035;1
212052;08231002226700568710;08;2;26;076;2023;10;13;2;3;5;3;0;0;1;1;0;0;0;0;475304,713299999944866;5465093,754699999466538;8,660060638000061;49,338066919000028;1
212055;08231002226400572880;08;2;26;084;2023;10;07;2;3;6;4;0;0;0;1;1;0;0;0;469248,788800000213087;5470433,944599999114871;8,576288341000065;49,385825658000044;1
212056;08231002222700569530;08;2;22;000;2023;10;16;2;3;5;3;0;0;1;1;0;0;0;0;461557,478799999691546;5481900,295600000768900;8,469204491000028;49,488523351000026;1
212057;08231002222014584470;08;2;22;000;2023;10;16;2;3;5;3;0;0;1;1;1;0;0;0;461690,773000000044703;5482445,453400000929832;8,470992030000048;49,493435183000031;1
212058;08231002221200572950;08;2;21;000;2023;10;17;2;3;4;6;0;0;1;0;0;0;0;1;476894,767400000244379;5472327,632400000467896;8,681527869000035;49,403197204000037;1
212059;08231002215202568530;08;2;15;100;2023;10;22;2;3;1;5;2;0;1;1;0;0;0;0;474582,149299999698997;5451959,115000000223517;8,650949271000059;49,219890996000061;1
212060;08231002212702569570;08;2;15;017;2023;10;13;2;3;6;4;0;0;0;1;1;0;0;0;456804,384899999946356;5421145,200699999928474;8,410118735000026;48,941723851000063;1
212061;08231002212010589080;08;2;12;000;2023;10;15;2;2;5;2;0;0;1;1;0;0;0;0;453050,072900000028312;5428770,855900000780821;8,357972586000074;49,010043735000067;1
212063;08231002136300588080;08;1;36;065;2023;10;17;2;3;6;5;0;0;0;1;1;0;0;0;562329,375699999742210;5407791,808599999174476;9,849111513000025;48,819980527000041;1
212065;08231002136100567910;08;1;36;088;2023;10;12;2;3;0;7;0;0;1;0;0;0;0;0;578076,539900000207126;5410362,970399999991059;10,064089630000069;48,841326865000042;1
212068;08231002135010569650;08;1;35;016;2023;10;17;2;3;0;5;0;0;1;1;0;0;0;0;590852,081000000238419;5385819,843000000342727;10,232756917000074;48,618848990000060;1
212072;08231002126200589340;08;1;26;011;2023;10;16;2;3;5;3;0;0;1;1;0;0;0;0;529864,868700000457466;5447846,936300000175834;9,409812141000032;49,182700984000064;1
212074;08231002119400589350;08;1;19;041;2023;10;16;2;3;0;1;0;0;1;0;0;0;0;0;526439,913300000131130;5410207,103499999269843;9,360363020000023;48,844272236000052;1
212076;08231002119200571620;08;1;19;020;2023;10;10;2;3;5;2;0;0;1;1;0;0;0;0;520772,750000000000000;5407200,662100000306964;9,282971150000037;48,817442524000057;1
212077;08231002118400637070;08;1;18;048;2023;10;19;2;3;5;3;0;0;1;1;0;0;0;0;514689,634899999946356;5417108,871400000527501;9,200461852000046;48,906748194000045;1
212078;08231002118400584500;08;1;18;048;2023;10;08;2;3;6;7;0;0;0;1;1;0;0;0;511965,012000000104308;5415154,419999999925494;9,163223254000059;48,889225092000061;1
212079;08231002115300575920;08;1;15;050;2023;10;15;2;3;6;7;0;0;0;1;1;0;0;0;490359,671299999579787;5400398,077099999412894;8,868836165000062;48,756519466000043;1
212083;08231001436400568290;08;4;36;082;2023;10;17;1;3;8;1;0;0;1;0;0;0;0;0;548879,554999999701977;5295308,569000000134110;9,652860075000035;47,809274534000053;1
212084;08231001436100567440;08;4;36;055;2023;10;09;1;3;1;7;0;0;1;1;0;0;0;0;577558,346800000406802;5297000,861099999397993;10,036158643000022;47,821681127000033;1
212085;08231001435100568400;08;4;35;013;2023;10;19;1;3;3;2;2;0;1;0;0;0;0;0;539909,470200000330806;5273460,108699999749660;9,531056148000062;47,613317253000048;1
212086;08231001417200614810;08;4;17;002;2023;10;20;1;3;5;3;2;0;1;1;0;0;0;0;489970,694899999536574;5346295,730100000277162;8,864844611000024;48,269789392000064;1
212087;08231001416200587030;08;4;16;025;2023;10;14;1;3;1;7;0;0;1;1;0;0;0;0;503750,342400000430644;5361262,238800000399351;9,050673114000062;48,404506201000061;1
212089;08231001415100572130;08;4;15;050;2023;10;02;1;3;0;7;2;0;1;0;0;0;0;0;521358,232699999585748;5376428,503200000151992;9,289356733000034;48,540596190000031;1
212090;08231001336200568450;08;3;36;105;2023;10;16;1;2;8;1;0;0;1;0;0;0;0;0;401014,684999999590218;5265592,380599999800324;7,684773712000037;47,536211940000044;1
212091;08231001335100793040;08;3;35;043;2023;10;11;1;3;1;1;0;0;1;1;0;0;0;0;512889,895100000314415;5280338,275800000876188;9,171725764000030;47,676305947000060;1
212092;08231001327200567130;08;3;27;002;2023;10;01;1;3;0;1;2;0;1;0;0;0;0;0;476298,320100000128150;5328259,895700000226498;8,681603841000026;48,107161329000064;1
212093;08231001325069601510;08;3;26;020;2023;10;03;1;2;0;7;2;0;0;1;1;0;0;0;435841,877999999560416;5321627,274000000208616;8,139172375000044;48,044703391000041;1
212096;08231001311400573050;08;3;15;108;2023;10;14;1;3;3;1;0;0;1;1;0;0;0;0;405121,908599999733269;5304129,498299999162555;7,730943682000031;47,883483386000080;1
212097;08231001311400571680;08;3;15;006;2023;10;09;1;3;5;3;0;0;1;1;0;0;0;0;403340,258100000210106;5307786,753399999812245;7,706299706000038;47,916114756000070;1
212099;08231003121500588100;08;1;25;065;2023;10;13;3;2;6;4;0;0;0;1;1;0;0;0;521882,857800000347197;5450761,747199999168515;9,300441900000067;49,209256971000059;1
212100;08231001311100616150;08;3;15;133;2023;10;15;1;3;0;1;0;0;1;0;1;0;0;0;396308,709999999962747;5325956,846999999135733;7,607826128000056;48,078447805000053;1
212104;08231001231000591550;08;2;36;076;2023;10;16;1;2;5;3;0;0;1;0;0;0;0;0;472520,132000000216067;5423236,146999999880791;8,624586391000037;48,961430814000039;1
212105;08231001226700568410;08;2;26;098;2023;10;13;1;3;0;7;0;0;1;0;0;0;0;0;475963,123200000263751;5459840,867100000381470;8,669440060000056;49,290843630000040;1
212106;08231001222800575640;08;2;22;000;2023;10;16;1;3;4;2;0;0;1;1;0;0;0;0;462346,236700000241399;5489912,421199999749660;8,479330079000022;49,560637265000025;1
212108;08231003335100570350;08;3;35;043;2023;10;17;3;3;5;3;0;1;1;1;0;0;0;0;511966,111999999731779;5280144,810900000855327;9,159413403000030;47,674582974000032;1
212109;08231001222014624290;08;2;26;009;2023;10;18;1;2;5;3;0;0;1;1;0;0;0;0;466275,104199999943376;5472551,468000000342727;8,535136472000033;49,404714733000048;1
212110;08231001221200624320;08;2;21;000;2023;10;19;1;3;1;5;2;0;1;1;0;0;0;0;480875,823599999770522;5474129,028200000524521;8,736313505000055;49,419538652000028;1
212112;08231001136200567590;08;1;36;010;2023;10;15;1;3;0;1;0;0;1;0;0;0;0;0;599743,520999999716878;5411797,107000000774860;10,359656336000057;48,851121367000076;1
212114;08231001118600567230;08;1;18;073;2023;10;13;1;3;0;1;0;0;1;0;0;0;0;0;499300,206799999810755;5418578,233899999409914;8,990447734000043;48,920140038000056;1
212115;08231001118500568310;08;1;18;070;2023;10;15;1;3;5;3;0;0;1;1;0;0;0;0;521118,637400000356138;5425390,464900000020862;9,288623430000030;48,981060154000033;1
212116;08231001118400597290;08;1;18;048;2023;10;17;1;3;4;3;0;0;1;1;0;0;0;0;512778,546199999749660;5415591,156300000846386;9,174334860000045;48,893137618000026;1
212118;08231001116400636960;08;1;16;072;2023;10;21;1;3;0;7;2;0;1;0;0;0;0;0;529987,436400000005960;5393313,451600000262260;9,407481321000034;48,692139877000045;1
212119;08231001116400568360;08;1;16;027;2023;10;14;1;3;0;7;0;0;1;0;0;0;0;0;535007,637900000438094;5393670,238600000739098;9,475725794000027;48,695087996000041;1
212120;08231001115300584160;08;1;15;041;2023;10;05;1;3;6;7;2;0;0;1;1;0;0;0;495110,284799999557436;5402205,990399999544024;8,933450238000034;48,772838855000032;1
212124;08230930437100536650;08;4;37;088;2023;09;15;7;2;3;6;0;0;1;0;0;0;0;0;521880,641200000420213;5305118,516499999910593;9,292753154000025;47,899022022000054;1
212125;08230930436300538620;08;4;36;081;2023;09;15;7;3;1;5;0;0;1;1;0;0;0;0;564179,391800000332296;5281404,629899999126792;9,855140244000040;47,682842605000076;1
212126;08230930435200558470;08;4;35;036;2023;09;09;7;2;0;1;0;0;1;0;0;0;0;0;520169,781799999997020;5282982,197200000286102;9,268833445000041;47,699908701000027;1
212127;08230930435200536080;08;4;35;067;2023;09;17;7;3;0;1;0;0;1;0;0;0;0;0;528264,970999999903142;5291137,165999999269843;9,377257954000072;47,772978783000042;1
212128;08230930435100557480;08;4;35;016;2023;09;15;7;3;5;3;0;0;1;1;0;0;0;0;535184,767099999822676;5278154,931500000879169;9,468566583000040;47,655832547000045;1
212131;08230930416200538390;08;4;16;025;2023;09;16;7;3;0;7;0;0;1;0;1;0;0;0;504933,870199999772012;5361078,882899999618530;9,066662299000029;48,402848477000077;1
212133;08230930415400558590;08;4;15;061;2023;09;14;7;3;1;6;0;0;1;1;0;0;0;0;515104,063900000415742;5371568,013100000098348;9,204451247000065;48,497051466000073;1
212134;08230930337100558540;08;3;37;116;2023;09;09;7;2;0;7;0;0;1;0;0;0;0;0;417538,283400000073016;5275598,035499999299645;7,902398487000028;47,628532236000069;1
212135;08230930336100563250;08;3;36;050;2023;09;01;7;3;8;1;2;0;1;0;0;0;0;0;399289,199199999682605;5273708,141499999910593;7,659992055000032;47,608951275000038;1
212136;08230930335300536370;08;3;35;075;2023;09;18;7;3;0;7;0;0;1;0;0;0;0;0;487694,982900000177324;5290066,468200000002980;8,835791428000050;47,763847642000030;1
212137;08230930335200557650;08;3;35;063;2023;09;18;7;3;3;6;0;0;1;1;0;0;0;0;497217,132199999876320;5287776,468900000676513;8,962877637000076;47,743354662000058;1
212138;08230930335100565630;08;3;35;043;2023;09;11;7;3;2;6;0;0;1;1;0;0;0;0;512086,353000000119209;5279038,566199999302626;9,160984644000052;47,664627110000026;1
212139;08230930335100545470;08;3;35;043;2023;09;23;7;3;2;6;2;0;1;0;0;1;0;0;513300,826299999840558;5278513,884099999442697;9,177144821000070;47,659882354000047;1
212142;08230930317100558370;08;3;17;089;2023;09;22;7;3;9;1;2;0;1;0;0;0;0;0;431617,698099999688566;5375516,429300000891089;8,073777911000036;48,529028490000030;1
212143;08230930311100556590;08;3;15;030;2023;09;01;7;2;0;1;2;0;1;0;0;0;0;0;406241,197200000286102;5327521,669199999421835;7,740802388000077;48,094061325000041;1
212144;08230930311100550800;08;3;15;015;2023;09;15;7;3;6;2;0;0;0;0;1;0;0;1;394329,902499999850988;5320402,539699999615550;7,582638647000067;48,028165543000057;1
212145;08231004111500570290;08;1;11;000;2023;10;16;4;3;3;7;0;0;1;1;0;0;0;0;512518,250699999742210;5406458,202299999073148;9,170504514000072;48,810984626000050;1
212146;08230930231000556020;08;2;31;000;2023;09;15;7;3;5;3;0;0;1;1;0;0;0;0;478781,706199999898672;5415939,072100000455976;8,710506704000068;48,896035812000036;1
212148;08230930226600562740;08;2;26;096;2023;09;18;7;3;4;6;0;0;1;0;0;0;0;0;474289,541899999603629;5488001,399800000712276;8,644600710000077;49,544073600000047;1
212149;08230930212702542330;08;2;15;108;2023;09;01;7;3;0;7;2;0;1;0;0;0;0;0;448210,071700000204146;5423152,169700000435114;8,292507777000026;48,959116685000026;1
212151;08230930212010562080;08;2;12;000;2023;09;18;7;3;1;5;0;0;1;1;0;0;0;0;451767,376400000415742;5428082,238600000739098;8,340515070000038;49,003750690000061;1
212152;08230930212010559130;08;2;12;000;2023;09;15;7;2;5;3;0;0;1;1;0;0;0;0;455790,838800000026822;5428478,032500000670552;8,395481446000076;49,007612204000054;1
212153;08230930128200555020;08;1;28;115;2023;09;04;7;2;0;6;2;1;1;1;0;0;0;0;547463,423799999989569;5496587,903799999505281;9,657113909000032;49,619987494000043;1
212155;08230930119100558430;08;1;19;008;2023;09;19;7;3;1;5;1;0;1;1;0;0;0;0;531152,848000000230968;5420824,303999999538064;9,425405823000062;48,939561007000066;1
212156;08230930118600557500;08;1;18;073;2023;09;15;7;2;6;4;0;0;0;1;1;0;0;0;497385,027400000020862;5419496,442500000819564;8,964299408000045;48,928394870000034;1
212157;08230930118010560130;08;1;18;046;2023;09;16;7;3;2;6;0;0;1;1;0;0;0;0;513762,272900000214577;5411637,761099999770522;9,187622509000050;48,857552740000074;1
212160;08230929437100556060;08;4;37;100;2023;09;12;6;3;5;3;0;0;1;1;0;0;0;0;537307,788099999539554;5318218,301999999210238;9,500291542000070;48,016167934000066;1
212163;08230930118300535270;08;1;18;046;2023;09;11;7;3;6;5;0;0;1;0;1;0;0;0;514092,452700000256300;5411540,285599999129772;9,192120503000069;48,856668458000058;1
212165;08230929435200532000;08;4;35;059;2023;09;10;6;3;0;7;0;0;1;0;0;0;0;0;513982,658900000154972;5291153,017599999904633;9,186631302000023;47,773589662000063;1
212167;08230929426100565290;08;4;26;021;2023;09;17;6;3;5;3;0;0;1;1;0;0;0;0;558818,229700000025332;5327203,182900000363588;9,789955510000027;48,095379943000069;1
212169;08230929421300554990;08;4;25;039;2023;09;12;6;3;6;4;0;0;0;1;1;0;0;0;565787,562900000251830;5353303,299000000581145;9,887594592000028;48,329489276000061;1
212170;08230929416200548750;08;4;16;041;2023;09;16;6;2;5;3;0;0;1;0;0;0;0;0;503271,195700000040233;5375009,863299999386072;9,044306605000031;48,528188703000069;1
212171;08230929416100538550;08;4;16;036;2023;09;12;6;3;6;4;0;0;0;1;1;0;0;0;495298,620299999602139;5369534,783099999651313;8,936383995000028;48,478923662000057;1
212173;08230929415400535540;08;4;15;061;2023;09;16;6;3;5;3;0;0;1;1;0;0;0;0;516379,798600000329316;5370442,325400000438094;9,221675537000067;48,486892423000029;1
212176;08230929415100562210;08;4;15;014;2023;09;14;6;3;5;3;0;0;1;1;0;0;0;0;524732,355999999679625;5375584,043999999761581;9,335017740000069;48,532875316000059;1
212178;08231009435200605060;08;4;35;066;2023;10;19;2;3;4;1;2;0;1;1;0;0;0;0;517904,112099999561906;5286359,727299999445677;9,238774489000036;47,730364995000059;1
212179;08230929335300556280;08;3;35;075;2023;09;08;6;3;2;7;0;0;1;1;0;0;0;0;488316,781299999915063;5290138,021600000560284;8,844087276000039;47,764503017000038;1
212180;08230929335200555740;08;3;35;025;2023;09;15;6;2;9;6;0;0;1;0;0;0;0;0;497345,886900000274181;5279934,765799999237061;8,964642924000032;47,672798341000032;1
212181;08230929335100565610;08;3;35;043;2023;09;19;6;3;6;1;0;0;1;0;1;0;0;0;513403,536500000394881;5278581,864499999210238;9,178514827000072;47,660491900000068;1
212182;08230929335100533840;08;3;35;043;2023;09;15;6;3;0;1;0;0;1;0;0;0;0;0;513222,564699999988079;5279651,318600000813603;9,176136937000024;47,670118222000042;1
212186;08230929326200556100;08;3;26;074;2023;09;12;6;3;5;3;0;0;1;1;0;0;0;0;465482,376000000163913;5323653,013000000268221;8,536684572000070;48,065219942000056;1
212189;08230929311010565200;08;3;36;050;2023;09;11;6;3;3;6;0;0;1;0;0;0;1;0;399664,962199999950826;5274889,538699999451637;7,664719812000044;47,619636642000046;1
212192;08230929311010534270;08;3;11;000;2023;09;15;6;3;4;2;0;0;1;0;0;1;0;0;412055,349399999715388;5319094,496500000357628;7,820602479000058;48,019086359000028;1
212193;08230929311010531870;08;3;11;000;2023;09;06;6;2;0;1;2;0;1;0;0;0;0;0;416156,144700000062585;5315346,225999999791384;7,876318294000043;47,985920353000040;1
212196;08231005127202573200;08;1;27;102;2023;10;17;5;3;1;6;0;0;1;0;0;0;0;0;590265,397800000384450;5437710,449899999424815;10,236236899000062;49,085626155000057;1
212198;08230929231000532160;08;2;31;000;2023;09;21;6;3;5;2;2;0;1;1;0;0;0;0;475115,673399999737740;5416611,614399999380112;8,660448799000051;48,901949341000034;1
212199;08230929222600553910;08;2;22;000;2023;09;05;6;3;6;4;2;0;0;1;1;0;0;0;462256,026100000366569;5485026,358400000259280;8,478550550000023;49,516684441000052;1
212200;08230929222500555450;08;2;22;000;2023;09;08;6;3;5;3;0;0;1;1;0;0;0;0;462396,714999999850988;5478371,142699999734759;8,481127165000032;49,456832947000066;1
212202;08230929222500532880;08;2;22;000;2023;09;10;6;3;5;3;0;0;1;1;0;0;0;0;463065,098500000312924;5477788,648800000548363;8,490403859000025;49,451634683000066;1
212204;08230929222014557150;08;2;22;000;2023;09;10;6;1;5;3;0;0;1;1;0;0;0;0;468290,762000000104308;5478449,551999999210238;8,562447778000035;49,457874465000032;1
212205;08230929221400654220;08;2;21;000;2023;09;15;6;2;5;3;0;0;1;0;0;0;0;0;474693,664699999615550;5471698,148600000888109;8,651229527000055;49,397447567000029;1
212206;08230929221300544220;08;2;26;099;2023;09;19;6;3;0;1;2;0;1;0;0;0;0;0;481899,441800000146031;5480190,514200000092387;8,750150223000048;49,474092020000057;1
212208;08230929221011534720;08;2;26;095;2023;09;13;6;2;2;6;0;0;1;1;0;0;0;0;474555,432000000029802;5461857,796700000762939;8,649953106000055;49,308928871000035;1
212209;08230929216300548920;08;2;16;006;2023;09;17;6;3;5;3;0;0;1;1;0;0;0;0;446995,791000000201166;5409127,540599999949336;8,277740866000045;48,832861350000030;1
212212;08230929136200547090;08;1;36;068;2023;09;19;6;2;7;7;1;0;1;0;0;0;0;0;596948,416899999603629;5426246,678500000387430;10,324998611000069;48,981514327000070;1
212213;08230929136100560980;08;1;36;002;2023;09;20;6;3;8;1;2;0;1;0;0;0;0;0;566848,778300000354648;5416623,868300000205636;9,912113768000040;48,898952337000026;1
212214;08230929136100553350;08;1;36;088;2023;09;20;6;3;0;7;2;0;1;0;0;0;0;0;580199,140499999746680;5409982,355200000107288;10,092938211000046;48,837632920000033;1
212215;08230929121200664010;08;1;21;000;2023;09;20;6;3;1;5;2;0;1;1;0;0;0;0;515473,157499999739230;5443095,856000000610948;9,212145444000043;49,140495504000057;1
212216;08230929121200557110;08;1;21;000;2023;09;16;6;3;5;2;0;0;1;1;0;0;0;0;515725,439299999736249;5444275,550499999895692;9,215650385000060;49,151100832000054;1
212217;08230929121200555840;08;1;21;000;2023;09;12;6;3;0;4;0;0;0;0;1;0;0;1;516015,501699999906123;5443254,418999999761581;9,219587524000076;49,141907929000070;1
212218;08230929121100557220;08;1;25;049;2023;09;17;6;3;0;7;0;0;0;1;1;0;0;0;498974,786600000225008;5450326,263100000098348;8,985925287000043;49,205729543000075;1
212220;08230929119200555120;08;1;19;020;2023;09;20;6;3;6;4;2;0;0;1;1;0;0;0;520521,074799999594688;5408180,838899999856949;9,279591856000025;48,826268352000056;1
212222;08230929118600557070;08;1;18;076;2023;09;15;6;3;5;3;0;1;1;0;0;0;0;0;504796,229000000283122;5423190,161299999803305;9,065523399000028;48,961609383000052;1
212224;08230929118010561510;08;1;18;019;2023;09;18;6;2;8;1;1;0;1;0;0;0;0;0;503289,240500000305474;5404791,685599999502301;9,044787762000055;48,796110163000037;1
212225;08230929116400535980;08;1;16;033;2023;09;17;6;2;4;6;0;0;1;0;0;0;0;0;533201,355000000447035;5388271,705000000074506;9,450747284000045;48,646622315000059;1
212226;08230929116200555680;08;1;16;077;2023;09;13;6;3;5;3;0;0;1;1;0;0;0;0;514529,078999999910593;5389164,676999999210238;9,197283177000031;48,655368630000055;1
212227;08230929116200544600;08;1;16;078;2023;09;15;6;3;5;2;0;0;1;0;0;0;0;1;512093,798999999649823;5392986,039100000634789;9,164327626000045;48,689797845000044;1
212228;08230929111500556030;08;1;11;000;2023;09;13;6;3;5;3;0;0;1;1;0;0;0;0;511295,563500000163913;5409851,758999999612570;9,153944481000053;48,841536005000080;1
212231;08230928435200532010;08;4;35;059;2023;09;17;5;3;1;6;0;0;1;1;0;0;0;0;511795,040500000119209;5290499,778999999165535;9,157414802000062;47,767755901000044;1
212232;08230928426200542620;08;4;26;070;2023;09;13;5;3;0;1;0;0;1;0;0;0;0;0;565368,764899999834597;5342210,221400000154972;9,880228811000052;48,229742935000047;1
212235;08230928417200531030;08;4;17;016;2023;09;17;5;3;2;2;0;0;1;0;0;0;0;0;484139,104500000365078;5341471,961999999359250;8,786439047000044;48,226272018000031;1
212236;08230928416200528820;08;4;16;041;2023;09;20;5;3;0;1;2;0;1;0;0;0;0;0;502736,560200000181794;5375515,737299999222159;9,037068575000035;48,532742283000061;1
212237;08230928416010558970;08;4;16;036;2023;09;11;5;3;8;1;0;0;1;1;0;1;0;0;496306,964999999850988;5369488,966000000014901;8,950028657000075;48,478518204000068;1
212238;08230928337010548170;08;3;37;032;2023;09;15;5;3;1;7;0;0;1;1;0;0;0;0;437757,217799999751151;5273101,223300000652671;8,171842449000053;47,608327888000076;1
212242;08230928325000555650;08;3;26;012;2023;09;18;5;2;6;7;0;0;0;1;1;0;0;0;461862,481999999843538;5310666,437699999660254;8,489253031000032;47,948175899000034;1
212243;08231006421200583700;08;4;21;000;2023;10;09;6;3;0;7;0;0;1;0;0;0;0;0;574113,394600000232458;5362033,021299999207258;10,001447065000036;48,407093603000078;1
212246;08230928317100532390;08;3;17;116;2023;09;16;5;3;0;7;0;0;1;0;0;0;0;0;433140,708300000056624;5387516,608500000089407;8,092473419000044;48,637135926000042;1
212247;08230928316200532800;08;3;16;056;2023;09;07;5;3;5;3;0;0;1;1;0;0;0;0;419319,786999999545515;5326120,110999999567866;7,916679845000033;48,083244017000027;1
212250;08230928311010564990;08;3;36;050;2023;09;17;5;3;1;1;0;0;1;0;0;0;0;1;399770,479299999773502;5273901,060200000181794;7,666349812000021;47,610761264000075;1
212251;08230928311010563810;08;3;11;000;2023;09;16;5;3;5;3;0;0;1;1;0;0;0;0;411227,224899999797344;5314624,956299999728799;7,810423966000030;47,978767208000079;1
212252;08230928311010554230;08;3;11;000;2023;09;23;5;3;0;1;2;0;1;0;0;0;0;0;416427,806699999608099;5314919,703299999237061;7,880041417000029;47,982119127000033;1
212253;08230928311010545680;08;3;11;000;2023;09;14;5;3;3;7;0;0;1;0;0;0;0;1;417372,255499999970198;5315242,672800000756979;7,892633455000066;47,985147105000067;1
212255;08230928231000549120;08;2;36;076;2023;09;13;5;3;3;6;0;0;1;0;0;0;0;1;472253,923299999907613;5423217,020600000396371;8,620950993000065;48,961246870000082;1
212256;08230928226700563650;08;2;26;041;2023;09;17;5;2;0;7;0;0;1;0;0;0;0;0;477660,120500000193715;5466275,966399999335408;8,692416860000037;49,348791660000074;1
212257;08230928226600556210;08;2;26;031;2023;09;17;5;3;3;2;0;0;1;0;0;0;0;0;474400,708200000226498;5493590,479800000786781;8,645773771000052;49,594349591000082;1
212258;08230928222014555160;08;2;22;000;2023;09;08;5;3;4;6;0;0;1;0;0;0;0;1;463832,446399999782443;5486977,870699999853969;8,500149673000067;49,534333327000070;1
212261;08230928212302556380;08;2;12;000;2023;09;16;5;3;3;6;0;0;1;0;0;0;0;0;455977,563699999824166;5429212,889900000765920;8,397954887000026;49,014235670000062;1
212262;08230928212010556090;08;2;12;000;2023;09;09;5;3;6;4;0;0;0;1;1;0;0;0;459609,907200000248849;5428044,982499999925494;8,447744020000073;49,003978610000047;1
212264;08230928212010555520;08;2;12;000;2023;09;07;5;2;2;2;0;0;1;0;0;1;0;0;454903,114699999801815;5428102,770700000226498;8,383385067000063;49,004172459000074;1
212266;08230928211100547190;08;2;11;000;2023;09;20;5;3;6;7;0;0;0;1;1;0;0;0;442815,336900000460446;5406443,473899999633431;8,221155607000071;48,808347061000063;1
212267;08230928211000551990;08;2;16;007;2023;09;11;5;2;8;5;0;0;1;0;0;0;1;0;436127,985299999825656;5395586,844399999827147;8,131770289000031;48,710040801000048;1
212269;08230928136300555630;08;1;36;065;2023;09;18;5;3;6;7;0;0;0;1;1;0;0;0;558635,809299999848008;5405802,018500000238419;9,798515134000070;48,802441914000042;1
212273;08230928127202530040;08;1;27;014;2023;09;15;5;3;5;3;0;0;1;1;0;0;0;0;578071,743400000035763;5443127,903000000864267;10,070318370000052;49,136017634000041;1
212274;08230928127100545860;08;1;27;076;2023;09;13;5;2;6;4;0;0;0;1;1;0;0;0;561234,643699999898672;5439471,268100000917912;9,838966040000059;49,105037120000077;1
212275;08230928121500530090;08;1;25;048;2023;09;17;5;3;0;7;0;0;1;0;0;0;0;0;533915,570500000379980;5461945,366399999707937;9,466588349000062;49,309304816000065;1