OID_;UIDENTSTLAE;ULAND;UREGBEZ;UKREIS;UGEMEINDE;UJAHR;UMONAT;USTUNDE;UWOCHENTAG;UKATEGORIE;UART;UTYP1;ULICHTVERH;IstStrassenzustand;IstRad;IstPKW;IstFuss;IstKrad;IstGkfz;IstSonstige;LINREFX;LINREFY;XGCSWGS84;YGCSWGS84;PLST
212276;08230928119400542560;08;1;19;041;2023;09;13;5;3;6;4;0;0;0;1;1;0;0;0;526766,920199999585748;5409674,582900000736117;9,364785078000068;48,839467834000061;1
212277;08230928119200543700;08;1;19;020;2023;09;17;5;3;5;2;0;0;1;1;0;0;0;0;519858,945700000040233;5407860,152200000360608;9,270555176000073;48,823405047000051;1
212278;08230928119101549850;08;1;19;044;2023;09;07;5;3;4;6;0;0;1;1;0;0;0;0;541919,151600000448525;5425380,963899999856949;9,572886978000042;48,979913330000045;1
212279;08230928119010549990;08;1;19;076;2023;09;16;5;2;6;7;0;0;0;0;1;0;0;1;542537,980399999767542;5407216,058100000023842;9,579451899000048;48,816471993000050;1
212281;08230928118100563760;08;1;18;079;2023;09;12;5;2;5;3;0;0;1;1;0;0;0;0;510996,403400000184774;5421236,268100000917912;9,150173733000031;48,943953618000080;1
212282;08230928118010555010;08;1;15;021;2023;09;13;5;2;6;7;0;0;0;0;1;0;1;0;490478,643600000068545;5382744,105299999937415;8,870861439000066;48,597704401000044;1
212283;08230928117200532410;08;1;17;006;2023;09;16;5;3;9;1;0;0;1;0;0;0;0;0;550054,590599999763072;5380357,194199999794364;9,678581071000053;48,574304033000033;1
212284;08230928117200532370;08;1;17;007;2023;09;12;5;2;2;6;0;0;1;1;0;0;0;0;558766,923399999737740;5383418,904699999839067;9,797114629000021;48,601088743000048;1
212286;08230928116100561610;08;1;16;019;2023;09;13;5;3;0;7;0;0;1;1;0;0;0;0;523711,690700000151992;5399007,397099999710917;9,322532862000060;48,743632182000056;1
212287;08230928116010542580;08;1;16;019;2023;09;14;5;3;5;3;0;0;0;1;1;0;0;0;522799,361999999731779;5396053,386499999091029;9,309959933000073;48,717092240000056;1
212288;08230928115200553470;08;1;15;021;2023;09;16;5;3;1;5;0;0;1;1;0;0;0;0;490578,784199999645352;5382876,479299999773502;8,872216643000058;48,598896782000054;1
212290;08230928111500540320;08;1;11;000;2023;09;08;5;3;0;7;0;0;1;1;0;0;0;0;512779,150899999774992;5404506,963099999353290;9,173997353000061;48,793426192000027;1
212291;08230927436000524010;08;4;36;082;2023;09;13;4;2;6;4;0;0;0;1;1;0;0;0;547272,029000000096858;5294622,278400000184774;9,631315687000040;47,803220113000066;1
212292;08230927435100552290;08;4;35;016;2023;09;13;4;3;4;1;0;0;1;1;0;0;0;0;536040,342699999921024;5279872,042600000277162;9,480101783000066;47,671234987000048;1
212293;08230927435100522470;08;4;35;029;2023;09;05;4;2;0;1;2;0;1;0;0;0;0;0;544955,933799999766052;5271500,722599999979138;9,598002494000070;47,595357529000069;1
212294;08230927426200523070;08;4;26;062;2023;09;08;4;3;0;1;0;0;1;0;0;0;0;0;554993,084900000132620;5317532,291099999099970;9,737343510000073;48,008718792000082;1
212296;08230927425000555170;08;4;25;002;2023;09;12;4;3;1;5;0;0;1;1;0;0;0;0;553618,250500000081956;5352854,815300000831485;9,723366388000045;48,326604465000059;1
212298;08230927421300557100;08;4;21;000;2023;09;07;4;3;4;2;0;0;1;1;0;0;0;0;571818,813000000081956;5359853,609400000423193;9,970073727000056;48,387754861000076;1
212300;08230927417200542270;08;4;17;002;2023;09;17;4;3;5;2;0;0;1;1;0;0;0;0;490023,935999999754131;5343563,835999999195337;8,865626511000073;48,245212044000027;1
212302;08230927417100550550;08;4;17;063;2023;09;18;4;3;5;2;0;0;1;1;0;0;0;0;506947,042999999597669;5336686,529999999329448;9,093461217000026;48,183378476000030;1
212305;08230927415300551940;08;4;15;092;2023;09;09;4;3;5;2;0;0;1;1;0;0;0;0;519105,991299999877810;5364648,226500000804663;9,258305421000045;48,434689592000041;1
212306;08230927336300553330;08;3;36;107;2023;09;16;4;3;8;1;0;0;1;0;0;0;0;0;407846,476900000125170;5287113,053099999204278;7,770994599000062;47,730810403000078;1
212308;08230928222700546090;08;2;22;000;2023;09;16;5;3;0;4;0;0;0;1;1;0;0;1;462845,997700000181794;5480375,326400000602007;8,487138242000071;49,474887276000061;1
212309;08230927327100529390;08;3;27;046;2023;09;17;4;3;5;3;0;0;1;1;0;0;0;0;480256,207299999892712;5324734,855499999597669;8,734934444000032;48,075581733000035;1
212310;08230927325000540040;08;3;27;050;2023;09;07;4;3;6;4;0;0;0;1;1;0;0;0;488308,656200000084937;5313589,837600000202656;8,843344243000047;47,975507265000033;1
212314;08230927317300529140;08;3;17;031;2023;09;15;4;3;4;6;0;0;1;1;0;0;0;0;418643,243999999947846;5360706,267799999564886;7,900953054000070;48,394266194000068;1
212315;08230927311010564540;08;3;11;000;2023;09;20;4;2;1;5;2;0;1;1;0;0;0;0;410300,158699999563396;5316832,292700000107288;7,797542679000060;47,998493374000077;1
212317;08230927311010560180;08;3;11;000;2023;09;17;4;3;0;7;0;0;1;0;0;0;0;1;416361,738400000147521;5315656,940400000661612;7,879012600000067;47,988742298000034;1
212318;08230927311010559170;08;3;11;000;2023;09;16;4;3;5;3;0;0;1;0;0;0;0;0;413818,843799999915063;5315920,871099999174476;7,844884758000035;47,990778830000068;1
212319;08230927311010550630;08;3;15;131;2023;09;07;4;3;5;3;0;0;1;0;0;0;0;1;405698,261900000274181;5308469,187000000849366;7,737702020000029;47,922604494000041;1
212321;08230927311010547080;08;3;11;000;2023;09;15;4;3;5;3;0;0;1;0;0;0;0;1;413798,776899999938905;5315862,088099999353290;7,844627655000068;47,990247351000050;1
212322;08230927311010526180;08;3;36;091;2023;09;18;4;3;5;3;0;0;1;1;0;0;0;0;395591,298999999649823;5271914,569000000134110;7,611231383000074;47,592232568000043;1
212325;08230927237100525840;08;2;37;002;2023;09;17;4;3;4;6;0;0;1;1;0;0;0;0;455150,466000000014901;5355075,838300000876188;8,394688769000027;48,347268240000062;1
212327;08230927222400543010;08;2;26;105;2023;09;16;4;3;6;2;0;0;0;1;1;0;0;0;471318,752700000070035;5477567,979199999943376;8,604293419000044;49,450095505000036;1
212328;08230927221300552010;08;2;21;000;2023;09;19;4;3;0;1;2;0;1;0;0;0;0;0;477449,541899999603629;5474676,344299999997020;8,689041081000028;49,424344291000068;1
212329;08230927221200560400;08;2;21;000;2023;09;15;4;3;5;3;0;0;1;1;0;0;0;0;476524,360999999567866;5472962,692900000140071;8,676384897000048;49,408895295000036;1
212330;08230927216300540220;08;2;16;015;2023;09;17;4;3;2;6;0;0;1;1;0;0;0;0;451731,831500000320375;5403308,825400000438094;8,342955809000046;48,780906340000058;1
212331;08230927216200526230;08;2;16;008;2023;09;15;4;3;3;6;0;0;1;1;0;0;0;0;439835,163599999621511;5393227,575600000098348;8,182501201000036;48,689187470000036;1
212332;08230927215102542870;08;2;15;109;2023;09;16;4;3;5;3;0;0;1;1;0;0;0;0;461615,965499999932945;5434413,791699999943376;8,474568745000056;49,061395257000072;1
212333;08230927212010547810;08;2;12;000;2023;09;12;4;2;5;2;0;0;1;0;0;0;0;1;451681,062300000339746;5427367,929999999701977;8,339419961000033;48,997318720000067;1
212335;08230927136300555210;08;1;36;065;2023;09;18;4;3;9;7;0;0;1;0;0;0;0;0;559096,551799999549985;5405660,996600000187755;9,804768685000056;48,801129783000079;1
212336;08230927135200659260;08;1;35;019;2023;09;15;4;2;5;3;0;0;1;0;0;0;0;1;585368,391999999992549;5389305,692999999970198;10,159084100000030;48,650974266000048;1
212338;08230927126200549450;08;1;26;058;2023;09;02;4;3;0;7;2;0;1;0;0;0;0;0;542577,460099999792874;5450492,000000000000000;9,584529228000065;49,205742190000080;1
212339;08230927121600546400;08;1;25;102;2023;09;12;4;3;6;6;0;0;1;0;1;0;0;0;520651,462000000290573;5444039,945199999958277;9,283190422000075;49,148835581000071;1
212340;08230927121500560190;08;1;25;005;2023;09;14;4;3;6;4;0;0;0;1;1;0;0;0;515501,324500000104308;5452855,614900000393391;9,212907942000072;49,228286418000039;1
212341;08231005116500579780;08;1;16;049;2023;10;13;5;3;2;2;0;0;1;0;0;1;0;0;525506,265800000168383;5386119,792899999767542;9,346147256000052;48,627625100000046;1
212342;08230927121400526470;08;1;25;013;2023;09;13;4;2;0;7;0;0;1;0;0;0;0;0;504615,315999999642372;5436465,866900000721216;9,063202907000061;49,081033401000070;1
212344;08230927119400565840;08;1;19;090;2023;09;14;4;2;0;7;0;0;1;0;1;0;0;0;531202,184399999678135;5406870,061699999496341;9,425014746000045;48,814032279000060;1
212347;08230927118400522630;08;1;18;048;2023;09;07;4;3;0;7;0;0;1;0;0;0;0;0;513442,318099999800324;5414988,921800000593066;9,183370693000029;48,887706027000036;1
212349;08231006416200643420;08;4;16;011;2023;10;06;6;3;5;3;2;0;1;1;0;0;0;0;505163,702200000174344;5366306,522299999371171;9,069831994000026;48,449877147000052;1
212350;08230927118200550780;08;1;18;011;2023;09;12;4;3;6;2;0;0;0;0;1;0;1;0;506117,104399999603629;5407569,016699999570847;9,083334573000059;48,821073383000055;1
212351;08230927117300526080;08;1;17;026;2023;09;16;4;3;6;2;0;0;1;0;1;0;0;0;549144,122999999672174;5394864,579399999231100;9,667959798000027;48,704878325000038;1
212352;08230927117100553430;08;1;17;019;2023;09;18;4;2;0;7;0;0;1;0;0;0;0;0;552118,076700000092387;5393392,637800000607967;9,708192448000034;48,691396198000064;1
212353;08230927117100528630;08;1;17;042;2023;09;12;4;3;5;3;0;0;1;1;0;0;0;0;554165,071899999864399;5393747,033199999481440;9,736051611000050;48,694409782000037;1
212356;08230927115300540300;08;1;15;028;2023;09;15;4;3;2;6;0;0;1;1;0;0;0;0;500241,612099999561906;5404962,058900000527501;9,003289999000060;48,797651485000074;1
212361;08230927111120543350;08;1;11;000;2023;09;18;4;3;2;6;1;0;1;0;0;1;0;0;514103,285099999979138;5403336,191099999472499;9,191986112000052;48,782865421000054;1
212362;08230926436400519820;08;4;36;096;2023;09;06;3;3;0;7;1;0;1;0;0;0;0;0;544242,359100000001490;5300988,679999999701977;9,591507456000045;47,860713836000059;1
212363;08230926436200527210;08;4;36;064;2023;09;06;3;3;5;3;1;0;1;1;0;0;0;0;546385,953999999910593;5293365,228000000119209;9,619348492000029;47,791974925000034;1
212364;08231015116200649030;08;1;16;080;2023;10;21;1;3;0;1;2;0;1;0;0;0;0;0;522281,916699999943376;5395701,681399999186397;9,302906314000040;48,713947032000078;1
212368;08231012212010585160;08;2;12;000;2023;10;08;5;3;0;7;0;0;1;0;0;0;0;0;463958,129300000146031;5428360,846599999815226;8,507167022000033;49,007089130000054;1
212371;08230926416010553890;08;4;16;009;2023;09;07;3;2;4;6;0;0;0;1;1;1;0;0;507717,430999999865890;5383980,255000000819564;9,104694873000028;48,608849918000033;1
212373;08230926337010530740;08;3;37;126;2023;09;19;3;3;0;1;1;0;1;0;0;0;0;0;441378,327800000086427;5274876,767000000923872;8,219779963000065;47,624640066000040;1
212374;08230926336300519700;08;3;36;103;2023;09;15;3;3;0;7;0;0;1;0;0;0;0;1;415529,368099999614060;5285204,721599999815226;7,873806207000030;47,714694745000031;1
212377;08230926335000540810;08;3;35;043;2023;09;17;3;2;4;6;0;0;1;0;0;0;0;0;510362,736100000329316;5281327,299900000914931;9,138081254000042;47,685250302000043;1
212381;08230926317500524810;08;3;17;096;2023;09;15;3;3;5;2;0;0;1;1;0;0;0;0;421146,005699999630451;5370179,247300000861287;7,932973562000029;48,479793044000075;1
212383;08230926317200563980;08;3;17;057;2023;09;15;3;2;5;3;0;0;1;1;0;0;0;0;413897,263500000350177;5379486,562000000849366;7,832984490000058;48,562556699000027;1
212386;08230926311100525030;08;3;15;059;2023;09;17;3;3;5;3;0;0;1;1;0;0;0;0;398936,985000000335276;5321937,578999999910593;7,644053199000041;48,042718288000060;1
212389;08230926226700557440;08;2;26;098;2023;09;11;3;3;5;2;0;0;1;1;0;0;0;0;477124,549200000241399;5459911,175100000575185;8,685407940000061;49,291520638000065;1
212390;08230926226700551400;08;2;26;095;2023;09;17;3;3;6;4;0;0;0;1;1;0;0;0;474037,725999999791384;5461216,801999999210238;8,642872721000060;49,303141357000072;1
212392;08230926226300548060;08;2;26;006;2023;09;14;3;3;5;3;0;0;1;1;0;0;0;0;484017,549999999813735;5466631,273900000378489;8,779933065000023;49,352187422000043;1
212397;08230926222200563950;08;2;22;000;2023;09;11;3;3;6;7;0;0;0;0;1;0;0;1;461569,039900000207126;5482192,474600000306964;8,469335706000038;49,491152077000038;1
212399;08230926221011555040;08;2;21;000;2023;09;12;3;3;4;6;0;0;1;1;0;0;0;0;478011,976200000382960;5472962,004200000315905;8,696891615000027;49,408944674000054;1
212400;08230926216300541530;08;2;16;017;2023;09;17;3;3;0;7;0;0;1;0;0;0;0;0;451524,878600000403821;5402016,976600000634789;8,340291169000068;48,769269586000064;1
212401;08230926216100541280;08;2;16;043;2023;09;13;3;3;0;7;0;0;1;0;0;0;0;0;440470,067499999888241;5412238,148000000044703;8,188375167000061;48,860249771000042;1
212403;08230926212702551110;08;2;15;017;2023;09;07;3;3;0;7;0;0;1;0;0;0;0;0;455408,664400000125170;5420122,420099999755621;8,391171723000070;48,932424685000058;1
212404;08230926212702521180;08;2;15;046;2023;09;19;3;3;5;7;0;0;1;1;0;0;0;0;448718,717299999669194;5415147,935300000011921;8,300462083000070;48,887160482000070;1
212405;08230926212010519690;08;2;12;000;2023;09;16;3;3;0;1;0;0;1;0;0;0;0;0;451047,955299999564886;5426840,063999999314547;8,330828818000043;48,992520683000066;1
212407;08230926136300558620;08;1;36;042;2023;09;12;3;3;2;6;0;0;1;0;0;0;0;0;550990,222799999639392;5405174,600700000301003;9,694326567000076;48,797472347000053;1
212409;08230926135100524900;08;1;35;020;2023;09;07;3;3;0;1;0;0;1;0;0;0;0;0;585908,347000000067055;5386517,691999999806285;10,165835666000021;48,625824101000035;1
212412;08230926119200521300;08;1;19;020;2023;09;06;3;3;3;2;0;0;1;1;0;0;0;0;519959,916699999943376;5407497,628900000825524;9,271913131000076;48,820140625000079;1
212415;08230926117300519760;08;1;17;026;2023;09;06;3;3;1;5;1;0;1;1;0;0;0;0;549230,846800000406802;5394011,010500000789762;9,669036678000055;48,697193231000028;1
212418;08231011415300612930;08;4;15;019;2023;10;12;4;3;5;4;0;0;0;1;1;0;0;0;518987,549700000323355;5370681,993100000545382;9,256978011000058;48,488975175000064;1
212419;08231007416200600860;08;4;16;041;2023;10;15;7;2;1;7;0;0;1;1;0;0;0;0;503976,377600000239909;5375215,514200000092387;9,053859876000047;48,530034739000030;1
212420;08230926116200552730;08;1;16;078;2023;09;15;3;3;5;2;0;0;1;0;0;0;0;0;509983,254300000146031;5393416,441400000825524;9,135660547000043;48,693707111000037;1
212421;08230926116100551830;08;1;16;019;2023;09;18;3;3;5;3;0;0;1;1;0;0;0;0;523319,238800000399351;5396329,439999999478459;9,317043212000044;48,719556366000063;1
212424;08230926115300552600;08;1;15;041;2023;09;17;3;3;5;3;0;0;1;1;0;0;0;0;495208,905100000090897;5401406,517899999395013;8,934801786000037;48,765647590000071;1
212428;08230926111130517130;08;1;11;000;2023;09;00;3;3;0;7;2;0;1;0;0;0;0;0;512118,357300000265241;5403255,306099999696016;9,164963300000068;48,782179626000072;1
212430;08230925436300518390;08;4;36;049;2023;09;10;2;3;0;1;0;0;1;0;0;0;0;0;578006,058799999766052;5282631,679300000891089;10,039560606000066;47,692360632000032;1
212432;08230925417200530340;08;4;17;054;2023;09;21;2;3;0;1;2;0;1;0;0;0;0;0;481103,105299999937415;5347557,001700000837445;8,745289098000057;48,280934097000056;1
212434;08230925335300518220;08;3;35;022;2023;09;10;2;3;6;2;0;0;0;1;1;0;0;0;482935,707499999552965;5300173,479599999263883;8,771882204000065;47,854676197000060;1
212435;08230925335100538170;08;3;35;043;2023;09;12;2;3;5;3;0;0;1;0;0;0;0;0;513490,733400000259280;5279993,090199999511242;9,179719735000049;47,673187827000049;1
212436;08230925317600545380;08;3;17;093;2023;09;22;2;3;5;3;2;0;1;1;0;0;0;0;442584,470999999903142;5354841,377000000327826;8,225138294000033;48,344141687000047;1
212438;08230925317100518590;08;3;17;001;2023;09;15;2;3;0;7;0;0;1;0;0;0;0;0;431599,163700000382960;5386948,292500000447035;8,071645622000062;48,631857162000074;1
212440;08230925311300557240;08;3;15;131;2023;09;16;2;3;4;6;0;0;1;1;0;0;0;0;406785,268000000156462;5307355,348999999463558;7,752489716000071;47,912744315000054;1
212441;08230925311010562790;08;3;11;000;2023;09;13;2;3;6;4;0;0;0;1;1;0;0;0;411852,740799999795854;5319016,929899999871850;7,817901911000035;48,018360705000077;1
212442;08230925311010555490;08;3;36;045;2023;09;17;2;3;4;2;0;0;1;1;0;0;0;0;399575,051099999807775;5285572,726900000125170;7,661067720000062;47,715720713000053;1
212444;08230925311010534390;08;3;11;000;2023;09;13;2;3;5;3;0;0;1;1;0;0;0;0;413097,237599999643862;5316618,210699999704957;7,835073688000023;47,996953976000043;1
212445;08230925311010531700;08;3;15;073;2023;09;10;2;3;5;7;0;0;1;1;0;0;0;0;412286,193199999630451;5313849,221200000494719;7,824769659000026;47,971935284000040;1
212447;08230925237200515650;08;2;37;019;2023;09;17;2;3;0;1;0;0;1;0;0;0;0;0;463252,813299999572337;5368680,332499999552965;8,502845723000064;48,470180499000037;1
212448;08230925231202547770;08;2;36;004;2023;09;15;2;3;4;6;0;0;1;0;0;0;0;1;470833,060600000433624;5413228,830299999564886;8,602254542000026;48,871332389000031;1
212453;08230928311010546490;08;3;11;000;2023;09;18;5;3;5;3;0;0;1;0;0;0;0;1;417375,398000000044703;5314636,133999999612570;7,892792258000043;47,979691371000058;1
212454;08230925226400562800;08;2;26;037;2023;09;17;2;3;5;3;0;0;1;1;0;0;0;0;466116,701799999922514;5467941,851999999955297;8,533345957000051;49,363243746000080;1
212455;08230925222700563440;08;2;22;000;2023;09;17;2;3;8;1;0;0;1;0;0;0;0;0;460731,747000000439584;5482260,126000000163913;8,457767975000024;49,491706952000072;1
212458;08230925222500521280;08;2;22;000;2023;09;11;2;3;4;2;0;0;1;1;0;0;0;0;461389,882799999788404;5479621,588199999183416;8,467112953000026;49,468016926000075;1
212460;08230925222301562830;08;2;22;000;2023;09;12;2;3;5;7;0;0;1;1;0;0;0;0;467409,689799999818206;5484536,302999999374151;8,549788624000030;49,512575599000058;1
212462;08230925222014547700;08;2;26;082;2023;09;13;2;3;6;4;0;0;0;1;1;0;0;0;476471,908099999651313;5480530,995999999344349;8,675212514000066;49,476968481000029;1
212465;08230925215402563590;08;2;15;021;2023;09;18;2;3;6;3;0;0;0;1;1;0;0;0;469887,524199999868870;5444536,250900000333786;8,587037980000048;49,152908867000065;1
212466;08230925215302537790;08;2;15;059;2023;09;16;2;3;6;7;0;0;0;1;1;0;0;0;485099,754800000227988;5434609,407500000670552;8,796022550000032;49,064170678000039;1
212467;08230925212010515540;08;2;12;000;2023;09;12;2;3;5;2;0;0;1;0;0;0;0;1;457430,766400000080466;5428823,117300000041723;8,417868486000032;49,010831591000056;1
212468;08231011235100585260;08;2;35;079;2023;10;15;4;3;0;1;0;0;1;0;0;0;0;0;466887,268500000238419;5399801,538499999791384;8,549531317000060;48,750347226000031;1
212469;08230925136100516020;08;1;36;088;2023;09;10;2;2;0;1;0;0;1;0;0;0;0;0;577635,545699999667704;5409253,610500000417233;10,057870341000068;48,831404218000046;1
212473;08230925119500516960;08;1;19;085;2023;09;08;2;3;0;1;0;0;1;0;0;0;0;0;531271,303100000135601;5413799,890200000256300;9,426485230000026;48,876366839000070;1
212474;08231012311010641480;08;3;36;069;2023;10;08;5;3;5;3;0;0;1;1;0;0;0;0;408718,425300000235438;5268495,688999999314547;7,786506508000059;47,563457820000053;1
212476;08230925119200542720;08;1;19;020;2023;09;16;2;3;6;4;0;0;0;1;1;0;0;0;520101,030700000002980;5406964,898600000888109;9,273809396000047;48,815343740000060;1
212477;08230925118400548090;08;1;18;048;2023;09;14;2;3;5;2;0;0;1;1;0;0;0;0;514251,604700000025332;5415927,296499999240041;9,194443081000031;48,896129313000074;1
212478;08230925118100544330;08;1;18;007;2023;09;08;2;2;0;1;0;0;1;1;0;0;0;0;511445,080599999986589;5427076,676000000908971;9,156465435000030;48,996483624000064;1
212479;08230925111230517900;08;1;11;000;2023;09;14;2;2;0;7;0;0;1;0;0;0;0;0;511131,988699999637902;5396918,234200000762939;9,151364883000042;48,725189944000078;1
212482;08230924435100558440;08;4;35;016;2023;09;17;1;3;5;3;0;0;1;0;0;0;0;0;538888,838999999687076;5279758,587999999523163;9,518035621000024;47,670049153000036;1
212484;08230924425000531810;08;4;25;081;2023;09;15;1;3;0;7;0;0;1;0;0;0;0;0;547780,445100000128150;5342581,013800000771880;9,643451937000066;48,234647852000080;1
212487;08230924337010522410;08;3;37;030;2023;09;12;1;3;5;3;0;0;1;0;0;1;0;0;459762,939299999736249;5274991,219200000166893;8,464444285000070;47,627072993000070;1
212490;08230924317010517780;08;3;17;073;2023;09;16;1;2;0;7;0;0;1;0;0;0;0;0;412244,448499999940395;5348850,278400000184774;7,817000755000038;48,286766704000058;1
212491;08230924316200532860;08;3;16;056;2023;09;20;1;3;0;7;2;0;1;0;0;0;0;1;423652,500199999660254;5327584,583799999207258;7,974584816000061;48,096951529000080;1
212493;08230924311010533630;08;3;11;000;2023;09;15;1;3;5;3;0;0;1;1;0;0;0;0;415192,812699999660254;5317426,627299999818206;7,862999144000071;48,004507429000057;1
212495;08230924231202542760;08;2;36;070;2023;09;11;1;2;9;6;0;0;1;0;0;0;0;0;468210,833499999716878;5417608,695199999958277;8,566155872000024;48,910602704000041;1
212497;08230924222600544010;08;2;22;000;2023;09;20;1;3;4;2;2;0;1;1;0;0;0;0;461792,009600000455976;5482881,797000000253320;8,472347742000068;49,497366242000055;1
212499;08230924215502533120;08;2;15;106;2023;09;16;1;3;5;3;0;0;1;1;0;0;0;0;464496,896700000390410;5453487,142599999904633;8,512322765000022;49,233133995000060;1
212500;08230924212010557000;08;2;12;000;2023;09;17;1;3;5;3;0;0;1;1;0;0;0;0;456002,531700000166893;5425895,535900000482798;8,398655673000064;48,984397449000028;1
212501;08230924212010542400;08;2;12;000;2023;09;18;1;3;0;4;0;0;1;0;1;0;0;0;453821,046699999831617;5429562,536100000143051;8,368424685000036;49,017223114000046;1
212502;08231006128100586730;08;1;28;007;2023;10;14;6;2;0;7;0;0;1;0;0;0;0;0;555761,758999999612570;5483126,082000000402331;9,770084813000040;49,498203776000025;1
212504;08230924136300546160;08;1;36;065;2023;09;08;1;2;5;3;0;0;1;0;0;0;0;0;558401,775799999944866;5405854,647700000554323;9,795335823000073;48,802937350000036;1
212505;08230924135200548840;08;1;35;025;2023;09;17;1;3;0;7;0;0;1;0;1;0;0;0;583933,182099999859929;5398155,741900000721216;10,141399643000057;48,730768828000066;1
212506;08230924135010563040;08;4;25;019;2023;09;18;1;3;0;1;0;0;1;0;0;0;0;0;575660,677099999971688;5372706,983799999579787;10,024280735000048;48,502922419000072;1
212508;08230924121400530350;08;1;25;056;2023;09;08;1;3;0;7;0;0;1;0;0;0;0;0;510549,577700000256300;5434879,454399999231100;9,144426107000072;49,066689770000039;1
212510;08230924121200516000;08;1;21;000;2023;09;16;1;3;1;7;0;0;1;1;0;0;0;0;515461,642199999652803;5442875,924100000411272;9,211979126000074;49,138517433000061;1
212511;08230924119400512090;08;1;19;079;2023;09;16;1;3;0;7;0;0;1;0;0;0;0;0;523200,612499999813735;5410350,155799999833107;9,316221796000036;48,845688636000034;1
212514;08230924118400546550;08;1;18;048;2023;09;14;1;3;2;1;0;0;1;1;0;0;0;0;514480,718899999745190;5415609,531199999153614;9,197557738000057;48,893265470000074;1
212515;08230924118010544110;08;1;18;048;2023;09;10;1;2;6;7;0;0;0;1;1;0;0;0;514124,547399999573827;5416470,499199999496341;9,192728359000057;48,901018725000029;1
212516;08230924115100563840;08;1;15;003;2023;09;00;1;3;0;7;2;0;1;0;0;0;0;0;500081,395800000056624;5390587,607599999755621;9,001105517000042;48,668338455000026;1
212517;08230923421200528220;08;4;21;000;2023;09;06;7;3;7;7;2;0;1;0;0;0;0;0;571685,054899999871850;5362830,881799999624491;9,968775751000067;48,414551446000075;1
212518;08230923415400542410;08;4;15;061;2023;09;14;7;3;0;1;0;0;1;0;0;0;0;0;515418,749699999578297;5372235,879200000315905;9,208735526000055;48,503052173000071;1
212520;08230923335300523290;08;3;35;075;2023;09;11;7;3;0;7;0;0;1;0;0;0;0;0;488011,085699999704957;5289146,356899999082088;8,840035133000072;47,755574870000032;1
212523;08231013311010590340;08;3;11;000;2023;10;15;6;3;0;1;0;0;1;0;0;0;0;0;414127,906200000084937;5314888,387599999085069;7,849232853000046;47,981532814000047;1
212525;08230923311010545410;08;3;36;082;2023;09;17;7;3;4;1;0;0;1;1;0;0;0;0;414096,873399999924004;5274235,396500000730157;7,856868328000076;47,615826594000055;1
212527;08230923311010515820;08;3;11;000;2023;09;07;7;3;0;7;0;0;1;0;0;0;0;0;414213,835400000214577;5315135,387299999594688;7,850334805000045;47,983766205000052;1
212528;08230923311010509690;08;3;15;047;2023;09;19;7;2;4;7;0;1;1;1;0;0;0;0;415054,048700000159442;5321307,175100000575185;7,860369905000027;48,039395973000069;1
212531;08230923226700511140;08;2;26;095;2023;09;17;7;3;5;3;0;0;1;0;0;0;0;0;474581,750300000421703;5461576,036800000816584;8,650333103000037;49,306395547000079;1
212533;08230923221200552190;08;2;21;000;2023;09;11;7;3;0;7;0;0;1;0;0;0;0;0;476398,043999999761581;5472975,856499999761581;8,674642846000040;49,409008813000071;1
212534;08230923216100509510;08;2;16;043;2023;09;11;7;3;3;5;0;0;1;1;0;0;0;0;441612,848000000230968;5412018,801999999210238;8,203985417000069;48,858385377000047;1
212535;08230923212010546080;08;2;12;000;2023;09;16;7;2;6;4;0;0;1;0;1;0;0;0;456164,214599999599159;5428501,149700000882149;8,400584218000063;49,007846781000069;1
212538;08230923212010541630;08;2;12;000;2023;09;07;7;3;5;3;0;0;1;1;0;0;0;0;455735,929399999789894;5430973,716800000518560;8,394458384000075;49,030057159000080;1
212540;08230923126100512310;08;1;26;060;2023;09;17;7;3;5;3;0;0;1;1;0;0;0;0;544920,826399999670684;5460515,413200000301003;9,617822557000068;49,295732516000044;1
212543;08231116212070752000;08;2;12;000;2023;11;17;5;3;0;1;2;1;1;0;0;0;0;0;456226,415000000037253;5428066,092399999499321;8,401481609000029;49,003937805000078;1
212544;08231116212010723760;08;2;15;102;2023;11;08;5;1;6;3;0;1;0;0;1;0;0;1;455767,348699999973178;5436218,362600000575185;8,394315311000071;49,077235158000065;1
212545;08231116212010713690;08;2;12;000;2023;11;17;5;3;5;3;2;1;1;1;0;0;0;0;457877,900999999605119;5427933,164999999105930;8,424075029000051;49,002857020000079;1
212549;08231116119500746940;08;1;19;085;2023;11;19;5;3;6;4;2;1;0;1;1;0;0;0;528874,104500000365078;5414222,898399999365211;9,393822397000065;48,880288331000031;1
212550;08231116119200749060;08;1;19;093;2023;11;17;5;3;1;5;2;1;1;1;0;0;0;0;523569,072800000198185;5405869,909099999815226;9,320986285000060;48,805371579000052;1
212551;08231116119200746810;08;1;19;020;2023;11;17;5;3;6;2;2;1;0;1;1;0;0;0;520957,445000000298023;5405665,824300000444055;9,285408700000062;48,803629224000076;1
212553;08231116118600749260;08;1;18;050;2023;11;18;5;3;6;7;2;1;0;1;1;0;0;0;505885,277499999850988;5416694,693399999290705;9,080307585000071;48,903168603000040;1
212554;08231116118500766920;08;1;18;049;2023;11;10;5;3;8;1;0;1;1;1;0;0;0;0;519406,762799999676645;5421181,065600000321865;9,265027202000056;48,943250325000065;1