OID_;UIDENTSTLAE;ULAND;UREGBEZ;UKREIS;UGEMEINDE;UJAHR;UMONAT;USTUNDE;UWOCHENTAG;UKATEGORIE;UART;UTYP1;ULICHTVERH;IstStrassenzustand;IstRad;IstPKW;IstFuss;IstKrad;IstGkfz;IstSonstige;LINREFX;LINREFY;XGCSWGS84;YGCSWGS84;PLST
212557;08231116115400746800;08;1;15;045;2023;11;13;5;3;6;4;0;1;1;0;1;0;0;0;499701,681400000117719;5394905,495400000363588;8,995945123000070;48,707182567000075;1
212558;08231116115400728850;08;1;15;045;2023;11;17;5;3;6;4;2;1;0;1;1;0;0;0;495538,641999999992549;5393598,971100000664592;8,939373411000076;48,695413083000062;1
212559;08231116115100740970;08;1;15;003;2023;11;03;5;3;6;7;2;0;0;1;1;0;0;0;500885,762400000356138;5392536,126299999654293;9,012034587000073;48,685866946000033;1
212560;08231116111500746860;08;1;11;000;2023;11;13;5;3;5;3;0;0;1;1;0;0;0;0;512552,340800000354648;5403202,587500000372529;9,170869341000071;48,781696767000028;1
212562;08231116111500714920;08;1;11;000;2023;11;06;5;3;5;2;0;0;1;1;0;0;0;0;516786,358000000007451;5406903,518100000917912;9,228655955000022;48,814889972000060;1
212563;08231115437200709030;08;4;37;104;2023;11;10;4;3;6;4;0;1;0;1;1;0;0;0;516253,985000000335276;5326002,883999999612570;9,218262624000033;48,087088700000038;1
212564;08231115435200740580;08;4;35;059;2023;11;06;4;2;3;6;2;1;1;1;0;0;0;0;513652,659300000406802;5290989,958599999547005;9,182221583000057;47,772129616000029;1
212567;08231115335100740930;08;3;35;043;2023;11;08;4;3;6;4;0;0;0;0;1;0;0;1;512932,483300000429153;5278754,775699999183416;9,172246259000076;47,662057289000074;1
212568;08231115335100710010;08;3;35;043;2023;11;17;4;2;7;7;2;0;1;0;0;0;0;0;513411,689399999566376;5279807,394099999219179;9,178661035000061;47,671518641000034;1
212570;08231115311100725070;08;3;15;013;2023;11;14;4;3;1;5;0;0;1;1;0;0;0;0;404423,021999999880791;5324542,757899999618530;7,717056766000042;48,066996479000068;1
212571;08231115311010749090;08;3;36;050;2023;11;18;4;3;6;4;2;1;0;1;1;0;0;0;398964,175800000317395;5272302,832499999552965;7,655992558000037;47,596259460000056;1
212572;08231115311010711460;08;3;11;000;2023;11;11;4;3;0;1;0;0;1;0;0;0;0;0;413981,153500000014901;5315648,417899999767542;7,847114387000033;47,988349864000043;1
212573;08231115235200747300;08;2;35;046;2023;11;12;4;3;5;2;0;1;1;1;0;0;0;0;478831,734699999913573;5376956,621600000187755;8,713190029000032;48,545353700000078;1
212576;08231115222600780670;08;2;22;000;2023;11;12;4;3;5;3;0;1;1;1;0;0;0;0;461744,205799999646842;5483032,407500000670552;8,471673018000047;49,498717888000044;1
212577;08231115222400747460;08;2;22;000;2023;11;17;4;3;6;4;1;1;0;1;1;0;0;0;469495,833899999968708;5476453,589400000870228;8,579229633000068;49,439983148000067;1
212580;08231115221011725930;08;2;26;056;2023;11;11;4;2;6;4;0;0;0;1;1;0;0;0;485234,404099999926984;5471370,449999999254942;8,796512268000072;49,394846876000031;1
212581;08231115212010712410;08;2;15;017;2023;11;15;4;2;5;3;0;0;1;1;0;0;0;0;455690,055100000463426;5420427,424200000241399;8,394980315000055;48,935188478000043;1
212583;08231115211000750220;08;2;11;000;2023;11;11;4;3;6;4;0;0;0;1;1;0;0;0;444358,844999999739230;5401008,425000000745058;8,242911711000033;48,759597997000071;1
212585;08231115119400709640;08;1;19;079;2023;11;13;4;3;4;6;0;0;1;1;0;0;0;0;522827,425400000065565;5407319,598899999633431;9,310966615000041;48,818440351000049;1
212586;08231115119300731060;08;1;19;067;2023;11;19;4;3;5;3;2;1;1;1;0;0;0;0;539286,240899999625981;5405977,974099999293685;9,535040325000068;48,805548921000081;1
212587;08231115119300709090;08;1;19;086;2023;11;11;4;3;0;7;0;1;1;0;0;0;0;0;535439,218600000254810;5404907,494599999859929;9,482557291000035;48,796150577000049;1
212589;08231115118010758190;08;1;18;040;2023;11;16;4;2;1;5;1;0;1;1;0;0;0;0;510694,183699999935925;5432078,405999999493361;9,146331815000053;49,041490438000039;1
212590;08231115117010761470;08;1;17;026;2023;11;08;4;3;6;2;0;1;0;0;1;0;0;1;547949,089900000020862;5394431,912499999627471;9,651667941000028;48,701079288000074;1
212594;08231114421300745260;08;4;21;000;2023;11;16;3;3;6;4;0;0;0;0;1;0;0;1;567036,156100000254810;5355990,149100000038743;9,904865943000061;48,353527694000036;1
212595;08231114416200779080;08;4;16;041;2023;11;17;3;3;6;7;2;1;1;0;1;0;0;0;505040,609400000423193;5370210,031099999323487;9,068214382000065;48,484995850000075;1
212596;08231114415100722170;08;4;15;050;2023;11;18;3;3;6;2;2;1;0;1;1;0;0;0;520383,445199999958277;5376526,829600000753999;9,276155497000047;48,541513191000035;1
212598;08231114311010727080;08;3;11;000;2023;11;12;3;3;6;4;0;0;0;1;1;0;0;0;411641,874900000169873;5316017,833699999377131;7,815692523000052;47,991353943000036;1
212599;08231114311010722310;08;3;15;047;2023;11;14;3;3;0;7;0;1;1;0;0;0;0;0;415393,826500000432134;5321173,654600000008941;7,864953801000070;48,038240030000054;1
212600;08231114311010710070;08;3;11;000;2023;11;14;3;3;5;3;0;1;1;1;0;0;0;0;414273,561099999584258;5318628,706199999898672;7,850437078000027;48,015197929000067;1
212601;08231114231000724420;08;2;31;000;2023;11;17;3;3;6;4;1;0;0;1;1;0;0;0;478238,705599999986589;5415636,863800000399351;8,703114438000057;48,893298413000082;1
212604;08231114222500742050;08;2;22;000;2023;11;09;3;3;3;2;0;0;1;0;0;0;1;0;463093,462899999693036;5478803,839999999850988;8,490700579000077;49,460767591000035;1
212606;08231114222014733160;08;2;22;000;2023;11;08;3;2;5;3;0;0;1;0;0;0;0;1;464509,931200000457466;5477223,556099999696016;8,510388264000028;49,446638021000069;1
212607;08231114221200723750;08;2;21;000;2023;11;17;3;3;1;5;2;1;1;1;0;0;0;0;475917,955099999904633;5472144,194900000467896;8,668075282000075;49,401509347000058;1
212609;08231114215102889080;08;2;15;090;2023;11;17;3;3;5;3;2;0;1;0;0;0;0;0;465459,761500000022352;5433500,580399999395013;8,527261615000043;49,053408258000047;1
212611;08231115311300726950;08;3;11;000;2023;11;08;4;3;3;2;0;1;1;0;0;0;0;1;413382,573800000362098;5315526,065799999982119;7,839118181000060;47,987168472000064;1
212612;08231114212010727530;08;2;12;000;2023;11;19;3;2;1;7;2;1;1;1;0;0;0;0;453579,719999999739230;5431088,710799999535084;8,364949684000067;49,030932984000060;1
212613;08231114212000713700;08;2;12;000;2023;11;11;3;2;6;4;0;0;1;0;1;0;0;0;456242,703499999828637;5428463,020300000905991;8,401661533000038;49,007509373000062;1
212620;08231114118010737100;08;1;15;045;2023;11;19;3;2;6;4;2;1;0;1;1;0;0;0;499720,762699999846518;5394907,704199999570847;8,996204483000042;48,707202446000053;1
212621;08231114117100721420;08;1;17;019;2023;11;10;3;3;6;6;0;0;0;1;1;0;0;0;550588,474299999885261;5393636,646999999880791;9,687439325000071;48,693717054000047;1
212622;08231114116200776060;08;1;16;077;2023;11;18;3;3;6;2;2;1;0;1;1;0;0;0;515907,827899999916553;5389067,128499999642372;9,216000645000065;48,654457490000027;1
212623;08231114115300707610;08;1;15;028;2023;11;07;3;3;4;6;2;0;1;0;0;0;0;0;501033,306499999947846;5404783,831399999558926;9,014069943000038;48,796047350000038;1
212625;08231114111500737280;08;1;11;000;2023;11;10;3;3;1;5;0;0;1;1;0;0;0;0;512718,882799999788404;5403331,941700000315905;9,173140394000029;48,782857044000082;1
212627;08231114111500706730;08;1;11;000;2023;11;13;3;3;0;4;0;0;0;0;1;0;0;1;512226,846699999645352;5403221,570900000631809;9,166439121000053;48,781874024000047;1
212628;08231114111130742860;08;1;11;000;2023;11;17;3;3;1;6;2;1;1;1;0;0;0;0;512191,620799999684095;5402364,967100000008941;9,165934207000021;48,774168770000074;1
212631;08231113416200719770;08;4;16;041;2023;11;12;2;3;0;7;0;0;1;0;0;0;0;0;504102,016699999570847;5374192,914400000125170;9,055551590000050;48,520834258000036;1
212633;08231113337010706140;08;3;37;126;2023;11;10;2;2;6;7;0;1;0;1;1;0;0;0;441370,560700000263751;5274526,050100000575185;8,219723556000076;47,621483982000029;1
212635;08231113335100702410;08;3;35;043;2023;11;09;2;3;5;3;0;1;1;1;0;0;0;0;511038,783999999985099;5280773,118000000715256;9,147075403000031;47,680252770000038;1
212638;08231113317000733800;08;3;17;065;2023;11;06;2;3;6;2;2;1;0;1;1;0;0;0;417916,673100000247359;5354735,332699999213219;7,892305180000051;48,340463916000033;1
212639;08231113316100701940;08;3;16;011;2023;11;05;2;3;5;2;2;1;1;1;0;0;0;0;413568,735999999567866;5330457,219200000166893;7,838595861000044;48,121503201000053;1
212641;08231113311010707620;08;3;11;000;2023;11;13;2;3;5;3;0;1;1;1;0;0;0;0;414936,569699999876320;5315374,887499999254942;7,859971106000046;47,986017136000044;1
212642;08231113311010705320;08;3;11;000;2023;11;15;2;3;5;3;0;1;1;0;0;0;0;0;410079,038999999873340;5317149,829399999231100;7,794512622000070;48,001318615000059;1
212644;08231113222014715220;08;2;22;000;2023;11;11;2;3;6;4;0;1;0;1;1;0;0;0;461918,525000000372529;5482801,478000000119209;8,474102583000047;49,496651771000074;1
212648;08231113216200740450;08;2;16;007;2023;11;10;2;3;6;7;0;1;0;1;1;0;0;0;436123,109699999913573;5394410,283900000154972;8,131886075000068;48,699457086000052;1
212649;08231113216200706990;08;2;16;007;2023;11;11;2;3;5;2;0;1;1;1;0;0;0;0;436091,849200000055134;5394307,062100000679493;8,131477257000029;48,698525399000061;1
212652;08231113212702723470;08;2;15;017;2023;11;16;2;3;0;7;0;1;1;0;0;0;0;0;455035,952700000256300;5419726,821399999782443;8,386126832000059;48,928839220000043;1
212654;08231113212010728640;08;2;12;000;2023;11;09;2;3;2;6;0;1;1;1;0;0;0;0;454958,363699999637902;5427500,979800000786781;8,384207190000041;48,998763328000052;1
212656;08231113212010705020;08;2;12;000;2023;11;09;2;3;6;7;0;1;1;0;1;0;0;0;455481,755199999548495;5428261,189200000837445;8,391279046000022;49,005639458000076;1
212661;08231113119200704150;08;1;19;020;2023;11;07;2;2;6;2;1;1;0;1;1;0;0;0;520860,242999999783933;5406833,037000000476837;9,284144294000043;48,814132512000072;1
212663;08231113118400732760;08;1;18;048;2023;11;09;2;3;0;6;0;1;1;1;0;0;0;0;513366,189199999906123;5415210,688200000673532;9,182339455000033;48,889702628000066;1
212664;08231113118400719290;08;1;18;048;2023;11;15;2;3;6;1;0;1;1;0;1;0;0;0;512113,651700000278652;5416290,838600000366569;9,165284643000064;48,899445136000054;1
212666;08231113116400702480;08;1;16;072;2023;11;10;2;3;6;3;0;1;0;1;1;0;0;0;531476,570000000298023;5392079,523399999365211;9,427621699000042;48,680966292000051;1
212668;08231113115100738840;08;1;15;003;2023;11;08;2;3;2;7;0;1;1;0;0;0;1;0;500718,487099999561906;5392970,281700000166893;9,009762623000029;48,689772869000080;1
212669;08231113111500702290;08;1;11;000;2023;11;05;2;3;6;4;2;1;0;0;1;1;0;0;511399,426400000229478;5409502,773900000378489;9,155350289000069;48,838394694000044;1
212670;08231113111210707860;08;1;11;000;2023;11;12;2;3;5;3;0;1;1;1;0;0;0;0;507537,576000000350177;5399081,908999999985099;9,102530284000068;48,744708237000054;1
212671;08231113111120735940;08;1;11;000;2023;11;08;2;3;1;6;0;1;1;1;0;0;0;0;513453,164099999703467;5402125,283099999651313;9,183096530000057;48,771986591000029;1
212672;08231112436000701900;08;4;35;057;2023;11;17;1;2;5;3;2;1;1;1;0;0;0;0;543845,792799999937415;5279319,606699999421835;9,584019468000065;47,665782418000049;1
212675;08231112311010728800;08;3;11;000;2023;11;19;1;3;6;2;2;1;0;1;1;0;0;0;411770,491299999877810;5316190,125800000503659;7,817380636000053;47,992921518000060;1
212676;08231112311010714020;08;3;15;047;2023;11;16;1;3;1;6;1;0;1;1;0;0;0;0;415371,133899999782443;5321097,745699999853969;7,864664431000051;48,037554194000052;1
212677;08231112225200733270;08;2;25;014;2023;11;17;1;2;8;1;2;0;1;0;0;0;0;0;523465,775000000372529;5484162,338999999687076;9,324142885000072;49,509633736000069;1
212679;08231112121200700820;08;1;21;000;2023;11;08;1;3;0;7;0;0;1;1;0;0;0;0;514805,447100000455976;5441291,265799999237061;9,202924564000057;49,124279036000075;1
212681;08231112116500704280;08;1;16;022;2023;11;15;1;3;5;3;0;1;1;1;0;0;0;0;523397,291400000452995;5382114,976700000464916;9,317300896000063;48,591679870000064;1
212682;08231112116400737410;08;1;16;072;2023;11;13;1;3;3;2;0;0;1;0;0;1;0;0;530281,943199999630451;5393643,194199999794364;9,411507264000022;48,695091973000046;1
212683;08231112116010701590;08;1;16;019;2023;11;18;1;3;6;7;2;1;0;1;1;0;0;0;523105,672000000253320;5397854,912000000476837;9,314225136000061;48,733287328000074;1
212684;08231111417100701040;08;4;17;079;2023;11;22;7;3;8;1;2;0;1;0;0;0;0;0;502191,268500000238419;5339474,540400000289083;9,029494381000063;48,208496077000063;1
212688;08231111311200771540;08;3;11;000;2023;11;10;7;3;5;3;0;0;1;1;0;0;0;0;413622,685300000011921;5316273,777699999511242;7,842185115000063;47,993926886000054;1
212692;08231111226700729210;08;2;26;095;2023;11;17;7;3;2;6;2;1;1;1;0;0;0;0;474627,553399999625981;5461316,744699999690056;8,650979656000061;49,304065126000069;1
212695;08231111222700700640;08;2;22;000;2023;11;14;7;3;6;5;0;0;0;1;1;0;0;0;461233,281000000424683;5482049,609300000593066;8,464713688000074;49,489845721000052;1
212696;08231111222200726250;08;2;22;000;2023;11;01;7;3;7;7;2;1;1;0;0;0;0;0;461716,053000000305474;5482449,277000000700355;8,471340733000034;49,493471170000078;1
212697;08231111216300712590;08;2;16;015;2023;11;05;7;3;5;3;2;1;1;1;0;0;0;0;450883,244500000029802;5405146,134999999776483;8,331185723000033;48,797367127000030;1
212700;08231112118300703490;08;1;18;081;2023;11;14;1;3;0;7;0;0;1;0;0;0;0;0;519475,649699999950826;5413369,724300000816584;9,265595264000069;48,872979961000055;1
212703;08231111119100700690;08;1;19;004;2023;11;16;7;3;0;1;1;1;1;0;0;0;0;0;541045,084999999962747;5420019,348600000143051;9,560401658000046;48,931742932000077;1
212704;08231111111330717960;08;1;11;000;2023;11;15;7;2;0;7;0;1;1;0;0;0;0;0;513010,945700000040233;5408553,555299999192357;9,177281685000025;48,829823997000062;1
212705;08231111111250699060;08;1;11;000;2023;11;11;7;2;6;2;0;0;0;1;1;0;0;0;516186,743999999947846;5400370,455900000408292;9,220231045000048;48,756135199000028;1
212706;08231111111240701350;08;1;11;000;2023;11;19;7;3;0;7;2;0;1;0;0;0;0;0;519547,099000000394881;5401677,658500000834465;9,266012456000055;48,767798216000074;1
212707;08231110436200726280;08;4;36;064;2023;11;11;6;3;0;1;0;1;1;0;0;0;0;0;545425,252000000327826;5293255,297800000756979;9,606510374000038;47,791054374000055;1
212711;08231110417100707640;08;4;17;079;2023;11;10;6;3;6;4;0;0;0;1;1;0;0;0;501178,509899999946356;5344620,928400000557303;9,015877011000043;48,254799905000027;1
212712;08231110417100704270;08;4;17;079;2023;11;12;6;3;5;7;0;1;1;1;0;0;0;0;501199,868700000457466;5345177,791799999773502;9,016166338000062;48,259809844000074;1
212715;08231110415300708790;08;4;15;073;2023;11;13;6;2;0;1;0;1;1;0;0;0;0;0;517472,872399999760091;5350245,346799999475479;9,235627958000066;48,305161107000060;1
212717;08231110336300742780;08;3;36;081;2023;11;06;6;3;1;7;2;1;1;1;0;0;0;0;410967,616399999707937;5276361,326999999582767;7,814803362000021;47,634528683000042;1
212719;08231110335200724230;08;3;35;063;2023;11;22;6;3;0;7;2;1;1;0;0;0;0;0;497921,047500000335276;5287204,077899999916553;8,972270324000021;47,738207173000035;1
212721;08231110317500714770;08;3;17;096;2023;11;13;6;3;0;1;0;1;1;0;0;0;0;0;420419,865000000223517;5369123,653100000694394;7,923350399000071;48,470206631000053;1
212724;08231116111500713720;08;1;11;000;2023;11;15;5;3;5;3;0;1;1;1;0;0;0;0;511654,681499999947846;5400943,483100000768900;9,158585946000073;48,761391466000077;1
212725;08231110311010714480;08;3;11;000;2023;11;13;6;3;0;7;0;0;1;0;0;0;0;0;413908,929499999620020;5316434,656500000506639;7,845988897000041;47,995412655000052;1
212728;08231110222301792620;08;2;22;000;2023;11;15;6;3;4;6;0;0;1;0;0;0;0;0;463350,353799999691546;5484471,423200000077486;8,493720057000075;49,511760247000041;1
212729;08231110221400790410;08;2;21;000;2023;11;12;6;3;5;3;0;0;1;0;0;0;0;1;475841,410500000230968;5469552,434900000691414;8,667177809000066;49,378193810000027;1
212730;08231110221400721830;08;2;26;018;2023;11;09;6;3;9;7;0;0;1;0;0;0;0;0;472867,495699999853969;5471494,205600000917912;8,626075841000045;49,395534485000042;1
212731;08231110221200696820;08;2;21;000;2023;11;08;6;3;0;7;0;1;1;0;0;0;0;0;476949,928299999795854;5472947,328700000420213;8,682252200000050;49,408773366000048;1
212732;08231110221011715470;08;2;26;041;2023;11;17;6;3;0;7;1;0;1;0;0;0;0;0;477800,751699999906123;5466093,279100000858307;8,694363270000053;49,347153534000029;1
212734;08231110215302714860;08;2;15;007;2023;11;13;6;3;5;3;0;0;1;1;0;0;0;0;478321,636400000192225;5431272,567299999296665;8,703412940000021;49,033953124000050;1
212735;08231110212702786110;08;2;15;017;2023;11;13;6;3;5;3;0;0;1;1;0;0;0;0;454871,640999999828637;5421822,361999999731779;8,383651650000047;48,947677050000038;1
212736;08231110212102709250;08;2;12;000;2023;11;15;6;3;5;3;0;1;1;1;0;0;0;0;459017,120900000445545;5425919,270500000566244;8,439853652000068;48,984818339000071;1
212737;08231110212010703020;08;2;12;000;2023;11;14;6;2;0;3;0;0;1;1;0;0;0;0;460322,658900000154972;5425087,307700000703335;8,457777842000041;48,977419883000039;1
212740;08231110127100712790;08;1;27;076;2023;11;08;6;3;5;3;0;0;1;1;0;0;0;0;553737,111600000411272;5440875,918500000610948;9,736440065000068;49,118372317000080;1
212741;08231110121200694740;08;1;21;000;2023;11;00;6;3;5;3;2;1;1;1;0;0;0;0;516009,754499999806285;5442887,210599999874830;9,219494138000073;49,138604918000055;1
212744;08231110118500788900;08;1;18;060;2023;11;12;6;3;6;2;0;0;0;1;1;0;0;0;523326,735399999655783;5430101,155200000852346;9,319071104000045;49,023355604000074;1
212747;08231110118400709100;08;1;18;048;2023;11;11;6;3;0;1;0;1;1;0;0;0;0;0;512262,650000000372529;5416942,421000000089407;9,167337207000060;48,905303664000030;1
212748;08231110118100728250;08;1;18;007;2023;11;12;6;3;6;6;0;0;1;0;1;0;0;0;510343,701600000262260;5427368,464900000020862;9,141415989000052;48,999127874000067;1
212750;08231110116500698800;08;1;16;071;2023;11;15;6;2;0;1;0;0;1;0;0;0;0;0;527709,473899999633431;5390580,026900000870228;9,376344949000043;48,667655515000035;1
212751;08231110116400714220;08;1;16;016;2023;11;12;6;3;5;3;0;0;1;1;0;0;0;0;533320,934299999848008;5386447,230100000277162;9,452223929000070;48,630203151000046;1
212752;08231110222500712700;08;2;22;000;2023;11;11;6;3;3;2;0;0;1;1;0;0;0;0;463844,493999999947846;5478628,113399999216199;8,501080218000027;49,459232179000026;1
212753;08231110115300697070;08;1;15;028;2023;11;07;6;3;0;7;0;1;1;0;0;0;0;0;500735,158699999563396;5404864,604800000786781;9,010010380000040;48,796774406000054;1
212754;08231110115100769310;08;1;15;024;2023;11;09;6;3;0;7;0;1;1;0;0;0;0;0;500938,757699999958277;5388636,228299999609590;9,012745767000069;48,650782854000056;1
212759;08231109436200708920;08;4;36;064;2023;11;17;5;3;5;3;2;1;1;1;0;0;0;0;545185,625000000000000;5290402,112700000405312;9,603014191000057;47,765401022000049;1
212760;08231109415100696450;08;4;15;050;2023;11;16;5;3;4;6;1;1;1;0;0;0;0;0;521174,905000000260770;5375769,049000000581145;9,286839563000058;48,534669805000078;1
212761;08231109336400695810;08;3;36;091;2023;11;16;5;3;0;6;1;1;0;0;1;1;0;0;394305,219399999827147;5271896,012599999085069;7,594134636000035;47,591857295000068;1
212762;08231109335300725610;08;3;35;075;2023;11;08;5;2;0;1;0;1;1;0;0;0;0;0;488310,172399999573827;5288719,917400000616908;8,844037217000050;47,751743456000042;1
212763;08231109335300702690;08;3;35;075;2023;11;08;5;3;0;2;0;1;0;1;1;0;0;0;487422,320100000128150;5289681,687899999320507;8,832163936000029;47,760380309000027;1
212765;08231109316200706950;08;3;16;056;2023;11;04;5;3;0;1;2;1;1;0;0;0;0;0;423452,699099999852479;5326979,960200000554323;7,972010185000045;48,091488609000066;1
212769;08231109226500721880;08;2;26;085;2023;11;16;5;3;6;4;1;1;0;1;1;0;0;0;491310,287399999797344;5455538,608899999409914;8,880589870000051;49,252555085000040;1
212770;08231109226300723170;08;2;26;049;2023;11;17;5;3;1;2;2;1;1;1;0;0;0;0;486383,212700000032783;5463061,321599999442697;8,812628291000067;49,320132974000046;1
212772;08231109222600694080;08;2;22;000;2023;11;08;5;3;5;3;0;1;1;1;0;0;0;0;463132,133799999952316;5486576,391200000420213;8,490509002000067;49,530680036000035;1
212774;08231109212402697060;08;2;12;000;2023;11;12;5;3;0;7;0;1;1;0;0;0;0;0;456573,974899999797344;5423875,760199999436736;8,406681209000055;48,966269662000059;1
212775;08231109136100707500;08;1;36;088;2023;11;20;5;3;0;7;2;1;1;0;0;0;0;0;579986,557500000111759;5409798,341000000014901;10,090005806000022;48,836005277000027;1
212776;08231109128100711240;08;1;28;007;2023;11;16;5;3;0;1;1;1;1;0;0;0;0;0;555978,933899999596179;5482334,902799999341369;9,772971693000045;49,491067890000068;1
212777;08231109121200694720;08;1;21;000;2023;11;06;5;3;0;7;2;0;1;0;0;0;0;0;516371,813900000415742;5445894,409099999815226;9,224580186000026;49,165646056000071;1
212779;08231109118200722780;08;1;18;011;2023;11;06;5;3;4;6;2;1;1;1;0;0;0;0;498978,897499999962747;5410918,306299999356270;8,986080958000059;48,851232449000065;1
212783;08231109116100767610;08;1;16;019;2023;11;15;5;2;5;3;0;0;1;0;0;1;0;0;521825,122000000439584;5400851,871300000697374;9,296969388000036;48,760293823000040;1
212784;08231109111500723990;08;1;11;000;2023;11;16;5;3;5;7;0;0;1;1;0;0;0;0;509452,418800000101328;5402908,938300000503659;9,128664882000066;48,779109950000077;1
212785;08231109111500693850;08;1;11;000;2023;11;08;5;1;6;7;0;0;0;0;1;0;0;1;507403,534300000406802;5397475,453800000250340;9,100678114000061;48,730258151000044;1
212786;08231109111330708890;08;1;11;000;2023;11;14;5;2;6;4;0;0;0;1;1;0;0;0;512482,956799999810755;5408826,089400000870228;9,170095862000039;48,832286509000028;1
212788;08231109111230696480;08;1;11;000;2023;11;13;5;3;0;1;0;0;1;0;0;0;0;0;511145,099799999967217;5397615,553400000557303;9,151562008000042;48,731462801000077;1
212789;08231108435100694290;08;4;35;016;2023;11;16;4;2;5;3;0;0;1;1;0;0;0;0;536612,485000000335276;5278607,032999999821186;9,487617127000021;47,659821062000049;1
212790;08231108421200705580;08;4;21;000;2023;11;17;4;3;0;1;2;1;1;0;0;0;0;0;574186,732699999585748;5361950,529899999499321;10,002423295000028;48,406342950000067;1
212791;08231108421200694780;08;4;21;000;2023;11;17;4;3;5;3;2;0;1;1;0;0;0;0;572527,999300000257790;5361445,788899999111891;9,979926439000053;48,401995753000051;1
212793;08231108416200692870;08;4;16;041;2023;11;10;4;3;5;3;0;0;1;1;0;0;0;0;504783,011800000444055;5373630,695800000801682;9,064767517000064;48,515771513000061;1
212795;08231108335300717180;08;3;35;075;2023;11;07;4;3;5;2;0;0;1;1;0;0;0;0;489038,082000000402331;5288386,166699999943376;8,853757186000053;47,748753303000058;1
212796;08231108335100702390;08;3;35;043;2023;11;08;4;3;0;7;0;0;1;0;0;0;0;0;513045,911600000225008;5280124,573799999430776;9,173797901000057;47,674380000000042;1
212797;08231108311010711820;08;3;36;050;2023;11;09;4;3;2;6;0;0;1;1;0;0;0;0;399276,873100000433624;5273595,510500000789762;7,659853982000072;47,607936206000034;1
212798;08231108231000724060;08;2;36;040;2023;11;07;4;3;0;7;0;0;1;0;0;0;0;0;489352,232400000095367;5422681,792899999767542;8,854549645000077;48,956963175000055;1
212799;08231108226600701530;08;2;26;082;2023;11;07;4;3;5;3;0;0;1;1;0;0;0;0;475489,566599999554455;5479739,446399999782443;8,661701317000052;49,469809846000032;1
212801;08231108212402764500;08;2;12;000;2023;11;08;4;3;5;7;0;0;1;1;0;0;0;0;456344,645999999716878;5427787,698999999091029;8,403128023000022;49,001441996000040;1
212802;08231108212102692850;08;2;12;000;2023;11;10;4;3;1;5;0;1;1;1;0;0;0;0;461201,664400000125170;5427180,569800000637770;8,469589783000060;48,996305132000032;1
212803;08231108212010704890;08;2;12;000;2023;11;13;4;2;5;3;0;0;1;1;0;0;0;0;461411,160000000149012;5427975,175000000745058;8,472378164000077;49,003465922000032;1
212804;08231108212010693650;08;2;12;000;2023;11;17;4;3;5;2;2;0;1;1;0;0;0;0;455056,933000000193715;5426802,250299999490380;8,385632012000030;48,992485367000029;1
212805;08231108128200694450;08;1;28;139;2023;11;15;4;2;5;7;0;0;1;0;0;0;0;0;551220,360199999995530;5490622,826899999752641;9,708345875000020;49,566030690000048;1
212808;08231108119400721530;08;1;19;091;2023;11;13;4;2;0;7;0;0;1;0;0;0;0;0;526371,552099999971688;5406419,491599999368191;9,359187708000036;48,810202885000081;1
212809;08231108119200692800;08;1;19;020;2023;11;09;4;3;1;5;0;1;1;1;0;0;0;0;520000,506799999624491;5406872,846999999135733;9,272435623000035;48,814518906000046;1
212812;08231108118010719370;08;1;18;048;2023;11;17;4;2;4;7;1;0;1;0;0;0;0;0;512198,274199999868870;5417220,117699999362230;9,166467031000025;48,907803019000028;1
212814;08231108116400721140;08;1;16;033;2023;11;16;4;3;0;2;0;0;0;0;1;0;1;0;531373,154000000096858;5389301,972400000318885;9,426006121000057;48,655984962000048;1
212815;08231108116400694580;08;1;16;033;2023;11;18;4;3;0;7;2;0;1;1;0;0;0;0;535679,820299999788404;5384687,250000000000000;9,484085596000057;48,614240424000059;1
212816;08231108116200737050;08;1;16;077;2023;11;13;4;3;1;5;0;0;1;1;0;0;0;0;515283,144700000062585;5391272,268100000917912;9,207600051000043;48,674310704000050;1
212817;08231108116010700240;08;1;16;077;2023;11;09;4;3;5;2;0;0;1;1;0;0;0;0;516340,613199999555945;5391536,194099999964237;9,221974597000042;48,676658217000067;1
212820;08231107436400689720;08;4;36;009;2023;11;12;3;3;7;7;0;0;1;0;0;0;0;1;556384,899299999698997;5307667,746300000697374;9,754709272000071;47,919851515000062;1
212823;08231107416200729170;08;4;16;041;2023;11;21;3;3;0;1;2;0;1;0;0;0;0;0;503494,003700000233948;5374393,648399999365211;9,047319255000048;48,522643812000069;1
212824;08231107416200692810;08;4;16;041;2023;11;18;3;3;0;1;2;0;1;0;0;0;0;0;505314,494199999608099;5375206,204700000584126;9,071984480000026;48,529941082000050;1
212825;08231107415400690050;08;4;15;061;2023;11;07;3;3;4;2;0;1;1;0;0;0;0;1;514664,436099999584258;5369567,399100000038743;9,198430176000045;48,479063626000027;1
212826;08231107327100703770;08;3;27;050;2023;11;12;3;3;6;4;0;0;0;1;1;0;0;0;486015,135499999858439;5314454,649499999359250;8,812584681000033;47,983242103000066;1
212827;08231107326200717050;08;3;26;074;2023;11;17;3;3;6;2;2;1;0;1;1;0;0;0;464956,783699999563396;5323853,306399999186397;8,529613595000058;48,066993275000073;1