OID_;UIDENTSTLAE;ULAND;UREGBEZ;UKREIS;UGEMEINDE;UJAHR;UMONAT;USTUNDE;UWOCHENTAG;UKATEGORIE;UART;UTYP1;ULICHTVERH;IstStrassenzustand;IstRad;IstPKW;IstFuss;IstKrad;IstGkfz;IstSonstige;LINREFX;LINREFY;XGCSWGS84;YGCSWGS84;PLST
212828;08231107316100717200;08;3;16;011;2023;11;16;3;3;3;2;1;0;1;0;0;0;0;1;413762,342100000008941;5330580,808299999684095;7,841171848000045;48,122641162000036;1
212829;08231107311400692930;08;3;15;007;2023;11;16;3;3;6;7;0;0;0;1;1;0;0;0;399586,750500000081956;5293381,048900000751019;7,659420780000062;47,785959302000037;1
212830;08231107311010716660;08;3;15;047;2023;11;12;3;3;5;3;0;1;1;1;0;0;0;0;415347,625000000000000;5321042,538000000640750;7,864360028000021;48,037054465000040;1
212834;08231107222400760560;08;2;26;038;2023;11;17;3;3;0;7;2;1;1;0;0;0;0;0;470293,629399999976158;5481309,489199999719858;8,589869641000064;49,483699844000057;1
212835;08231107222014716710;08;2;22;000;2023;11;16;3;3;5;2;0;0;1;1;0;0;0;0;462611,667799999937415;5482860,837300000712276;8,483668714000032;49,497228793000033;1
212836;08231107222014702040;08;2;22;000;2023;11;15;3;3;5;2;0;0;1;1;0;0;0;0;462826,163700000382960;5486105,141699999570847;8,486325279000027;49,526422722000063;1
212839;08231107212010694050;08;2;12;000;2023;11;08;3;3;5;2;0;1;1;1;0;0;0;0;454143,490899999625981;5425696,317199999466538;8,373270887000047;48,982470228000068;1
212840;08231107212010689990;08;2;12;000;2023;11;15;3;3;3;2;0;1;1;1;0;0;0;0;455193,620199999772012;5430966,150000000372529;8,387040761000037;49,029949928000065;1
212841;08231107212000708940;08;2;12;000;2023;11;18;3;2;6;2;2;1;0;1;1;0;0;0;452455,981200000271201;5427463,709100000560284;8,350002137000047;48,998240423000027;1
212842;08231107136300715270;08;1;36;065;2023;11;22;3;3;0;7;2;0;1;0;0;0;0;0;561240,614000000059605;5404647,196200000122190;9,833811898000022;48,791803133000030;1
212843;08231107136100736120;08;1;36;088;2023;11;09;3;3;6;4;0;1;0;0;1;0;1;0;580912,205000000074506;5410611,180999999865890;10,102778011000055;48,843196181000053;1
212844;08231107135200700390;08;1;35;019;2023;11;18;3;3;6;7;2;0;0;1;1;0;0;0;583010,930399999953806;5392443,657700000330806;10,127711977000047;48,679515980000076;1
212846;08231107118300719930;08;1;18;003;2023;11;18;3;3;0;7;2;0;1;1;0;0;0;0;510793,645800000056624;5416864,525399999693036;9,147289061000038;48,904630280000049;1
212847;08231107118100716800;08;1;18;079;2023;11;17;3;3;0;1;2;1;1;0;0;0;0;0;509584,415199999697506;5421985,955000000074506;9,130908439000052;48,950721050000027;1
212850;08231107118010702740;08;1;18;081;2023;11;17;3;2;0;1;2;0;1;0;0;0;0;0;518438,282300000078976;5412228,295800000429153;9,251397078000025;48,862743687000034;1
212851;08231107116500690940;08;1;16;020;2023;11;15;3;3;2;6;0;0;1;0;0;0;0;0;526146,980499999597669;5382061,964199999347329;9,354586590000054;48,591094183000052;1
212852;08231107116100760530;08;1;16;019;2023;11;12;3;3;6;4;0;0;0;1;1;0;0;0;525953,588299999944866;5396831,220899999141693;9,352890148000029;48,723966215000075;1
212854;08231107111330704240;08;1;11;000;2023;11;14;3;3;5;7;0;0;1;1;0;0;0;0;511348,984400000423193;5410490,392699999734759;9,154690232000064;48,847280069000078;1
212855;08231107111240699650;08;1;11;000;2023;11;19;3;3;2;6;2;0;1;1;0;0;0;0;518032,805800000205636;5402263,188200000673532;9,245430627000076;48,773111301000029;1
212857;08231106436300713130;08;4;36;081;2023;11;20;2;3;6;4;2;1;1;0;1;0;0;0;562853,640599999576807;5281754,357499999925494;9,837527980000061;47,686119288000043;1
212861;08231106317300688810;08;3;17;065;2023;11;11;2;3;6;4;0;0;0;1;1;0;0;0;414209,478199999779463;5355055,285800000652671;7,842222683000045;48,342849258000058;1
212863;08231106311010716640;08;3;11;000;2023;11;15;2;3;5;2;0;0;1;0;0;0;0;0;411795,593000000342727;5316195,375000000000000;7,817715944000042;47,992972199000064;1
212864;08231106311010688550;08;3;15;064;2023;11;07;2;2;5;3;1;1;1;1;0;0;0;0;422028,915000000037253;5312958,578999999910593;7,955444891000070;47,965184658000055;1
212866;08231106231302699430;08;2;36;030;2023;11;07;2;3;6;7;0;0;0;1;1;0;0;0;476064,490799999795854;5417908,999600000679493;8,673319292000031;48,913657510000064;1
212867;08231106231000689580;08;2;31;000;2023;11;15;2;3;6;7;0;0;0;1;1;0;0;0;477539,253200000151992;5414813,786000000312924;8,693617312000072;48,885869323000065;1
212869;08231106222700690770;08;2;22;000;2023;11;17;2;3;0;1;2;1;1;0;0;0;0;0;462035,096499999985099;5480922,001800000667572;8,475892843000054;49,479754175000039;1
212872;08231106222014687810;08;2;22;000;2023;11;06;2;3;0;1;2;1;1;0;0;0;0;0;460533,316700000315905;5481495,308700000867248;8,455104456000072;49,484814970000059;1
212873;08231106216300713380;08;2;16;015;2023;11;18;2;3;7;7;2;1;0;0;1;1;0;0;449193,112300000153482;5407715,317700000479817;8,307855196000048;48,820341765000080;1
212874;08231106215402698590;08;2;15;009;2023;11;07;2;3;5;3;0;0;1;1;0;0;0;0;470329,068699999712408;5441405,375000000000000;8,593323638000072;49,124767596000027;1
212876;08231106212302697210;08;2;12;000;2023;11;19;2;3;5;3;2;1;1;1;0;0;0;0;455092,880599999800324;5429276,276499999687076;8,385849783000026;49,014742080000076;1
212879;08231106121500715240;08;1;25;065;2023;11;07;2;3;5;3;1;0;1;1;0;0;0;0;517165,815000000409782;5448080,289499999955297;9,235565080000072;49,185286935000079;1
212880;08231106121300690150;08;1;21;000;2023;11;06;2;3;5;2;2;1;1;1;0;0;0;0;513888,286600000225008;5442690,255899999290705;9,190402154000026;49,136884869000028;1
212886;08231106118500720780;08;1;18;014;2023;11;16;2;3;0;1;0;1;1;1;0;0;0;0;521676,691300000064075;5421035,308299999684095;9,296018168000046;48,941863765000051;1
212887;08231106118500698690;08;1;18;060;2023;11;11;2;3;5;3;0;0;1;1;0;0;0;0;523290,656700000166893;5429911,764299999922514;9,318566741000041;49,021653313000058;1
212889;08231106116500747500;08;1;16;081;2023;11;16;2;3;0;7;0;0;0;1;1;0;0;0;518702,725300000049174;5386461,830299999564886;9,253832498000065;48,630942584000081;1
212891;08231106116400697330;08;1;16;033;2023;11;11;2;3;5;3;0;0;1;1;0;0;0;0;533442,298600000329316;5388459,169299999251962;9,454033408000043;48,648295876000077;1
212892;08231106116200725150;08;1;16;015;2023;11;07;2;3;5;3;0;0;1;1;0;0;0;0;522839,501000000163913;5394350,755999999120831;9,310411393000038;48,701774009000076;1
212893;08231106116100756550;08;1;16;019;2023;11;06;2;3;5;3;1;1;1;1;0;0;0;0;521830,992100000381470;5396986,278200000524521;9,296844402000033;48,725519133000034;1
212894;08231106115300690550;08;1;15;041;2023;11;13;2;3;5;3;0;1;1;1;0;0;0;0;492646,736499999649823;5402708,818600000813603;8,899912027000028;48,777338038000039;1
212896;08231106111500713070;08;1;11;000;2023;11;18;2;3;5;3;2;1;1;1;0;0;0;0;516835,455900000408292;5408973,918999999761581;9,229409732000022;48,833513597000035;1
212897;08231106111140730030;08;1;11;000;2023;11;08;2;3;0;6;0;1;1;0;0;0;0;0;509375,653599999845028;5402562,128900000825524;9,127612060000047;48,775991234000060;1
212900;08231105317500688710;08;3;17;096;2023;11;14;1;3;6;4;0;0;0;0;1;0;0;1;422084,469200000166893;5369825,908399999141693;7,945736155000077;48,476731809000057;1
212903;08231105311010686890;08;3;36;091;2023;11;13;1;2;0;1;0;0;1;0;0;0;0;0;397303,021499999798834;5272305,384899999946356;7,633901234000064;47,596021421000046;1
212904;08231105235100706210;08;2;35;057;2023;11;09;1;3;6;6;0;1;1;0;1;0;0;0;489100,722000000067055;5397018,562000000849366;8,851796689000025;48,726096608000034;1
212907;08231105135100698780;08;1;35;016;2023;11;16;1;3;5;3;1;1;1;1;0;0;0;0;591633,978199999779463;5387286,754599999636412;10,243687941000076;48,631928478000077;1
212909;08231105121300708440;08;1;21;000;2023;11;09;1;3;0;1;0;1;1;0;0;0;0;0;514142,458200000226498;5445037,473200000822544;9,193969113000037;49,157993073000057;1
212913;08231107111130713030;08;1;11;000;2023;11;10;3;3;5;3;0;1;1;1;0;0;0;0;511112,925099999643862;5400746,204700000584126;9,151208935000056;48,759626665000042;1
212916;08231104335200686050;08;3;35;063;2023;11;15;7;3;0;1;0;1;1;0;0;0;0;0;497338,026200000196695;5288590,421399999409914;8,964485333000027;47,750678778000065;1
212918;08231104311400686570;08;3;15;006;2023;11;13;7;3;0;7;0;1;1;0;0;0;0;0;402729,293899999931455;5308032,197499999776483;7,698069303000068;47,918230123000058;1
212919;08231104311010748640;08;3;36;069;2023;11;17;7;3;5;3;2;1;1;1;0;0;0;0;407004,716699999757111;5267616,206399999558926;7,763916080000058;47,555302915000027;1
212920;08231110326100740940;08;3;26;012;2023;11;10;6;2;6;4;0;1;0;1;1;0;0;0;462348,623999999836087;5311233,621999999508262;8,495713657000067;47,953307576000043;1
212921;08231104235100706190;08;2;35;085;2023;11;13;7;3;6;7;0;1;0;1;1;0;0;0;482399,575600000098348;5394596,013599999248981;8,760781636000047;48,704150180000056;1
212924;08231104225200748670;08;2;25;075;2023;11;20;7;3;8;1;2;1;1;0;0;0;0;0;529861,565399999730289;5474103,442999999970198;9,411729711000021;49,418876168000054;1
212925;08231104222700734860;08;2;22;000;2023;11;16;7;3;5;3;0;1;1;1;0;0;0;0;461188,410400000400841;5482242,649700000882149;8,464075193000042;49,491579146000049;1
212927;08231104212702686400;08;2;15;017;2023;11;10;7;3;2;6;0;0;1;1;0;0;0;0;455009,292500000447035;5419572,432700000703335;8,385779909000064;48,927448523000066;1
212930;08231105117100688190;08;1;17;015;2023;11;12;1;2;5;3;0;1;1;1;0;0;0;0;558772,578499999828637;5394692,240000000223517;9,798791647000030;48,702495122000073;1
212931;08231104211100687270;08;2;11;000;2023;11;17;7;3;6;4;2;1;0;1;1;0;0;0;444400,555399999953806;5400539,050599999725819;8,243542597000044;48,755379602000062;1
212932;08231104136100696790;08;1;36;088;2023;11;15;7;3;9;7;0;1;1;0;0;0;0;0;578374,460900000296533;5410566,992599999532104;10,068188227000064;48,843124358000068;1
212940;08231103421200685750;08;4;21;000;2023;11;18;6;3;3;2;2;1;1;1;0;0;0;0;573808,090099999681115;5361433,014799999073148;9,997216810000054;48,401732261000063;1
212941;08231103416100687500;08;4;16;041;2023;11;10;6;3;0;1;0;0;1;0;0;0;0;0;506223,757399999536574;5375125,994300000369549;9,084299181000063;48,529211122000049;1
212942;08231103337010705620;08;3;37;126;2023;11;10;6;3;5;3;0;0;1;1;0;0;0;0;444642,834099999628961;5275433,591199999675155;8,263154401000065;47,629937085000051;1
212945;08231103311010701800;08;3;11;000;2023;11;19;6;3;5;3;2;0;1;0;0;0;0;0;413178,350999999791384;5316535,280200000852346;7,836177555000063;47,996219009000072;1
212946;08231103235200710910;08;2;35;046;2023;11;12;6;3;6;4;0;0;0;1;1;0;0;0;480542,814399999566376;5375942,460500000044703;8,736420647000045;48,536285479000071;1
212948;08231103222200721060;08;2;22;000;2023;11;10;6;2;6;4;0;0;0;0;1;0;0;1;461630,646399999968708;5482293,564999999478459;8,470176532000039;49,492065229000048;1
212949;08231104226700686710;08;2;26;095;2023;11;11;7;3;6;4;0;0;0;1;1;0;0;0;474034,358699999749660;5461218,825400000438094;8,642826272000036;49,303159414000049;1
212951;08231103221011725840;08;2;21;000;2023;11;10;6;2;1;3;0;0;1;1;0;0;0;0;476983,027200000360608;5474312,231499999761581;8,682629316000032;49,421051686000055;1
212952;08231103216100685450;08;2;16;043;2023;11;19;6;3;6;6;2;0;0;0;1;0;0;1;442164,870299999602139;5410632,608999999240041;8,211706387000049;48,845968286000073;1
212953;08231103215102684540;08;2;12;000;2023;11;07;6;3;0;1;1;0;1;0;0;0;0;0;460804,867899999953806;5429675,437000000849366;8,463924580000025;49,018721924000033;1
212956;08231110222600698460;08;2;22;000;2023;11;13;6;3;6;4;0;0;1;0;1;0;0;0;462228,549700000323355;5482824,443600000813603;8,478381578000040;49,496877717000075;1
212959;08231116119500743630;08;1;19;089;2023;11;07;5;3;5;3;0;0;1;1;0;0;0;0;534626,531899999827147;5412178,544800000265241;9,472105834000047;48,861603682000066;1
212962;08231103118010705240;08;1;18;003;2023;11;19;6;3;6;7;2;0;0;1;1;0;0;0;510853,076100000180304;5417194,953099999576807;9,148108822000040;48,907601681000074;1
212963;08231103117200707700;08;1;17;058;2023;11;11;6;3;1;5;0;0;1;1;0;0;0;0;545476,810399999842048;5378992,903000000864267;9,616375687000073;48,562380173000065;1
212965;08231102435200683780;08;4;35;059;2023;11;17;5;2;5;3;2;1;1;1;0;0;0;0;515085,810999999754131;5291748,631999999284744;9,201376049000032;47,778923807000069;1
212971;08231102335400695520;08;3;35;021;2023;11;09;5;2;6;7;0;1;0;1;1;0;0;0;492331,835799999535084;5300668,915500000119209;8,897481810000045;47,859314686000062;1
212972;08231102335300684010;08;3;35;075;2023;11;11;5;3;5;3;0;1;1;1;0;0;0;0;488052,481499999761581;5290640,214700000360608;8,840546396000036;47,769016664000048;1
212973;08231102317200686980;08;3;17;057;2023;11;06;5;3;9;1;2;1;1;0;0;0;0;0;412978,860100000165403;5379945,998700000345707;7,820443306000072;48,566562227000077;1
212974;08231102316200742530;08;3;16;009;2023;11;07;5;3;1;3;1;1;1;1;0;0;0;0;415824,518600000068545;5324536,918899999931455;7,870068874000026;48,068550710000068;1
212975;08231102311010705820;08;3;11;000;2023;11;16;5;3;5;3;0;0;1;1;0;0;0;0;412802,883000000379980;5316745,506400000303984;7,831102864000059;47,998058963000062;1
212980;08231102231000685960;08;2;31;000;2023;11;12;5;3;6;7;0;1;0;1;1;0;0;0;478882,469200000166893;5416204,077899999916553;8,711867752000046;48,898423158000071;1
212981;08231102226600752470;08;2;26;038;2023;11;06;5;3;4;6;0;1;1;1;0;0;0;0;471226,312099999748170;5480187,411399999633431;8,602827691000073;49,473652082000058;1
212983;08231102222014683800;08;2;22;000;2023;11;15;5;3;5;2;0;0;1;1;0;0;0;0;462956,716000000014901;5486396,636900000274181;8,488101822000033;49,529052550000074;1
212988;08231102212402684410;08;2;12;000;2023;11;17;5;3;0;7;2;0;1;0;0;0;0;0;455047,436099999584258;5426760,134700000286102;8,385506857000053;48,992105841000068;1
212989;08231102212010705290;08;2;12;000;2023;11;13;5;1;6;7;0;1;0;1;1;0;0;0;463328,406700000166893;5427817,622600000351667;8,498605660000067;49,002165588000025;1
212991;08231102118600684380;08;1;18;076;2023;11;18;5;3;3;7;2;0;1;1;0;0;0;0;505277,321000000461936;5423044,063999999314547;9,072093910000035;48,960291219000055;1
212992;08231102118400704060;08;1;18;048;2023;11;13;5;3;6;6;0;0;0;1;1;0;0;0;514998,780700000002980;5416094,776300000026822;9,204643329000021;48,897618276000060;1
212993;08231102118010693810;08;1;15;028;2023;11;10;5;1;6;7;0;1;0;0;1;0;0;1;500379,853400000371039;5405219,653100000694394;9,005172649000031;48,799968716000080;1
212997;08231102115300685430;08;1;15;041;2023;11;14;5;3;5;3;0;0;1;1;0;0;0;0;495363,662899999879301;5401639,346599999815226;8,936905137000053;48,767743283000073;1
212998;08231114121600706480;08;1;25;098;2023;11;12;3;3;0;7;0;0;1;0;0;0;0;0;520048,388399999588728;5437485,124800000339746;9,274594962000037;49,089892820000046;1
212999;08231102111320693070;08;1;11;000;2023;11;13;5;3;2;2;0;1;1;1;0;0;0;0;516683,184799999929965;5404471,156700000166893;9,227151750000075;48,793011585000045;1
213000;08231101436500699640;08;4;36;055;2023;11;16;4;2;0;1;1;0;1;0;0;0;0;0;577201,097199999727309;5298464,237400000914931;10,031647562000046;47,834888632000059;1
213001;08231101436400683950;08;4;36;082;2023;11;16;4;2;0;1;0;1;1;0;0;0;0;0;547896,537899999879301;5295934,900200000032783;9,639800470000068;47,814983505000043;1
213002;08231101436300697950;08;4;36;006;2023;11;18;4;3;6;4;2;0;0;1;1;0;0;0;555790,199699999764562;5284298,864299999549985;9,743741475000036;47,709660334000034;1
213003;08231101435200685920;08;4;35;059;2023;11;16;4;3;0;1;1;1;1;0;0;0;0;0;512289,272599999792874;5290661,339500000700355;9,164015291000055;47,769200308000052;1
213006;08231101335100708840;08;3;35;043;2023;11;02;4;3;0;1;2;0;1;0;0;0;0;0;513385,798299999907613;5280106,954399999231100;9,178325316000041;47,674214519000031;1
213007;08231101335000689150;08;3;35;063;2023;11;17;4;2;6;4;2;0;0;1;1;0;0;0;494938,626000000163913;5288822,549000000581145;8,932471103000069;47,752752993000058;1
213009;08231101221300684460;08;2;21;000;2023;11;17;4;3;3;5;2;1;1;1;0;0;0;0;482043,100899999961257;5473876,777400000020862;8,752419319000069;49,417305267000074;1
213010;08231101136300695920;08;1;36;043;2023;11;19;4;3;0;7;2;0;1;0;0;0;0;0;570634,464999999850988;5408258,776000000536442;9,962316252000051;48,823291918000052;1
213013;08231111337200722370;08;3;37;126;2023;11;05;7;2;0;7;2;1;1;0;0;0;0;0;445707,870000000111759;5276017,726999999955297;8,277257194000072;47,635282756000038;1
213017;08231101116400697920;08;1;16;033;2023;11;16;4;2;5;2;0;0;1;1;0;0;0;0;533827,660899999551475;5388144,506300000473857;9,459239448000062;48,645444464000036;1
213020;08231031337010671240;08;3;37;096;2023;10;14;3;3;6;4;0;1;0;1;1;0;0;0;420945,093100000172853;5267408,125399999320507;7,949212637000073;47,555278099000077;1
213024;08231031325202674650;08;3;25;049;2023;10;08;3;3;5;3;0;0;1;1;0;0;0;0;472558,402999999932945;5334119,451999999582767;8,630987198000071;48,159728361000077;1
213027;08231031311010673740;08;3;11;000;2023;10;21;3;3;4;1;2;0;1;1;0;0;0;0;412700,989400000311434;5316256,030700000002980;7,829836825000029;47,993642069000032;1
213030;08231031231000681880;08;2;31;000;2023;10;14;3;3;0;7;0;0;1;1;0;0;0;0;476489,609899999573827;5415835,366299999877810;8,679240782000022;48,895020170000066;1
213031;08231031231000679330;08;2;31;000;2023;10;18;3;2;6;7;2;1;0;0;1;1;0;0;477844,968700000084937;5415461,065500000491738;8,697752364000053;48,891703038000060;1
213032;08231031226200681400;08;2;26;032;2023;10;16;3;3;0;7;1;1;1;0;0;0;0;0;466776,570600000210106;5462887,897700000554323;8,542854907000049;49,317820783000059;1
213035;08231031222014735510;08;2;22;000;2023;10;13;3;3;5;7;0;0;1;0;0;0;0;1;465456,093399999663234;5477580,228099999949336;8,523409691000040;49,449900665000030;1
213036;08231031221011679800;08;2;21;000;2023;10;14;3;3;6;7;0;1;1;0;1;0;0;0;476551,283900000154972;5472441,450600000098348;8,676786806000052;49,404207844000041;1
213037;08231031212402659090;08;2;12;000;2023;10;17;3;3;5;2;1;1;1;1;0;0;0;0;456732,099999999627471;5428854,489000000059605;8,408311453000067;49,011065188000032;1
213038;08231031212010670590;08;2;12;000;2023;10;17;3;3;5;3;2;1;1;1;0;0;0;0;458961,133200000040233;5428364,055099999532104;8,438841490000073;49,006805927000073;1
213039;08231031212010652110;08;2;12;000;2023;10;07;3;3;6;4;0;1;0;0;1;0;0;1;457814,562099999748170;5428870,607100000604987;8,423111652000046;49,011285126000075;1
213040;08231031136100654720;08;1;36;088;2023;10;14;3;3;0;7;0;1;1;0;0;0;0;0;580033,639800000004470;5409837,245200000703335;10,090654890000053;48,836349123000048;1
213044;08231031116100681860;08;1;16;019;2023;10;13;3;3;5;2;0;1;1;0;0;0;1;0;522237,862599999643862;5398410,301200000569224;9,302453524000043;48,738315133000071;1
213050;08231030435100666220;08;4;35;013;2023;10;19;2;3;6;4;2;1;0;1;1;0;0;0;540660,645999999716878;5274948,494000000879169;9,541189413000041;47,626662121000038;1
213053;08231030335100673170;08;3;35;043;2023;10;20;2;3;0;1;2;1;1;0;0;0;0;0;511138,250699999742210;5281529,707599999383092;9,148419953000030;47,687058596000043;1
213054;08231030335100650980;08;3;35;043;2023;10;19;2;3;5;2;2;1;1;1;0;0;0;0;512398,815299999900162;5278805,073300000280142;9,165139854000074;47,662520301000029;1
213057;08231030311400648930;08;3;15;007;2023;10;14;2;3;8;1;0;1;1;0;0;0;0;0;400177,847199999727309;5295406,408800000324845;7,666844071000071;47,804269444000056;1
213058;08231030311010896410;08;3;11;000;2023;10;12;2;3;6;2;0;0;0;1;1;0;0;0;414326,003299999982119;5316643,138599999248981;7,851536790000068;47,997344054000052;1
213060;08231030311010679300;08;3;11;000;2023;10;18;2;3;5;3;2;1;1;1;0;0;0;0;413624,346499999985099;5315574,317900000140071;7,842348123000022;47,987635216000058;1
213061;08231030311010666280;08;3;11;000;2023;10;18;2;3;0;7;2;1;1;0;0;0;0;0;413909,284400000236928;5316434,474899999797344;7,845993689000068;47,995411069000056;1
213064;08231108421200693590;08;4;21;000;2023;11;14;4;3;5;3;0;0;1;1;0;0;0;0;574302,883899999782443;5361615,789699999615550;10,003933232000065;48,403318223000042;1
213066;08231030221400673200;08;2;21;000;2023;10;16;2;3;0;7;1;1;1;0;0;0;0;0;476549,324599999934435;5469223,968299999833107;8,676949628000045;49,375266956000075;1
213069;08231030212010681800;08;2;12;000;2023;10;17;2;3;4;3;2;1;1;0;0;0;0;1;454776,152999999932945;5428518,607699999585748;8,381602893000036;49,007903658000032;1
213070;08231030212010672710;08;2;12;000;2023;10;20;2;3;0;7;2;1;1;0;0;0;0;0;460766,946999999694526;5427170,771600000560284;8,463648000000035;48,996189522000066;1
213074;08231030127202673520;08;1;27;075;2023;10;15;2;2;0;1;0;0;1;0;0;0;0;0;564287,562800000421703;5468728,021400000900030;9,885480315000052;49,367865993000066;1
213075;08231030119400678220;08;1;19;091;2023;10;19;2;3;6;2;2;1;0;1;1;0;0;0;528024,629800000227988;5405678,730799999088049;9,381651997000063;48,803466855000067;1
213076;08231030119101653410;08;1;19;044;2023;10;11;2;3;0;7;0;0;0;1;1;0;0;0;542905,434700000099838;5425235,413100000470877;9,586349902000052;48,978536357000053;1
213077;08231030118100681040;08;1;18;007;2023;10;14;2;3;0;7;0;1;1;0;0;0;0;0;514725,197399999946356;5429287,465600000694394;9,201387761000035;49,016301372000044;1
213078;08231030118010678490;08;1;15;045;2023;10;19;2;3;5;3;2;1;1;1;0;0;0;0;502151,963600000366569;5394632,106100000441074;9,029249001000039;48,704719494000074;1
213080;08231030115400651350;08;1;15;045;2023;10;15;2;2;0;7;0;0;1;0;0;0;0;0;497969,945700000040233;5397514,909700000658631;8,972393776000047;48,730653772000039;1
213083;08231029436100643100;08;4;36;055;2023;10;01;1;2;0;1;2;0;1;0;0;0;0;0;576651,009100000374019;5297545,867200000211596;10,024135313000045;47,826692777000062;1
213084;08231114215302710700;08;2;15;007;2023;11;14;3;2;0;7;0;0;1;1;0;0;0;0;478642,685200000181794;5430805,211400000378489;8,707829847000028;49,029760252000074;1
213085;08231029435100645280;08;4;35;030;2023;10;08;1;3;6;4;0;0;1;0;1;0;0;0;540594,217100000008941;5271604,436899999156594;9,539995468000029;47,596578474000069;1
213086;08231029421200646560;08;4;21;000;2023;10;15;1;3;6;6;0;0;0;0;1;0;0;1;573209,011599999852479;5360912,292899999767542;9,989033144000075;48,397118116000058;1
213088;08231029335100667790;08;3;35;043;2023;10;01;1;3;0;1;2;0;1;0;0;0;0;0;512951,871799999848008;5279130,455700000748038;9,172515627000053;47,665437148000080;1
213089;08231029317200659280;08;3;17;057;2023;10;14;1;3;5;3;0;1;1;1;0;0;0;0;412051,068500000052154;5380329,488299999386072;7,807788984000069;48,569881959000043;1
213090;08231029311010669930;08;3;11;000;2023;10;11;1;3;0;1;0;0;1;0;0;0;0;0;409068,995199999772012;5317880,491000000387430;7,780820161000065;48,007748140000047;1
213091;08231029311010649990;08;3;11;000;2023;10;17;1;3;2;6;2;0;1;1;0;0;0;0;411214,393500000238419;5319124,671399999409914;7,809320949000039;48,019241467000029;1
213092;08231029225200671290;08;2;25;109;2023;10;07;1;3;6;6;0;1;0;1;1;0;0;0;526522,315000000409782;5492423,282199999317527;9,366919396000071;49,583811431000072;1
213100;08231028435100657840;08;4;35;013;2023;10;14;7;2;0;1;0;0;1;0;0;0;0;0;539528,895999999716878;5275616,222999999299645;9,526186891000066;47,632740010000077;1
213103;08231030121500653490;08;1;25;065;2023;10;05;2;3;0;1;2;1;1;0;0;0;0;0;516895,683000000193715;5448493,561799999326468;9,231875484000057;49,189011924000056;1
213107;08231028221011670200;08;2;21;000;2023;10;19;7;3;3;5;1;0;1;1;0;0;0;0;477700,064000000245869;5472920,001000000163913;8,692594280000037;49,408555511000031;1
213108;08231028212302654920;08;2;12;000;2023;10;10;7;3;1;5;0;0;1;1;0;0;0;0;455400,162200000137091;5428687,974400000646710;8,390116564000039;49,009472540000047;1
213111;08231028212010680740;08;2;12;000;2023;10;12;7;3;6;7;0;1;1;0;1;0;0;0;458375,357300000265241;5429157,650200000032783;8,430750722000028;49,013905207000050;1
213113;08231028211000679850;08;2;16;015;2023;10;11;7;2;0;7;0;1;1;0;0;0;0;0;449896,923000000417233;5405853,358200000599027;8,317669852000051;48,803650098000048;1
213117;08231028119500643160;08;1;19;085;2023;10;13;7;3;5;3;0;0;1;1;0;0;0;0;529214,992100000381470;5413616,051500000059605;9,398428388000070;48,874813413000027;1
213118;08231028119010677660;08;1;19;079;2023;10;09;7;1;6;4;0;0;0;0;1;0;0;1;522120,920500000007451;5408245,073899999260902;9,301392308000061;48,826791271000047;1
213119;08231028118200649640;08;1;18;011;2023;10;10;7;3;5;2;0;0;1;1;0;0;0;0;505755,718100000172853;5408161,310100000351667;9,078419650000058;48,826405040000054;1
213120;08231028118200645680;08;1;18;080;2023;10;13;7;3;0;7;0;1;1;0;0;0;0;0;507217,069199999794364;5411054,413699999451637;9,098380978000023;48,852415718000032;1
213122;08231028117400645620;08;1;17;018;2023;10;14;7;3;5;3;0;0;1;1;0;0;0;0;540463,852199999615550;5396456,512000000104308;9,550141207000024;48,719822361000070;1
213123;08231028116400641100;08;1;16;016;2023;10;08;7;3;6;7;0;0;0;1;1;0;0;0;533371,785299999639392;5384776,997099999338388;9,452779629000077;48,615175145000080;1
213124;08231028116200677630;08;1;16;077;2023;10;14;7;3;5;7;0;0;1;0;0;0;0;0;516067,387600000016391;5391548,501000000163913;9,218263545000070;48,676776022000070;1
213125;08231028111500669030;08;1;11;000;2023;10;19;7;3;5;3;2;0;1;1;0;0;0;0;517046,786100000143051;5404172,715600000694394;9,232089979000023;48,790316986000050;1
213127;08231109216300719170;08;2;16;015;2023;11;11;5;3;3;6;0;1;1;1;0;0;0;0;449945,939899999648333;5406017,914899999275804;8,318317278000052;48,805134282000040;1
213128;08231027436000664790;08;4;36;082;2023;10;19;6;2;5;3;2;0;1;1;0;0;0;0;547330,747100000269711;5295510,271199999377131;9,632196760000056;47,811205018000067;1
213129;08231027435100638570;08;4;35;016;2023;10;15;6;3;4;6;0;0;1;1;0;0;0;0;535700,273099999874830;5278064,209899999201298;9,475424087000022;47,654988045000039;1
213130;08231106117300690030;08;1;17;026;2023;11;18;2;3;6;3;2;0;0;1;1;0;0;0;547962,848000000230968;5394417,869000000879169;9,651853281000058;48,700951902000043;1
213134;08231027337010638460;08;3;37;126;2023;10;15;6;3;0;1;0;0;1;0;0;0;0;0;445838,120900000445545;5275726,016599999740720;8,279027069000051;47,632669132000046;1
213135;08231027336400641440;08;3;36;091;2023;10;09;6;2;0;7;0;1;1;0;0;0;0;0;396938,245799999684095;5272439,966600000858307;7,629018706000068;47,597174133000067;1