OID_;UIDENTSTLAE;ULAND;UREGBEZ;UKREIS;UGEMEINDE;UJAHR;UMONAT;USTUNDE;UWOCHENTAG;UKATEGORIE;UART;UTYP1;ULICHTVERH;IstStrassenzustand;IstRad;IstPKW;IstFuss;IstKrad;IstGkfz;IstSonstige;LINREFX;LINREFY;XGCSWGS84;YGCSWGS84;PLST
213137;08231027327100640730;08;3;27;054;2023;10;16;6;2;9;1;0;0;1;0;0;0;0;0;483777,996199999935925;5316512,250600000843406;8,782526552000036;48,001701789000037;1
213140;08231027317300642390;08;3;17;031;2023;10;22;6;3;6;6;2;1;1;0;1;0;0;0;415615,224999999627471;5359410,925100000575185;7,860316089000037;48,382216881000033;1
213141;08231027311010680690;08;3;11;000;2023;10;16;6;3;3;6;0;0;1;1;0;0;0;0;413834,849100000225008;5315937,062999999150634;7,845095987000036;47,990926639000065;1
213142;08231027311010671610;08;3;11;000;2023;10;13;6;3;1;5;0;1;1;1;0;0;0;0;412495,565200000070035;5318531,117900000885129;7,826619792000031;48,014079065000033;1
213143;08231027235100680820;08;2;35;085;2023;10;16;6;3;6;7;0;0;0;1;1;0;0;0;479530,033300000242889;5395597,408700000494719;8,721730674000071;48,713071120000052;1
213144;08231027235100655800;08;2;35;079;2023;10;11;6;3;6;7;0;1;0;1;1;0;0;0;467055,894299999810755;5400209,965700000524521;8,551792566000074;48,754030271000033;1
213145;08231027231102669560;08;2;36;046;2023;10;18;6;3;1;5;2;1;1;1;0;0;0;0;484160,159699999727309;5418281,101299999281764;8,783796506000044;48,917264861000035;1
213147;08231027231000658220;08;2;31;000;2023;10;07;6;2;6;2;1;1;0;1;1;0;0;0;476445,958300000056624;5415420,072100000455976;8,678669183000068;48,891282674000081;1
213149;08231027222700667500;08;2;22;000;2023;10;15;6;3;5;3;0;1;1;1;0;0;0;0;460732,300800000317395;5482820,180199999362230;8,457719970000028;49,496744362000072;1
213150;08231027222600679400;08;2;22;000;2023;10;07;6;3;5;3;1;1;1;1;0;0;0;0;462476,652099999599159;5482483,392400000244379;8,481840075000036;49,493825539000056;1
213151;08231027222014667480;08;2;22;000;2023;10;19;6;3;5;3;2;0;1;1;0;0;0;0;462072,218999999575317;5482745,598999999463558;8,476230336000071;49,496158798000067;1
213153;08231027221301662750;08;2;26;012;2023;10;17;6;2;6;7;0;1;0;1;1;0;0;0;476355,026399999856949;5477279,697200000286102;8,673793274000047;49,447719330000041;1
213154;08231027221300644650;08;2;26;012;2023;10;08;6;3;6;4;0;1;0;1;1;0;0;0;475806,550900000147521;5477213,405899999663234;8,666230672000040;49,447101466000049;1
213158;08231027215502793270;08;2;15;106;2023;10;23;6;3;0;1;2;0;1;0;0;0;0;0;466849,371299999766052;5455372,383899999782443;8,544479737000074;49,250223546000029;1
213160;08231027215402668350;08;2;15;021;2023;10;12;6;2;5;3;0;0;1;1;0;0;0;0;469976,537999999709427;5443754,497999999672174;8,588316948000056;49,145881241000041;1
213161;08231027215102659110;08;2;15;105;2023;10;17;6;3;5;3;0;1;1;1;0;0;0;0;457429,553500000387430;5442036,494899999350309;8,416461565000077;49,129686373000027;1
213162;08231027215102639360;08;2;12;000;2023;10;07;6;3;6;4;1;1;0;1;1;0;0;0;455085,153900000266731;5431611,277899999171495;8,385485540000047;49,035744993000037;1
213163;08231027212702679440;08;2;15;108;2023;10;22;6;3;5;2;2;0;1;1;0;0;0;0;450189,193699999712408;5425429,323000000789762;8,319263345000024;48,979762384000026;1
213164;08231027212502642550;08;2;12;000;2023;10;08;6;3;4;6;0;0;1;0;0;0;0;0;454352,382799999788404;5429921,920299999415874;8,375650717000042;49,020495338000046;1
213166;08231027212010669800;08;2;12;000;2023;10;09;6;2;6;7;0;1;0;0;1;0;0;1;452013,457799999974668;5427069,860400000587106;8,343999117000067;48,994663501000048;1
213168;08231030311010669440;08;3;36;050;2023;10;10;2;3;6;1;0;0;0;1;1;0;0;0;399632,327999999746680;5273866,845399999991059;7,664519927000072;47,610432107000065;1
213169;08231027212010660600;08;2;12;000;2023;10;19;6;3;6;4;2;0;0;1;1;0;0;0;454939,093899999745190;5428821,861199999228120;8,383797172000072;49,010643367000057;1
213171;08231027136100667230;08;1;36;088;2023;10;06;6;3;5;3;2;1;1;0;0;0;0;1;580011,417999999597669;5410342,520999999716878;10,090450773000043;48,840896559000043;1
213175;08231027119200673500;08;1;19;020;2023;10;09;6;3;5;3;0;1;1;1;0;0;0;0;519493,367700000293553;5406661,825300000607967;9,265517714000055;48,812636713000074;1
213176;08231027118500680320;08;1;18;078;2023;10;08;6;3;5;3;1;0;1;1;0;0;0;0;513141,158999999985099;5420271,824999999254942;9,179432612000028;48,935235958000078;1
213181;08231027115100639120;08;1;15;003;2023;10;07;6;3;6;2;2;1;0;1;1;0;0;0;501199,926400000229478;5392770,180199999362230;9,016303718000074;48,687971995000055;1
213182;08231027111500665110;08;1;11;000;2023;10;10;6;3;5;3;0;0;1;0;0;1;0;0;510979,057699999772012;5397065,068700000643730;9,149289353000029;48,726513582000052;1
213184;08231027111250639080;08;1;11;000;2023;10;07;6;3;6;2;2;1;0;1;1;0;0;0;516149,014399999752641;5403202,341900000348687;9,219828889000041;48,781611578000081;1
213186;08231026437100638540;08;4;37;100;2023;10;17;5;3;5;3;0;0;1;1;0;0;0;0;533713,644000000320375;5318933,001000000163913;9,452152497000043;48,022797768000032;1
213187;08231026436400654390;08;4;36;013;2023;10;14;5;2;8;1;0;1;1;0;0;0;0;0;544781,196499999612570;5296149,149800000712276;9,598210403000053;47,817135488000076;1
213188;08231026436300647710;08;4;36;049;2023;10;15;5;3;5;2;0;1;1;1;0;0;0;0;577717,502600000239909;5282531,115000000223517;10,035697850000076;47,691490707000071;1
213189;08231026435100636020;08;4;35;024;2023;10;22;5;3;0;7;2;1;1;0;1;0;0;0;527428,877399999648333;5279175,518100000917912;9,365345499000057;47,665390638000076;1
213190;08231026416200680090;08;4;16;041;2023;10;17;5;3;5;3;0;1;1;1;0;0;0;0;504667,049100000411272;5375108,594100000336766;9,063213791000067;48,529068092000045;1
213191;08231026336300666370;08;3;36;081;2023;10;08;5;3;5;3;0;1;1;1;0;0;0;0;411105,371000000275671;5277567,142000000923872;7,816391739000039;47,645394921000047;1
213192;08231026336100668070;08;3;36;084;2023;10;13;5;3;6;7;0;1;0;1;1;0;0;0;407324,667999999597669;5281166,705000000074506;7,765301130000068;47,677244946000030;1
213196;08231027317300643180;08;3;17;065;2023;10;19;6;3;6;1;2;1;1;0;1;0;0;0;416468,967799999751151;5354823,667500000447035;7,872755121000068;48,341068710000059;1
213197;08231026311400655450;08;3;15;006;2023;10;18;5;3;5;3;2;1;1;1;0;0;0;0;402639,480000000447035;5307340,199999999254942;7,697023807000051;47,911991979000049;1
213198;08231026311010664750;08;3;11;000;2023;10;07;5;2;4;2;2;1;1;1;0;0;0;0;414386,334300000220537;5319929,753599999472499;7,851689098000065;48,026916421000067;1
213199;08231026237100634080;08;2;37;004;2023;10;07;5;3;6;6;2;1;1;0;1;0;0;0;453879,628399999812245;5372249,209300000220537;8,375648574000024;48,501668127000073;1
213201;08231026225200664590;08;2;25;109;2023;10;10;5;3;6;7;0;0;1;1;1;0;0;0;526517,378700000233948;5491915,132999999448657;9,366816842000048;49,579241088000060;1
213202;08231026222400665670;08;2;22;000;2023;10;08;5;3;5;3;0;1;1;1;0;0;0;0;466550,460699999704957;5477940,745500000193715;8,538477330000035;49,453204611000046;1
213203;08231026222014680030;08;2;22;000;2023;10;09;5;3;0;7;0;1;1;0;0;0;0;0;460375,085400000214577;5482148,275699999183416;8,452854495000054;49,490677733000041;1
213204;08231026215202639580;08;2;15;039;2023;10;15;5;3;5;3;0;0;1;1;0;0;0;0;472621,645100000314415;5452228,569000000134110;8,624008839000055;49,222230266000054;1
213205;08231026212502639530;08;2;12;000;2023;10;13;5;3;3;2;0;0;1;1;0;0;0;0;453434,708399999886751;5428931,591199999675155;8,363213590000043;49,011518701000057;1
213207;08231026119400680410;08;1;19;090;2023;10;12;5;3;6;6;0;1;0;1;1;0;0;0;532443,741600000299513;5406244,079500000923872;9,441876384000068;48,808337575000053;1
213210;08231026118010658290;08;1;15;003;2023;10;07;5;2;5;2;0;1;1;1;0;0;0;0;500554,061700000427663;5391094,610200000926852;9,007525938000072;48,672899278000045;1
213212;08231026117100652500;08;1;17;019;2023;10;16;5;3;5;3;0;1;1;1;0;0;0;0;552905,293999999761581;5393711,520999999716878;9,718929307000053;48,694198430000029;1
213213;08231108311010764420;08;3;11;000;2023;11;08;4;3;4;6;0;0;1;0;0;0;0;0;410821,036399999633431;5315328,504899999126792;7,804836076000072;47,985039314000062;1
213214;08231026116100656110;08;1;16;019;2023;10;18;5;3;5;3;2;1;1;1;0;0;0;0;522879,059999999590218;5398326,277899999171495;9,311169547000077;48,737536050000074;1
213217;08231025435200660660;08;4;35;059;2023;10;06;4;3;8;6;1;0;1;1;0;0;0;0;514034,773799999617040;5292015,009500000625849;9,187354754000069;47,781344292000028;1
213218;08231025421300667760;08;4;21;000;2023;10;13;4;3;5;3;0;0;1;0;0;0;0;0;570705,073099999688566;5360501,974999999627471;9,955141522000076;48,393712965000077;1
213219;08231025421200664310;08;4;21;000;2023;10;14;4;3;6;4;0;0;1;0;1;0;0;0;573420,720800000242889;5361658,331199999898672;9,992023318000065;48,403804266000066;1
213224;08231113221400741310;08;2;26;018;2023;11;12;2;3;5;3;0;1;1;1;0;0;0;0;473482,951000000350177;5472075,331000000238419;8,634518712000045;49,400788716000079;1
213225;08231025317200662740;08;3;17;057;2023;10;18;4;3;5;3;2;1;1;1;0;0;0;0;413644,231399999931455;5379379,288599999621511;7,829577964000066;48,561557029000028;1
213226;08231025316100662770;08;3;16;020;2023;10;18;4;3;0;1;1;1;1;0;0;0;0;0;408230,673499999567866;5338886,046099999919534;7,765064868000024;48,196572059000061;1
213227;08231025316100632430;08;3;16;043;2023;10;12;4;3;0;7;0;0;1;0;0;0;0;0;411985,812599999830127;5331016,146500000730157;7,817214844000034;48,126313900000071;1
213228;08231025311010662700;08;3;36;069;2023;10;08;4;2;6;4;0;0;0;1;1;0;0;0;408550,847699999809265;5267723,199300000444055;7,784440028000063;47,556485028000054;1
213229;08231025311010648960;08;3;11;000;2023;10;16;4;3;6;4;0;1;1;1;1;0;0;0;413540,862700000405312;5316768,236999999731779;7,840988964000076;47,998363662000031;1
213230;08231025311010637740;08;3;36;050;2023;10;13;4;2;6;4;0;1;0;1;1;0;0;0;399530,284500000067055;5273657,553999999538064;7,663210512000035;47,608533644000033;1
213231;08231025231000679740;08;2;36;073;2023;10;17;4;2;8;1;0;1;1;0;0;0;0;0;479582,576000000350177;5424086,050400000065565;8,721025252000061;48,969349807000071;1
213233;08231025231000633080;08;2;31;000;2023;10;08;4;3;6;2;0;1;0;1;1;0;0;0;477690,551900000311434;5414859,198499999940395;8,695678639000050;48,886283304000074;1
213234;08231025226600675240;08;2;21;000;2023;10;09;4;3;4;2;0;0;1;1;0;0;0;0;477639,303399999625981;5471961,631599999964237;8,691810663000069;49,399932889000070;1
213237;08231025222200663720;08;2;22;000;2023;10;09;4;3;5;7;0;1;1;1;0;0;0;0;461236,146599999628961;5482449,504100000485778;8,464714033000064;49,493442740000035;1
213239;08231025215502633040;08;2;15;099;2023;10;14;4;2;0;7;0;1;1;0;0;0;0;0;463077,921799999661744;5446325,498099999502301;8,493490566000048;49,168631438000034;1
213240;08231025212502638790;08;2;12;000;2023;10;12;4;3;6;7;0;0;0;1;1;0;0;0;452891,322900000028312;5430088,224400000646710;8,355648934000044;49,021881395000037;1
213242;08231025212010659460;08;2;12;000;2023;10;09;4;3;5;3;0;0;1;1;0;0;0;0;453478,064699999988079;5426390,121400000527501;8,364097564000076;48,988661295000043;1
213245;08231025128200632450;08;1;28;115;2023;10;15;4;3;1;5;0;1;1;1;0;0;0;0;547723,873999999836087;5496780,182600000873208;9,660742880000043;49,621696336000070;1
213250;08231030212010673210;08;2;15;017;2023;10;11;2;3;5;3;0;0;1;1;0;0;0;0;454818,409099999815226;5421654,364399999380112;8,382943304000037;48,946161995000068;1
213253;08231025111500665820;08;1;11;000;2023;10;17;4;3;6;6;0;1;0;0;1;0;0;1;513782,993800000287592;5404233,266799999400973;9,187656142000037;48,790942606000044;1
213254;08231025111000679670;08;1;11;000;2023;10;11;4;3;6;1;0;1;1;0;1;0;0;0;512314,020600000396371;5401242,113299999386072;9,167566510000029;48,764065234000043;1
213256;08231024415400671600;08;4;15;061;2023;10;17;3;3;0;1;0;1;1;0;0;0;0;0;516615,832499999552965;5378999,508099999278784;9,225210930000060;48,563869139000076;1
213259;08231024335100679600;08;3;35;043;2023;10;17;3;3;5;3;0;1;1;1;0;0;0;0;512847,379999999888241;5279130,594000000506639;9,171123834000070;47,665440476000072;1
213261;08231025417300672880;08;4;17;036;2023;10;05;4;3;6;2;2;1;0;1;1;0;0;0;502631,962700000032783;5353207,834000000730157;9,035511607000046;48,332049554000037;1
213264;08231024317500628460;08;3;17;096;2023;10;13;3;3;4;6;0;1;1;1;0;0;0;0;421738,190299999900162;5369630,803799999877810;7,941088062000063;48,474933853000039;1
213267;08231024222301631890;08;2;22;000;2023;10;18;3;3;5;3;2;1;1;0;0;0;0;0;465541,683100000023842;5483684,086600000038743;8,524058756000045;49,504807040000060;1
213268;08231024222200679110;08;2;22;000;2023;10;11;3;2;6;4;0;1;0;1;1;0;0;0;461726,354799999855459;5481787,064600000157952;8,471547107000049;49,487515573000053;1
213275;08231024212102643050;08;2;12;000;2023;10;01;3;3;0;7;2;1;1;0;0;0;0;0;458727,008500000461936;5428214,045399999246001;8,435655520000068;49,005440951000026;1
213276;08231024212010636910;08;2;12;000;2023;10;13;3;3;5;2;0;1;1;1;0;0;0;0;459115,163200000301003;5429609,219799999147654;8,440822136000065;49,018016616000068;1
213278;08231024128300660640;08;1;28;131;2023;10;21;3;3;4;2;2;1;1;1;0;0;0;0;536342,197399999946356;5514690,036499999463558;9,504835954000043;49,783572687000060;1
213280;08231024121300645480;08;1;21;000;2023;10;07;3;3;6;4;0;1;0;1;1;0;0;0;513923,432300000451505;5442692,766000000759959;9,190884070000038;49,136906652000050;1
213281;08231024121200679720;08;1;21;000;2023;10;17;3;3;5;3;0;1;1;0;0;0;0;1;514941,209099999628961;5441513,797399999573827;9,204793559000052;49,126277503000040;1
213284;08231024118010652160;08;1;15;045;2023;10;18;3;2;0;1;2;1;1;0;0;0;0;0;498911,759999999776483;5395301,584799999371171;8,985207123000066;48,710744938000062;1
213285;08231024116200631080;08;1;16;078;2023;10;15;3;3;6;4;0;1;0;1;1;0;0;0;510293,137500000186265;5394306,756400000303984;9,139893669000060;48,701711406000072;1
213289;08231023426010661400;08;4;25;033;2023;10;16;2;2;6;4;0;0;0;1;1;0;0;0;553655,966400000266731;5348434,700300000607967;9,723313057000041;48,286837970000079;1
213290;08231023421300661290;08;4;21;000;2023;10;19;2;3;6;4;2;1;0;0;1;1;0;0;569842,535699999891222;5360977,672399999573827;9,943570449000049;48,398088158000064;1
213294;08231023337010625020;08;3;37;065;2023;10;17;2;3;0;1;0;0;1;0;0;0;0;0;447348,223799999803305;5275583,292500000447035;8,299144319000050;47,631509591000054;1
213296;08231023335300678610;08;3;35;100;2023;10;16;2;3;5;3;0;0;1;1;0;0;0;0;488699,491200000047684;5287043,778100000694394;8,849274935000039;47,736669234000033;1
213297;08231103111110685510;08;1;11;000;2023;11;11;6;3;1;5;0;0;1;1;0;0;0;0;513557,093999999575317;5402290,247600000351667;9,184516438000060;48,773468344000037;1
213298;08231023335100658330;08;3;35;043;2023;10;19;2;3;6;2;2;0;0;0;1;0;0;1;512769,700199999846518;5279986,495600000023842;9,170114186000035;47,673143134000043;1
213299;08231023327100622910;08;3;27;050;2023;10;19;2;3;0;7;2;0;1;0;0;0;0;0;486492,720200000330806;5314496,971400000154972;8,818983571000047;47,983633144000066;1
213305;08231023235100632970;08;2;31;000;2023;10;13;2;3;6;2;0;0;0;1;1;0;0;0;477804,754300000146031;5415603,579399999231100;8,697196009000038;48,892983605000040;1
213306;08231023231000644510;08;2;31;000;2023;10;12;2;3;0;7;0;0;1;0;0;0;0;0;480403,192099999636412;5414730,521999999880791;8,732687262000070;48,885217482000030;1
213307;08231023231000636470;08;2;31;000;2023;10;13;2;3;6;6;0;0;0;0;1;0;0;1;479519,936700000427663;5416376,589700000360608;8,720556738000028;48,899996419000047;1
213309;08231023226400678630;08;2;26;062;2023;10;07;2;3;3;6;0;0;1;1;0;0;0;0;469518,919599999673665;5469229,904400000348687;8,580102572000044;49,375009163000072;1
213310;08231023226400626920;08;2;26;084;2023;10;12;2;3;0;7;0;0;1;0;0;0;0;0;468997,015899999998510;5470098,391300000250340;8,572845504000043;49,382794670000067;1
213312;08231023222014647780;08;2;26;068;2023;10;20;2;2;0;7;2;1;0;0;1;0;1;0;468773,379700000397861;5460219,252199999988079;8,570538285000055;49,293922036000026;1
213314;08231023221011657970;08;2;21;000;2023;10;06;2;2;0;7;2;0;1;0;0;0;0;0;477255,088800000026822;5470335,686100000515580;8,686608313000022;49,385293489000048;1
213315;08231023221011652150;08;2;21;000;2023;10;16;2;3;5;3;0;1;1;1;0;0;0;0;476862,823400000110269;5474721,038300000131130;8,680948066000042;49,424724267000045;1
213316;08231023221011650590;08;2;21;000;2023;10;18;2;2;5;2;1;1;1;1;0;0;0;0;473946,061700000427663;5473104,962099999189377;8,640834028000029;49,410070046000044;1
213317;08231023221000625820;08;2;21;000;2023;10;09;2;3;0;7;0;1;1;0;0;0;0;0;477318,753600000403821;5469076,356100000441074;8,687557328000025;49,373968331000071;1
213318;08231023215502646350;08;2;15;066;2023;10;17;2;3;6;7;0;1;0;1;1;0;0;0;461108,765499999746680;5453511,760299999266863;8,465782408000052;49,233149588000060;1
213320;08231023212702627190;08;2;15;017;2023;10;08;2;3;0;6;0;0;1;1;0;0;0;0;455204,081799999810755;5419799,519799999892712;8,388414096000076;48,929505351000046;1
213325;08231023127100624990;08;1;27;023;2023;10;15;2;3;0;7;0;0;1;0;0;0;0;0;552057,756599999964237;5425904,550499999895692;9,711502902000063;48,983851763000075;1
213326;08231023121200678650;08;1;21;000;2023;10;19;2;3;5;3;0;1;1;1;0;0;0;0;516026,102300000376999;5444636,959599999710917;9,219787869000072;49,154344046000062;1
213327;08231023118200654960;08;1;18;080;2023;10;08;2;3;0;7;0;0;1;1;0;0;0;0;509346,639200000092387;5408555,301899999380112;9,127353576000075;48,829905675000077;1
213329;08231023111140645030;08;1;11;000;2023;10;18;2;3;3;6;2;0;1;1;0;0;0;0;512530,995900000445545;5401229,840900000184774;9,170518675000039;48,763950502000057;1
213331;08231022426200634500;08;4;26;070;2023;10;04;1;3;0;1;2;1;1;0;0;0;0;0;567517,521399999968708;5340520,045900000259280;9,908890137000071;48,214313479000054;1
213334;08231022327100658700;08;3;27;050;2023;10;16;1;3;2;1;0;0;1;0;0;0;0;0;485945,660699999891222;5314435,852700000628829;8,811654249000071;47,983071462000055;1
213335;08231022317600665700;08;3;17;011;2023;10;01;1;3;6;6;2;0;0;1;1;0;0;0;428142,301699999719858;5355046,831100000068545;8,030222421000076;48,344511922000038;1
213337;08231022311010647840;08;3;36;084;2023;10;16;1;2;5;3;0;0;1;0;0;0;0;0;405638,499499999918044;5276952,238299999386072;7,743751971000052;47,639089556000044;1
213339;08231022226700672060;08;2;26;010;2023;10;13;1;3;4;6;0;0;1;0;0;0;0;0;483910,755099999718368;5459098,888800000771880;8,778766282000049;49,284430426000029;1
213340;08231022222301622450;08;2;22;000;2023;10;15;1;3;6;4;0;0;0;0;1;1;0;0;466086,799499999731779;5481385,914100000634789;8,531784912000035;49,484166760000051;1
213341;08231022222014651560;08;2;22;000;2023;10;02;1;2;1;1;2;0;0;1;1;0;0;1;461628,020200000144541;5483622,898700000718236;8,470011163000038;49,504021691000048;1
213342;08231022215302656530;08;2;15;007;2023;10;17;1;3;1;5;0;0;1;1;0;0;0;0;479706,623499999754131;5432401,809399999678135;8,722304505000068;49,044158306000043;1
213344;08231022212010654900;08;2;12;000;2023;10;17;1;3;6;4;0;0;0;1;1;0;0;0;454187,733300000429153;5430280,207699999213219;8,373358388000042;49,023705942000049;1
213347;08231022121500620360;08;1;25;005;2023;10;17;1;3;0;7;0;0;1;1;0;0;0;0;515446,934200000017881;5452410,196599999442697;9,212143752000031;49,224281166000026;1
213348;08231022118400622620;08;1;18;048;2023;10;16;1;3;1;1;0;0;1;1;0;0;0;0;514110,367600000463426;5416217,385500000789762;9,192526132000069;48,898742108000079;1
213350;08231022116500623980;08;1;16;071;2023;10;16;1;3;7;7;0;0;1;0;1;0;0;0;527515,452999999746680;5391070,096100000664592;9,373742454000023;48,672072728000046;1
213353;08231021421300650610;08;4;21;000;2023;10;03;7;3;1;5;2;0;1;1;0;0;0;0;569807,365600000135601;5353634,701300000771880;9,941876590000049;48,332039133000080;1
213356;08231021415100662990;08;4;15;050;2023;10;12;7;3;5;2;0;1;1;1;0;0;0;0;521851,419599999673665;5375972,406300000846386;9,296014307000064;48,536476056000026;1
213357;08231021335100617400;08;3;35;043;2023;10;18;7;3;5;3;2;1;1;1;0;0;0;0;513293,088600000366569;5278472,123099999502301;9,177040498000054;47,659506761000046;1
213358;08231109116400706080;08;1;16;033;2023;11;16;5;3;5;3;1;1;1;1;0;0;0;0;533700,430499999783933;5387956,482100000604987;9,457496945000059;48,643759893000038;1
213360;08231021316200648990;08;3;16;056;2023;10;12;7;2;0;1;0;0;1;0;0;0;0;0;423952,497999999672174;5327111,321000000461936;7,978697710000063;48,092730123000081;1
213361;08231021316200637660;08;3;16;010;2023;10;14;7;3;5;3;0;0;1;1;0;0;0;0;431278,729000000283122;5336204,960999999195337;8,075606253000046;48,175367003000076;1
213362;08231021311010649000;08;3;11;000;2023;10;11;7;3;1;7;0;0;1;1;0;0;0;0;412279,625599999912083;5317020,906700000166893;7,824033700000030;48,000464686000043;1
213367;08231021226400650840;08;2;26;084;2023;10;10;7;3;0;7;0;0;1;0;0;0;0;0;470154,921900000423193;5469978,502599999308586;8,588807518000067;49,381774137000036;1
213368;08231021212702652010;08;2;15;017;2023;10;17;7;2;5;2;0;0;1;1;0;0;0;0;456056,608400000259280;5421422,333799999207258;8,399877756000024;48,944164050000040;1
213369;08231022136100648710;08;1;36;002;2023;10;00;1;2;0;1;2;0;1;0;0;0;0;0;570969,949300000444055;5412892,414799999445677;9,967688892000069;48,864931300000080;1
213370;08231021121500617620;08;1;25;078;2023;10;18;7;3;0;1;0;0;1;0;0;0;0;0;518233,914599999785423;5453798,801400000229478;9,250482126000065;49,236695268000062;1
213373;08231021118010653160;08;1;15;003;2023;10;19;7;2;4;6;2;0;1;0;0;1;0;0;502082,979500000365078;5392614,022099999710917;9,028301207000027;48,686564858000054;1
213377;08231020436200634830;08;4;36;064;2023;10;18;6;3;5;3;1;1;1;1;0;0;0;0;545394,649000000208616;5290691,793999999761581;9,605833776000054;47,767992610000078;1
213379;08231020436200634770;08;4;36;064;2023;10;07;6;3;8;6;0;0;1;1;0;0;0;0;547448,296900000423193;5294022,463199999183416;9,633603965000077;47,797810635000076;1
213380;08231020435200644790;08;4;35;059;2023;10;07;6;3;0;1;0;0;1;0;0;0;0;0;513392,550099999643862;5290773,596000000834465;9,178743261000022;47,770188351000058;1
213381;08231020435100614080;08;4;35;016;2023;10;21;6;3;6;4;2;1;0;1;1;0;0;0;536813,379700000397861;5280272,942999999970198;9,490432999000063;47,674798487000032;1
213383;08231110311010695990;08;3;36;091;2023;11;07;6;3;5;2;0;1;1;1;0;0;0;0;397786,543999999761581;5271866,624199999496341;7,640433541000050;47,592151050000041;1
213386;08231020416010633250;08;4;16;023;2023;10;23;6;3;4;6;2;0;1;1;0;0;0;0;508247,315000000409782;5374502,916400000452995;9,111695369000074;48,523582367000074;1
213387;08231020336200650500;08;3;36;069;2023;10;12;6;3;5;3;0;1;1;1;0;0;0;0;404753,757899999618530;5267836,722200000658631;7,733956212000066;47,556960293000031;1
213389;08231020335300674940;08;3;35;075;2023;10;12;6;3;5;2;0;0;1;0;0;0;0;1;487828,373399999924004;5289387,730299999937415;8,837590504000048;47,757743212000037;1
213390;08231020335100650380;08;3;35;043;2023;10;10;6;3;6;2;0;1;0;1;1;0;0;0;512714,780500000342727;5279868,609999999403954;9,169379133000064;47,672083521000047;1
213393;08231020317300677210;08;3;17;065;2023;10;16;6;3;5;3;0;0;1;1;0;0;0;0;416009,848199999891222;5354667,200699999928474;7,866591797000069;48,339600432000054;1
213394;08231020317300620880;08;3;17;065;2023;10;14;6;3;0;3;0;1;1;0;0;0;0;1;416106,010300000198185;5354601,883199999108911;7,867902207000043;48,339025685000081;1
213395;08231020311010611930;08;3;11;000;2023;10;07;6;3;4;3;0;1;1;1;0;0;0;0;413099,237300000153482;5316615,011099999770522;7,835101136000048;47,996925467000040;1
213399;08231020231000657090;08;2;31;000;2023;10;08;6;3;6;2;0;1;0;0;1;0;0;1;477794,802799999713898;5416097,845699999481440;8,697033379000061;48,897429497000076;1
213400;08231104327100686790;08;3;27;050;2023;11;17;7;3;5;3;2;1;1;1;0;0;0;0;486683,469600000418723;5314651,651399999856949;8,821535069000049;47,985028826000075;1
213402;08231020226700676680;08;2;26;076;2023;10;11;6;3;5;3;0;1;1;1;0;0;0;0;474792,413599999621511;5464828,500700000673532;8,653025559000071;49,335660025000038;1
213404;08231020226400665940;08;2;26;062;2023;10;13;6;3;6;4;0;0;0;1;1;0;0;0;469711,597599999979138;5468629,486400000751019;8,582802476000040;49,369618136000042;1
213405;08231020222600649110;08;2;22;000;2023;10;20;6;3;6;4;2;0;0;1;1;0;0;0;462648,857499999925494;5483036,658399999141693;8,484165658000052;49,498812502000078;1
213407;08231020222600633400;08;2;22;000;2023;10;17;6;3;5;3;0;0;1;1;0;0;0;0;462615,948400000110269;5482873,486500000581145;8,483726629000046;49,497342830000036;1
213410;08231020327100636210;08;3;27;050;2023;10;07;6;3;5;2;1;0;1;1;0;0;0;0;486615,232099999673665;5315129,295499999076128;8,820605680000028;47,989324843000077;1
213411;08231020215402662950;08;2;15;009;2023;10;15;6;3;5;3;0;0;1;1;0;0;0;0;470339,648099999874830;5441797,436599999666214;8,593439806000049;49,128294776000075;1
213415;08231020212010648110;08;2;12;000;2023;10;08;6;3;5;3;0;1;1;0;0;0;0;1;453693,331699999980628;5425692,755599999800324;8,367119278000075;48,982404606000046;1
213421;08231020118400648590;08;1;18;048;2023;10;15;6;3;1;7;0;1;1;1;0;0;0;0;513430,132899999618530;5415651,620200000703335;9,183226254000033;48,893667755000081;1
213422;08231020118010650290;08;1;15;045;2023;10;07;6;3;3;2;1;1;1;1;0;0;0;0;500596,648000000044703;5394274,209200000390410;9,008108987000071;48,701503252000066;1
213425;08231020116200635350;08;1;16;078;2023;10;07;6;3;5;3;1;0;1;1;0;0;0;0;510296,879499999806285;5394304,250800000503659;9,139944464000052;48,701688804000071;1
213426;08231020115100647100;08;1;15;003;2023;10;10;6;3;5;3;0;1;1;1;0;0;0;0;500905,991700000129640;5391110,779699999839067;9,012306313000067;48,673044329000049;1
213430;08231019426010647480;08;4;25;039;2023;10;12;5;3;6;7;0;1;0;0;1;0;0;1;566272,571999999694526;5353232,592000000178814;9,894126307000022;48,328802549000045;1
213431;08231019421200628140;08;4;21;000;2023;10;11;5;3;0;1;0;1;1;0;0;0;0;0;573407,822800000198185;5360941,277000000700355;9,991723677000039;48,397355716000050;1
213432;08231019417100619780;08;4;17;079;2023;10;08;5;3;5;3;0;1;1;1;0;0;0;0;499996,412299999967217;5346884,715199999511242;8,999951647000046;48,275167771000042;1