OID_;UIDENTSTLAE;ULAND;UREGBEZ;UKREIS;UGEMEINDE;UJAHR;UMONAT;USTUNDE;UWOCHENTAG;UKATEGORIE;UART;UTYP1;ULICHTVERH;IstStrassenzustand;IstRad;IstPKW;IstFuss;IstKrad;IstGkfz;IstSonstige;LINREFX;LINREFY;XGCSWGS84;YGCSWGS84;PLST
213433;08231019416200662300;08;4;16;041;2023;10;15;5;3;2;6;0;1;1;1;0;0;0;0;504210,071000000461936;5372645,721400000154972;9,056999300000030;48,506914414000050;1
213434;08231019416200622120;08;4;16;041;2023;10;07;5;2;0;1;2;1;1;0;0;0;0;0;503987,206000000238419;5374227,996999999508262;9,053997101000050;48,521150613000032;1
213435;08231019415400613340;08;4;15;061;2023;10;13;5;3;3;3;0;1;1;1;0;0;0;0;515659,029600000008941;5372331,641300000250340;9,211991951000073;48,503907736000031;1
213436;08231019335300675910;08;3;35;075;2023;10;17;5;3;5;3;1;0;1;1;0;0;0;0;489041,989000000059605;5288356,839999999850988;8,853810048000071;47,748489500000062;1
213437;08231019335100649700;08;3;35;043;2023;10;17;5;3;5;3;0;0;1;0;0;0;0;0;514768,497499999590218;5280608,971300000324845;9,196762479000029;47,678701382000042;1
213439;08231019325202649060;08;3;25;049;2023;10;16;5;3;6;2;0;1;0;1;1;0;0;0;473270,528900000266731;5332784,495699999853969;8,640646975000038;48,147748411000066;1
213441;08231019311010660220;08;3;11;000;2023;10;19;5;2;5;7;2;1;1;1;0;0;0;0;414359,367300000041723;5317799,037399999797344;7,851753183000028;48,007746267000073;1
213442;08231019311010647680;08;3;11;000;2023;10;15;5;3;3;6;0;1;1;0;0;0;0;0;410825,984100000001490;5316484,872300000861287;7,804662154000027;47,995441809000056;1
213443;08231019311010646240;08;3;11;000;2023;10;07;5;3;0;7;2;1;1;1;0;0;0;0;412106,903800000436604;5317151,777899999171495;7,821691913000052;48,001618185000041;1
213444;08231019311010622400;08;3;11;000;2023;10;08;5;3;2;6;0;0;1;1;0;0;0;0;412110,128999999724329;5315846,496999999508262;7,822002466000072;47,989877249000074;1
213446;08231019311010610360;08;3;15;073;2023;10;10;5;3;4;1;0;1;1;1;0;0;0;0;412400,044800000265241;5313204,011900000274181;7,826426278000042;47,966146999000046;1
213451;08231019226700644200;08;2;26;076;2023;10;13;5;3;5;3;0;1;1;1;0;0;0;0;475241,499300000257790;5465834,551599999889731;8,659144471000047;49,344727767000052;1
213455;08231019222600643780;08;2;22;000;2023;10;19;5;3;5;2;2;1;1;1;0;0;0;0;462610,137699999846518;5482866,599500000476837;8,483647039000061;49,497280527000044;1
213456;08231019222400644490;08;2;26;038;2023;10;14;5;3;5;3;0;1;1;1;0;0;0;0;471550,279699999839067;5479902,496500000357628;8,607319894000057;49,471104635000074;1
213460;08231019221400646320;08;2;21;000;2023;10;09;5;3;5;3;0;0;1;0;0;0;0;0;476171,329199999570847;5469628,559200000017881;8,671718313000042;49,378891534000047;1
213461;08231019221400614010;08;2;21;000;2023;10;13;5;2;0;1;0;1;1;0;0;0;0;0;477866,682000000029802;5469465,616000000387430;8,695083475000047;49,377489838000031;1
213462;08231110222301769430;08;2;22;000;2023;11;12;6;3;1;7;0;0;1;1;0;0;0;0;465984,736700000241399;5485197,558000000193715;8,530047632000048;49,518444990000035;1
213463;08231019221300631370;08;2;21;000;2023;10;14;5;3;5;2;0;1;1;1;0;0;0;0;476526,739000000059605;5474158,039999999105930;8,676346989000024;49,419647324000039;1
213464;08231019221011647330;08;2;21;000;2023;10;15;5;3;5;7;0;0;1;0;0;0;0;1;474733,920900000259280;5471866,759400000795722;8,651773601000059;49,398965865000037;1
213465;08231028326400680780;08;3;26;074;2023;10;12;7;3;5;3;0;0;1;1;0;0;0;0;458778,831199999898672;5324087,631999999284744;8,446667818000037;48,068732031000081;1
213466;08231019221011612690;08;2;26;103;2023;10;17;5;2;5;3;0;1;1;1;0;0;0;0;473606,453900000080466;5454691,723400000482798;8,637370933000057;49,244429743000069;1
213467;08231108317100704390;08;3;17;001;2023;11;10;4;3;6;3;0;0;0;1;1;0;0;0;431409,628399999812245;5387246,696799999102950;8,069024167000066;48,634520548000069;1
213469;08231019212702645910;08;2;15;017;2023;10;07;5;3;0;7;0;1;1;0;0;0;0;0;455756,339999999850988;5421727,639000000432134;8,395744157000024;48,946888925000053;1
213470;08231025117100644740;08;1;17;019;2023;10;07;4;3;6;4;2;0;0;1;1;0;0;0;551487,090200000442564;5393574,354800000786781;9,699641778000057;48,693083204000061;1
213471;08231019212010646480;08;2;12;000;2023;10;14;5;3;3;2;0;1;1;1;0;0;0;0;455187,802099999971688;5428485,440199999138713;8,387235162000025;49,007635342000071;1
213475;08231107222301720290;08;2;22;000;2023;11;15;3;3;1;5;0;0;1;1;0;0;0;0;465311,996899999678135;5484492,311300000175834;8,520815426000070;49,512063528000056;1
213476;08231019212010611210;08;2;12;000;2023;10;06;5;3;5;3;2;1;1;1;0;0;0;0;457847,631000000052154;5428672,415999999269843;8,423584428000026;49,009504628000059;1
213477;08231019211000636750;08;2;16;022;2023;10;16;5;2;5;3;0;1;1;0;0;1;0;0;434611,542000000365078;5404080,084499999880791;8,109810928000059;48,786279703000048;1
213480;08231019128100644580;08;1;28;007;2023;10;07;5;3;6;7;1;1;0;0;1;0;0;1;555770,621299999766052;5482445,024900000542402;9,770111071000031;49,492077515000062;1
213483;08231019121200626210;08;1;21;000;2023;10;13;5;3;0;7;0;1;1;0;0;0;0;0;516435,859799999743700;5444479,605399999767542;9,225400967000041;49,152917764000051;1
213485;08231019118400645990;08;1;18;048;2023;10;08;5;3;5;3;0;0;1;1;0;0;0;0;515755,490000000223517;5414277,778000000864267;9,214897737000058;48,881254273000081;1
213486;08231019118100628930;08;1;18;074;2023;10;16;5;3;0;1;0;1;1;0;0;0;0;0;511265,399000000208616;5428593,134999999776483;9,154051092000032;49,010128356000052;1
213488;08231019118010610440;08;1;15;021;2023;10;19;5;2;6;4;2;1;0;1;1;0;0;0;489978,206600000150502;5382259,765000000596046;8,864085698000054;48,593339355000069;1
213490;08231019117200613990;08;1;17;024;2023;10;15;5;3;6;4;0;0;0;1;1;0;0;0;562425,401300000026822;5385886,592900000512600;9,847104003000027;48,622932044000038;1
213492;08231019116100613100;08;1;16;019;2023;10;14;5;3;5;2;0;1;1;1;0;0;0;0;523271,263000000268221;5396680,812000000849366;9,316410779000023;48,722719072000075;1
213495;08231019111500658040;08;1;11;000;2023;10;07;5;2;3;6;0;1;1;0;0;0;0;1;511813,869500000029802;5406311,713800000026822;9,160906332000025;48,809680625000055;1
213496;08231019111140610460;08;1;11;000;2023;10;08;5;3;0;7;0;1;1;0;0;0;0;0;511751,205400000326335;5401670,330399999395013;9,159920106000072;48,767928334000032;1
213497;08231018436400605380;08;4;36;005;2023;10;14;4;3;0;7;0;0;1;0;0;0;0;0;540321,765499999746680;5309405,528799999505281;9,539879501000030;47,936697852000066;1
213499;08231018426200642890;08;4;26;070;2023;10;08;4;3;4;2;0;0;1;1;0;0;0;0;565305,429999999701977;5342109,687000000849366;9,879360578000046;48,228845076000027;1
213500;08231018426010618620;08;4;21;000;2023;10;07;4;2;4;2;1;0;1;1;0;0;0;0;571177,278699999675155;5360583,883700000122190;9,961533411000062;48,394396631000063;1
213501;08231018421300607020;08;4;21;000;2023;10;19;4;3;0;1;2;1;1;0;0;0;0;0;572198,231200000271201;5361934,790699999779463;9,975555737000036;48,406432301000052;1
213503;08231020426100616590;08;4;26;021;2023;10;19;6;3;5;3;2;1;1;1;0;0;0;0;558651,562500000000000;5326104,224700000137091;9,787566337000044;48,085508867000044;1
213504;08231018417010638510;08;4;17;079;2023;10;18;4;3;6;2;2;1;0;1;1;0;0;0;502059,720999999903142;5339831,176699999719858;9,027725490000023;48,211705123000058;1
213505;08231018415100643880;08;4;15;029;2023;10;14;4;3;5;3;0;0;1;1;0;0;0;0;521998,797299999743700;5378903,205399999395013;9,298165619000031;48,562836964000041;1
213507;08231018327100627730;08;3;27;050;2023;10;06;4;3;0;6;2;0;1;0;0;0;0;1;486546,362599999643862;5315390,419500000774860;8,819674451000026;47,991672772000072;1
213508;08231018325102628150;08;3;25;061;2023;10;18;4;3;6;7;1;0;0;1;1;0;0;0;473226,213499999605119;5351364,603800000622869;8,638876975000073;48,314905184000054;1
213509;08231018317300674410;08;3;17;065;2023;10;09;4;3;6;4;0;0;0;1;1;0;0;0;415465,015700000338256;5354662,567900000140071;7,859241975000032;48,339486089000047;1
213510;08231018317300626640;08;3;17;065;2023;10;18;4;3;5;3;1;1;1;0;0;0;1;0;412464,917799999937415;5355848,453900000080466;7,818519388000027;48,349744241000053;1
213511;08231018316100609630;08;3;16;011;2023;10;15;4;3;1;1;0;0;1;0;0;0;1;1;415407,566300000064075;5330628,527000000700355;7,863265703000025;48,123291171000062;1
213512;08231018311010646120;08;3;11;000;2023;10;17;4;2;5;3;1;1;1;1;0;0;0;0;415049,970900000073016;5315487,555900000035763;7,861468318000050;47,987045709000029;1
213516;08231018221011788540;08;2;21;000;2023;10;18;4;3;0;7;0;0;1;0;0;0;0;1;476378,336299999617040;5472182,038000000640750;8,674418393000053;49,401867781000078;1
213518;08231111119200725030;08;1;19;093;2023;11;12;7;2;6;4;0;0;0;1;1;0;0;0;523879,622800000011921;5406141,834699999541044;9,325231401000053;48,807805906000056;1
213519;08231018212010673540;08;2;12;000;2023;10;19;4;3;5;3;2;1;1;0;0;0;0;1;454282,191499999724329;5428871,490299999713898;8,374809072000062;49,011041464000073;1
213520;08231018212010611410;08;2;15;009;2023;10;16;4;3;5;3;0;0;1;1;0;0;0;0;468232,555999999865890;5440739,919999999925494;8,564641612000059;49,118676928000070;1
213521;08231108222600723440;08;2;22;000;2023;11;15;4;3;5;3;0;0;1;1;0;0;0;0;461835,839499999769032;5484649,450999999418855;8,472782189000043;49,513268067000070;1
213522;08231018136300618380;08;1;36;007;2023;10;20;4;2;0;7;2;1;1;0;0;0;0;0;573596,633100000210106;5400078,950899999588728;10,001201367000021;48,749373957000046;1
213523;08231018136100623000;08;1;36;088;2023;10;18;4;3;1;5;2;1;1;1;0;0;0;0;582777,451100000180304;5407663,256799999624491;10,127599772000053;48,816436199000066;1
213525;08231018121200677190;08;1;21;000;2023;10;07;4;3;6;3;0;0;0;1;1;0;0;0;516649,974000000394881;5443182,484799999743700;9,228283690000069;49,141243987000053;1
213526;08231106111210727340;08;1;11;000;2023;11;08;2;3;5;2;0;0;1;1;0;0;0;0;508736,413700000382960;5396849,088800000026822;9,118790172000047;48,724606094000080;1
213528;08231018121200627300;08;1;21;000;2023;10;12;4;3;3;6;0;0;1;0;0;0;0;0;515191,883500000461936;5441013,941600000485778;9,208210610000037;49,121774973000072;1
213529;08231018117300604560;08;1;17;030;2023;10;10;4;3;0;7;0;0;1;0;0;0;0;1;548122,820899999700487;5389659,355100000277162;9,653473347000045;48,658134213000039;1
213530;08231018116010625480;08;1;16;050;2023;10;16;4;3;5;3;0;0;1;1;0;0;0;0;527334,248100000433624;5388417,726600000634789;9,371106004000069;48,648220075000040;1
213531;08231018115100643970;08;1;15;046;2023;10;19;4;3;3;2;2;1;1;1;0;0;0;0;508854,200699999928474;5390062,399499999359250;9,120246253000062;48,663550856000029;1
213532;08231107231000691390;08;2;36;050;2023;11;16;3;3;0;1;1;1;1;0;0;0;0;0;485480,910899999551475;5424006,972200000658631;8,801619733000052;48,968805187000044;1
213533;08231018111500648610;08;1;11;000;2023;10;16;4;3;6;4;0;0;0;1;1;0;0;0;513899,670800000429153;5406110,448999999091029;9,189308233000077;48,807826919000036;1
213534;08231018111330641620;08;1;11;000;2023;10;18;4;3;6;2;2;1;0;1;1;0;0;0;513469,405299999751151;5409007,952600000426173;9,183543360000044;48,833901905000062;1
213535;08231017436400640180;08;4;36;082;2023;10;13;3;3;4;6;0;0;1;0;0;0;0;0;547700,773099999874830;5295298,137399999424815;9,637115538000046;47,809269141000073;1
213536;08231017436400600070;08;4;36;082;2023;10;07;3;3;7;7;0;0;1;0;0;0;0;0;546841,838399999774992;5296190,610200000926852;9,625740347000033;47,817361766000033;1
213540;08231017417100625610;08;4;17;079;2023;10;15;3;3;0;1;0;0;1;0;0;0;0;0;499876,519000000320375;5347198,625000000000000;8,998335698000062;48,277991928000063;1
213544;08231017326100638420;08;3;26;012;2023;10;16;3;3;6;7;0;0;0;1;1;0;0;0;462765,924300000071526;5310798,579900000244379;8,501340235000043;47,949417939000057;1
213545;08231017325100611760;08;3;25;057;2023;10;06;3;3;4;6;2;0;1;1;0;0;0;0;472955,217699999921024;5356912,217800000682473;8,634865626000021;48,364802593000036;1
213547;08231023135200623150;08;1;35;019;2023;10;10;2;3;5;3;0;0;1;1;0;0;0;0;584782,072999999858439;5392509,047000000253320;10,151781520000043;48,679866088000040;1
213549;08231017317100606700;08;3;17;001;2023;10;18;3;3;4;6;1;0;1;1;0;0;0;0;432802,332999999634922;5385072,353000000119209;8,088277181000024;48,615113417000032;1
213550;08231017311400640830;08;3;15;074;2023;10;18;3;3;4;6;0;0;1;0;0;0;0;1;397477,474000000394881;5295951,029999999329448;7,630661472000043;47,808743816000060;1
213551;08231017311010605140;08;3;36;091;2023;10;12;3;3;5;3;0;0;1;1;0;0;0;0;395928,921000000089407;5271944,781999999657273;7,615713664000054;47,592558615000030;1
213552;08231017311010603830;08;3;11;000;2023;10;18;3;3;3;6;1;0;1;0;0;0;0;0;414385,820799999870360;5316053,217199999839067;7,852456162000067;47,992045495000070;1
213553;08231017231000648320;08;2;31;000;2023;10;13;3;2;5;2;0;0;1;1;0;0;0;0;479611,398599999956787;5416130,768799999728799;8,721816960000069;48,897788113000047;1
213554;08231017231000607770;08;2;31;000;2023;10;07;3;3;6;4;0;0;0;1;1;0;0;0;476741,932300000451505;5415867,441099999472499;8,682681409000054;48,895318227000075;1
213555;08231017226700637690;08;2;26;098;2023;10;13;3;3;3;6;0;0;1;0;0;0;0;1;475801,025000000372529;5459848,057700000703335;8,667210458000056;49,290901912000038;1
213559;08231017136100606180;08;1;36;088;2023;10;16;3;3;5;3;0;0;1;1;0;0;0;0;580691,623900000005960;5411632,982400000095367;10,099973522000028;48,852415177000069;1
213561;08231017121200617360;08;1;21;000;2023;10;07;3;3;0;7;1;0;1;1;0;0;0;0;515680,563199999742210;5440913,138499999418855;9,214904187000059;49,120855940000069;1
213562;08231017116400601640;08;1;16;033;2023;10;14;3;3;4;6;0;0;1;0;0;0;0;0;533560,831399999558926;5387569,190899999812245;9,455570516000023;48,640283374000035;1
213564;08231115421300730190;08;4;25;141;2023;11;16;4;3;5;3;1;0;1;1;0;0;0;0;566403,043999999761581;5363174,220399999991059;9,897456728000066;48,418218739000054;1
213565;08231017115400638650;08;1;15;045;2023;10;13;3;3;6;7;0;0;0;0;1;0;0;1;500572,764399999752641;5394006,285700000822544;9,007784016000073;48,699093011000059;1
213567;08231017111310603580;08;1;11;000;2023;10;17;3;3;5;3;0;0;1;1;0;0;0;0;516149,393000000156462;5405466,975999999791384;9,219923062000021;48,801983937000045;1
213569;08231016436400643820;08;4;36;082;2023;10;16;2;3;0;6;0;0;1;0;0;0;0;1;547607,138600000180304;5294449,315300000831485;9,635771788000056;47,801639275000070;1
213570;08231016436100614840;08;4;36;055;2023;10;08;2;3;0;6;0;0;1;1;0;0;0;0;579778,582999999634922;5295741,511900000274181;10,065583328000059;47,810080591000030;1
213572;08231016421200636620;08;4;21;000;2023;10;15;2;3;6;4;0;0;0;1;1;0;0;0;573466,713000000454485;5361449,298100000247359;9,992608055000062;48,401918612000031;1
213573;08231028336200674020;08;3;36;069;2023;10;12;7;3;5;3;0;0;1;1;0;0;0;0;408871,228900000452995;5268245,294999999925494;7,788589342000023;47,561226781000073;1
213574;08231016416200670650;08;4;16;041;2023;10;09;2;3;0;1;0;0;1;0;0;0;0;0;504341,309000000357628;5373711,487999999895692;9,058787194000047;48,516501560000052;1
213576;08231016416200617580;08;4;16;041;2023;10;16;2;3;5;3;0;0;1;1;0;0;0;0;504050,309000000357628;5372650,409600000828505;9,054836361000071;48,506957642000032;1
213577;08231017221011647080;08;2;21;000;2023;10;17;3;3;5;3;0;0;1;1;0;0;0;0;477329,818599999882281;5474407,564099999144673;8,687405544000057;49,421922211000037;1
213578;08231016415400636240;08;4;15;061;2023;10;06;2;3;6;4;2;0;0;1;1;0;0;0;515098,540799999609590;5373150,162900000810623;9,204433720000054;48,511285152000028;1
213579;08231016337010630100;08;3;37;096;2023;10;16;2;2;5;4;0;0;0;1;1;0;0;0;420181,738400000147521;5267485,239399999380112;7,939054007000038;47,555878444000030;1
213581;08231016327200601600;08;3;27;049;2023;10;17;2;3;5;3;0;0;1;1;0;0;0;0;472358,651800000108778;5324442,589700000360608;8,628928588000065;48,072658764000039;1
213584;08231016317500602600;08;3;17;096;2023;10;15;2;3;5;2;0;0;1;1;0;0;0;0;421909,997800000011921;5368889,148499999195337;7,943550779000077;48,468284089000065;1
213585;08231016317200613200;08;3;17;057;2023;10;14;2;2;6;4;0;0;0;1;1;0;0;0;412548,820500000379980;5380576,458300000056624;7,814482927000029;48,572172954000052;1
213588;08231016311010647790;08;3;11;000;2023;10;08;2;3;3;2;0;0;1;1;0;0;0;0;410510,814699999988079;5314743,046599999070168;7,800801467000042;47,979729647000056;1
213589;08231016311010636720;08;3;11;000;2023;10;13;2;2;1;6;0;0;1;1;0;0;0;0;414045,474499999545515;5316686,012000000104308;7,847768489000032;47,997692062000056;1
213590;08231016311010615430;08;3;11;000;2023;10;11;2;3;5;2;0;0;1;1;0;0;0;0;410266,332799999974668;5315741,000499999150634;7,797317496000062;47,988672222000048;1
213591;08231016311010601070;08;3;36;091;2023;10;13;2;3;5;3;0;0;1;1;0;0;0;0;396136,071399999782443;5272034,065300000831485;7,618447076000052;47,593394952000040;1
213594;08231016235100616400;08;2;35;047;2023;10;09;2;3;6;7;0;0;0;1;1;0;0;0;479753,627000000327826;5389357,081700000911951;8,725075905000040;48,656940397000028;1
213595;08231028117100646460;08;1;17;049;2023;10;12;7;3;0;1;0;0;1;0;0;0;0;0;555684,296900000423193;5392023,962300000712276;9,756462384000031;48,678776466000045;1
213596;08231016226200670790;08;2;26;032;2023;10;22;2;2;5;2;2;0;1;1;0;0;0;0;466406,603799999691546;5464097,282199999317527;8,537662604000047;49,328678728000057;1
213597;08231016222700635930;08;2;22;000;2023;10;10;2;3;2;5;0;0;1;1;0;0;0;0;462541,187699999660254;5479622,517400000244379;8,483002192000072;49,468097396000076;1
213598;08231016222400602160;08;2;26;038;2023;10;17;2;3;0;7;1;0;1;0;0;0;0;0;471680,504999999888241;5479143,259999999776483;8,609171627000023;49,464281638000045;1
213599;08231016222200625700;08;2;22;000;2023;10;07;2;3;5;2;1;0;1;1;0;0;0;0;461485,964800000190735;5481612,944000000134110;8,468245100000047;49,485934242000042;1
213600;08231016221300636150;08;2;21;000;2023;10;19;2;3;6;4;2;0;0;0;1;1;0;0;477341,696299999952316;5474769,164400000125170;8,687548668000034;49,425175183000079;1
213601;08231016221011626190;08;2;21;000;2023;10;12;2;3;3;6;0;0;1;0;0;0;0;1;475915,640200000256300;5473025,159399999305606;8,667989949000059;49,409433382000032;1
213602;08231016221011622540;08;2;21;000;2023;10;05;2;3;3;2;2;0;1;0;0;0;0;1;476004,210400000214577;5471087,161000000312924;8,669327964000047;49,392004897000049;1
213604;08231016221011597530;08;2;21;000;2023;10;13;2;3;0;4;0;0;0;0;1;0;0;1;476442,774299999698997;5472551,489399999380112;8,675284626000064;49,405193435000058;1
213607;08231016212302597460;08;2;12;000;2023;10;15;2;3;0;7;0;0;1;0;0;0;0;0;455415,248700000345707;5428770,760199999436736;8,390313760000026;49,010218296000062;1
213608;08231016212010612580;08;2;12;000;2023;10;09;2;3;5;3;0;0;1;1;0;0;0;0;457843,985999999567866;5428686,762000000104308;8,423533097000075;49,009633424000071;1
213610;08231016136300633330;08;1;36;065;2023;10;07;2;3;7;7;2;0;1;0;0;0;0;0;565840,855399999767542;5404742,163499999791384;9,896453247000068;48,792187272000035;1
213611;08231016136300617500;08;1;36;009;2023;10;13;2;2;0;7;0;1;1;0;0;0;0;0;568343,371199999935925;5409367,579700000584126;9,931291839000039;48,833521586000074;1
213613;08231016127202635000;08;1;27;091;2023;10;10;2;2;6;6;0;0;0;0;1;0;0;1;579392,091099999845028;5453363,637199999764562;10,090437143000031;49,227905592000070;1
213614;08231016119400599390;08;1;19;091;2023;10;15;2;3;5;3;0;0;1;1;0;0;0;0;528986,629099999554455;5405211,402599999681115;9,394719627000029;48,799218784000061;1
213615;08231016118300599930;08;1;18;046;2023;10;14;2;3;6;4;0;0;0;1;1;0;0;0;514368,596599999815226;5412000,601700000464916;9,195901271000025;48,860803029000067;1
213620;08231016116200614300;08;1;16;077;2023;10;08;2;3;6;2;0;0;0;1;1;0;0;0;515495,531799999997020;5391532,259999999776483;9,210494755000070;48,676644373000045;1
213621;08231018311010674560;08;3;11;000;2023;10;08;4;3;5;3;0;0;1;1;0;0;0;0;415309,041299999691546;5319476,834499999880791;7,864152087000036;48,022965266000028;1
213625;08231016115300639570;08;1;15;050;2023;10;15;2;3;6;2;0;0;0;0;1;0;0;1;490472,086699999868870;5399997,757999999448657;8,870374921000064;48,752919935000079;1
213626;08231106311010689370;08;3;11;000;2023;11;17;2;3;0;7;2;1;1;0;0;0;0;0;413831,031700000166893;5317016,356699999421835;7,844828116000031;48,000634764000040;1
213629;08231219231402839700;08;2;31;000;2023;12;09;3;2;0;1;0;2;1;0;0;0;0;0;477693,510400000028312;5413928,369400000199676;8,695769786000028;48,877909975000080;1
213631;08231219226700883170;08;2;26;076;2023;12;17;3;3;6;7;1;1;0;1;1;0;0;0;475116,916000000201166;5465367,977900000289083;8,657458471000041;49,340525904000060;1
213633;08231219221011868790;08;2;21;000;2023;12;18;3;3;6;7;2;1;0;1;1;0;0;0;481412,680499999783933;5473515,973099999129772;8,743744387000049;49,414040941000053;1
213634;08231219215502875340;08;2;15;106;2023;12;18;3;3;2;6;2;0;1;0;0;0;0;1;466668,219600000418723;5453916,730100000277162;8,542111712000064;49,237120176000076;1
213635;08231219215402838200;08;2;15;009;2023;12;07;3;3;0;7;0;2;1;0;0;0;0;0;470834,868800000287592;5440959,171099999919534;8,600288328000033;49,120778111000050;1
213636;08231219212402875650;08;2;12;000;2023;12;16;3;3;6;4;2;0;0;1;1;0;0;0;457266,380499999970198;5427908,721100000664592;8,415716886000041;49,002595108000037;1
213637;08231219212402864990;08;2;12;000;2023;12;17;3;2;0;5;2;1;1;1;0;0;0;0;456340,548499999567866;5425326,001299999654293;8,403336484000022;48,979298383000071;1
213638;08231219211100842400;08;2;11;000;2023;12;08;3;3;6;2;0;0;0;1;1;0;0;0;442614,940499999560416;5403005,983799999579787;8,218906672000060;48,777408009000055;1
213640;08231219126200856680;08;1;26;066;2023;12;13;3;3;6;4;0;0;0;0;1;0;0;1;536424,661600000225008;5450191,007099999114871;9,500036235000039;49,203431351000063;1
213641;08231219121300880900;08;1;21;000;2023;12;06;3;3;6;4;2;0;0;1;1;0;0;0;513829,580699999816716;5442144,493699999526143;9,189578605000065;49,131976867000049;1
213642;08231219118010868100;08;1;15;045;2023;12;13;3;3;4;6;0;0;1;0;0;0;0;1;500334,197200000286102;5394814,853299999609590;9,004542481000044;48,706367125000043;1
213644;08231219116100873540;08;1;16;019;2023;12;15;3;3;5;3;0;0;1;1;0;0;0;0;522837,664699999615550;5399936,219100000336766;9,310695816000020;48,752020414000071;1
213645;08231219116010869310;08;1;16;047;2023;12;09;3;3;6;2;0;0;0;1;1;0;0;0;520503,662999999709427;5392437,936000000685453;9,278570512000044;48,684647453000082;1
213646;08231219111500839630;08;1;11;000;2023;12;09;3;3;5;3;0;0;1;0;0;0;0;1;511686,266200000420213;5402406,081599999219179;9,159057268000026;48,774548331000062;1
213649;08231218416100835940;08;4;16;048;2023;12;18;2;3;8;1;2;2;1;0;0;0;0;0;494199,231800000183284;5376362,880499999970198;8,921412873000065;48,540342621000036;1
213650;08231218415200864720;08;4;15;093;2023;12;08;2;3;0;7;0;1;0;0;1;0;0;1;528142,875000000000000;5366696,676000000908971;9,380615814000066;48,452778956000031;1
213652;08231218335100864790;08;3;35;043;2023;12;10;2;3;4;7;0;0;1;1;0;0;0;0;514011,360000000335276;5280348,803700000047684;9,186666752000065;47,676377340000045;1
213653;08231218317600880430;08;3;17;145;2023;12;12;2;3;5;2;0;0;1;1;0;0;0;0;441624,535199999809265;5349080,500199999660254;8,212982127000032;48,292229793000047;1
213654;08231218317500836340;08;3;17;096;2023;12;12;2;3;8;1;0;0;1;0;0;0;0;0;421793,672600000165403;5369142,343499999493361;7,941929990000062;48,470547101000079;1
213655;08231218317500834690;08;3;17;096;2023;12;07;2;3;0;3;2;2;1;0;0;0;0;1;423420,150600000284612;5369248,401499999687076;7,963911747000054;48,471701264000046;1
213657;08231218317100869840;08;3;17;116;2023;12;07;2;3;5;2;1;0;1;0;0;0;0;0;433080,489799999631941;5387168,823999999091029;8,091712303000065;48,634001142000045;1
213658;08231218311010853080;08;3;11;000;2023;12;11;2;3;3;3;0;0;1;1;0;0;0;0;411886,333800000138581;5315703,197499999776483;7,819032986000025;47,988557431000061;1
213660;08231218221400853410;08;2;21;000;2023;12;15;2;3;5;3;0;0;1;1;0;0;0;0;473922,060999999754131;5472719,593699999153614;8,640528483000026;49,406602706000058;1
213661;08231218221200892070;08;2;21;000;2023;12;17;2;3;4;6;1;0;1;0;0;0;0;0;478033,291199999861419;5472963,490100000053644;8,697185359000059;49,408958809000069;1
213662;08231218221200866660;08;2;21;000;2023;12;10;2;3;6;7;0;0;0;1;1;0;0;0;476870,945199999958277;5472499,529500000178814;8,681189509000035;49,404742487000078;1
213663;08231218416200865590;08;4;16;041;2023;12;10;2;3;6;7;0;0;1;0;1;0;0;0;503814,337500000372529;5374219,187799999490380;9,051655934000053;48,521072437000043;1
213664;08231218221011841230;08;2;21;000;2023;12;14;2;2;4;6;0;0;1;0;0;0;0;1;476550,281999999657273;5473130,640100000426173;8,676732296000068;49,410406952000073;1
213665;08231218215102869870;08;2;15;102;2023;12;12;2;3;5;3;0;0;1;1;0;0;0;0;455783,480299999937415;5436513,186599999666214;8,394503954000072;49,079888256000061;1
213666;08231218212702869780;08;2;15;017;2023;12;14;2;3;6;2;0;0;0;1;1;0;0;0;454955,432199999690056;5422105,289200000464916;8,384764683000071;48,950228139000046;1
213667;08231218212302892790;08;2;12;000;2023;12;15;2;3;5;2;0;0;1;1;0;0;0;0;456834,597099999897182;5428989,534800000488758;8,409698662000039;49,012287120000053;1
213668;08231218212010856180;08;2;12;000;2023;12;14;2;3;6;7;0;1;0;1;1;0;0;0;458154,479500000365078;5428653,000299999490380;8,427782231000037;49,009350865000044;1
213669;08231218212010840900;08;2;12;000;2023;12;12;2;3;5;3;0;0;1;1;0;0;0;0;452339,109199999831617;5427291,539400000125170;8,348424631000057;48,996682738000061;1
213670;08231218311010861510;08;3;36;050;2023;12;18;2;2;0;7;2;0;1;0;0;0;0;0;400626,109400000423193;5274961,271299999207258;7,677491159000056;47,620430058000068;1
213673;08231218136100898220;08;1;36;088;2023;12;12;2;3;2;6;0;0;1;1;0;0;0;0;580107,008500000461936;5410074,946599999442697;10,091700991000039;48,838477604000047;1
213675;08231218127100835470;08;1;27;076;2023;12;14;2;3;5;3;0;0;1;1;0;0;0;0;553546,761699999682605;5440325,398700000718236;9,733758594000051;49,113437168000075;1
213678;08231218116100868290;08;1;16;019;2023;12;15;2;3;4;1;0;1;1;1;0;0;0;0;524397,136099999770522;5396217,289699999615550;9,331691181000053;48,718506218000073;1
213679;08231218116100839410;08;1;16;019;2023;12;13;2;3;6;6;0;0;0;0;1;0;0;1;523030,946299999952316;5398552,079700000584126;9,313247885000067;48,739561742000035;1