OID_;UIDENTSTLAE;ULAND;UREGBEZ;UKREIS;UGEMEINDE;UJAHR;UMONAT;USTUNDE;UWOCHENTAG;UKATEGORIE;UART;UTYP1;ULICHTVERH;IstStrassenzustand;IstRad;IstPKW;IstFuss;IstKrad;IstGkfz;IstSonstige;LINREFX;LINREFY;XGCSWGS84;YGCSWGS84;PLST
213680;08231218116010869290;08;1;16;077;2023;12;14;2;2;6;7;0;0;0;1;1;0;0;0;517672,334699999541044;5391056,492300000041723;9,240044342000033;48,672306519000074;1
213682;08231218111230834230;08;1;11;000;2023;12;22;2;3;6;6;2;0;0;0;1;0;0;1;508045,744199999608099;5397614,337999999523163;9,109414000000072;48,731499595000059;1
213685;08231217316200853100;08;3;16;014;2023;12;12;1;3;0;7;0;1;1;0;0;0;0;0;424343,795199999585748;5329325,979399999603629;7,983559171000024;48,112698903000080;1
213686;08231217311010864980;08;3;11;000;2023;12;17;1;3;5;3;2;0;1;1;0;0;0;0;412676,900500000454485;5319493,056800000369549;7,828854880000051;48,022756780000066;1
213688;08231217136300834420;08;1;36;028;2023;12;16;1;3;0;7;1;0;1;0;0;0;0;0;571498,528699999675155;5405659,442399999126792;9,973633554000060;48,799813063000045;1
213696;08231216416200887980;08;4;16;026;2023;12;14;7;3;6;2;0;0;0;1;1;0;0;0;505635,506099999882281;5364686,346100000664592;9,076190687000064;48,435297210000044;1
213697;08231216416200877200;08;4;16;041;2023;12;13;7;3;6;7;0;0;1;0;1;0;0;0;504422,255400000140071;5374569,096599999815226;9,059892412000067;48,524216354000032;1
213698;08231216416200828190;08;4;16;041;2023;12;11;7;3;0;1;0;0;1;0;0;0;0;0;504249,646599999628961;5374266,215800000354648;9,057551615000023;48,521492721000072;1
213699;08231216416010856420;08;4;16;048;2023;12;18;7;3;6;3;2;0;0;1;1;0;0;0;497094,763399999588728;5378244,476999999955297;8,960627552000062;48,557290162000072;1
213701;08231216326300859730;08;3;26;017;2023;12;03;7;3;7;7;2;1;1;0;1;0;0;0;440929,105600000359118;5322285,359099999070168;8,207331239000041;48,051114796000036;1
213703;08231216311300848320;08;3;15;115;2023;12;12;7;3;0;7;0;1;1;0;0;0;0;0;406245,892699999734759;5319821,765799999237061;7,742553440000052;48,024801990000071;1
213704;08231216311010863330;08;3;11;000;2023;12;13;7;2;6;2;0;0;0;1;1;0;0;0;411207,218000000342727;5318289,094799999147654;7,809397814000022;48,011724276000052;1
213707;08231216311010842570;08;3;11;000;2023;12;09;7;3;1;5;0;0;1;1;0;0;0;0;413656,722000000067055;5316272,899199999868870;7,842641428000036;47,993923581000047;1
213708;08231216311010831030;08;3;16;054;2023;12;13;7;3;0;7;0;0;1;0;0;0;0;0;416881,974499999545515;5333849,785299999639392;7,882445776000054;48,152461458000062;1
213710;08231216222200859660;08;2;22;000;2023;12;23;7;3;6;4;2;0;1;0;1;0;0;0;461351,298999999649823;5481693,957000000402331;8,466377964000060;49,486654349000048;1
213712;08231216212702859270;08;2;15;017;2023;12;08;7;3;4;2;0;0;1;0;0;0;0;0;456789,564500000327826;5420802,726500000804663;8,409952673000021;48,938642180000045;1
213713;08231216212502865310;08;2;12;000;2023;12;16;7;2;0;7;0;0;1;0;0;0;0;1;451726,491499999538064;5427413,796099999919534;8,340035541000077;48,997734841000067;1
213715;08231216127100847530;08;1;27;076;2023;12;10;7;3;6;7;0;0;0;1;1;0;0;0;553761,250000000000000;5440640,069700000807643;9,736739419000060;49,116248820000067;1
213716;08231216121200830600;08;1;21;000;2023;12;13;7;3;1;7;0;0;1;1;0;0;0;0;516311,152499999850988;5442275,588899999856949;9,223601531000043;49,133095247000028;1
213719;08231216118010859740;08;1;18;080;2023;12;23;7;2;6;4;2;0;0;1;1;0;0;0;508262,153699999675155;5410775,420199999585748;9,112621608000040;48,849892903000068;1
213724;08231215436300826020;08;4;36;081;2023;12;11;6;3;0;1;0;1;1;0;0;0;0;0;562035,365100000053644;5281871,657099999487400;9,826642271000026;47,687253665000071;1
213725;08231219212010836440;08;2;12;000;2023;12;07;3;3;6;2;0;0;0;1;1;0;0;0;459504,885599999688566;5428923,114000000059605;8,446220532000041;49,011870682000051;1
213726;08231215435100835970;08;4;35;029;2023;12;06;6;3;6;4;2;0;0;1;1;0;0;0;544530,610199999995530;5271841,411900000646710;9,592379763000054;47,598452180000038;1
213727;08231215421300860510;08;4;21;000;2023;12;11;6;3;6;6;0;0;0;1;1;0;0;0;571016,705900000408292;5360677,184200000017881;9,959380330000045;48,395254003000048;1
213729;08231215325102847880;08;3;25;045;2023;12;12;6;3;2;6;0;0;1;1;0;0;0;0;468191,401200000196695;5351507,796199999749660;8,570958788000041;48,315960150000080;1
213730;08231215317600878040;08;3;17;011;2023;12;14;6;3;0;7;0;0;1;1;0;0;0;0;428730,261500000022352;5354333,239099999889731;8,038277011000048;48,338159508000047;1
213733;08231215311200847280;08;3;11;000;2023;12;16;6;3;0;7;1;0;1;0;1;0;0;0;410741,772900000214577;5315347,010800000280142;7,803770191000069;47,985194723000063;1
213734;08231215311010861570;08;3;11;000;2023;12;16;6;3;3;6;2;0;1;1;0;0;0;0;414532,083200000226498;5317812,762199999764562;7,854065696000021;48,007892848000040;1
213735;08231215311010825160;08;3;36;091;2023;12;12;6;3;6;2;0;0;0;1;1;0;0;0;395260,920900000259280;5274161,993100000545382;7,606301341000062;47,612395203000062;1
213737;08231215226500889410;08;2;26;085;2023;12;10;6;3;6;4;0;0;0;0;1;0;0;1;490915,556499999947846;5455640,929400000721216;8,875163347000068;49,253469745000075;1
213742;08231215127100837460;08;1;27;076;2023;12;07;6;2;5;3;1;1;1;1;0;0;0;0;551639,658300000242889;5439368,989900000393391;9,707505087000072;49,104997634000028;1
213745;08231215119200842270;08;1;19;020;2023;12;11;6;3;6;7;0;1;0;1;1;0;0;0;519948,310999999754131;5407619,230699999257922;9,271760943000061;48,821234903000061;1
213747;08231215118300856590;08;1;18;046;2023;12;11;6;3;5;3;0;0;1;1;0;0;0;0;514482,405000000260770;5411966,035000000149012;9,197451701000034;48,860489428000051;1
213748;08231215118010841500;08;1;15;045;2023;12;17;6;2;6;4;2;1;0;1;1;0;0;0;500061,556599999777973;5396396,266799999400973;9,000836927000023;48,720593712000039;1
213751;08231215111500871510;08;1;11;000;2023;12;06;6;2;5;3;2;1;1;1;0;0;0;0;516254,397099999710917;5406384,497300000861287;9,221389331000069;48,810235087000081;1
213753;08231215111210859260;08;1;11;000;2023;12;18;6;3;5;2;2;1;1;1;0;0;0;0;512427,311400000005960;5399377,512399999424815;9,169051849000027;48,747289106000039;1
213755;08231214436300857080;08;4;36;081;2023;12;19;5;3;5;3;2;1;1;1;0;0;0;0;562659,556499999947846;5281570,304199999198318;9,834915657000067;47,684482257000070;1
213757;08231214417100860310;08;4;17;079;2023;12;17;5;3;6;2;2;1;0;1;1;0;0;0;500933,643600000068545;5339963,328299999237061;9,012567880000063;48,212896727000043;1
213759;08231214416200856120;08;4;16;041;2023;12;23;5;3;0;1;2;1;1;0;0;0;0;0;504452,281700000166893;5376221,892799999564886;9,060316728000032;48,539085269000054;1
213760;08231214335100893900;08;3;35;043;2023;12;18;5;3;0;7;2;1;1;1;0;0;0;0;512714,589700000360608;5279155,908700000494719;9,169355845000041;47,665670874000057;1
213763;08231214316200896710;08;3;16;009;2023;12;13;5;3;6;4;0;0;0;1;1;0;0;0;416854,625599999912083;5324645,720399999991059;7,883872634000056;48,069664553000052;1
213766;08231214311010842770;08;3;11;000;2023;12;15;5;3;5;3;0;1;1;1;0;0;0;0;413149,733400000259280;5315620,439200000837445;7,835979135000059;47,987985816000048;1
213767;08231214231102870350;08;2;36;033;2023;12;11;5;3;5;3;0;1;1;1;0;0;0;0;482921,774299999698997;5429175,086500000208616;8,766436261000024;49,015229813000076;1
213769;08231214222700887330;08;2;22;000;2023;12;17;5;3;6;7;2;1;0;1;1;0;0;0;461729,026499999687076;5481676,017100000753999;8,471594744000072;49,486516928000071;1
213770;08231214222401821940;08;2;22;000;2023;12;10;5;3;0;7;0;0;1;0;0;0;0;0;468353,610500000417233;5479460,012000000104308;8,563234215000023;49,466966457000069;1
213771;08231214222014864250;08;2;22;000;2023;12;06;5;2;5;3;2;1;1;0;0;0;0;1;463918,966099999845028;5483723,748199999332428;8,501642898000057;49,505069404000039;1
213772;08231214216100821950;08;2;16;043;2023;12;07;5;3;6;2;2;1;0;1;1;0;0;0;441348,543999999761581;5413185,177999999374151;8,200215255000046;48,868851942000049;1
213776;08231214212010820510;08;2;12;000;2023;12;05;5;3;1;3;2;1;1;1;0;0;0;0;454319,914499999955297;5429453,293099999427795;8,375259417000052;49,016277608000053;1
213783;08231214116200826160;08;1;16;015;2023;12;18;5;3;6;2;2;1;0;1;1;0;0;0;523783,674100000411272;5394325,267000000923872;9,323241961000065;48,701509425000040;1
213784;08231214115200860230;08;1;15;021;2023;12;16;5;3;5;3;1;1;1;1;0;0;0;0;490590,863599999807775;5382264,459899999201298;8,872394347000068;48,593391098000041;1
213785;08231214115200843350;08;1;15;015;2023;12;07;5;3;6;4;2;0;0;1;1;0;0;0;492401,615399999544024;5387407,039000000804663;8,896857313000055;48,639679379000029;1
213788;08231214111310822290;08;1;11;000;2023;12;21;5;3;6;7;2;1;0;1;1;0;0;0;517459,553199999965727;5405413,307399999350309;9,237762438000061;48,801465722000046;1
213789;08231214111240823000;08;1;11;000;2023;12;07;5;3;6;4;0;0;0;1;1;0;0;0;517954,473199999891222;5402568,891100000590086;9,244377859000053;48,775863636000054;1
213790;08231213437100818200;08;4;37;100;2023;12;09;4;3;5;4;0;1;0;0;1;1;0;0;537367,006000000052154;5318440,627000000327826;9,501104995000048;48,018164691000038;1
213791;08231213436300817040;08;4;36;081;2023;12;06;4;3;5;3;1;1;1;1;0;0;0;0;562348,296199999749660;5282267,502599999308586;9,830868296000062;47,690784866000058;1
213793;08231213426100817980;08;4;26;066;2023;12;16;4;2;0;1;0;0;1;0;0;0;0;0;584244,921000000089407;5325642,178300000727177;10,131080956000062;48,078483699000060;1
213794;08231213426010822790;08;4;25;033;2023;12;17;4;3;6;4;2;1;0;1;1;0;0;0;553952,277300000190735;5347912,575600000098348;9,727240478000056;48,282115738000073;1
213796;08231213416200853550;08;4;16;041;2023;12;15;4;3;0;7;0;1;0;1;1;0;0;0;508188,125900000333786;5377615,642200000584126;9,110954937000031;48,551586236000048;1
213797;08231213415300850540;08;4;15;059;2023;12;07;4;3;6;4;2;1;0;1;1;0;0;0;516686,544800000265241;5367245,036100000143051;9,225699239000051;48,458120342000029;1
213799;08231213337010880420;08;3;37;090;2023;12;07;4;2;6;2;2;1;0;0;1;0;0;1;423211,882199999876320;5274453,601900000125170;7,978104413000040;47,618934127000045;1
213801;08231213335300829880;08;3;35;075;2023;12;06;4;3;5;3;2;1;1;1;0;0;0;0;487689,153900000266731;5290065,002499999478459;8,835713682000062;47,763834343000042;1
213802;08231213316200835350;08;3;16;009;2023;12;06;4;3;5;3;2;1;1;1;0;0;0;0;416325,375699999742210;5324561,250700000673532;7,876786032000041;48,068835495000030;1
213803;08231213311500819010;08;3;15;113;2023;12;07;4;2;6;4;2;1;0;1;1;0;0;0;440796,074900000356138;5307142,092000000178814;8,207634056000074;47,914868331000037;1
213808;08231213221300816520;08;2;21;000;2023;12;05;4;3;5;3;2;1;1;1;0;0;0;0;476922,965300000272691;5473917,377499999478459;8,681824125000048;49,417497769000079;1
213809;08231213221200854180;08;2;21;000;2023;12;17;4;3;0;6;2;1;0;0;1;1;0;0;478858,366299999877810;5473106,701099999248981;8,708551370000066;49,410276198000076;1
213810;08231213215402850640;08;2;15;009;2023;12;07;4;3;0;4;1;1;0;0;1;0;0;1;469618,480000000447035;5441195,292999999597669;8,583600242000045;49,122843153000076;1
213812;08231213212502826280;08;2;12;000;2023;12;16;4;3;6;4;1;1;1;0;1;0;0;0;454050,736999999731779;5428489,265499999746680;8,371687395000038;49,007586136000043;1
213816;08231213212010818170;08;2;12;000;2023;12;15;4;3;2;6;0;1;1;1;0;0;0;0;456613,424300000071526;5424983,318800000473857;8,407102040000041;48,976235122000048;1
213817;08231213136100856390;08;1;36;088;2023;12;13;4;3;0;1;0;0;1;0;0;0;0;0;583561,756599999964237;5407518,297399999573827;10,138251918000037;48,815027424000050;1
213820;08231213119300853860;08;1;19;086;2023;12;17;4;3;4;5;2;1;1;1;0;0;0;0;535209,244900000281632;5404966,009500000625849;9,479430990000026;48,796690022000064;1
213821;08231213119100821860;08;1;19;008;2023;12;18;4;3;6;2;2;1;0;1;1;0;0;0;531888,007299999706447;5421587,534700000658631;9,435504182000045;48,946389148000037;1
213824;08231213115400858210;08;1;15;045;2023;12;12;4;3;5;3;0;0;1;1;0;0;0;0;497745,859000000171363;5396194,972999999299645;8,969353690000048;48,718778789000055;1
213826;08231213115400832280;08;1;15;045;2023;12;07;4;3;6;4;2;0;0;1;1;0;0;0;500509,429399999789894;5396598,423800000920892;9,006926477000036;48,722412122000037;1
213828;08231213111500838840;08;1;11;000;2023;12;17;4;2;6;4;2;1;0;1;1;0;0;0;515558,994699999690056;5406498,912499999627471;9,211922167000068;48,811282151000057;1
213831;08231215317500839470;08;3;17;096;2023;12;07;6;3;8;1;1;0;1;0;0;0;0;0;420949,543100000359118;5373376,846499999985099;7,929710315000023;48,508530262000079;1
213832;08231212436400814650;08;4;36;008;2023;12;06;3;3;6;2;2;1;0;1;1;0;0;0;548055,514299999922514;5310417,574100000783801;9,643535629000041;47,945269504000066;1
213836;08231212417100871060;08;4;17;079;2023;12;16;3;2;6;4;2;1;0;1;1;0;0;0;502093,860199999995530;5339703,412900000810623;9,028184400000043;48,210555539000040;1
213837;08231212417100814600;08;4;17;079;2023;12;17;3;3;6;4;2;1;0;1;1;0;0;0;501118,274400000460446;5344414,746200000867248;9,015064967000058;48,252945037000075;1
213839;08231212335000813870;08;3;35;043;2023;12;08;3;2;4;6;1;1;1;0;0;1;0;0;513156,606900000013411;5281022,269600000232458;9,175299633000066;47,682454911000036;1
213841;08231212316200827280;08;3;16;009;2023;12;07;3;3;6;4;2;0;0;0;1;0;0;1;417859,806099999696016;5324604,010399999096990;7,897371391000036;48,069419619000030;1
213844;08231212311010854640;08;3;11;000;2023;12;17;3;3;5;3;2;1;1;1;0;0;0;0;414135,111899999901652;5319685,930600000545382;7,848369095000066;48,024689428000045;1
213845;08231212311010847990;08;3;11;000;2023;12;08;3;3;6;4;1;1;0;1;1;0;0;0;411681,634200000204146;5316068,772900000214577;7,816214838000064;47,991817648000051;1
213846;08231212311010844450;08;3;36;069;2023;12;07;3;3;6;7;2;0;0;1;1;0;0;0;408251,851300000213087;5268458,035000000149012;7,780313201000070;47,563053307000075;1
213848;08231212231000817580;08;2;31;000;2023;12;17;3;3;6;2;2;1;0;1;1;0;0;0;477504,262299999594688;5415377,054999999701977;8,693109008000022;48,890935032000073;1
213849;08231212226700884050;08;2;26;103;2023;12;11;3;3;5;3;0;1;1;0;0;0;0;1;472210,346599999815226;5457374,422499999403954;8,618003641000030;49,268498861000069;1
213850;08231212222401820080;08;2;26;038;2023;12;07;3;3;0;5;1;0;1;1;0;0;0;0;472031,030100000090897;5479955,311499999836087;8,613951606000057;49,471602025000038;1
213851;08231212222014865030;08;2;22;000;2023;12;19;3;3;6;4;2;1;0;1;1;0;0;0;461533,313400000333786;5481584,324300000444055;8,468901587000062;49,485679826000080;1
213855;08231212216100818180;08;2;16;043;2023;12;13;3;3;6;2;0;1;0;1;1;0;0;0;441928,178600000217557;5412317,699599999934435;8,208241604000023;48,861103552000031;1
213856;08231212212010846150;08;2;12;000;2023;12;20;3;3;6;4;2;1;0;1;1;0;0;0;455884,471699999645352;5427617,178700000047684;8,396855237000068;48,999875429000042;1
213857;08231212212010820300;08;2;12;000;2023;12;18;3;2;5;3;2;1;1;1;0;0;0;0;455402,983000000007451;5427206,751000000163913;8,390317803000073;48,996148988000073;1
213859;08231212212010817350;08;2;15;007;2023;12;10;3;2;1;7;0;0;0;1;1;0;0;0;479146,953399999998510;5431394,601399999111891;8,714697879000028;49,035079342000074;1
213860;08231212212010816570;08;2;12;000;2023;12;09;3;3;1;5;0;0;1;1;0;0;0;0;461471,117300000041723;5427476,988099999725819;8,473245182000028;48,998988360000055;1
213861;08231212211000831850;08;2;16;007;2023;12;17;3;3;6;4;2;1;0;1;1;0;0;0;436011,902700000442564;5394138,842599999159575;8,130416965000052;48,697004061000030;1
213863;08231212116500884130;08;1;16;049;2023;12;19;3;3;5;2;2;1;1;1;0;0;0;0;525739,201100000180304;5384335,772500000894070;9,349197658000037;48,611566427000071;1
213865;08231212116100885420;08;1;16;019;2023;12;15;3;3;5;7;0;1;1;1;0;0;0;0;522064,672000000253320;5400649,937000000849366;9,300218018000066;48,758468803000028;1
213866;08231212115400831370;08;1;15;045;2023;12;10;3;3;5;3;0;1;1;0;0;0;1;0;500501,818300000391901;5394528,086200000718236;9,006820474000051;48,703787234000060;1
213867;08231212115400831010;08;1;15;045;2023;12;08;3;3;6;4;0;1;0;1;1;0;0;0;501349,930100000463426;5394848,086100000888109;9,018348651000053;48,706664719000059;1
213872;08231211416200841150;08;4;16;023;2023;12;19;2;3;6;6;2;1;1;0;1;0;0;0;507155,546299999579787;5371503,964999999850988;9,096857876000058;48,496616080000081;1
213873;08231211415400886110;08;4;15;061;2023;12;22;2;3;0;1;2;0;1;0;0;0;0;0;513942,835900000296533;5371904,170600000768900;9,188743980000027;48,500102503000051;1
213874;08231211415400831380;08;4;15;061;2023;12;14;2;2;6;4;0;0;0;1;1;0;0;0;514579,134100000374019;5371704,541300000622869;9,197350517000075;48,498292123000056;1
213876;08231211415100815600;08;4;15;050;2023;12;15;2;2;5;3;0;0;1;1;0;0;0;0;521494,732699999585748;5375796,142100000753999;9,291173354000023;48,534902665000061;1
213879;08231211311400864620;08;3;15;006;2023;12;18;2;3;6;7;2;1;0;1;1;0;0;0;402840,436700000427663;5307554,151100000366569;7,699664272000064;47,913946950000081;1
213880;08231214115100858130;08;1;15;003;2023;12;11;5;2;6;4;0;1;0;1;1;0;0;0;501833,593600000254810;5392073,681700000539422;9,024910432000070;48,681704678000074;1
213881;08231211311010861700;08;3;11;000;2023;12;13;2;3;5;3;0;0;1;1;0;0;0;0;412925,653599999845028;5318379,228900000452995;7,832416616000046;48,012771534000080;1
213882;08231211311010844100;08;3;15;047;2023;12;18;2;3;0;7;2;0;1;0;1;0;0;0;415935,647499999962747;5322816,812799999490380;7,871898461000058;48,053092421000031;1
213884;08231211231000844540;08;2;31;000;2023;12;13;2;2;0;3;0;0;0;1;1;0;0;0;478836,364000000059605;5415779,247700000181794;8,711260702000061;48,894599954000057;1
213885;08231211231000812790;08;2;31;000;2023;12;11;2;2;6;2;0;0;0;1;1;0;0;0;477712,616899999789894;5415602,709300000220537;8,695939069000076;48,892972470000075;1
213886;08231211222500879550;08;2;22;000;2023;12;16;2;3;5;3;2;0;1;1;0;0;0;0;464022,463800000026822;5478445,274199999868870;8,503552587000058;49,457598187000031;1
213887;08231211222401817420;08;2;26;038;2023;12;11;2;3;1;5;0;0;1;1;0;0;0;0;471379,941700000315905;5479953,314099999144673;8,604965169000025;49,471553717000063;1
213889;08231211221011832160;08;2;26;041;2023;12;15;2;3;0;7;0;1;1;1;0;0;0;0;477362,718600000254810;5466779,672900000587106;8,688293566000027;49,353311499000029;1
213894;08231211121500847210;08;1;25;065;2023;12;08;2;3;5;3;0;0;1;0;0;0;1;0;516137,368999999947846;5446860,003000000491738;9,221402944000033;49,174338055000078;1
213895;08231211119200843370;08;1;19;020;2023;12;00;2;3;1;1;2;0;1;1;0;0;0;0;520776,446299999952316;5406048,733200000599027;9,282963181000071;48,807079877000035;1
213898;08231211118300811320;08;1;18;046;2023;12;08;2;3;6;4;0;0;0;1;1;0;0;0;512891,883200000040233;5411656,176999999210238;9,175757035000061;48,857737104000080;1
213899;08231211118010832260;08;1;18;048;2023;12;13;2;2;0;3;0;0;0;1;1;0;0;0;513844,219499999657273;5416210,854000000283122;9,188894527000059;48,898689357000080;1
213900;08231211116400843760;08;1;16;033;2023;12;10;2;2;0;1;0;0;1;0;0;0;0;0;533712,018899999558926;5387684,945599999278784;9,457632158000024;48,641316555000060;1
213901;08231211115300814680;08;1;15;028;2023;12;13;2;3;1;3;0;0;1;1;0;0;0;0;500053,626299999654293;5403609,723099999129772;9,000730045000068;48,785485993000066;1
213902;08231211111500849430;08;1;11;000;2023;12;13;2;3;5;3;0;0;1;1;0;0;0;0;510648,880099999718368;5396438,900699999183416;9,144783560000064;48,720886291000056;1
213903;08231211111230827470;08;1;11;000;2023;12;17;2;3;4;6;2;0;1;1;0;0;0;0;513876,375799999572337;5399852,306299999356270;9,188779731000068;48,751529732000051;1
213905;08231210436400843530;08;4;36;082;2023;12;21;1;3;5;3;2;0;1;1;0;0;0;0;548182,225999999791384;5295740,568900000303984;9,643594830000040;47,813213792000056;1
213907;08231210336400820760;08;3;36;006;2023;12;11;1;3;5;3;0;1;1;1;0;0;0;0;391225,144000000320375;5285991,063999999314547;7,549672168000029;47,718130834000078;1
213908;08231210317200818490;08;3;17;057;2023;12;11;1;3;0;7;0;1;1;0;0;0;0;0;413206,536399999633431;5379776,879100000485778;7,823564026000042;48,565072668000028;1
213910;08231210222700880160;08;2;22;000;2023;12;15;1;3;1;5;0;1;1;1;0;0;0;0;461791,151600000448525;5481421,758300000801682;8,472477035000054;49,484233919000076;1
213911;08231210222600880210;08;2;22;000;2023;12;19;1;3;1;5;2;0;1;1;0;0;0;0;461843,467899999581277;5483073,782700000330806;8,473039808000067;49,499096288000032;1
213912;08231210127100866530;08;1;27;076;2023;12;08;1;3;6;2;0;0;0;1;1;0;0;0;556813,895100000314415;5439922,756999999284744;9,778467691000060;49,109522351000066;1
213917;08231219311010838410;08;3;11;000;2023;12;10;3;3;1;5;0;0;1;1;0;0;0;0;413799,330199999734759;5315256,136800000444055;7,844756731000075;47,984796666000079;1
213918;08231209336100821150;08;3;36;050;2023;12;11;7;3;0;7;0;1;1;0;0;0;0;0;399551,659500000067055;5273928,729900000616908;7,663432678000049;47,610976280000045;1
213921;08231209311010843730;08;3;11;000;2023;12;17;7;2;0;1;2;1;1;0;0;0;0;0;413973,831399999558926;5316414,916400000452995;7,846862651000038;47,995243821000031;1
213922;08231209311010821090;08;3;15;064;2023;12;16;7;2;0;7;2;1;1;1;0;0;0;0;424041,970599999651313;5313842,555199999362230;7,982252486000050;47,973378816000036;1
213924;08231209237100833580;08;2;37;004;2023;12;22;7;2;6;2;2;1;0;1;1;0;0;0;453392,166500000283122;5372893,842299999669194;8,368978020000043;48,507431167000050;1
213925;08231209231402821310;08;2;31;000;2023;12;16;7;3;5;3;0;1;1;1;0;0;0;0;477140,009700000286102;5414284,536599999293685;8,688200990000041;48,881093775000068;1
213926;08231209231000810750;08;2;31;000;2023;12;20;7;3;6;4;2;1;0;1;1;0;0;0;476469,126500000245869;5415305,216000000014901;8,678991859000064;48,890250349000041;1
213933;08231209215302821770;08;2;15;007;2023;12;11;7;3;5;3;0;1;1;1;0;0;0;0;478818,250000000000000;5431510,470000000670552;8,710194710000053;49,036110426000050;1
213935;08231209135100826240;08;1;35;016;2023;12;18;7;3;8;7;2;2;1;0;0;0;0;0;590989,114799999631941;5381671,211799999698997;10,233706727000026;48,581515646000071;1
213939;08231209119200833560;08;1;19;020;2023;12;04;7;3;1;1;2;1;1;1;0;0;0;0;520645,770399999804795;5406140,953900000080466;9,281188112000052;48,807913832000054;1
213940;08231209119010831730;08;1;19;008;2023;12;13;7;2;4;1;0;1;1;1;0;0;0;0;531706,407999999821186;5421418,129399999976158;9,433010914000022;48,944874609000067;1
213941;08231209116200880120;08;1;16;077;2023;12;19;7;3;6;2;2;1;0;1;1;0;0;0;515911,844700000248849;5389063,866200000047684;9,216055060000031;48,654428040000028;1
213943;08231209111500843030;08;1;11;000;2023;12;16;7;3;6;4;2;1;0;1;1;0;0;0;516227,773000000044703;5398445,171000000089407;9,220713404000037;48,738814373000025;1
213946;08231208435100849490;08;4;35;016;2023;12;22;6;3;6;2;2;0;0;1;1;0;0;0;535585,871000000275671;5277795,330000000074506;9,473878749000050;47,652575121000041;1
213948;08231208421200817260;08;4;21;000;2023;12;12;6;3;6;2;0;1;0;1;1;0;0;0;572874,781999999657273;5361769,343000000342727;9,984667286000047;48,404866198000036;1
213951;08231208417100826820;08;4;17;063;2023;12;18;6;3;6;7;2;1;0;1;1;0;0;0;506541,105800000019372;5336211,634199999272823;9,087992683000039;48,179110200000025;1
213952;08231208415100819640;08;4;15;050;2023;12;14;6;3;5;3;0;1;1;1;0;0;0;0;520210,313000000081956;5376284,720000000670552;9,273798178000050;48,539340718000062;1
213953;08231208336100822170;08;3;36;050;2023;12;09;6;3;0;7;0;1;0;0;1;0;0;1;399214,563500000163913;5274018,070900000631809;7,658927989000063;47,611727591000033;1
213954;08231208311010829840;08;3;11;000;2023;12;23;6;3;0;1;2;1;1;0;0;0;0;0;413851,399100000038743;5316073,064099999144673;7,845290471000055;47,992152249000071;1
213956;08231208231000810120;08;2;31;000;2023;12;17;6;3;6;4;2;1;0;0;1;0;0;1;479521,802899999544024;5416081,331900000572205;8,720597006000048;48,897340439000061;1
213957;08231208231000804470;08;2;31;000;2023;12;07;6;3;6;2;2;0;0;1;1;0;0;0;478469,317200000397861;5416292,232999999076128;8,706226044000061;48,899201949000030;1
213958;08231208226700872170;08;2;26;095;2023;12;18;6;3;6;4;2;0;0;1;1;0;0;0;474037,725999999791384;5461216,801999999210238;8,642872721000060;49,303141357000072;1
213960;08231208222014865050;08;2;22;000;2023;12;07;6;3;6;4;2;1;0;1;1;0;0;0;465848,520899999886751;5475516,744200000539422;8,529001482000069;49,431362590000049;1
213961;08231208222014804690;08;2;22;000;2023;12;07;6;3;6;4;2;1;0;1;1;0;0;0;464681,252100000157952;5483987,170900000259280;8,512147751000043;49,507483632000060;1
213964;08231208212010816650;08;2;12;000;2023;12;10;6;3;5;3;0;1;1;1;0;0;0;0;452923,338299999944866;5428335,234799999743700;8,356290154000021;49,006115652000062;1
213967;08231208121200897410;08;1;21;000;2023;12;14;6;3;2;6;0;1;1;0;0;0;0;1;516557,554999999701977;5442919,918099999427795;9,227005779000024;49,138884612000027;1
213969;08231208119300804670;08;1;19;067;2023;12;09;6;2;0;7;0;1;1;0;0;0;0;0;537944,288300000131130;5406591,106699999421835;9,516821708000066;48,811147764000054;1
213970;08231208119200819590;08;1;19;020;2023;12;17;6;3;0;5;2;1;1;0;0;0;0;1;520065,730200000107288;5407111,851099999621511;9,273335738000071;48,816666837000071;1
213972;08231208118400832700;08;1;18;048;2023;12;13;6;3;6;2;0;0;0;0;1;0;0;1;513820,289599999785423;5415447,362700000405312;9,188542192000057;48,891821728000082;1
213976;08231207436200816000;08;4;36;064;2023;12;09;5;3;0;1;0;2;1;0;0;0;0;0;546634,927299999631941;5292599,950500000268221;9,622590363000029;47,785071748000064;1
213977;08231207421200849700;08;4;21;000;2023;12;14;5;3;6;4;0;0;0;0;1;0;0;1;572882,785000000149012;5360949,669999999925494;9,984633082000073;48,397492128000067;1
213978;08231207416010802730;08;4;16;041;2023;12;14;5;3;5;2;0;0;1;1;0;0;0;0;499906,702800000086427;5370020,248600000515580;8,998737454000036;48,483308692000037;1
213979;08231207415400845350;08;4;15;061;2023;12;07;5;3;6;7;1;0;0;1;1;0;0;0;513329,369400000199676;5372351,913300000131130;9,180453834000048;48,504143871000053;1
213980;08231207337010802620;08;3;37;126;2023;12;12;5;3;6;4;0;1;0;1;1;0;0;0;439072,808500000275671;5274386,108899999409914;8,189166231000058;47,620012892000034;1