OID_;UIDENTSTLAE;ULAND;UREGBEZ;UKREIS;UGEMEINDE;UJAHR;UMONAT;USTUNDE;UWOCHENTAG;UKATEGORIE;UART;UTYP1;ULICHTVERH;IstStrassenzustand;IstRad;IstPKW;IstFuss;IstKrad;IstGkfz;IstSonstige;LINREFX;LINREFY;XGCSWGS84;YGCSWGS84;PLST
213983;08231207317300823810;08;3;17;065;2023;12;07;5;3;0;1;0;2;1;0;0;0;0;0;414683,742999999783933;5354975,243000000715256;7,848637945000064;48,342193522000059;1
213985;08231207311200846100;08;3;11;000;2023;12;10;5;3;5;3;0;0;1;1;0;0;0;0;414205,182900000363588;5318638,630400000140071;7,849518354000054;48,015278023000064;1
213986;08231207311010828910;08;3;11;000;2023;12;21;5;3;4;2;2;0;1;0;0;0;0;0;413842,092500000260770;5318500,438899999484420;7,844678222000027;48,013986086000045;1
213987;08231207311010824050;08;3;11;000;2023;12;12;5;3;5;2;0;0;1;1;0;0;0;0;413388,464700000360608;5315527,437899999320507;7,839196839000067;47,987181612000029;1
213988;08231207311010812630;08;3;11;000;2023;12;07;5;2;0;1;0;2;1;0;0;0;0;0;413076,515200000256300;5315236,460599999874830;7,835075764000067;47,984521848000043;1
213989;08231207311010810520;08;3;11;000;2023;12;07;5;3;0;1;0;2;1;0;0;0;0;0;411898,073300000280142;5316650,075099999085069;7,818995933000053;47,997076483000058;1
213990;08231207311010802850;08;3;11;000;2023;12;07;5;2;0;7;1;2;1;0;0;0;0;0;412290,144000000320375;5314846,415999999269843;7,824618986000075;47,980905921000044;1
213991;08231207237100802980;08;2;37;028;2023;12;07;5;2;6;4;2;2;0;1;1;0;0;0;458247,588499999605119;5367958,178999999538064;8,435205133000068;48,463371585000061;1
213993;08231207226600845430;08;2;26;031;2023;12;08;5;3;2;6;0;2;1;1;0;0;0;0;473936,148699999786913;5493290,724099999293685;8,639365514000076;49,591633585000068;1
213994;08231207226600815690;08;2;26;096;2023;12;07;5;3;0;7;0;2;1;0;0;0;0;0;475674,829099999740720;5488057,687699999660254;8,663745899000048;49,544637114000068;1
213995;08231207226600814850;08;2;26;096;2023;12;08;5;3;1;5;0;2;1;1;0;0;0;0;475307,466000000014901;5488322,330700000748038;8,658651239000051;49,547002605000046;1
213996;08231207222200805950;08;2;22;000;2023;12;14;5;3;1;5;0;0;1;1;0;0;0;0;461344,711600000038743;5482097,918299999088049;8,466247514000031;49,490287344000080;1
214001;08231207212010814190;08;2;12;000;2023;12;16;5;3;5;3;2;0;1;1;0;0;0;0;454319,353000000119209;5428877,443099999800324;8,375316554000051;49,011097762000077;1
214002;08231207127202805720;08;1;27;073;2023;12;14;5;3;6;6;0;0;0;1;1;0;0;0;578579,531499999575317;5447741,494799999520183;10,078178904000026;49,177446516000032;1
214003;08231207121100803030;08;1;25;026;2023;12;11;5;3;0;7;0;1;1;0;0;0;0;0;489372,348000000230968;5442873,930999999865890;8,854294660000050;49,138602155000058;1
214004;08231207119400810890;08;1;19;079;2023;12;11;5;3;0;7;0;2;1;0;0;0;0;0;523441,165400000289083;5411452,212700000032783;9,319563537000022;48,855593382000052;1
214005;08231207119400802150;08;1;19;091;2023;12;07;5;3;0;7;0;2;1;0;0;0;0;0;527728,178199999965727;5406191,779200000688434;9,377649532000021;48,808095393000031;1
214007;08231207118400812480;08;1;18;048;2023;12;10;5;2;0;1;0;2;1;0;0;0;0;0;519819,429200000129640;5417499,826500000432134;9,270483775000059;48,910122171000069;1
214008;08231210416200836890;08;4;16;041;2023;12;23;1;2;0;1;2;1;1;0;0;0;0;0;504231,639499999582767;5374353,311200000345707;9,057308634000037;48,522276385000055;1
214009;08231207118300805870;08;1;18;003;2023;12;12;5;2;0;1;0;2;1;0;0;0;0;0;511302,334699999541044;5415991,654600000008941;9,154206397000053;48,896769087000052;1
214011;08231207117300829820;08;1;17;026;2023;12;16;5;3;6;4;0;0;0;1;1;0;0;0;547940,679700000211596;5395406,683599999174476;9,651666854000041;48,709848484000076;1
214012;08231207116500832600;08;1;16;049;2023;12;07;5;3;0;3;2;1;1;0;0;0;0;1;525541,538900000043213;5384165,850500000640750;9,346505614000023;48,610045897000077;1
214013;08231207115100830070;08;1;15;002;2023;12;16;5;3;6;7;0;0;0;1;1;0;0;0;499707,442699999548495;5386258,767100000753999;8,996029549000070;48,629395419000048;1
214014;08231207111500805250;08;1;11;000;2023;12;12;5;3;6;7;0;0;0;0;1;0;1;0;512462,757899999618530;5401496,552300000563264;9,169598193000070;48,766351193000048;1
214015;08231207111500804140;08;1;11;000;2023;12;16;5;2;6;4;0;0;1;0;1;0;0;0;507746,884300000034273;5405909,784399999305606;9,105506040000023;48,806128918000070;1
214018;08231206416010870030;08;4;15;059;2023;12;08;4;2;5;3;0;0;1;1;0;0;0;0;516439,525500000454485;5367972,560499999672174;9,222386715000027;48,464671942000052;1
214019;08231206337200823910;08;3;37;126;2023;12;00;4;2;6;4;2;2;0;1;1;0;0;0;445297,079800000414252;5275573,060000000521541;8,271844744000020;47,631247491000067;1
214023;08231206311400801390;08;3;15;074;2023;12;11;4;3;0;1;0;1;1;0;0;0;0;0;396225,684999999590218;5296106,296800000593066;7,613909855000031;47,809939784000051;1
214024;08231206311010848830;08;3;11;000;2023;12;10;4;2;5;3;0;1;1;1;0;0;0;0;414159,485600000247359;5315489,061499999836087;7,849535882000055;47,986940352000033;1
214025;08231206311010801250;08;3;11;000;2023;12;08;4;2;4;6;0;1;1;0;0;0;0;1;413348,036700000055134;5315206,363299999386072;7,838719918000038;47,984287954000081;1
214027;08231215226600889370;08;2;26;096;2023;12;15;6;3;0;4;0;1;0;1;1;0;0;0;474838,856200000271201;5487543,761900000274181;8,652223026000058;49,539980401000037;1
214031;08231206222300823880;08;2;22;000;2023;12;08;4;3;6;4;1;0;0;1;1;0;0;0;465905,533900000154972;5482090,419199999421835;8,529221638000024;49,490493310000033;1
214032;08231206221400811110;08;2;21;000;2023;12;19;4;3;5;3;2;0;1;1;0;0;0;0;477087,940700000151992;5468931,114800000563264;8,684386209000024;49,372653264000064;1
214033;08231206221011804170;08;2;21;000;2023;12;20;4;3;5;2;2;0;1;1;0;0;0;0;476243,295500000007451;5472845,907899999991059;8,672517422000055;49,407833926000080;1
214038;08231206118100833930;08;1;18;079;2023;12;15;4;2;6;6;0;0;1;0;1;0;0;0;509312,114699999801815;5422961,443299999460578;9,127211552000063;48,959500377000040;1
214040;08231206116010831620;08;1;16;078;2023;12;17;4;2;6;4;2;1;0;1;1;0;0;0;511576,344499999657273;5392647,650000000372529;9,157287126000028;48,686763487000064;1
214043;08231206111110869480;08;1;11;000;2023;12;17;4;3;6;2;1;0;0;1;1;0;0;0;512138,172000000253320;5403578,746300000697374;9,165242582000076;48,785088881000036;1
214044;08231205436500821120;08;4;36;006;2023;12;18;3;2;0;1;2;2;1;0;0;0;0;0;556043,349000000394881;5283829,328900000080466;9,747055554000042;47,705414059000077;1
214047;08231205421300866950;08;4;21;000;2023;12;13;3;3;6;4;0;2;0;1;1;0;0;0;571244,028199999593198;5360580,106000000610948;9,962434356000074;48,394355110000049;1
214049;08231205416200807440;08;4;16;041;2023;12;07;3;3;0;7;0;2;1;0;0;0;0;0;503784,718500000424683;5374735,207699999213219;9,051259501000061;48,525714917000073;1
214050;08231205416100866850;08;4;16;036;2023;12;11;3;3;6;3;0;1;0;1;1;0;0;0;494847,893600000068545;5367868,502900000661612;8,930305592000025;48,463929541000027;1
214051;08231205416100797270;08;4;16;036;2023;12;02;3;3;0;7;2;2;1;0;0;0;0;0;495209,567499999888241;5369235,442399999126792;8,935182422000025;48,476229992000071;1
214054;08231205325302798650;08;3;25;051;2023;12;05;3;3;0;1;1;2;1;0;0;0;0;0;450897,497200000099838;5348816,608899999409914;8,338021375000039;48,290643339000042;1
214057;08231205225200801370;08;2;25;075;2023;12;18;3;3;4;2;2;1;1;1;0;0;0;0;530798,488199999555945;5475146,346499999985099;9,424728547000029;49,428210062000062;1
214059;08231205222200824330;08;2;22;000;2023;12;13;3;2;6;4;0;1;0;1;1;0;0;0;461973,829199999570847;5481319,780400000512600;8,475008833000061;49,483328154000048;1
214060;08231205222014829530;08;2;22;000;2023;12;18;3;1;6;4;2;1;0;1;1;0;0;0;464681,784900000318885;5483987,241599999368191;8,512155104000044;49,507484299000055;1
214063;08231205221200866890;08;2;21;000;2023;12;13;3;3;5;2;0;1;1;1;0;0;0;0;477086,160500000230968;5472783,261600000783801;8,684139614000060;49,407302754000057;1
214064;08231205212502864920;08;2;12;000;2023;12;08;3;3;0;5;1;0;1;1;0;0;0;0;453681,514100000262260;5429582,446299999952316;8,366514190000032;49,017391747000033;1
214065;08231205212402807030;08;2;12;000;2023;12;01;3;3;0;1;2;2;1;0;0;0;0;0;454215,764700000174344;5425367,422399999573827;8,374295641000060;48,979517144000056;1
214066;08231205212010816700;08;2;12;000;2023;12;16;3;2;6;4;2;1;0;1;1;0;0;0;458708,830000000074506;5431875,635500000789762;8,435034266000059;49,038376267000046;1
214067;08231205212000802500;08;2;12;000;2023;12;17;3;3;6;2;2;1;0;1;1;0;0;0;456120,004800000227988;5428529,380599999800324;8,399976671000047;49,008097579000037;1
214068;08231205121100866930;08;1;25;026;2023;12;14;3;3;5;3;0;1;1;1;0;0;0;0;493121,906100000254810;5442363,265100000426173;8,905709803000036;49,134061943000063;1
214069;08231205119400826190;08;1;19;079;2023;12;11;3;2;6;4;0;0;0;1;1;0;0;0;523058,845599999651313;5408710,657600000500679;9,314197304000061;48,830945429000053;1
214070;08231205119300828980;08;1;19;067;2023;12;18;3;3;6;4;2;1;0;1;1;0;0;0;538342,749300000257790;5405933,819900000467896;9,522187329000076;48,805210653000074;1
214071;08231205119100859500;08;1;19;008;2023;12;15;3;3;5;3;0;0;1;1;0;0;0;0;532104,207600000314415;5421059,660099999979138;9,438415207000048;48,941629498000054;1
214072;08231205119100801300;08;1;19;044;2023;12;18;3;3;6;4;2;1;0;1;1;0;0;0;542558,705500000156462;5425493,833200000226498;9,581638771000030;48,980884878000040;1
214076;08231205118300800160;08;1;18;046;2023;12;14;3;3;5;3;0;0;1;1;0;0;0;0;514579,803000000305474;5412179,823000000789762;9,198787224000057;48,862410336000039;1
214077;08231205116200860160;08;1;16;077;2023;12;07;3;3;0;6;2;2;1;0;0;0;0;0;515674,148400000296533;5388631,388299999758601;9,212811209000051;48,650543434000042;1
214078;08231205115400821070;08;1;15;045;2023;12;05;3;3;0;7;2;2;1;0;0;0;0;0;501395,545599999837577;5394474,507200000807643;9,018967407000048;48,703303873000038;1
214080;08231205115200840610;08;1;15;021;2023;12;09;3;3;0;7;0;2;1;0;0;0;0;0;491313,404000000096858;5379921,386700000613928;8,882242312000074;48,572322663000080;1
214081;08231215119200831360;08;1;19;020;2023;12;18;6;3;6;2;1;1;0;1;1;0;0;0;519298,439799999818206;5409998,037299999967217;9,263019669000073;48,842654667000033;1
214082;08231205115100826460;08;1;15;003;2023;12;06;3;3;0;7;2;2;1;0;0;0;0;0;499790,853900000452995;5392155,903699999675155;8,997158587000058;48,682447015000037;1
214085;08231205111500799520;08;1;11;000;2023;12;18;3;3;6;4;2;1;0;1;1;0;0;0;516248,051099999807775;5406381,073300000280142;9,221302761000061;48,810204452000050;1
214086;08231205111370866840;08;1;11;000;2023;12;11;3;3;6;2;0;1;0;1;1;0;0;0;508193,142599999904633;5406745,558599999174476;9,111600375000023;48,813641734000043;1
214089;08231204316100798570;08;3;16;011;2023;12;18;2;3;5;3;2;1;1;1;0;0;0;0;414699,872999999672174;5329059,584000000730157;7,854071751000049;48,109083767000072;1
214091;08231204311010798170;08;3;36;069;2023;12;13;2;3;6;4;0;0;0;1;1;0;0;0;405068,919700000435114;5267212,748900000005960;7,738279160000047;47,551393374000043;1
214092;08231204311010796560;08;3;36;105;2023;12;09;2;3;5;3;0;0;1;1;0;0;0;0;400690,273000000044703;5267401,266000000759959;7,680055919000040;47,552434288000029;1
214095;08231205212010798460;08;2;12;000;2023;12;16;3;3;5;3;1;1;1;0;0;0;0;1;455436,018000000156462;5432629,407999999821186;8,390173734000030;49,044928579000043;1
214096;08231204216200796770;08;2;16;007;2023;12;19;2;3;0;1;2;2;1;0;0;0;0;0;433590,754900000058115;5396015,206800000742078;8,097216472000071;48,713628863000054;1
214099;08231204216100796700;08;2;16;043;2023;12;16;2;3;5;3;0;1;1;1;0;0;0;0;441462,127100000157952;5413062,165100000798702;8,201781544000028;48,867756179000025;1
214102;08231204212010796490;08;2;12;000;2023;12;10;2;3;5;3;0;1;1;1;0;0;0;0;457681,922399999573827;5429848,363900000229478;8,421195930000067;49,020071095000048;1
214103;08231216311010827560;08;3;11;000;2023;12;04;7;3;8;1;2;0;1;0;0;0;0;0;413375,247100000269711;5316550,720599999651313;7,838813219000031;47,996384608000028;1
214105;08231204119400837500;08;1;19;091;2023;12;07;2;3;1;1;1;2;1;1;0;0;0;0;528836,130599999800324;5405656,369400000199676;9,392701542000054;48,803228579000063;1
214109;08231204111120817100;08;1;11;000;2023;12;10;2;3;6;4;0;1;0;1;1;0;0;0;514224,044999999925494;5403615,758300000801682;9,193639665000035;48,785377631000074;1
214111;08231203222500889340;08;2;22;000;2023;12;17;1;3;3;6;2;0;1;0;0;0;0;1;461601,667100000195205;5479927,119599999859929;8,470006168000054;49,470778456000062;1
214115;08231203118100833250;08;1;18;077;2023;12;14;1;3;6;7;0;0;0;1;1;0;0;0;514687,899600000120699;5424623,740700000897050;9,200709050000057;48,974349404000066;1
214123;08231202311100804520;08;3;15;015;2023;12;14;7;2;5;3;0;1;1;1;0;0;0;0;394395,317400000058115;5320724,572699999436736;7,583436394000046;48,031072852000079;1
214124;08231202311010816400;08;3;11;000;2023;12;16;7;3;0;7;1;1;0;0;1;0;0;1;414167,320000000298023;5316320,558399999514222;7,849474598000029;47,994421039000031;1
214125;08231202311010794630;08;3;15;047;2023;12;12;7;3;5;3;0;1;1;1;0;0;0;0;415347,625000000000000;5321042,538000000640750;7,864360028000021;48,037054465000040;1
214127;08231204415400823310;08;4;15;061;2023;12;12;2;3;3;6;0;0;1;0;0;0;0;1;514953,682799999602139;5375453,722599999979138;9,202554971000040;48,532012157000054;1
214128;08231202221011858420;08;2;22;000;2023;12;14;7;3;6;7;0;0;0;0;1;0;0;1;461958,349999999627471;5488364,881100000813603;8,474116152000022;49,546693861000051;1
214129;08231202215502804410;08;2;15;106;2023;12;18;7;3;6;7;2;0;0;1;1;0;0;0;465656,681699999608099;5451207,564099999144673;8,528448360000027;49,212695426000039;1
214130;08231202127100794860;08;1;27;076;2023;12;10;7;3;0;1;0;2;1;0;0;0;0;0;552617,980899999849498;5439534,042700000107288;9,720929304000038;49,106399320000037;1
214132;08231202119300795220;08;1;19;067;2023;12;11;7;2;6;4;0;1;0;1;1;0;0;0;538336,304899999871850;5405931,893400000408292;9,522099388000072;48,805193721000080;1
214134;08231202118500810440;08;1;18;070;2023;12;08;7;3;5;3;0;1;1;0;0;0;0;1;520266,039200000464916;5423754,550300000235438;9,276889806000042;48,966372760000070;1
214137;08231202116500795550;08;1;16;071;2023;12;17;7;3;6;4;2;1;0;1;1;0;0;0;527524,660000000149012;5391207,171000000089407;9,373876634000055;48,673305439000046;1
214140;08231211119300828130;08;1;19;067;2023;12;06;2;2;6;4;2;1;0;1;1;0;0;0;538669,119099999777973;5406116,604800000786781;9,526649160000034;48,806834682000044;1
214145;08231201436200794020;08;4;36;064;2023;12;06;6;3;5;2;2;1;1;1;0;0;0;0;545240,593100000172853;5291119,044500000774860;9,603822370000046;47,771847438000066;1
214146;08231201416200798160;08;4;16;041;2023;12;07;6;3;5;3;1;1;1;1;0;0;0;0;504482,872000000439584;5373849,735300000756979;9,060705633000055;48,517744288000074;1
214150;08231201335100801830;08;3;35;043;2023;12;10;6;3;5;3;0;1;1;1;0;0;0;0;512015,505800000391901;5280321,770400000736117;9,160076298000035;47,676174280000055;1
214151;08231201335100801820;08;3;35;043;2023;12;09;6;3;5;3;0;1;1;1;0;0;0;0;513795,878600000403821;5280244,211999999359250;9,183792705000030;47,675440895000065;1
214154;08231201317200799180;08;3;17;057;2023;12;14;6;2;6;3;0;0;0;1;1;0;0;0;412857,954800000414252;5380056,337999999523163;7,818781703000070;48,567537862000052;1
214158;08231201311010794570;08;3;11;000;2023;12;17;6;3;3;2;2;1;1;1;0;0;0;0;413376,251000000163913;5315255,243000000715256;7,839088095000022;47,984731467000074;1
214159;08231201311010793910;08;3;11;000;2023;12;08;6;3;6;2;0;1;0;1;1;0;0;0;415700,754399999976158;5321508,394999999552965;7,869004691000043;48,041291746000070;1
214160;08231201311010793710;08;3;11;000;2023;12;13;6;3;0;1;0;1;1;0;0;0;0;0;414118,886500000022352;5316221,581299999728799;7,848845323000035;47,993524199000035;1
214161;08231201231000796750;08;2;31;000;2023;12;07;6;3;6;5;2;2;0;1;1;0;0;0;476502,247499999590218;5415493,603700000792742;8,679432854000027;48,891946275000066;1
214163;08231201221400793810;08;2;21;000;2023;12;16;6;3;1;7;1;1;1;1;0;0;0;0;474090,350599999539554;5471525,837099999189377;8,642926090000060;49,395872277000080;1
214164;08231201212502824760;08;2;12;000;2023;12;05;6;3;5;3;2;0;1;0;0;0;0;1;452906,479199999943376;5429100,141899999231100;8,355970906000039;49,012994730000059;1
214171;08231201121500801290;08;1;25;065;2023;12;05;6;3;6;4;2;1;0;1;1;0;0;0;516433,360799999907613;5449537,909700000658631;9,225573361000045;49,198418652000043;1
214174;08231201119400808160;08;1;19;079;2023;12;08;6;3;6;2;0;1;0;1;1;0;0;0;523527,962000000290573;5409300,508999999612570;9,320623187000024;48,836233979000042;1
214178;08231130435200784290;08;4;35;036;2023;11;17;5;2;6;2;2;1;0;1;1;0;0;0;520398,132000000216067;5282453,698000000789762;9,271852262000039;47,695146326000042;1
214180;08231130417300784420;08;4;17;008;2023;11;18;5;2;6;4;2;1;0;1;1;0;0;0;493776,633600000292063;5350985,615599999204278;8,916064427000038;48,312031820000072;1
214181;08231130335100762540;08;3;35;043;2023;11;12;5;3;2;3;0;2;1;0;0;0;0;1;510961,577899999916553;5280247,387900000438094;9,146033550000027;47,675523740000074;1
214182;08231130311010784550;08;3;11;000;2023;11;17;5;3;1;5;2;1;1;1;0;0;0;0;412372,259600000455976;5317604,513399999588728;7,825156052000068;48,005727102000037;1
214183;08231130311010783000;08;3;11;000;2023;11;21;5;3;4;6;2;1;1;0;0;0;0;0;412403,932099999859929;5317054,558700000867248;7,825692901000025;48,000784441000064;1
214184;08231130311010782950;08;3;11;000;2023;11;07;5;3;4;7;1;1;1;0;0;0;0;0;413630,963399999774992;5315740,390100000426173;7,842403377000039;47,989129990000038;1
214185;08231130311010777240;08;3;11;000;2023;11;16;5;3;6;6;0;1;0;1;1;0;0;0;412561,880800000391901;5317506,514799999073148;7,827717770000049;48,004871545000071;1
214186;08231130311010766780;08;3;11;000;2023;11;17;5;3;6;3;2;1;1;0;1;0;0;0;413611,557300000451505;5316279,726999999955297;7,842034787000046;47,993978898000080;1
214188;08231130226700784260;08;2;26;032;2023;11;17;5;3;6;7;2;0;1;0;1;0;0;0;467306,506000000052154;5463088,526799999177456;8,550129994000031;49,319654022000066;1
214189;08231130226600767290;08;2;26;082;2023;11;13;5;3;5;2;0;0;1;1;0;0;0;0;475500,746000000275671;5480422,346999999135733;8,661813327000061;49,475952797000048;1
214191;08231130222700785960;08;2;22;000;2023;11;13;5;2;4;6;0;0;1;0;0;0;0;0;461734,109299999661744;5482419,939200000837445;8,471592900000076;49,493208431000028;1
214194;08231130222014791960;08;2;22;000;2023;11;18;5;3;6;4;2;0;0;1;1;0;0;0;461287,340699999593198;5481941,682399999350309;8,465470674000073;49,488878429000067;1
214195;08231130216100763320;08;2;16;043;2023;11;08;5;3;0;1;0;1;1;0;0;0;0;0;441992,009800000116229;5410896,208300000056624;8,209313199000064;48,848323229000073;1
214196;08231130212302788530;08;2;12;000;2023;11;08;5;3;5;2;0;0;1;1;0;0;0;0;457430,807599999941885;5428823,114499999210238;8,417869050000036;49,010831568000071;1
214197;08231130211000778190;08;2;16;015;2023;11;08;5;2;6;2;1;0;0;1;1;0;0;0;449739,656799999997020;5405615,736500000581145;8,315557364000028;48,801499927000066;1
214198;08231130127202776340;08;1;27;104;2023;11;05;5;2;6;5;2;1;0;1;1;0;0;0;580045,013899999670684;5434611,034800000488758;10,095678109000062;49,059164580000072;1
214200;08231130118500888190;08;1;18;049;2023;11;09;5;3;6;7;0;0;0;1;1;0;0;0;519274,579099999740720;5420172,269099999219179;9,263174351000032;48,934179711000070;1
214201;08231130116500777350;08;1;16;050;2023;11;12;5;3;5;3;0;0;1;1;0;0;0;0;526918,413900000043213;5388311,588199999183416;9,365453613000057;48,647283306000077;1
214202;08231130116400791850;08;1;16;033;2023;11;09;5;3;5;3;0;0;1;1;0;0;0;0;532624,252999999560416;5388476,979000000283122;9,442928867000035;48,648499331000039;1
214203;08231130116400784890;08;1;16;033;2023;11;07;5;3;6;4;2;0;0;1;1;0;0;0;532847,344200000166893;5388417,463800000026822;9,445952887000033;48,647952252000039;1
214204;08231130116100784540;08;1;16;019;2023;11;19;5;3;5;2;2;0;1;1;0;0;0;0;523144,317400000058115;5398319,538799999281764;9,314776779000056;48,737465628000052;1
214206;08231130115100789040;08;1;15;003;2023;11;19;5;3;6;7;1;0;0;1;1;0;0;0;501021,132799999788404;5392337,044299999251962;9,013873332000060;48,684075776000043;1
214208;08231130111500765390;08;1;11;000;2023;11;13;5;3;6;4;0;1;0;0;1;0;0;1;510019,318900000303984;5410022,672800000756979;9,136555089000069;48,843095430000062;1
214211;08231129436300788820;08;4;36;018;2023;11;18;4;2;0;1;2;1;1;0;0;0;0;0;551466,972000000067055;5284027,233300000429153;9,686080717000038;47,707575515000030;1
214212;08231129426100778570;08;4;26;021;2023;11;12;4;3;0;5;0;0;1;0;0;0;0;1;559247,888399999588728;5326771,049699999392033;9,795665466000059;48,091452589000028;1
214214;08231129337010765020;08;3;37;126;2023;11;14;4;3;6;2;0;0;0;0;1;0;0;1;441264,719499999657273;5274484,667700000107288;8,218320642000037;47,621102078000035;1
214215;08231129336300783220;08;3;36;081;2023;11;11;4;3;6;7;0;1;0;1;1;0;0;0;411831,991100000217557;5278045,196399999782443;7,825968007000029;47,649794820000068;1
214217;08231129335100792010;08;3;35;043;2023;11;17;4;3;6;7;0;0;0;0;1;0;0;1;514898,935700000263751;5280039,441899999976158;9,198480878000055;47,673573966000049;1
214220;08231129326300757310;08;3;26;017;2023;11;07;4;3;6;4;1;2;1;0;1;0;0;0;439950,875799999572337;5321565,045499999076128;8,194306847000064;48,044543389000069;1
214222;08231129317300781090;08;3;17;065;2023;11;07;4;3;5;5;0;0;1;0;0;0;1;0;416869,953999999910593;5354632,635999999940395;7,878203024000072;48,339403292000043;1
214223;08231129317000761960;08;3;17;096;2023;11;07;4;1;5;3;2;0;1;1;0;0;0;0;421838,271300000138581;5370232,316299999132752;7,942329479000023;48,480356848000042;1
214224;08231129316100757420;08;3;16;024;2023;11;07;4;3;5;2;0;0;1;1;0;0;0;0;408842,656600000336766;5334081,148299999535084;7,774328976000049;48,153440891000059;1
214226;08231129231000758740;08;2;31;000;2023;11;15;4;3;6;7;0;0;0;0;1;0;0;1;474730,991700000129640;5415321,455900000408292;8,655279656000062;48,890327996000053;1
214227;08231129222800790620;08;2;22;000;2023;11;15;4;3;5;3;0;0;1;1;0;0;0;0;463485,128200000151992;5485527,759999999776483;8,495484032000036;49,521269557000039;1
214229;08231129222200784930;08;2;22;000;2023;11;15;4;3;3;5;0;0;1;1;0;0;0;0;461534,762699999846518;5481792,097899999469519;8,468901381000023;49,487548731000061;1
214232;08231129212702758830;08;2;15;108;2023;11;07;4;3;1;5;2;0;1;1;0;0;0;0;448403,968399999663234;5422931,509800000116229;8,295184320000033;48,957148063000034;1
214236;08231212325302880380;08;3;25;053;2023;12;11;3;3;6;7;0;0;0;0;1;0;0;1;454548,502799999900162;5340949,873999999836087;8,388084701000025;48,220144837000078;1
214237;08231129128100784690;08;1;28;007;2023;11;15;4;3;6;4;0;1;0;1;1;0;0;0;555718,138000000268221;5482286,985999999567866;9,769364143000075;49,490660930000047;1
214238;08231129117100772430;08;1;17;019;2023;11;06;4;3;6;2;2;1;0;1;1;0;0;0;552091,195799999870360;5394455,282999999821186;9,707961241000021;48,700957368000047;1
214240;08231129111500763880;08;1;11;000;2023;11;17;4;3;6;4;2;1;0;1;1;0;0;0;519640,058799999766052;5403797,598899999633431;9,267378776000044;48,786865993000049;1
214241;08231129111250763080;08;1;11;000;2023;11;16;4;3;5;3;0;0;1;1;0;0;0;0;514962,724600000306964;5404033,334699999541044;9,203710852000029;48,789116771000067;1
214243;08231128436400755550;08;4;36;082;2023;11;04;3;3;0;1;2;1;1;0;0;0;0;0;548347,693500000052154;5295402,751000000163913;9,645767237000030;47,810162062000074;1
214244;08231214421200871250;08;4;21;000;2023;12;07;5;3;0;1;2;1;1;0;0;0;0;0;573239,707700000144541;5362163,439400000497699;9,989666098000043;48,408368876000054;1
214245;08231128416010773920;08;4;15;061;2023;11;17;3;2;6;4;2;1;0;0;1;0;0;1;515635,302600000053644;5371275,056399999186397;9,211631167000064;48,494402929000046;1
214249;08231128317100759740;08;3;17;001;2023;11;13;3;3;5;3;0;1;1;1;0;0;0;0;429660,170699999667704;5386619,606100000441074;8,045388626000033;48,628685538000070;1
214251;08231128311010783350;08;3;11;000;2023;11;16;3;3;5;2;1;1;1;1;0;0;0;0;415166,592000000178814;5315634,036000000312924;7,863002054000049;47,988378841000042;1
214252;08231128311010768380;08;3;11;000;2023;11;09;3;3;1;5;0;1;1;1;0;0;0;0;414184,105299999937415;5316065,509899999946356;7,849750541000049;47,992129034000072;1
214253;08231128311010756810;08;3;11;000;2023;11;17;3;3;0;1;1;1;1;0;0;0;0;0;413856,796000000089407;5316238,730000000447035;7,845329545000027;47,993643202000044;1
214259;08231128222700779760;08;2;22;000;2023;11;08;3;3;1;6;0;1;1;1;0;0;0;1;462282,964999999850988;5481202,340299999341369;8,479287792000036;49,482291130000078;1
214260;08231128222700756370;08;2;22;000;2023;11;07;3;3;0;7;2;0;1;0;0;0;0;0;461692,356999999843538;5480848,869999999180436;8,471168604000070;49,479074859000036;1
214262;08231128222014779150;08;2;22;000;2023;11;18;3;3;3;6;2;1;1;0;0;0;0;0;461842,642500000074506;5481253,483999999240041;8,473204141000053;49,482723618000080;1
214263;08231128221300790360;08;2;21;000;2023;11;07;3;3;6;4;1;1;1;0;1;0;0;0;477604,096800000406802;5474799,691299999132752;8,691165315000035;49,425459487000069;1
214267;08231128212402753210;08;2;12;000;2023;11;07;3;3;0;7;2;1;1;0;0;0;0;0;455970,444600000046194;5427885,352399999275804;8,398001512000064;49,002293821000080;1
214268;08231128212010758760;08;2;12;000;2023;11;14;3;3;1;5;0;0;1;1;0;0;0;0;461650,879900000058115;5427744,937100000679493;8,475677432000055;49,001409819000060;1
214269;08231128136100783620;08;1;36;088;2023;11;18;3;3;6;4;1;1;0;1;1;0;0;0;580304,966900000348687;5410443,451999999582767;10,094470480000041;48,841766449000033;1
214274;08231128118400783510;08;1;18;048;2023;11;16;3;3;3;2;1;1;1;1;0;0;0;0;512031,495400000363588;5415578,463300000876188;9,164142684000069;48,893038392000051;1
214277;08231128118300782740;08;1;18;046;2023;11;13;3;3;6;4;0;1;0;1;1;0;0;0;513935,492399999871850;5411650,157500000670552;9,189984437000021;48,857660389000046;1
214279;08231128115300758850;08;1;15;042;2023;11;17;3;3;6;4;2;2;0;1;1;0;0;0;496145,267599999904633;5406091,681299999356270;8,947500048000052;48,807801576000031;1