OID_;UIDENTSTLAE;ULAND;UREGBEZ;UKREIS;UGEMEINDE;UJAHR;UMONAT;USTUNDE;UWOCHENTAG;UKATEGORIE;UART;UTYP1;ULICHTVERH;IstStrassenzustand;IstRad;IstPKW;IstFuss;IstKrad;IstGkfz;IstSonstige;LINREFX;LINREFY;XGCSWGS84;YGCSWGS84;PLST
214284;08231127416010760340;08;4;16;036;2023;11;17;2;3;5;3;1;1;1;1;0;0;0;0;495354,482499999925494;5369450,060699999332428;8,937140827000064;48,478161878000037;1
214286;08231127336200778110;08;3;36;069;2023;11;10;2;2;6;4;0;1;0;1;1;0;0;0;408516,015200000256300;5267982,295800000429153;7,783923197000036;47,558810915000038;1
214287;08231127335000757230;08;3;35;097;2023;11;17;2;2;4;6;2;1;1;0;0;0;0;1;485686,531200000084937;5296480,784800000488758;8,808777482000039;47,821518748000074;1
214288;08231127327100765930;08;3;27;025;2023;11;13;2;3;6;1;0;0;0;1;1;0;0;0;480116,509999999776483;5309430,406999999657273;8,733768561000034;47,937882056000035;1
214290;08231127325000765290;08;3;25;045;2023;11;09;2;2;6;7;0;1;0;1;1;0;0;0;468771,319799999706447;5348903,663300000131130;8,578973358000042;48,292561070000033;1
214293;08231127311010777920;08;3;11;000;2023;11;16;2;1;6;2;2;1;0;1;1;0;0;0;415250,731599999591708;5317469,693800000473857;7,863766990000045;48,004902512000058;1
214296;08231127231102755780;08;2;36;040;2023;11;16;2;2;6;4;2;1;0;0;1;0;0;1;488296,337500000372529;5421740,533900000154972;8,840153047000058;48,948476845000073;1
214297;08231127231000764740;08;2;31;000;2023;11;11;2;2;6;4;0;1;0;1;1;0;0;0;476218,127000000327826;5416285,607000000774860;8,675510707000058;48,899060009000038;1
214298;08231127226400752900;08;2;26;084;2023;11;17;2;3;3;6;1;1;1;1;0;0;0;0;469971,779799999669194;5469531,476800000295043;8,586318088000041;49,377744234000033;1
214300;08231127221200785610;08;2;21;000;2023;11;09;2;3;5;3;0;0;1;1;0;0;0;0;476610,171000000089407;5472432,215199999511242;8,677599026000053;49,404127039000059;1
214302;08231127215402781890;08;2;15;009;2023;11;18;2;3;6;2;2;1;0;1;1;0;0;0;469281,052600000053644;5440912,488199999555945;8,578997230000027;49,120282500000030;1
214303;08231127212702770770;08;2;15;017;2023;11;14;2;3;1;5;0;1;1;1;0;0;0;0;455819,441200000233948;5421613,226800000295043;8,396618318000037;48,945864275000076;1
214304;08231127212010782050;08;2;12;000;2023;11;18;2;3;5;2;2;1;1;1;0;0;0;0;461020,941100000403821;5427807,556299999356270;8,467059065000058;49,001933635000057;1
214305;08231127212010761240;08;2;12;000;2023;11;18;2;3;5;3;2;1;1;1;0;0;0;0;461557,231999999843538;5427496,332000000402331;8,474420632000033;48,999167732000046;1
214306;08231127211000777270;08;2;16;043;2023;11;15;2;1;6;2;0;1;0;0;1;0;0;1;441358,302199999801815;5412151,924000000581145;8,200496377000036;48,859558794000066;1
214309;08231127118500790870;08;1;18;070;2023;11;20;2;3;5;3;2;1;1;1;0;0;0;0;519741,836000000126660;5424023,113299999386072;9,269740864000028;48,968805605000057;1
214313;08231127116100786210;08;1;16;019;2023;11;12;2;3;5;2;0;0;1;1;0;0;0;0;524198,464200000278652;5397800,449100000783801;9,329083094000055;48,732755903000054;1
214314;08231127111500750860;08;1;11;000;2023;11;16;2;3;5;3;1;1;1;1;0;0;0;0;516141,027999999932945;5398482,135999999940395;9,219535046000033;48,739149162000047;1
214315;08231127111500749770;08;1;11;000;2023;11;07;2;3;5;2;1;0;1;1;0;0;0;0;513193,407100000418723;5406498,574400000274181;9,179701717000057;48,811333840000032;1
214319;08231126311400896650;08;3;15;048;2023;11;15;1;3;6;7;0;0;0;0;1;0;1;0;394746,471499999985099;5307090,547900000587106;7,591484379000065;47,908499506000055;1
214320;08231126311010779290;08;3;11;000;2023;11;17;1;3;5;2;2;0;1;1;0;0;0;0;412042,959900000132620;5314743,851999999955297;7,821328253000047;47,979949386000044;1
214322;08231126225100776730;08;2;25;068;2023;11;00;1;3;6;7;2;1;0;1;1;0;0;0;500520,056900000199676;5471050,824899999424815;9,007166617000053;49,392150687000026;1
214326;08231126111500775720;08;1;11;000;2023;11;10;1;3;5;3;0;1;1;1;0;0;0;0;512742,296699999831617;5399562,164999999105930;9,173342367000032;48,748943870000062;1
214330;08231126111110751670;08;1;11;000;2023;11;15;1;3;6;6;0;0;1;0;1;0;0;0;512836,965099999681115;5402587,578500000759959;9,174724581000021;48,776158386000077;1
214332;08231125436400763090;08;4;36;009;2023;11;06;7;3;4;1;2;1;1;1;0;0;0;0;556665,421299999579787;5309077,631699999794364;9,758649176000063;47,932510832000048;1
214333;08231125426100776490;08;4;26;021;2023;11;22;7;3;6;4;2;2;1;0;1;0;0;0;559364,519500000402331;5326770,526699999347329;9,797231526000076;48,091437028000030;1
214334;08231125421200773180;08;4;21;000;2023;11;09;7;3;0;1;0;2;1;0;0;0;0;0;572932,094299999997020;5360873,685100000351667;9,985285939000050;48,396802924000042;1
214335;08231125335100768690;08;3;35;066;2023;11;13;7;3;6;7;0;0;0;1;1;0;0;0;505159,792500000447035;5282319,489700000733137;9,068764949000069;47,694240181000055;1
214337;08231125335100744870;08;3;35;043;2023;11;22;7;3;6;7;2;0;1;0;1;0;0;0;513063,087500000372529;5278585,287799999117851;9,173980686000050;47,660529667000048;1
214338;08231125317600773050;08;3;17;041;2023;11;11;7;3;6;7;0;1;0;1;1;0;0;0;437886,035099999979138;5348205,199500000104308;8,162713831000076;48,283999850000043;1
214342;08231125311010766240;08;3;36;069;2023;11;10;7;3;6;4;0;1;0;1;1;0;0;0;408647,781899999827147;5268207,078600000590086;7,785627605000059;47,560851584000034;1
214343;08231125311010754630;08;3;36;050;2023;11;15;7;3;6;7;0;1;1;0;1;0;0;0;399593,124400000087917;5274070,478800000622869;7,663951775000044;47,612257787000033;1
214347;08231125212702764920;08;2;15;017;2023;11;12;7;3;5;3;0;1;1;1;0;0;0;0;456687,061599999666214;5420686,289999999105930;8,408565428000031;48,937587638000082;1
214348;08231125212402762670;08;2;12;000;2023;11;21;7;3;0;7;2;1;1;0;0;0;0;0;456705,566800000146031;5427887,977800000458956;8,408051697000076;49,002369437000027;1
214349;08231125212010789460;08;2;12;000;2023;11;12;7;3;5;3;0;0;1;1;0;0;0;0;455491,230100000277162;5428225,177400000393391;8,391412541000022;49,005316212000025;1
214354;08231209136100826210;08;1;36;088;2023;12;15;7;3;5;3;0;1;1;1;0;0;0;0;580121,539200000464916;5409813,610300000756979;10,091847887000029;48,836125208000055;1
214359;08231214118010845500;08;1;15;048;2023;12;07;5;3;6;4;2;1;0;1;1;0;0;0;510273,351300000213087;5387780,664799999445677;9,139462633000051;48,643002335000062;1
214361;08231125118200766520;08;1;18;019;2023;11;11;7;3;4;6;0;0;1;1;0;0;0;0;503263,020499999634922;5404474,630599999800324;9,044428220000043;48,793258095000056;1
214363;08231125116400748090;08;1;16;072;2023;11;14;7;3;0;6;0;1;1;1;0;0;0;0;530814,068799999542534;5394034,651900000870228;9,418767431000049;48,698587414000031;1
214364;08231125116200767270;08;1;16;077;2023;11;17;7;3;6;2;1;1;0;1;1;0;0;0;514777,067999999970198;5389739,073200000450015;9,200670984000055;48,660530138000070;1
214368;08231124436400749310;08;4;36;008;2023;11;16;6;3;6;4;2;1;0;1;1;0;0;0;547528,380199999548495;5311270,296599999070168;9,636571169000035;47,952980537000030;1
214370;08231124421200775990;08;4;21;000;2023;11;16;6;3;0;7;0;1;1;0;0;0;0;0;573187,987599999643862;5361565,533500000834465;9,988863052000056;48,402996597000026;1
214371;08231124421200753350;08;4;21;000;2023;11;20;6;3;0;4;2;1;0;0;1;0;0;1;575021,753100000321865;5364632,853700000792742;10,014184257000068;48,430371929000046;1
214372;08231124416200758920;08;4;16;041;2023;11;11;6;3;0;5;0;1;1;1;0;0;0;0;504221,595200000330806;5373899,151900000870228;9,057168008000076;48,518190670000081;1
214373;08231124335100774810;08;3;35;043;2023;11;08;6;3;6;4;0;0;0;0;1;0;0;1;511187,823800000362098;5281233,707599999383092;9,149072936000039;47,684394434000069;1
214375;08231124317300753670;08;3;17;065;2023;11;09;6;3;6;4;0;1;0;1;1;0;0;0;416769,629200000315905;5354906,937000000849366;7,876795254000058;48,341857398000059;1
214377;08231124231000775320;08;2;31;000;2023;11;08;6;2;6;4;0;0;0;1;1;0;0;0;477327,583800000138581;5413952,125499999150634;8,690777803000060;48,878110402000061;1
214379;08231124231000766320;08;2;31;000;2023;11;08;6;3;6;4;0;0;0;1;1;0;0;0;474820,321999999694526;5411389,210999999195337;8,656740357000047;48,854958516000067;1
214385;08231124127202774680;08;1;27;014;2023;11;17;6;3;6;2;2;1;0;1;1;0;0;0;577303,694500000216067;5443068,269999999552965;10,059779328000047;49,135578423000027;1
214386;08231124127100743060;08;1;27;086;2023;11;06;6;3;0;1;2;2;1;0;0;0;0;0;552286,799999999813735;5447206,536000000312924;9,717387553000037;49,175439270000027;1
214387;08231124121500744400;08;1;25;005;2023;11;12;6;3;5;3;0;1;1;1;0;0;0;0;515787,593899999745190;5452349,389000000432134;9,216819847000068;49,223725502000036;1
214391;08231124118400756980;08;1;18;048;2023;11;06;6;3;5;3;2;1;1;1;0;0;0;0;516286,110000000335276;5417472,084000000730157;9,222262451000063;48,909975617000043;1
214397;08231124116100772640;08;1;16;019;2023;11;16;6;3;6;4;1;1;0;1;1;0;0;0;523222,103900000452995;5399990,372099999338388;9,315928905000021;48,752493348000030;1
214399;08231124116010768890;08;1;16;077;2023;11;15;6;3;6;3;0;1;0;1;1;0;0;0;516305,961299999617040;5391523,153400000184774;9,221503367000025;48,676541808000081;1
214401;08231124111330741300;08;1;11;000;2023;11;19;6;3;6;7;2;0;0;1;1;0;0;0;510311,255499999970198;5409197,984099999070168;9,140513180000028;48,835671880000064;1
214405;08231123421200774140;08;4;21;000;2023;11;12;5;3;6;4;0;0;1;0;1;0;0;0;573723,729000000283122;5360802,498999999836087;9,995966463000059;48,396070518000045;1
214408;08231123336400774950;08;3;36;091;2023;11;07;5;3;5;3;1;1;1;1;0;0;0;0;397787,448300000280142;5271864,884500000625849;7,640445971000076;47,592135544000030;1
214412;08231123317200739240;08;3;17;057;2023;11;16;5;3;4;7;1;0;1;0;0;0;0;0;412359,317599999718368;5380681,414400000125170;7,811892418000070;48,573090490000027;1
214413;08231123311010792360;08;3;11;000;2023;11;09;5;3;0;3;0;0;1;1;0;0;0;0;411947,865000000223517;5315011,751299999654293;7,819999286000041;47,982346140000061;1
214414;08231123311010774780;08;3;11;000;2023;11;12;5;3;2;6;0;0;1;0;0;0;0;0;412324,890200000256300;5318163,654200000688434;7,824406787000044;48,010750233000067;1
214416;08231123226300776160;08;2;26;097;2023;11;18;5;3;6;7;2;1;0;0;1;1;0;0;485249,446999999694526;5467332,802999999374151;8,796869307000065;49,358528726000031;1
214417;08231123225100764640;08;2;25;058;2023;11;07;5;1;6;4;2;0;0;0;1;0;1;0;511241,558000000193715;5467997,098999999463558;9,154827099000045;49,364578892000054;1
214418;08231123222600737890;08;2;22;000;2023;11;07;5;3;0;7;0;0;1;0;0;0;0;0;463421,753700000233948;5484234,186899999156594;8,494728317000067;49,509630745000038;1
214420;08231123221300759600;08;2;21;000;2023;11;15;5;3;0;7;0;0;1;0;0;0;0;0;475906,298899999819696;5473935,859099999070168;8,667805902000055;49,417624590000059;1
214421;08231123221200789500;08;2;21;000;2023;11;12;5;3;6;4;0;0;1;0;1;0;0;0;477642,789900000207126;5471985,256100000813603;8,691857386000038;49,400145516000066;1
214422;08231123212000772670;08;2;12;000;2023;11;07;5;3;5;3;1;0;1;1;0;0;0;0;453291,840400000102818;5429289,584699999541044;8,361218779000069;49,014728068000068;1
214428;08231123118010771300;08;1;18;019;2023;11;19;5;3;6;4;2;1;0;1;1;0;0;0;505362,810999999754131;5403976,487999999895692;9,073011759000053;48,788762270000063;1
214429;08231123118010770040;08;1;15;003;2023;11;06;5;3;0;7;2;2;1;1;0;0;0;0;502895,304999999701977;5393247,367100000381470;9,039342618000035;48,692259254000078;1
214431;08231123117100770820;08;1;17;019;2023;11;09;5;3;6;4;0;0;0;1;1;0;0;0;551789,182500000111759;5393574,085400000214577;9,703746459000058;48,693055779000076;1
214432;08231123116500781280;08;1;16;035;2023;11;09;5;3;6;7;0;0;0;1;1;0;0;0;526675,318300000391901;5392356,327099999412894;9,362414137000030;48,683680043000038;1
214433;08231123116500738040;08;1;16;071;2023;11;06;5;3;6;3;1;0;0;1;1;0;0;0;528048,508999999612570;5390812,932600000873208;9,380965349000064;48,669735585000069;1
214435;08231123212502898380;08;2;12;000;2023;11;14;5;3;5;3;0;0;1;1;0;0;0;0;454803,616600000299513;5428811,159299999475479;8,381945840000071;49,010537194000051;1
214436;08231123116010770000;08;1;16;014;2023;11;08;5;3;5;3;0;0;1;1;0;0;0;0;528940,890700000338256;5395700,491200000047684;9,393428126000060;48,713662794000072;1
214438;08231123111500737360;08;1;11;000;2023;11;07;5;3;5;2;2;0;1;1;0;0;0;0;511514,728299999609590;5402175,740499999374151;9,156716092000067;48,772479395000062;1
214439;08231122437100764790;08;4;37;056;2023;11;18;4;3;6;7;2;1;0;0;1;0;0;1;528035,141900000162423;5302166,571100000292063;9,374904280000067;47,872223405000057;1
214440;08231122416010760320;08;4;16;041;2023;11;19;4;3;6;7;2;0;1;0;1;0;0;0;504389,183899999596179;5374810,247099999338388;9,059447050000074;48,526386062000029;1
214441;08231122335100765960;08;3;35;043;2023;11;09;4;3;6;4;0;1;1;0;1;0;0;0;513028,077999999746680;5279342,774000000208616;9,173537002000046;47,667345987000033;1
214445;08231122231202768910;08;2;35;035;2023;11;11;4;3;6;4;0;0;0;1;1;0;0;0;469447,551500000059605;5405583,293999999761581;8,583931043000064;48,802489219000051;1
214446;08231122231000735810;08;2;36;076;2023;11;09;4;3;5;3;0;0;1;0;0;0;0;1;471521,296099999919534;5423668,703600000590086;8,610910944000068;48,965276650000078;1
214447;08231208111500838730;08;1;11;000;2023;12;18;6;3;5;3;2;0;1;1;0;0;0;0;512409,212500000372529;5408422,594200000166893;9,169078795000075;48,828658208000036;1
214450;08231122226500788670;08;2;26;085;2023;11;15;4;3;6;2;0;0;0;1;1;0;0;0;490680,840300000272691;5455479,876000000163913;8,871941679000031;49,252017507000062;1
214452;08231122222700787520;08;2;22;000;2023;11;17;4;3;6;7;2;0;1;1;1;0;0;0;461569,512199999764562;5482330,832100000232458;8,469328774000076;49,492396558000053;1
214455;08231122221300738140;08;2;26;012;2023;11;16;4;3;5;3;0;0;1;0;0;0;0;0;476487,490899999625981;5477028,484799999743700;8,675635634000059;49,445464872000059;1
214456;08231122221011760660;08;2;21;000;2023;11;14;4;3;3;2;0;0;1;0;0;0;0;0;477145,596199999563396;5472176,139799999073148;8,684993842000040;49,401844022000034;1
214458;08231122212702748510;08;2;15;017;2023;11;07;4;3;1;6;0;0;1;1;0;0;0;0;456683,528699999675155;5421816,100199999287724;8,408397075000039;48,947750290000045;1
214459;08231122212302898060;08;2;12;000;2023;11;08;4;3;6;7;0;0;0;0;1;0;0;1;455110,215599999763072;5430584,417400000616908;8,385942096000065;49,026510156000029;1
214460;08231122212102734220;08;2;12;000;2023;11;07;4;3;2;2;2;1;1;0;0;0;0;1;461091,315999999642372;5427257,405899999663234;8,468073924000066;48,996989346000078;1
214463;08231122212010735610;08;2;12;000;2023;11;11;4;2;6;4;0;0;0;0;1;0;0;1;453399,710199999623001;5428913,054800000041723;8,362737145000040;49,011349323000047;1
214464;08231212116010849820;08;1;16;042;2023;12;17;3;3;5;2;2;1;1;1;0;0;0;0;516866,890899999998510;5381663,177300000563264;9,228721814000039;48,587825361000057;1
214465;08231122136300760640;08;1;36;079;2023;11;08;4;3;0;1;0;1;1;0;0;0;0;0;560256,243900000117719;5402045,323599999770522;9,820029453000075;48,768495358000052;1
214466;08231127415100787600;08;4;15;050;2023;11;16;2;3;5;3;2;1;1;1;0;0;0;0;520451,704499999992549;5376618,739499999210238;9,277084778000074;48,542337811000039;1
214469;08231122119200758970;08;1;19;020;2023;11;15;4;3;6;3;0;1;0;1;1;0;0;0;519939,739799999631941;5407617,304300000891089;9,271644083000069;48,821217849000050;1
214470;08231122118010736550;08;1;15;029;2023;11;14;4;3;0;7;0;0;1;0;0;0;0;0;497282,603799999691546;5398462,895899999886751;8,963040528000022;48,739179266000065;1
214472;08231122116010760180;08;1;16;080;2023;11;08;4;3;0;1;0;0;1;0;0;0;0;0;518462,747999999672174;5397349,504000000655651;9,251061857000025;48,728895580000028;1
214473;08231122111500734190;08;1;11;000;2023;11;11;4;3;6;6;0;0;0;0;1;0;0;1;512156,472799999639392;5403172,250299999490380;9,165479696000034;48,781431719000068;1
214474;08231121437100731380;08;4;37;044;2023;11;07;3;3;5;2;0;0;1;0;0;0;1;0;532047,448800000362098;5323383,166999999433756;9,430140092000045;48,062921089000042;1
214475;08231121426100729990;08;4;26;021;2023;11;11;3;3;5;3;0;0;1;1;0;0;0;0;559206,633100000210106;5326185,343000000342727;9,795030266000026;48,086187300000063;1
214477;08231121415100734970;08;4;15;050;2023;11;17;3;3;1;5;2;1;1;1;0;0;0;0;522296,308400000445545;5375567,084400000050664;9,302019301000030;48,532814037000037;1
214478;08231121335300787970;08;3;35;075;2023;11;21;3;3;0;4;2;1;0;1;1;0;0;0;488603,179100000299513;5288067,950300000607967;8,847963510000056;47,745882594000079;1
214479;08231121335100769020;08;3;35;043;2023;11;14;3;3;5;3;0;0;1;1;0;0;0;0;513038,678999999538064;5279676,058000000193715;9,173688158000061;47,670344552000074;1
214480;08231212212502884080;08;2;12;000;2023;12;18;3;3;4;6;2;0;1;0;0;0;0;0;454354,283300000242889;5429325,734200000762939;8,375743778000071;49,015132753000046;1
214481;08231121326400781930;08;3;26;037;2023;11;13;3;3;6;7;0;0;0;1;1;0;0;0;457300,106599999591708;5327744,861300000920892;8,426453490000029;48,101537370000074;1
214482;08231121317500728210;08;3;17;096;2023;11;08;3;3;8;1;0;1;1;0;0;0;0;0;422792,553600000217557;5368666,909299999475479;7,955529481000042;48,466394025000056;1
214485;08231121311010766200;08;3;11;000;2023;11;18;3;3;0;1;2;1;1;0;0;0;0;0;413259,228299999609590;5316948,483799999579787;7,837177934000067;47,999946892000025;1
214486;08231121311010749190;08;3;11;000;2023;11;07;3;3;5;2;1;0;1;1;0;0;0;0;413744,570299999788404;5318369,039100000634789;7,843397224000057;48,012790943000027;1
214489;08231121311010730100;08;3;11;000;2023;11;07;3;3;5;3;0;0;1;0;0;0;0;1;412380,889299999922514;5315707,311100000515580;7,825659113000029;47,988662383000076;1
214490;08231121311010728500;08;3;36;050;2023;11;09;3;3;6;4;0;0;0;1;1;0;0;0;399269,326100000180304;5274359,305700000375509;7,659578014000033;47,614805626000077;1
214492;08231121226700767430;08;2;26;041;2023;11;17;3;3;6;2;1;0;0;1;1;0;0;0;476904,564399999566376;5466369,412000000476837;8,682008852000024;49,349604049000050;1
214494;08231121222014775440;08;2;22;000;2023;11;15;3;3;1;5;0;0;1;0;0;0;0;1;464083,318300000391901;5483405,735200000926852;8,503941787000031;49,502218795000033;1
214495;08231121215502750930;08;2;15;066;2023;11;16;3;3;0;6;1;0;1;1;0;0;0;0;460205,904799999669194;5453417,675300000235438;8,453390461000026;49,232245293000062;1
214496;08231121215402745820;08;2;15;009;2023;11;08;3;3;5;3;0;1;1;1;0;0;0;0;470373,435999999754131;5442042,617000000551343;8,593884918000072;49,130501849000041;1
214497;08231121212010736050;08;2;12;000;2023;11;17;3;3;5;3;2;0;1;1;0;0;0;0;458763,774500000290573;5429345,260299999266863;8,436043294000058;49,015618872000061;1
214498;08231121212010731770;08;2;12;000;2023;11;09;3;2;5;3;0;1;1;1;0;0;0;0;451836,046900000423193;5431581,876599999144673;8,341038484000023;49,035235263000061;1
214501;08231121121500732010;08;1;25;065;2023;11;16;3;3;3;6;0;1;1;1;0;0;0;0;516320,726200000382960;5449022,246200000867248;9,224006341000063;49,193783144000065;1
214503;08231121116500766890;08;1;16;049;2023;11;05;3;2;5;3;2;1;1;1;0;0;0;0;525107,249099999666214;5385565,650900000706315;9,340698718000056;48,622656160000076;1
214504;08231121116200767420;08;1;16;077;2023;11;15;3;2;0;1;0;1;1;0;0;0;0;0;515709,298200000077486;5392376,014699999243021;9,213430651000067;48,684229494000078;1
214509;08231121111500728440;08;1;11;000;2023;11;06;3;3;6;2;2;1;0;1;1;0;0;0;512112,603799999691546;5408805,903200000524521;9,165048766000041;48,832112252000059;1
214510;08231120426010743440;08;4;21;000;2023;11;17;2;2;5;3;2;0;1;1;0;0;0;0;566728,178399999625981;5355984,309399999678135;9,900708415000054;48,353507785000033;1
214515;08231120415400775760;08;4;15;061;2023;11;18;2;3;5;3;2;1;1;1;0;0;0;0;514792,832000000402331;5370816,985500000417233;9,200211781000064;48,490302360000044;1
214518;08231120335100727970;08;3;35;043;2023;11;17;2;3;0;1;1;1;1;0;0;0;0;0;512482,864799999631941;5280126,923100000247359;9,166297081000039;47,674412255000050;1
214521;08231120317100730150;08;3;17;001;2023;11;14;2;3;5;3;0;1;1;1;0;0;0;0;431103,158300000242889;5387308,082399999722838;8,064854825000054;48,635039016000064;1
214522;08231120311010730670;08;3;11;000;2023;11;18;2;3;1;5;2;1;1;1;0;0;0;0;413559,624900000169873;5316804,994100000709295;7,841233018000025;47,998696842000072;1
214525;08231120226400787010;08;2;26;084;2023;11;11;2;3;1;6;0;0;1;1;0;0;0;0;468908,572200000286102;5470660,496999999508262;8,571583017000023;49,387846168000067;1
214527;08231212119300816130;08;1;19;067;2023;12;12;3;3;5;3;0;1;1;1;0;0;0;0;538925,049700000323355;5406557,380699999630451;9,530176419000043;48,810783718000039;1
214528;08231120221400745110;08;2;21;000;2023;11;19;2;3;5;3;2;1;1;1;0;0;0;0;476932,021999999880791;5469711,473600000143051;8,682193208000058;49,379666622000059;1
214529;08231120221300784120;08;2;21;000;2023;11;19;2;3;0;1;2;1;1;0;0;0;0;0;476695,120699999853969;5474543,876599999144673;8,678645961000029;49,423124328000029;1
214530;08231120216200730360;08;2;16;007;2023;11;12;2;3;5;3;0;0;1;1;0;0;0;0;436619,754099999554455;5394157,337300000712276;8,138673704000041;48,697232470000074;1
214531;08231120216200723670;08;2;16;007;2023;11;04;2;3;0;7;2;0;1;0;0;0;0;0;436583,852099999785423;5392172,066700000315905;8,138490556000022;48,679371140000057;1
214534;08231120212010727990;08;2;12;000;2023;11;09;2;2;5;3;0;0;1;0;0;0;0;0;460314,170099999755621;5430868,302400000393391;8,457096863000061;49,029420584000036;1
214535;08231120128200727390;08;1;28;115;2023;11;12;2;3;6;3;0;0;0;1;1;0;0;0;547841,010999999940395;5496937,957000000402331;9,662383780000027;49,623106098000051;1
214539;08231120119010754610;08;1;19;008;2023;11;18;2;3;6;4;2;1;0;0;1;0;0;1;532305,426699999719858;5422329,751800000667572;9,441263702000072;48,953044045000070;1
214543;08231120116500786910;08;1;16;049;2023;11;06;2;3;6;6;2;1;1;0;1;0;0;0;525201,506699999794364;5386855,364099999889731;9,342056151000065;48,634254680000026;1
214544;08231123316200788470;08;3;16;056;2023;11;15;5;3;5;3;0;0;1;0;0;0;0;0;421993,583999999798834;5327168,947200000286102;7,952383870000062;48,093011700000034;1
214545;08231120115200764350;08;1;15;021;2023;11;15;2;2;6;2;0;1;0;1;1;0;0;0;490010,212899999693036;5382100,944000000134110;8,864523582000061;48,591911076000031;1
214547;08231120111230733950;08;1;11;000;2023;11;08;2;3;4;5;0;0;1;1;0;0;0;0;508095,642199999652803;5399481,307800000533462;9,110129246000042;48,748294224000063;1
214549;08231119416200758660;08;4;16;025;2023;11;12;1;3;0;7;0;0;1;0;0;0;0;0;504543,306599999777973;5360926,268699999898672;9,061383684000020;48,401478412000074;1
214550;08231119311400740360;08;3;15;076;2023;11;18;1;3;0;7;2;1;1;0;0;0;0;0;391804,165599999949336;5295917,189699999988079;7,554918829000030;47,807510656000034;1
214555;08231119212402772520;08;2;12;000;2023;11;13;1;2;0;1;0;1;1;0;0;0;0;0;456886,766499999910593;5427792,743000000715256;8,410539144000040;49,001525470000047;1
214556;08231119212302741050;08;2;12;000;2023;11;17;1;3;5;3;2;0;1;1;0;0;0;0;456186,154600000008941;5428843,267500000074506;8,400847286000044;49,010925726000039;1
214557;08231119119400722810;08;1;19;079;2023;11;11;1;3;0;1;0;1;1;0;0;0;0;0;522533,521800000220537;5409126,336999999359250;9,307062259000077;48,834704062000071;1
214558;08231119119300773030;08;1;19;067;2023;11;15;1;3;6;4;0;0;0;1;1;0;0;0;539269,422000000253320;5405024,195000000298023;9,534720066000034;48,796970229000067;1
214559;08231119118400736510;08;1;18;048;2023;11;11;1;3;0;1;0;1;1;0;0;0;0;0;513395,586000000126660;5415034,970799999311566;9,182734719000052;48,888121284000079;1
214560;08231201435100794840;08;4;35;016;2023;12;14;6;3;5;3;0;1;1;1;0;0;0;0;537535,997700000181794;5278445,644600000232458;9,499902434000035;47,658316058000025;1
214561;08231119117400726820;08;1;17;012;2023;11;15;1;3;2;3;0;0;1;1;0;0;0;0;544356,809000000357628;5387709,562100000679493;9,602127811000059;48,640873272000078;1
214562;08231119111310757570;08;1;11;000;2023;11;22;1;2;0;1;2;1;1;0;0;0;0;0;515390,715900000184774;5406825,067900000140071;9,209642364000047;48,814220387000034;1
214563;08231118421200720430;08;4;21;000;2023;11;11;7;3;0;1;0;1;1;0;0;0;0;0;573770,213000000454485;5361186,676999999210238;9,996661843000027;48,399520838000058;1
214564;08231118417300736530;08;4;17;025;2023;11;16;7;3;3;6;2;1;1;1;0;0;0;0;485406,930999999865890;5357128,478000000119209;8,802968503000045;48,367158925000069;1
214565;08231118416010748890;08;4;15;050;2023;11;20;7;2;0;1;2;1;1;0;0;0;0;0;522675,935399999842048;5372872,584400000050664;9,307015017000026;48,508560066000030;1
214568;08231118325102785120;08;3;25;057;2023;11;12;7;2;6;4;0;0;0;1;1;0;0;0;473136,113699999637902;5357102,272800000384450;8,637295730000062;48,366520135000030;1
214571;08231118316100732440;08;3;16;012;2023;11;11;7;3;6;6;0;0;0;1;1;0;0;0;403597,737200000323355;5332862,911299999803305;7,704101689000026;48,141709739000078;1
214573;08231118311010770100;08;3;11;000;2023;11;15;7;3;0;1;0;0;1;0;0;0;0;0;413067,355299999937415;5316492,540999999269843;7,834698662000051;47,995819473000040;1
214574;08231118311010749510;08;3;11;000;2023;11;21;7;3;6;6;2;1;1;0;1;0;0;0;413146,269399999640882;5318284,645300000905991;7,835393388000057;48,011950751000029;1
214577;08231118221011785140;08;2;21;000;2023;11;07;7;3;7;7;1;0;1;0;0;0;0;1;476956,157399999909103;5470410,761600000783801;8,682485189000033;49,385957546000043;1
214578;08231118121200756820;08;1;21;000;2023;11;14;7;3;0;7;0;0;1;0;0;0;0;0;515924,241799999959767;5443388,753499999642372;9,218341584000029;49,143118685000047;1
214579;08231118117300741590;08;1;17;026;2023;11;18;7;2;6;2;2;0;0;1;1;0;0;0;547808,590599999763072;5395419,003599999472499;9,649872889000051;48,709969449000027;1
214581;08231118116400723480;08;1;16;070;2023;11;14;7;3;2;6;0;0;1;1;0;0;0;0;539602,140200000256300;5384830,973899999633431;9,537313031000053;48,615297370000064;1
214583;08231118111500720880;08;1;11;000;2023;11;21;7;3;6;4;2;1;0;1;1;0;0;0;515241,774699999950826;5403682,653999999165535;9,207496963000040;48,785955309000030;1
214584;08231117437100728010;08;4;37;100;2023;11;17;6;3;6;7;1;1;0;1;1;0;0;0;536950,594499999657273;5318752,949599999934435;9,495547913000053;48,020998822000081;1
214585;08231117436300750140;08;4;36;081;2023;11;15;6;3;5;3;0;1;1;1;0;0;0;0;561651,754999999888241;5282884,509999999776483;9,821674215000030;47,696402756000055;1