OID_;UIDENTSTLAE;ULAND;UREGBEZ;UKREIS;UGEMEINDE;UJAHR;UMONAT;USTUNDE;UWOCHENTAG;UKATEGORIE;UART;UTYP1;ULICHTVERH;IstStrassenzustand;IstRad;IstPKW;IstFuss;IstKrad;IstGkfz;IstSonstige;LINREFX;LINREFY;XGCSWGS84;YGCSWGS84;PLST
214588;08231117426100731910;08;4;26;021;2023;11;07;6;3;3;2;1;1;1;1;0;0;0;0;559000,563500000163913;5327884,191700000315905;9,792498249000062;48,101489556000047;1
214589;08231120335100730300;08;3;35;043;2023;11;18;2;3;0;1;1;0;1;0;0;0;0;0;510396,935999999754131;5281311,198000000789762;9,138536576000035;47,685104873000057;1
214593;08231117335100717020;08;3;35;043;2023;11;12;6;3;5;3;0;1;1;0;0;0;0;0;513030,611399999819696;5279343,979800000786781;9,173570783000059;47,667356786000028;1
214594;08231117317100783910;08;3;17;001;2023;11;16;6;3;6;7;0;1;1;0;1;0;0;0;431286,098699999973178;5386903,937699999660254;8,067404560000057;48,631423867000080;1
214597;08231117231000743860;08;2;31;000;2023;11;07;6;2;6;4;1;1;0;1;1;0;0;0;479528,288399999961257;5418578,334100000560284;8,720560265000074;48,919802819000040;1
214599;08231119126100753980;08;1;26;046;2023;11;11;1;2;0;1;0;1;1;0;0;0;0;0;549923,686599999666214;5459284,346400000154972;9,686471139000048;49,284271329000035;1
214600;08231117222200752320;08;2;22;000;2023;11;12;6;3;2;6;0;1;1;1;0;0;0;0;462178,035000000149012;5481665,543299999088049;8,477794909000067;49,486450873000081;1
214602;08231117221300752710;08;2;21;000;2023;11;18;6;3;1;5;2;0;1;1;0;0;0;0;476902,089200000278652;5473901,982400000095367;8,681537195000033;49,417358501000081;1
214605;08231117136100736160;08;1;36;088;2023;11;15;6;3;5;3;0;1;1;1;0;0;0;0;579903,303100000135601;5409616,669999999925494;10,088836067000045;48,834382003000030;1
214608;08231117119200729260;08;1;19;020;2023;11;20;6;3;6;4;2;0;0;1;1;0;0;0;519773,503299999982119;5408022,572300000116229;9,269398967000029;48,824868871000035;1
214609;08231117117300733060;08;1;17;026;2023;11;16;6;3;6;4;0;1;0;1;1;0;0;0;547341,362900000065565;5395418,549100000411272;9,643522126000050;48,710001006000027;1
214613;08231117111120718340;08;1;11;000;2023;11;11;6;3;0;4;0;0;0;0;1;1;0;0;514052,564799999818206;5403779,124099999666214;9,191310812000040;48,786851152000054;1
214615;08231116426200714160;08;4;26;070;2023;11;08;5;3;8;1;0;0;1;0;0;0;0;0;566660,024000000208616;5341985,656999999657273;9,897578850000059;48,227588397000034;1
214617;08231116416010785400;08;4;16;041;2023;11;18;5;3;6;4;2;1;0;1;1;0;0;0;503298,104299999773502;5374301,948499999940395;9,044665467000073;48,521819907000065;1
214619;08231116415400782490;08;4;15;061;2023;11;17;5;2;5;3;2;1;1;1;0;0;0;0;516628,767900000326335;5370938,659499999135733;9,225064687000042;48,491351079000026;1
214621;08231116415100747070;08;4;15;078;2023;11;18;5;3;6;4;2;1;0;1;1;0;0;0;529441,789699999615550;5370950,722599999979138;9,398481989000061;48,490989889000048;1
214623;08231116335100747610;08;3;35;043;2023;11;08;5;3;5;3;0;0;1;1;0;0;0;0;511016,302000000141561;5280813,660000000149012;9,146776888000034;47,680617936000033;1
214625;08231116317500746170;08;3;17;096;2023;11;17;5;3;5;3;2;1;1;1;0;0;0;0;422633,964800000190735;5369185,427200000733137;7,953288524000072;48,471038578000048;1
214626;08231116317300713640;08;3;17;114;2023;11;16;5;3;0;1;0;1;1;0;0;0;0;0;405526,598100000061095;5346988,953900000080466;7,726878477000071;48,269057874000055;1
214627;08231116317010724540;08;3;17;096;2023;11;17;5;3;5;3;2;1;1;1;0;0;0;0;421226,269100000150502;5368095,290400000289083;7,934452037000028;48,461058146000028;1
214628;08231116317010717430;08;3;17;057;2023;11;18;5;2;6;4;2;1;0;1;1;0;0;0;413754,303999999538064;5379405,921900000423193;7,831063988000039;48,561811734000059;1
214630;08231116311010746590;08;3;11;000;2023;11;16;5;3;2;2;0;1;1;1;0;0;0;0;413412,353400000371039;5317242,403999999165535;7,839170926000065;48,002611562000027;1
214631;08231116311010745710;08;3;11;000;2023;11;07;5;3;5;3;1;0;1;1;0;0;0;0;412801,497999999672174;5316746,116000000387430;7,831084178000026;47,998064257000067;1
214632;08231116311010729560;08;3;11;000;2023;11;16;5;3;3;2;1;1;1;0;0;0;0;1;412972,225899999961257;5316379,305299999192357;7,833446722000076;47,994787939000048;1
214635;08231116226100748740;08;2;26;013;2023;11;18;5;3;6;4;2;1;0;1;1;0;0;0;498836,335500000044703;5479165,183000000193715;8,983940374000042;49,465138004000039;1
214636;08231116225200735250;08;2;25;109;2023;11;10;5;3;0;3;0;0;1;1;0;0;0;0;526770,908999999985099;5492177,593000000342727;9,370341734000021;49,581590622000078;1
214638;08231116222014789530;08;2;21;000;2023;11;11;5;3;6;4;0;0;0;0;1;0;1;0;476849,405399999581277;5475287,125299999490380;8,680730000000040;49,429815600000040;1
214640;08231116221400890970;08;2;21;000;2023;11;19;5;3;5;2;2;1;1;1;0;0;0;0;476316,529799999669194;5471772,453299999237061;8,673590937000029;49,398181229000045;1
215437;08231231311010898310;08;3;11;000;2023;12;20;1;3;5;3;2;0;1;1;0;0;0;0;412207,584200000390410;5315300,184599999338388;7,823420096000063;47,984976387000074;1
215438;08231231231000890150;08;2;31;000;2023;12;13;1;3;6;4;0;1;0;1;1;0;0;0;477798,417200000025332;5414259,390300000086427;8,697182577000035;48,880891499000029;1
215441;08231231126200892180;08;1;26;066;2023;12;19;1;3;0;7;2;0;1;1;0;0;0;0;535590,794300000183284;5449265,762099999934435;9,488507404000075;49,195157782000081;1
215442;08231231116400893430;08;1;16;070;2023;12;19;1;3;6;2;2;1;0;1;1;0;0;0;539608,186300000175834;5384903,515499999746680;9,537401986000077;48,615949559000057;1
215443;08231230437100886130;08;4;37;076;2023;12;18;7;3;0;7;2;0;1;0;0;0;0;0;525701,555399999953806;5321600,914999999105930;9,344860368000070;48,047173559000043;1
215445;08231230421300877680;08;4;25;028;2023;12;17;7;2;0;1;1;0;1;0;0;0;0;0;579858,347099999897182;5340412,112099999561906;10,074968380000030;48,211909403000050;1
215446;08231230335400884490;08;3;35;098;2023;12;11;7;3;0;1;0;0;1;0;0;0;0;0;502191,636300000362098;5294386,092000000178814;9,029268920000050;47,802827313000080;1
215448;08231230311010890070;08;3;11;000;2023;12;11;7;3;6;7;0;0;0;1;1;0;0;0;415538,102699999697506;5315631,296900000423193;7,867980836000072;47,988403375000075;1
215449;08231230311010874610;08;3;11;000;2023;12;15;7;3;5;3;0;0;1;1;0;0;0;0;411281,095999999903142;5315367,366000000387430;7,810992322000061;47,985452861000056;1
215450;08231230226600884740;08;2;26;096;2023;12;13;7;3;5;7;0;0;1;1;0;0;0;0;474462,365199999883771;5487945,424000000581145;8,646993251000026;49,543577433000053;1
215452;08231230221011894130;08;2;26;037;2023;12;17;7;2;3;6;2;0;1;1;0;0;0;0;465719,704699999652803;5470475,246200000867248;8,527660243000071;49,386008728000036;1
215454;08231230215102878080;08;2;12;000;2023;12;16;7;3;6;6;0;0;1;0;1;0;0;0;454855,052600000053644;5431775,219000000506639;8,382319279000058;49,037202843000046;1
215455;08231230212502876880;08;2;12;000;2023;12;10;7;3;6;4;0;0;0;1;1;0;0;0;453201,061099999584258;5429241,609600000083447;8,359982894000041;49,014289651000070;1
215456;08231230127202892600;08;1;27;014;2023;12;13;7;2;0;7;0;0;1;0;0;0;0;0;577612,601499999873340;5442933,308900000527501;10,063987479000048;49,134325657000034;1
215457;08231230127100885390;08;1;27;059;2023;12;16;7;3;5;3;0;0;1;1;0;0;0;0;550576,736200000159442;5439129,995300000533462;9,692913390000058;49,102936255000031;1
215460;08231230116500891720;08;1;16;068;2023;12;14;7;3;5;2;0;0;1;0;0;0;0;1;526260,564000000245869;5389614,631300000473857;9,356605258000059;48,659033453000063;1
215461;08231230115200891150;08;1;15;021;2023;12;15;7;3;5;3;0;0;1;1;0;0;0;0;489759,970200000330806;5381897,803999999538064;8,861134936000042;48,590079540000033;1
215465;08231229335100873650;08;3;35;043;2023;12;14;6;3;0;1;0;0;1;0;0;0;0;0;511007,959200000390410;5280711,217199999839067;9,146663149000062;47,679696333000038;1
215468;08231229317500872260;08;3;17;096;2023;12;10;6;3;0;7;0;0;1;0;0;0;0;0;421829,354399999603629;5370232,020800000056624;7,942208894000032;48,480353081000032;1
215470;08231229311010877450;08;3;36;069;2023;12;13;6;3;5;3;0;0;1;1;0;0;0;0;407621,796900000423193;5268312,800000000745058;7,771969862000049;47,561657436000075;1
215474;08231229222200885330;08;2;22;000;2023;12;13;6;3;3;5;0;0;1;1;0;0;0;0;461347,282999999821186;5481968,920900000259280;8,466295632000026;49,489127246000066;1
215476;08231229221400897090;08;2;21;000;2023;12;13;6;3;6;7;0;0;1;0;1;0;0;0;473911,194199999794364;5472532,837999999523163;8,640390962000026;49,404922410000040;1
215478;08231229216100871750;08;2;16;023;2023;12;15;6;3;8;1;0;0;1;0;0;0;0;0;437155,187699999660254;5408222,480200000107288;8,143801537000058;48,823802440000065;1
215480;08231229127202890890;08;1;27;014;2023;12;13;6;3;6;4;0;0;0;1;1;0;0;0;579096,221900000236928;5442536,716900000348687;10,084244779000073;49,130569588000071;1
215483;08231228435200868700;08;4;35;059;2023;12;15;5;3;5;3;0;0;1;1;0;0;0;0;515188,447999999858439;5291285,886800000444055;9,202729925000028;47,774757854000029;1
215487;08231228336200890390;08;3;36;069;2023;12;17;5;3;0;7;2;1;1;0;0;0;0;0;408630,930900000035763;5268488,609600000083447;7,785345103000054;47,563381824000032;1
215488;08231228327100872320;08;3;27;050;2023;12;17;5;3;6;7;2;0;0;1;1;0;0;0;487173,695000000298023;5313467,370799999684095;8,828140288000043;47,974383661000047;1
215489;08231228317200888830;08;3;17;057;2023;12;13;5;3;5;3;0;1;1;1;0;0;0;0;412576,259999999776483;5379640,595000000670552;7,815051525000058;48,563759284000071;1
215494;08231228215402889610;08;2;15;009;2023;12;17;5;3;5;3;2;1;1;1;0;0;0;0;470071,802299999631941;5441179,184100000187755;8,589814364000063;49,122720491000052;1
215499;08231228121500868770;08;1;25;065;2023;12;12;5;2;0;1;0;1;1;0;0;0;0;0;516556,979299999773502;5448344,693900000303984;9,227221038000039;49,187682059000053;1
215500;08231228118400894250;08;1;18;048;2023;12;11;5;3;0;7;0;0;1;0;0;0;0;0;514049,128100000321865;5415708,488600000739098;9,191673064000042;48,894165601000054;1
215502;08231228115100894630;08;1;15;003;2023;12;10;5;3;6;4;0;0;0;1;1;0;0;0;501122,949000000022352;5392506,690999999642372;9,015257090000034;48,685601761000044;1
215504;08231227437200867530;08;4;37;065;2023;12;14;4;2;0;1;0;0;1;0;0;0;0;0;518497,655000000260770;5317576,987400000914931;9,248026652000021;48,011219520000054;1
215506;08231227435100865580;08;4;35;045;2023;12;14;4;3;2;6;0;0;1;0;0;0;0;0;535983,582899999804795;5288219,540300000458956;9,480034862000025;47,746343341000056;1
215508;08231227317300886380;08;3;17;065;2023;12;15;4;3;6;4;0;0;0;1;1;0;0;0;416134,004300000146031;5354606,505499999970198;7,868278972000041;48,339070979000041;1
215509;08231227311010869440;08;3;11;000;2023;12;14;4;3;6;3;0;0;0;1;1;0;0;0;412332,204400000162423;5316396,570800000801682;7,824865966000061;47,994855813000072;1
215510;08231227226400887430;08;2;26;084;2023;12;10;4;3;6;2;0;0;0;1;1;0;0;0;467389,064100000075996;5472862,402100000530481;8,550465241000040;49,407572203000029;1
215512;08231227136100877360;08;1;36;088;2023;12;12;4;3;0;7;0;0;1;0;0;0;0;0;579782,599100000225008;5410102,515100000426173;10,087286130000052;48,838767337000036;1
215515;08231227117100887680;08;1;17;019;2023;12;17;4;3;6;4;2;0;0;1;1;0;0;0;552013,220599999651313;5394051,751399999484420;9,706850751000047;48,697333945000025;1
215516;08231227115400877560;08;1;15;045;2023;12;10;4;3;6;4;0;0;0;1;1;0;0;0;499789,377799999900162;5394709,317500000819564;8,997137231000067;48,705417771000043;1
215517;08231227111370865640;08;1;11;000;2023;12;15;4;3;0;1;0;1;1;0;0;0;0;0;509337,405500000342727;5406822,612999999895692;9,127188316000058;48,814318764000063;1
215520;08231226327200896810;08;3;27;010;2023;12;13;3;3;1;5;0;0;1;0;0;0;0;1;480585,685899999924004;5327991,195000000298023;8,739209648000042;48,104888982000034;1
215521;08231226311010895710;08;3;11;000;2023;12;20;3;3;0;7;2;0;1;0;0;0;0;0;414733,562400000169873;5315686,104399999603629;7,857189133000077;47,988789629000053;1
215525;08231226119400879940;08;1;19;041;2023;12;17;3;3;6;6;2;0;0;1;1;0;0;0;526924,542500000447035;5410171,817199999466538;9,366965818000040;48,843933978000052;1
215526;08231226118500866500;08;1;18;021;2023;12;12;3;3;1;5;0;0;1;0;0;0;1;0;522163,386800000444055;5427798,165400000289083;9,303032898000026;49,002682029000027;1
215528;08231226116010875760;08;1;16;019;2023;12;04;3;2;9;1;2;0;0;1;1;0;0;0;522468,407200000248849;5399412,873900000005960;9,305643759000077;48,747325896000063;1
215529;08231225435100861850;08;4;35;016;2023;12;15;2;3;6;2;0;0;1;0;1;0;0;0;531162,208599999547005;5279683,820100000128150;9,415107493000050;47,669794960000047;1
215530;08231225421300871340;08;4;21;000;2023;12;04;2;3;6;4;2;0;0;1;1;0;0;0;573852,458899999968708;5360991,091399999335408;9,997738432000062;48,397751878000065;1
215536;08231225311010877760;08;3;11;000;2023;12;15;2;3;1;5;0;0;1;1;0;0;0;0;413254,868400000035763;5316950,791799999773502;7,837119032000032;47,999967061000063;1
215537;08231225222014864300;08;2;26;095;2023;12;10;2;1;0;7;0;0;1;0;0;0;0;0;472971,210599999874830;5461845,809299999848008;8,628159880000055;49,308752978000030;1
215538;08231225221300889980;08;2;21;000;2023;12;10;2;2;2;7;0;1;1;1;0;0;0;0;476737,057699999772012;5473389,531300000846386;8,679291893000027;49,412742804000061;1
215546;08231224415300881870;08;4;15;019;2023;12;05;1;3;8;1;2;0;1;0;0;0;0;0;519076,036500000394881;5370219,347400000318885;9,258154456000057;48,484810382000035;1
215547;08231224335100871470;08;3;35;043;2023;12;17;1;3;6;4;2;1;0;0;1;1;0;0;512757,632899999618530;5278617,945499999448657;9,169913462000068;47,660829607000039;1
215550;08231224325302858950;08;3;25;053;2023;12;16;1;3;5;3;1;1;1;1;0;0;0;0;454376,507199999876320;5342025,174399999901652;8,385653496000032;48,229806232000044;1
215555;08231224111140855360;08;1;11;000;2023;12;00;1;3;0;7;2;0;1;0;0;0;0;0;511129,680999999865890;5400948,245300000533462;9,151442388000021;48,761443915000029;1
215562;08231223311010879370;08;3;15;051;2023;12;02;7;3;8;7;2;1;1;0;0;0;0;0;417888,645999999716878;5322575,919700000435114;7,898147875000063;48,051179793000074;1
215564;08231223128100880910;08;1;28;007;2023;12;19;7;3;8;1;2;1;1;0;0;0;0;0;555820,593100000172853;5481680,507999999448657;9,770693087000041;49,485196826000049;1
215565;08231223111500868750;08;1;11;000;2023;12;13;7;3;5;3;0;0;1;1;0;0;0;0;515057,443300000391901;5403491,452199999243021;9,204980542000044;48,784239767000031;1
215567;08231222435100848970;08;4;35;016;2023;12;08;6;3;5;3;0;0;1;0;0;0;1;0;535701,366600000299513;5279164,160599999129772;9,475528509000071;47,664884695000069;1
215568;08231222426200877460;08;4;26;070;2023;12;10;6;3;3;5;0;1;1;1;0;0;0;0;565293,684399999678135;5341985,085500000044703;9,879183239000042;48,227725400000054;1
215569;08231222425000886390;08;4;25;071;2023;12;07;6;3;6;2;1;1;0;0;1;0;0;1;551006,144799999892712;5371175,904899999499321;9,690356381000072;48,491635219000045;1
215572;08231222336300879760;08;3;36;081;2023;12;11;6;2;5;3;0;1;1;1;0;0;0;0;410557,544700000435114;5277793,945699999108911;7,809052815000030;47,647359726000047;1
215573;08231222335200879250;08;3;35;063;2023;12;13;6;3;5;3;0;1;1;1;0;0;0;0;497804,318799999542534;5287680,493400000035763;8,970710959000030;47,742493380000042;1
215574;08231222327100886460;08;3;27;050;2023;12;10;6;2;5;7;0;1;1;1;0;0;0;0;487350,613400000147521;5313409,547800000756979;8,830512510000062;47,973866939000061;1
215577;08231222311010865960;08;3;11;000;2023;12;07;6;3;0;7;2;1;1;0;0;0;0;1;413965,316599999554455;5319219,925499999895692;7,846185818000038;48,020474711000077;1
215582;08231222216200851260;08;2;16;007;2023;12;11;6;3;6;2;0;1;0;1;1;0;0;0;436089,366799999959767;5394301,098500000312924;8,131444448000025;48,698471502000075;1
215584;08231222216100878880;08;2;16;043;2023;12;18;6;3;6;2;2;0;0;1;1;0;0;0;441561,283599999733269;5411832,067900000140071;8,203309148000073;48,856700854000053;1
215585;08231222212010852730;08;2;12;000;2023;12;17;6;3;5;3;2;1;1;1;0;0;0;0;455040,100300000049174;5429893,270099999383092;8,385059637000040;49,020288137000080;1
215586;08231222135100894890;08;1;35;015;2023;12;07;6;3;6;2;2;0;0;1;1;0;0;0;575788,283900000154972;5386231,840199999511242;10,028471780000075;48,624561134000032;1
215590;08231222121100852610;08;1;25;006;2023;12;12;6;3;6;4;0;1;0;1;1;0;0;0;507407,303000000305474;5453854,418999999761581;9,101756730000034;49,237422298000070;1
215592;08231222116100854470;08;1;16;019;2023;12;12;6;3;5;7;0;1;1;1;0;0;0;0;520589,863400000147521;5400756,838199999183416;9,280156972000043;48,759481001000040;1
215595;08231221417100858070;08;4;17;010;2023;12;18;5;3;6;4;2;1;0;1;1;0;0;0;507191,107499999925494;5343166,215399999171495;9,096854580000070;48,241672453000035;1
215600;08231221335100878120;08;3;35;043;2023;12;08;5;3;5;3;0;0;1;1;0;0;0;0;512031,014200000092387;5280352,279300000518560;9,160283748000040;47,676448500000049;1
215601;08231221327100879890;08;3;27;050;2023;12;16;5;3;6;6;2;1;0;1;1;0;0;0;486603,864699999801815;5313840,421299999579787;8,820493534000036;47,977728386000081;1
215604;08231221325302848710;08;3;25;053;2023;12;14;5;3;5;3;0;1;1;1;0;0;0;0;454664,354399999603629;5340591,255499999970198;8,389682673000038;48,216926876000059;1
215605;08231221311010876840;08;3;11;000;2023;12;11;5;3;5;3;0;0;1;1;0;0;0;0;410226,383000000379980;5315750,208000000566244;7,796780254000055;47,988749439000060;1
215606;08231221311010846200;08;3;11;000;2023;12;16;5;3;1;5;1;0;1;1;0;0;0;0;414165,840599999763072;5316069,208000000566244;7,849505038000075;47,992159848000028;1
215608;08231221222800864290;08;2;22;000;2023;12;18;5;3;0;7;2;1;1;0;0;0;0;0;462587,553999999538064;5485903,552999999374151;8,483047387000056;49,524594863000061;1
215610;08231221221400861230;08;2;21;000;2023;12;12;5;3;5;7;0;1;1;1;0;0;0;0;477128,151899999938905;5468170,671299999579787;8,684983818000035;49,365814660000069;1
215611;08231221212502877480;08;2;12;000;2023;12;13;5;3;1;5;0;0;1;1;0;0;0;0;453760,412499999627471;5428577,143600000068545;8,367707726000049;49,008354920000045;1
215613;08231224136300881570;08;1;36;065;2023;12;19;1;3;6;7;2;0;0;0;1;0;0;1;558509,808299999684095;5405667,696399999782443;9,796780259000059;48,801245553000058;1
215614;08231221121200846940;08;1;21;000;2023;12;09;5;3;0;1;0;1;1;0;0;0;0;0;517133,905000000260770;5443729,885999999940395;9,234941969000033;49,146154725000031;1
215615;08231221119200877420;08;1;19;020;2023;12;18;5;3;4;2;2;1;1;1;0;0;0;0;519930,956899999640882;5407104,640499999746680;9,271499525000024;48,816606310000054;1
215617;08231221118400846420;08;1;18;048;2023;12;08;5;3;6;4;0;1;0;1;1;0;0;0;513330,675999999977648;5416104,770999999716878;9,181884166000032;48,897746327000050;1
215620;08231221118100846450;08;1;18;079;2023;12;11;5;3;0;7;0;1;1;0;0;0;0;0;509880,291500000283122;5421860,990299999713898;9,134946613000068;48,949592252000059;1
215621;08231221118010883060;08;1;15;028;2023;12;17;5;2;6;4;2;1;0;1;1;0;0;0;500254,287700000219047;5405124,508600000292063;9,003462701000046;48,799112866000030;1
215624;08231221111500849030;08;1;11;000;2023;12;18;5;3;6;4;2;1;0;0;1;1;0;0;511276,410699999891222;5398772,183499999344349;9,153379347000055;48,741865480000058;1
215625;08231220437200841630;08;4;37;104;2023;12;11;4;3;6;7;0;1;0;0;1;0;0;1;515805,020800000056624;5325804,125000000000000;9,212226506000036;48,085311760000081;1
215626;08231220436000867560;08;4;36;064;2023;12;14;4;3;6;4;0;0;0;0;1;0;0;1;545616,972199999727309;5291925,124199999496341;9,608930248000036;47,779073226000037;1
215629;08231220416200871650;08;4;16;041;2023;12;08;4;3;2;6;0;1;1;1;0;0;0;0;504305,236999999731779;5374901,551300000399351;9,058311018000040;48,527208048000034;1
215630;08231220416000848920;08;4;16;041;2023;12;18;4;3;6;4;2;0;0;0;1;0;0;1;504431,801400000229478;5373193,091700000688434;9,060007075000044;48,511837240000034;1
215631;08231220416000844190;08;4;16;031;2023;12;16;4;3;5;3;0;0;1;1;0;0;0;0;502989,513199999928474;5362820,212899999693036;9,040404203000037;48,418526642000074;1
215633;08231220336300863030;08;3;36;081;2023;12;11;4;3;5;3;0;0;1;1;0;0;0;0;411970,015999999828637;5277967,744999999180436;7,827821121000056;47,649116869000068;1
215634;08231220327100874790;08;3;27;025;2023;12;18;4;3;6;4;2;1;0;1;1;0;0;0;479950,275000000372529;5309929,858999999240041;8,731519505000051;47,942370536000055;1
215638;08231220311010874640;08;3;11;000;2023;12;11;4;3;0;7;0;0;1;0;0;0;0;0;413140,867100000381470;5317187,633600000292063;7,835543138000048;48,002082051000059;1
215639;08231220311010874630;08;3;11;000;2023;12;13;4;3;5;3;0;0;1;1;0;0;0;0;414165,276100000366569;5316069,322300000116229;7,849497451000047;47,992160800000079;1
215640;08231220311010842910;08;3;11;000;2023;12;08;4;3;5;3;1;1;1;0;0;0;0;1;410219,836699999868870;5315782,577700000256300;7,796685766000053;47,989039693000052;1
215642;08231220222400893760;08;2;26;038;2023;12;10;4;3;6;7;0;0;0;1;1;0;0;0;471627,121100000105798;5480605,965299999341369;8,608330027000022;49,477435696000043;1
215643;08231220221300878020;08;2;21;000;2023;12;15;4;3;2;6;0;0;1;0;0;0;0;0;477598,076899999752641;5474737,595300000160933;8,691085810000061;49,424900722000075;1
215644;08231220221300874980;08;2;21;000;2023;12;10;4;3;0;7;0;1;1;0;0;0;0;0;477669,848000000230968;5473509,971999999135733;8,692144573000064;49,413861099000030;1
215646;08231220212010889960;08;2;12;000;2023;12;12;4;3;5;3;0;1;1;1;0;0;0;0;456840,220499999821186;5428495,146800000220537;8,409828124000057;49,007840432000080;1
215647;08231220128200874260;08;1;28;139;2023;12;15;4;3;6;4;0;1;0;1;1;0;0;0;550933,440299999900162;5490468,252599999308586;9,704358266000042;49,564664657000037;1
215649;08231220119500861370;08;1;19;085;2023;12;14;4;3;0;1;0;1;1;0;0;0;0;0;529902,129700000397861;5413326,600800000131130;9,407778030000031;48,872176874000047;1
215650;08231220119200877860;08;1;19;020;2023;12;17;4;3;5;3;1;0;1;1;0;0;0;0;520855,205000000074506;5406849,759999999776483;9,284076520000042;48,814283118000048;1
215651;08231220117300874700;08;1;17;026;2023;12;17;4;3;6;4;2;1;0;1;1;0;0;0;547779,251199999824166;5394529,911399999633431;9,649371188000032;48,701973869000028;1
215653;08231220115100857110;08;1;15;003;2023;12;06;4;3;6;2;2;1;0;0;1;0;0;1;501284,271399999968708;5392122,964199999347329;9,017447725000068;48,682149401000061;1
215654;08231220111210846710;08;1;11;000;2023;12;17;4;3;6;2;2;0;0;1;1;0;0;0;511084,707000000402331;5397564,265000000596046;9,150739352000073;48,731002487000069;1
215655;08231219437200840580;08;4;37;107;2023;12;17;3;3;6;7;2;1;0;1;1;0;0;0;506912,276200000196695;5332389,561400000005960;9,092923633000055;48,144719384000041;1
215659;08231219317500858970;08;3;17;096;2023;12;18;3;3;5;3;2;0;1;1;0;0;0;0;422612,126799999736249;5369281,455000000074506;7,952975349000042;48,471899655000072;1
215660;08231219317300871620;08;3;17;065;2023;12;13;3;3;5;3;0;0;1;1;0;0;0;0;414881,349999999627471;5354906,383400000631809;7,851318056000025;48,341600799000048;1
215661;08231219317100850230;08;3;17;089;2023;12;10;3;3;6;2;0;0;0;1;1;0;0;0;431813,605999999679625;5375871,562999999150634;8,076372977000062;48,532244299000070;1
215663;08231219317010853890;08;3;17;096;2023;12;12;3;3;1;5;0;0;1;1;0;0;0;0;420383,773799999617040;5367165,440899999812245;7,923234852000064;48,452588197000068;1
215664;08231219311400892980;08;3;15;006;2023;12;17;3;3;5;3;2;0;1;1;0;0;0;0;402511,077700000256300;5307445,639000000432134;7,695282015000032;47,912920893000035;1
265504;08230101121500653900;08;1;25;078;2023;01;14;1;3;0;1;0;1;1;0;0;0;0;0;516802,691506759671029;5454854,656244143843651;9,230865635000043;49,246233813000060;2
265505;08230101212502653910;08;2;12;000;2023;01;14;1;3;0;1;0;1;1;0;0;0;0;0;451449,368724698433653;5428535,253381328657269;8,336113085000022;49,007800626000062;2
265506;08230102335200696750;08;3;35;063;2023;01;13;2;3;0;2;0;0;1;1;0;0;0;0;499827,844248570268974;5287911,065273297950625;8,997703456000067;47,744571686000029;2
265507;08230106118500662800;08;1;18;021;2023;01;19;6;3;8;1;2;1;1;0;0;0;0;0;521167,332406379049644;5427020,400385105982423;9,289373817000069;48,995720605000031;2
265508;08230106121500657300;08;1;25;096;2023;01;13;6;3;9;1;0;1;1;0;0;0;0;0;514992,772942821378820;5451281,744372410699725;9,205864310000038;49,214141782000070;2
265509;08230107111250658240;08;1;11;000;2023;01;14;7;2;9;7;0;0;1;0;0;0;0;0;521111,452544029278215;5403767,799735877662897;9,287408471000049;48,786549716000081;2
265510;08230107317300658220;08;3;17;065;2023;01;15;7;3;5;3;0;0;1;1;0;0;0;0;420295,669074394740164;5353316,361192232929170;7,924671648000071;48,328004806000081;2
265511;08230109126200679990;08;1;26;066;2023;01;05;2;3;5;3;2;1;1;1;0;0;0;0;536916,715369511861354;5449950,676639024168253;9,506768763000025;49,201240150000046;2
265512;08230109335100668190;08;3;35;043;2023;01;18;2;3;4;6;2;1;1;0;0;0;0;0;513170,807742666045669;5279613,951416079886258;9,175446362000059;47,669783060000043;2
265513;08230112417100668160;08;4;17;079;2023;01;11;5;3;0;1;0;1;1;0;0;0;0;0;500589,702257216558792;5339397,619777793996036;9,007937262000041;48,207807542000069;2
265514;08230113426300666880;08;4;26;045;2023;01;11;6;3;4;6;0;0;1;0;0;0;0;0;534569,373689249856398;5329479,257908402010798;9,464481823000028;48,117634394000049;2
265515;08230114119200684850;08;1;19;020;2023;01;11;7;3;0;7;0;0;1;0;0;0;0;0;518959,522518502431922;5405361,426374076865613;9,258186265000063;48,800955067000075;2
265516;08230114335100670770;08;3;35;043;2023;01;14;7;3;0;1;0;0;1;0;0;0;0;0;512699,680542931950185;5279706,362046129070222;9,169173263000062;47,670623965000061;2
265517;08230115116500697910;08;1;16;049;2023;01;16;1;2;6;7;0;1;1;0;1;0;0;0;528419,805691975750960;5385216,923000017181039;9,385624335000045;48,619377263000047;2
265518;08230116226200730130;08;2;26;068;2023;01;06;2;3;5;2;0;0;1;1;0;0;0;0;467917,532216985069681;5459401,234409383498132;8,558833783000068;49,286519709000061;2
265519;08230116337010671420;08;3;37;126;2023;01;06;2;2;0;1;2;1;1;0;0;0;0;0;440752,397051061037928;5274542,172976063564420;8,211495274000072;47,621572791000062;2
265520;08230117111120716700;08;1;11;000;2023;01;10;3;2;0;7;0;2;1;0;0;0;0;0;513593,422807891620323;5403270,710607689805329;9,185043298000039;48,782287716000042;2