OID_;UIDENTSTLAE;ULAND;UREGBEZ;UKREIS;UGEMEINDE;UJAHR;UMONAT;USTUNDE;UWOCHENTAG;UKATEGORIE;UART;UTYP1;ULICHTVERH;IstStrassenzustand;IstRad;IstPKW;IstFuss;IstKrad;IstGkfz;IstSonstige;LINREFX;LINREFY;XGCSWGS84;YGCSWGS84;PLST
265521;08230117111120738570;08;1;11;000;2023;01;10;3;3;0;7;0;2;1;0;0;0;0;0;513598,365706634940580;5403274,853661630302668;9,185110721000058;48,782324879000043;2
265522;08230119221300695810;08;2;21;000;2023;01;10;5;3;5;2;0;0;1;0;0;0;0;0;475683,846762950648554;5473957,292422864586115;8,664737565000053;49,417808527000034;2
265523;08230119311010712790;08;3;11;000;2023;01;07;5;3;0;7;1;0;1;0;0;0;0;1;412881,831061068922281;5318498,916876467876136;7,831804804000058;48,013842190000048;2
265524;08230121115300702010;08;1;15;028;2023;01;17;7;3;6;7;1;2;1;0;1;0;0;0;501078,853945563547313;5404761,930173124186695;9,014690078000058;48,795850251000047;2
265525;08230121127100726030;08;1;27;076;2023;01;11;7;3;5;3;0;2;1;1;0;0;0;0;553031,568590636947192;5439015,236709343269467;9,726527344000033;49,101697275000049;2
265526;08230121136100695870;08;1;36;088;2023;01;13;7;3;0;7;0;2;1;0;0;0;0;0;579962,419547576457262;5410103,811212021857500;10,089736533000064;48,838755859000059;2
265527;08230124226400722380;08;2;26;037;2023;01;10;3;3;0;1;0;2;1;0;0;0;0;0;467066,841945943306200;5469865,276502110064030;8,546272012000031;49,380596553000032;2
265528;08230125311010724350;08;3;11;000;2023;01;23;4;3;3;6;2;0;1;0;0;0;0;0;410997,425517335010227;5315612,872356334701180;7,807140540000034;47,987621842000067;2
265529;08230125415400700490;08;4;16;041;2023;01;16;4;3;7;1;1;1;1;0;0;0;0;0;508970,070770938764326;5380504,525183307006955;9,121613116000049;48,577564736000056;2
265530;08230126127202715170;08;1;27;014;2023;01;06;5;3;0;7;2;2;1;0;0;0;0;0;577531,672891582711600;5442681,752923436462879;10,062829860000022;49,132073416000026;2
265531;08230126136300713460;08;1;36;065;2023;01;07;5;3;0;1;1;2;1;0;0;0;0;0;562092,704600265948102;5405096,406968785449862;9,845479991000047;48,795759262000047;2
265532;08230126222400725760;08;2;22;000;2023;01;07;5;3;1;6;1;0;1;0;0;0;0;0;469413,262000000104308;5478559,097999999299645;8,577928118000045;49,458917351000082;2
265533;08230126316100704000;08;3;16;002;2023;01;16;5;3;1;1;0;0;1;1;0;0;0;0;406543,036589946830645;5332113,420514766126871;7,743848675000038;48,135407752000049;2
265534;08230127325102737440;08;3;25;045;2023;01;14;6;3;0;7;0;0;1;0;0;0;0;1;468660,625876606907696;5350120,108949746005237;8,577390705000028;48,303499318000036;2
265535;08230127415400727380;08;4;15;061;2023;01;10;6;3;0;1;0;2;1;0;0;0;0;0;513931,153327668667771;5370370,011121964082122;9,188534658000037;48,486300906000054;2
265536;08230131111120738520;08;1;11;000;2023;01;07;3;3;0;1;0;1;1;0;0;0;0;0;513537,492999999783933;5402876,280999999493361;9,184268957000029;48,778740681000045;2
265537;08230131116200726010;08;1;16;077;2023;01;18;3;2;6;6;2;1;1;0;1;0;0;0;517426,124250828055665;5388623,159238228574395;9,236597607000022;48,650423002000082;2
265538;08230201117100739750;08;1;17;019;2023;02;15;4;3;0;1;0;0;1;0;0;0;0;0;551954,502677515964024;5393931,222637014463544;9,706037686000059;48,696254632000034;2
265539;08230202211000744320;08;2;16;015;2023;02;11;5;3;4;6;0;0;1;0;0;0;0;1;448461,996388051658869;5407169,668437309563160;8,297964490000027;48,815373298000054;2
265540;08230203222800741610;08;2;22;000;2023;02;11;6;3;5;3;0;0;1;1;0;0;0;0;463108,157858756138012;5486293,560128307901323;8,490204140000060;49,528134671000032;2
265541;08230203317500758470;08;3;17;096;2023;02;13;6;3;0;7;0;0;1;0;0;0;0;1;422366,330545413191430;5367353,768483370542526;7,950008150000031;48,454529922000063;2
265542;08230203336091747220;08;3;36;091;2023;02;16;6;3;6;1;1;0;1;0;1;0;0;0;396886,667799932183698;5273090,901124849915504;7,628179708000062;47,603021241000079;2
265543;08230204119500774660;08;1;19;085;2023;02;11;7;3;4;6;0;0;1;0;0;0;0;1;531246,303981591016054;5413108,918881528079510;9,426091509000059;48,870152421000057;2
265544;08230204416010755090;08;4;15;061;2023;02;00;7;2;8;1;2;1;1;0;0;0;0;0;514898,983432841603644;5373613,184241285547614;9,201748274000067;48,515455408000037;2
265545;08230206117100770280;08;1;17;019;2023;02;16;2;3;5;3;0;0;1;1;0;0;0;0;550538,580508777289651;5394021,239279197528958;9,686808436000035;48,697180677000063;2
265546;08230206311010754170;08;3;11;000;2023;02;10;2;3;6;7;0;0;1;0;1;0;0;0;411145,738605203106999;5318347,573804410174489;7,808561516000054;48,012241762000031;2
265547;08230207416200746190;08;4;16;041;2023;02;10;3;3;0;1;0;2;1;0;0;0;0;0;502928,375444231671281;5376051,635003414005041;9,039670608000051;48,537562537000042;2
265548;08230210215302778220;08;2;15;025;2023;02;17;6;3;3;6;0;0;1;1;0;0;0;0;475413,066208100703079;5435043,110504646785557;8,663391848000060;49,067761470000050;2
265549;08230210225100762800;08;2;25;058;2023;02;05;6;2;4;6;2;0;1;0;0;0;0;0;507616,704196312290151;5466515,875144798308611;9,104874691000020;49,351311306000071;2
265550;08230210311010754410;08;3;11;000;2023;02;14;6;3;4;6;0;0;1;0;1;0;0;0;411071,573390191420913;5315692,129827099852264;7,808117670000058;47,988345098000082;2
265551;08230210311010782710;08;3;11;000;2023;02;17;6;3;0;7;1;0;1;0;0;0;0;1;413858,367256154655479;5313687,332767907530069;7,845862366000063;47,970692609000025;2
265552;08230210435100775650;08;4;35;057;2023;02;14;6;2;3;6;0;0;1;0;0;0;0;1;545429,129952874965966;5280816,692008287645876;9,605263826000055;47,679142712000044;2
265553;08230211317600756490;08;3;17;041;2023;02;17;7;3;6;6;0;0;1;0;1;0;0;0;439698,162628731806763;5348462,666410584002733;8,187101668000025;48,286491218000037;2
265554;08230211335200772060;08;3;35;063;2023;02;14;7;2;0;1;0;2;1;0;0;0;0;0;496062,024222794221714;5288043,062655011191964;8,947466542000029;47,745747344000051;2
265555;08230212136300787670;08;1;36;065;2023;02;12;1;3;6;6;0;0;1;0;1;0;0;0;557548,733437872258946;5401607,016248000785708;9,783125212000073;48,764808989000073;2
265556;08230214118000811640;08;1;18;048;2023;02;13;3;2;6;4;0;0;1;0;1;0;0;0;515624,632084778451826;5415400,613602539524436;9,213155834000077;48,891358314000058;2
265557;08230214415400779050;08;4;15;080;2023;02;18;3;3;4;6;2;0;1;0;0;0;0;0;511532,715287346218247;5372775,995549296960235;9,156142440000053;48,507994626000027;2
265558;08230216136300768240;08;1;36;015;2023;02;06;5;3;0;1;2;2;1;0;0;0;0;0;558320,960355923860334;5410397,668741978704929;9,794881380000049;48,843809537000027;2
265559;08230217311010786130;08;3;11;000;2023;02;13;6;2;4;6;0;0;1;0;0;1;0;0;411966,491715809563175;5316650,520154288969934;7,819912787000021;47,997089911000046;2
265560;08230218416100776180;08;4;16;036;2023;02;12;7;3;3;6;0;0;1;1;0;0;0;0;490521,338000000454485;5375114,398000000044703;8,871614339000075;48,529066074000070;2
265561;08230219116200790590;08;1;16;078;2023;02;11;1;3;0;7;0;1;1;0;0;0;0;0;509685,180331854207907;5393317,213175576180220;9,131607761000055;48,692819145000044;2
265562;08230219311010784440;08;3;11;000;2023;02;13;1;2;6;6;0;0;1;0;1;0;0;0;403728,656337371794507;5320252,300621658563614;7,708703846000049;48,028300142000035;2
265563;08230219426010797980;08;4;26;128;2023;02;20;1;3;0;1;2;0;1;0;0;0;0;0;561837,245238438714296;5332852,190636228770018;9,831317512000055;48,145912839000061;2
265564;08230221111500821910;08;1;11;000;2023;02;19;3;3;6;6;2;0;1;0;1;0;0;0;506291,455065718153492;5396860,073555503971875;9,085545961000037;48,724734390000037;2
265565;08230223212010790040;08;2;12;000;2023;02;13;5;3;5;3;0;0;1;0;0;0;0;1;456381,335933730006218;5425497,439519464969635;8,403875474000074;48,980843378000031;2
265566;08230223311010809710;08;3;11;000;2023;02;19;5;3;5;2;2;0;1;1;0;0;0;0;413925,008341907348949;5316524,360087838023901;7,846186388000035;47,996221736000052;2
265567;08230223311400791540;08;3;15;006;2023;02;17;5;3;0;7;0;0;1;0;0;0;0;1;402705,096920945099555;5308155,733797492459416;7,697717632000035;47,919337659000064;2
265568;08230223417200809120;08;4;17;002;2023;02;13;5;3;0;7;0;1;1;0;0;0;0;0;488555,351458905031905;5344442,898618455044925;8,845821579000074;48,253095944000052;2
265569;08230224118400818740;08;1;18;048;2023;02;12;6;3;0;1;0;0;1;0;0;0;0;0;517637,123513732338324;5414868,920249782502651;9,240587648000030;48,886521339000069;2
265570;08230224215102821550;08;2;15;109;2023;02;21;6;3;7;7;2;0;1;0;0;0;0;0;460748,165465264115483;5434243,849671594798565;8,462706627000046;49,059811919000026;2
265571;08230224336400821410;08;3;36;091;2023;02;14;6;3;5;3;0;0;1;1;0;0;0;0;396215,012706136098132;5273039,144941248930991;7,619258925000054;47,602448489000039;2
265572;08230224416200808830;08;4;16;041;2023;02;10;6;3;3;2;0;0;1;0;0;0;0;0;504349,483725974219851;5373637,803570103831589;9,058897122000076;48,515838611000049;2
265573;08230228316100815200;08;3;16;011;2023;02;09;3;3;6;7;0;0;1;0;1;0;0;0;415251,324361578328535;5328179,782826228067279;7,861653253000043;48,101243366000062;2
265574;08230302118300832140;08;1;18;046;2023;03;15;5;3;5;2;0;0;1;0;0;0;0;0;514436,076807346486021;5413359,638174396008253;9,196869242000048;48,873027045000072;2
265575;08230304127202836190;08;1;27;102;2023;03;12;7;2;8;1;0;0;1;0;0;0;0;0;589252,026537189725786;5434929,466802529990673;10,221747953000033;49,060763302000055;2
265576;08230305118100826910;08;1;18;071;2023;03;11;1;3;0;1;0;0;1;0;0;0;0;0;511146,026230506366119;5419234,282909896224737;9,152162323000027;48,925941708000039;2
265577;08230306311010861050;08;3;11;000;2023;03;11;2;2;0;1;0;0;1;0;0;0;0;0;410463,647410952136852;5317566,503523572348058;7,799580568000067;48,005120671000043;2
265578;08230307119400841500;08;1;19;091;2023;03;15;3;3;0;6;0;0;1;0;0;0;0;1;526796,161580013576895;5405369,371285764500499;9,364902339000025;48,800738112000033;2
265579;08230307215402874000;08;2;15;009;2023;03;10;3;2;9;7;0;0;1;0;0;0;0;0;472962,332912962941919;5440228,136148861609399;8,629493800000034;49,114299535000043;2
265580;08230308415400857610;08;4;15;061;2023;03;12;4;3;0;1;0;0;1;0;0;0;0;0;515078,674607701832429;5372972,742220490239561;9,204158322000069;48,509689494000042;2
265581;08230309118200846110;08;1;18;080;2023;03;06;5;3;0;1;0;1;1;0;0;0;0;0;507549,407220509485342;5410200,822433116845787;9,102895570000044;48,844732993000036;2
265582;08230309118300834080;08;1;18;081;2023;03;21;5;3;0;7;2;0;1;0;0;0;0;0;518344,936558018613141;5411356,086783851496875;9,250085277000039;48,854900279000049;2
265583;08230310335100849690;08;3;35;043;2023;03;13;6;3;4;1;0;1;1;0;0;0;0;0;514192,442210556007922;5281365,016459578648210;9,189112252000029;47,685516908000068;2
265584;08230311317010864510;08;3;17;065;2023;03;17;7;2;0;1;0;0;1;0;0;0;0;0;414181,379499999573454;5353950,200500000268221;7,842068712000071;48,332905402000051;2
265585;08230313111500920960;08;1;11;000;2023;03;08;2;2;0;6;0;1;1;0;0;0;0;0;519331,169237571943086;5401925,884806681424379;9,263085609000029;48,770037976000026;2
265586;08230313118300872860;08;1;18;081;2023;03;22;2;3;7;7;2;1;1;0;0;0;0;0;519894,906930866534822;5414804,677288036793470;9,271382558000028;48,885875063000071;2
265587;08230313311010843820;08;3;11;000;2023;03;16;2;3;4;6;0;0;1;0;0;0;0;0;413542,444509048305918;5316457,784227250143886;7,841072713000074;47,995571244000075;2
265588;08230313416200888480;08;4;16;041;2023;03;16;2;3;5;3;0;0;1;0;0;0;0;0;503139,490736146050040;5373364,172701438888907;9,042510341000025;48,513384141000074;2
265589;08230314317300855950;08;3;17;073;2023;03;06;3;3;7;7;1;1;1;0;0;0;0;0;410374,881868011318147;5350062,055508322082460;7,791546407000055;48,297404321000045;2
265590;08230315111500921590;08;1;11;000;2023;03;08;4;3;0;1;0;1;1;0;0;0;0;0;513918,726508746331092;5405972,252981362864375;9,189563077000059;48,806583299000067;2
265591;08230315226600849910;08;2;26;096;2023;03;16;4;3;0;1;0;1;1;0;0;0;0;0;475169,096197519102134;5488557,993663819506764;8,656723604000035;49,549116641000069;2
265592;08230316226600853140;08;2;26;082;2023;03;15;5;3;4;6;0;0;1;1;0;0;0;0;474618,886000814964063;5480319,177970065735281;8,649647024000046;49,474988593000035;2
265593;08230316311010888800;08;3;11;000;2023;03;17;5;3;5;3;0;0;1;0;0;1;0;0;410364,934691780887078;5316498,581777554936707;7,798480533000031;47,995500660000062;2
265594;08230318116010881640;08;4;16;041;2023;03;14;7;2;4;6;0;0;1;0;0;0;0;0;507980,372101569897495;5375474,098585379309952;9,108098698000049;48,532322905000058;2
265595;08230318335100859480;08;3;35;043;2023;03;15;7;3;0;7;0;0;1;0;0;0;0;0;513418,022185032081325;5278642,071469242684543;9,178709603000073;47,661033323000026;2
265596;08230319111240922340;08;1;11;000;2023;03;09;1;3;0;1;0;1;1;0;0;0;0;0;513931,630412731785327;5404100,519003434106708;9,189675324000063;48,789745109000080;2
265597;08230319116500894080;08;1;16;011;2023;03;19;1;2;8;1;2;0;1;0;0;0;0;0;530062,920863847364672;5380070,219628904946148;9,407546378000063;48,573000600000057;2
265598;08230319317500860290;08;3;17;096;2023;03;17;1;3;8;1;0;1;1;0;0;0;0;0;420366,501267502433620;5370881,465591172687709;7,922293678000074;48,486011122000036;2
265599;08230320127100863820;08;1;27;100;2023;03;15;2;2;0;7;0;0;1;0;0;0;0;0;553391,473443530499935;5434398,776972366496921;9,730848007000077;49,060142210000038;2
265600;08230320325102865140;08;3;25;045;2023;03;18;2;3;0;1;2;0;1;0;0;0;0;0;467494,183827888744418;5349211,827588576823473;8,561731734000034;48,295269137000048;2
265601;08230320337010892180;08;3;37;126;2023;03;10;2;3;4;6;0;0;1;0;0;0;0;0;440569,261350891611073;5274739,237404212355614;8,209031482000057;47,623328987000036;2
265602;08230321212402871410;08;2;12;000;2023;03;11;3;3;0;1;0;0;1;0;0;0;0;0;457300,837352678936440;5426962,172458507120609;8,416287481000040;48,994083145000047;2
265603;08230321325102898750;08;3;25;057;2023;03;15;3;2;9;1;0;0;1;0;0;0;0;0;469405,285261839511804;5358852,736336364410818;8,586797616000069;48,382098109000026;2
265604;08230323116400891070;08;1;16;079;2023;03;13;5;2;8;1;0;0;1;0;0;0;0;0;536152,018780244281515;5376822,076899480074644;9,489807849000044;48,543458632000068;2
265605;08230323118000892510;08;1;18;014;2023;03;07;5;2;0;1;0;0;1;0;0;0;0;0;521899,249447146663442;5419572,224601147696376;9,298978784000042;48,928694616000030;2
265606;08230323317300908490;08;3;17;065;2023;03;06;5;3;4;6;1;0;1;0;0;0;0;0;415777,113124666968361;5354407,925395859405398;7,863503631000071;48,337237296000069;2
265607;08230325221200905210;08;2;21;000;2023;03;19;7;3;0;7;2;1;1;0;0;0;0;0;477468,423000000417233;5471821,091000000014901;8,689463488000058;49,398662444000081;2
265608;08230327111500129770;08;1;11;000;2023;03;19;2;2;4;6;0;1;1;0;0;0;0;0;513706,932860284345224;5403480,774920741096139;9,186595475000047;48,784174944000029;2
265609;08230329317200914950;08;3;17;153;2023;03;16;4;3;3;1;0;0;1;0;0;0;0;0;423461,774521202023607;5387857,284231876954436;7,961052849000055;48,639090218000035;2
265610;08230329325202893720;08;3;25;069;2023;03;18;4;3;4;6;0;0;1;1;0;0;0;0;470859,340332529507577;5336384,154104432091117;8,607984835000025;48,180027610000081;2
265611;08230330119100905240;08;1;19;087;2023;03;20;5;3;4;6;2;1;1;0;0;0;0;0;527657,367777497391216;5424863,014456626027822;9,377949044000047;48,976057334000075;2
265612;08230330336100908440;08;3;36;084;2023;03;16;5;3;4;6;0;0;1;0;0;0;0;0;405711,615171721554361;5277148,947656845673919;7,744682736000073;47,640869727000052;2
265613;08230330416200911630;08;4;16;041;2023;03;08;5;3;2;6;0;1;1;0;0;0;0;0;501624,201208180980757;5371099,658609366044402;9,021983721000026;48,493017425000062;2
265614;08230331231000919620;08;2;31;000;2023;03;13;6;3;5;3;0;0;1;1;0;0;0;0;477912,223937145317905;5414827,622344376519322;8,698704111000040;48,886007195000047;2
265615;08230401221300927770;08;2;21;000;2023;04;04;7;3;7;7;2;1;1;0;0;0;0;0;476813,327655056607910;5476429,212762078270316;8,680165669000075;49,440087069000072;2
265616;08230407116500931530;08;1;16;008;2023;04;16;6;3;0;1;0;0;1;0;0;0;0;0;519707,218274928454775;5379537,926252179779112;9,267136633000064;48,568623279000064;2
265617;08230407119300931100;08;1;19;076;2023;04;20;6;2;0;7;2;0;1;0;0;0;0;0;541757,777205755235627;5406670,317327028140426;9,568768995000028;48,811615732000064;2
265618;08230407121400942640;08;1;25;056;2023;04;17;6;3;0;1;0;0;1;0;0;0;0;0;512979,637531492451672;5434114,796147534623742;9,177669502000072;49,059764884000060;2
265619;08230407335100930560;08;3;35;043;2023;04;16;6;3;8;1;0;0;1;0;0;0;0;0;511487,892740348645020;5280797,046832709573209;9,153059718000065;47,680460247000042;2
265620;08230408212010987980;08;2;15;017;2023;04;13;7;1;8;1;0;0;1;0;0;0;0;0;456175,052877159556374;5418913,115595692768693;8,401764977000028;48,921601457000065;2
265621;08230408231102941940;08;2;36;040;2023;04;08;7;2;0;7;0;0;1;0;0;0;0;0;488350,244430011254735;5421483,250132448971272;8,840896655000051;48,946163425000066;2
265622;08230408311010956260;08;3;11;000;2023;04;18;7;3;0;7;0;0;1;0;0;0;0;0;412774,196500107587781;5319260,428574683144689;7,830206846000067;48,020677518000070;2
265623;08230409118500953980;08;1;18;006;2023;04;10;1;3;3;7;0;0;1;1;0;0;0;0;517846,496521838475019;5422119,463624184019864;9,243760851000047;48,951738782000064;2
265624;08230409316200953070;08;3;16;056;2023;04;05;1;3;0;1;2;0;1;0;0;0;0;0;422744,874130968004465;5326991,902754447422922;7,962503916000060;48,091510618000029;2
265625;08230409317100935000;08;3;17;089;2023;04;18;1;3;3;6;0;0;1;0;0;0;0;0;432164,940371872333344;5375118,655076477676630;8,081253911000033;48,525509823000050;2
265626;08230410127202937270;08;1;27;103;2023;04;13;2;2;8;7;0;0;1;0;0;0;0;0;574116,379996853182092;5434933,832754070870578;10,014598310000054;49,062809688000073;2
265627;08230410136100936770;08;1;36;024;2023;04;13;2;2;0;1;0;1;1;0;0;0;0;0;563689,122620691079646;5412467,048758486285806;9,868359825000027;48,861895609000044;2
265628;08230410215102962980;08;2;12;000;2023;04;17;2;3;3;6;0;0;1;0;0;0;0;0;456672,553836996143218;5432083,267350278794765;8,407152279000059;49,040104177000046;2
265629;08230410317600936740;08;3;17;146;2023;04;14;2;3;0;1;0;0;1;0;0;0;0;0;431004,198610848048702;5356590,727241469547153;8,068587523000076;48,358719064000070;2
265630;08230410335000940270;08;3;35;100;2023;04;12;2;2;5;2;0;0;1;1;0;0;0;0;488823,230796086601913;5284264,885232040658593;8,850996676000022;47,711668048000035;2
265631;08230412116100966850;08;1;16;014;2023;04;21;4;3;7;1;2;1;1;0;0;0;0;0;526683,021403456805274;5395675,172942751087248;9,362733241000058;48,713535748000027;2
265632;08230414118100973120;08;1;18;079;2023;04;19;6;3;9;7;0;0;1;0;0;0;0;0;507898,114489774219692;5423542,516762422397733;9,107906400000047;48,964747200000033;2
265633;08230414237100956670;08;2;37;004;2023;04;16;6;3;9;1;0;0;1;0;0;0;0;0;449627,612228507699911;5382002,813903764821589;8,316911478000065;48,589081954000051;2
265634;08230415212702003660;08;2;15;017;2023;04;05;7;3;0;7;2;0;1;0;0;0;0;0;455499,107781257014722;5422826,278425305150449;8,392111171000067;48,956752934000065;2
265635;08230416119200966230;08;1;19;020;2023;04;17;1;3;5;3;0;1;1;1;0;0;0;0;519722,397518340905663;5404968,476852981373668;9,268555927000023;48,797396422000077;2
265636;08230417128100956070;08;1;28;007;2023;04;17;2;3;0;7;0;0;1;0;0;0;0;0;556635,357539944350719;5482400,588445565663278;9,782044290000044;49,491597751000029;2
265637;08230417135100951810;08;1;35;016;2023;04;15;2;2;0;1;0;1;1;0;0;0;0;0;589568,493230380699970;5388699,800590591505170;10,215966587000025;48,644936897000036;2
265638;08230417212402008450;08;2;12;000;2023;04;18;2;2;5;3;0;0;1;0;0;0;0;0;458925,161585864960216;5430418,342351790517569;8,438141707000057;49,025282174000040;2
265639;08230417216200988350;08;2;16;007;2023;04;14;2;3;3;6;0;0;1;1;0;0;0;0;436737,442565350560471;5395929,759107202291489;8,140001260000076;48,713187464000043;2
265640;08230417311100986090;08;3;11;000;2023;04;08;2;3;1;6;0;0;1;1;0;0;0;0;414463,983472755877301;5315958,584462732076645;7,853522469000040;47,991204697000057;2
265641;08230418226300985420;08;2;26;080;2023;04;16;3;3;0;7;0;0;1;0;1;0;0;0;485893,861773718032055;5474925,532607460394502;8,805474018000041;49,426840202000051;2
265642;08230418335100989650;08;3;35;043;2023;04;14;3;3;0;1;0;0;1;0;0;0;0;0;513055,839867515605874;5279418,450163270346820;9,173909057000060;47,668026337000072;2
265643;08230419119200961240;08;1;19;020;2023;04;16;4;3;3;6;0;0;1;1;0;0;0;0;518296,772542775317561;5409898,437246765010059;9,249363572000050;48,841789022000057;2
265644;08230419222800988190;08;2;22;000;2023;04;17;4;3;4;6;0;0;1;0;0;0;0;0;460075,198522437363863;5490384,778643035329878;8,447880132000023;49,564740256000050;2
265645;08230420212010019150;08;2;12;000;2023;04;10;5;3;6;7;0;0;1;0;1;0;0;0;453101,234127159987111;5428687,786429574713111;8,358681753000042;49,009300412000073;2
265646;08230421117200005440;08;1;17;010;2023;04;05;6;3;4;6;1;1;1;1;0;0;0;0;567628,773215598776005;5393783,888342693448067;9,918994372000043;48,693427245000066;2
265647;08230421226400965380;08;2;26;084;2023;04;15;6;3;4;2;0;0;1;0;0;0;0;0;468161,627832671976648;5470704,528778490610421;8,561287461000063;49,388203628000042;2
265648;08230421317500995610;08;3;17;096;2023;04;16;6;2;0;1;0;1;1;0;0;0;0;0;426383,704463124973699;5368454,088048154488206;8,004140582000048;48,464910273000044;2
265649;08230421335100970210;08;3;35;043;2023;04;15;6;2;0;1;0;0;1;0;0;0;0;0;509901,321691675926559;5285885,293438097462058;9,132036551000056;47,726268660000073;2
265650;08230422111310016030;08;1;11;000;2023;04;13;7;3;4;6;0;0;1;0;0;0;0;0;516721,788275352155324;5405154,440695496276021;9,227705173000061;48,799157279000042;2
265651;08230423119400128340;08;1;19;091;2023;04;18;1;3;7;7;0;0;1;0;0;0;0;0;526121,536744989571162;5406956,445301868021488;9,355816679000043;48,815043739000032;2
265652;08230425121200003360;08;1;21;000;2023;04;13;3;3;5;7;0;0;1;0;0;0;0;1;516233,556523638078943;5443236,949293149635196;9,222576533000051;49,141745059000073;2
265653;08230425128200975380;08;1;28;139;2023;04;20;3;3;6;6;1;0;1;0;1;0;0;0;551009,718696979689412;5492152,866681441664696;9,705631432000075;49,579809717000046;2
265654;08230426121200997350;08;1;21;000;2023;04;15;4;3;5;3;0;0;1;1;0;0;0;0;516111,517437299946323;5444100,858164610341191;9,220937828000046;49,149519411000028;2
265655;08230426316200997450;08;3;16;011;2023;04;16;4;2;4;6;0;0;1;0;0;0;0;1;417094,545405399112497;5326358,305969269946218;7,886760313000025;48,085101122000026;2
265656;08230427118500009060;08;1;18;078;2023;04;18;5;3;5;3;0;0;1;0;0;0;0;0;513219,515471370657906;5420391,988389097154140;9,180506402000049;48,936315239000066;2
265657;08230427128200984390;08;1;28;139;2023;04;15;5;3;0;7;0;0;1;0;0;0;0;0;551277,633000000379980;5492189,083200000226498;9,709341987000073;49,580112795000048;2
265658;08230427237200010400;08;2;37;074;2023;04;15;5;3;0;7;0;0;1;0;0;0;0;0;471984,857138484949246;5369604,963110308162868;8,620916847000046;48,478948356000046;2
265659;08230427317300006860;08;3;17;065;2023;04;10;5;3;8;1;0;0;1;0;0;0;0;0;416612,898415654140990;5354258,415459844283760;7,874808970000061;48,336003331000029;2
265660;08230427435100987220;08;4;35;016;2023;04;17;5;3;0;1;0;0;1;0;0;0;0;0;538139,037905064527877;5280802,859772652387619;9,508139190000065;47,679489486000080;2
265661;08230428226200008140;08;2;26;032;2023;04;15;6;3;4;6;0;1;1;0;0;0;0;0;466692,641149274539202;5463707,073434685356915;8,541631714000061;49,325184552000053;2
265662;08230428231000007670;08;2;31;000;2023;04;06;6;2;4;6;1;0;1;0;0;0;0;0;478186,469405325246044;5415117,680156050249934;8,702429516000052;48,888626174000080;2
265663;08230429111250131300;08;1;11;000;2023;04;15;7;3;6;4;0;0;1;0;1;0;0;0;514846,601273448846769;5404982,614048305898905;9,202164203000052;48,797659161000070;2
265664;08230429221300002110;08;2;21;000;2023;04;16;7;3;0;7;0;0;1;0;0;0;0;0;479292,112675137002952;5472137,279748644679785;8,714581266000039;49,401571295000053;2
265665;08230429415400012080;08;4;15;061;2023;04;17;7;3;5;3;0;0;1;0;0;0;0;1;515110,334099824889563;5370649,308271704241633;9,204502881000053;48,488786321000077;2
265666;08230430119200012280;08;1;19;020;2023;04;23;1;2;6;6;2;0;1;0;1;0;0;0;521250,095741772849578;5405453,978852733969688;9,289383143000066;48,801713566000046;2
265667;08230430135200991090;08;1;35;010;2023;04;12;1;2;0;1;0;0;1;0;0;0;0;0;600754,984085986623541;5397181,619815119542181;10,369857208000042;48,719515450000074;2
265668;08230501121200019360;08;1;21;000;2023;05;16;2;3;0;7;0;1;1;0;0;0;0;0;511696,933723069727421;5439808,052728421986103;9,160276251000028;49,111003967000045;2
265669;08230501211100019590;08;2;11;000;2023;05;15;2;2;9;1;0;0;1;0;0;0;0;0;439902,095340583531652;5402806,326448845677078;8,182013964000021;48,775355933000071;2
265670;08230501317300019370;08;3;17;127;2023;05;12;2;3;0;1;0;0;1;0;0;0;0;0;424583,362233324965928;5354620,443642823025584;7,982275718000039;48,340261554000051;2
265671;08230502116010026690;08;1;16;041;2023;05;15;3;2;4;6;0;0;1;0;0;0;0;0;519228,048380143940449;5383760,600269124843180;9,260836854000047;48,606626059000064;2
265672;08230502116500041000;08;1;16;081;2023;05;16;3;2;7;7;0;0;1;0;0;0;0;1;517489,047780174179934;5385262,077885806560516;9,237310068000056;48,620184583000025;2
265673;08230502311010038120;08;3;11;000;2023;05;22;3;2;3;6;2;0;1;0;0;0;0;0;411835,445553881989326;5320802,843654331751168;7,817302509000058;48,034423018000041;2
265674;08230502316100038930;08;3;16;011;2023;05;16;3;3;3;6;0;0;1;0;0;0;0;1;414315,252000000327826;5330179,614000000059605;7,848680727000044;48,119107016000044;2
265675;08230502317300021330;08;3;17;127;2023;05;17;3;2;0;1;0;0;1;0;0;0;0;0;419362,299250842072070;5349652,248019651509821;7,912781920000043;48,294927431000076;2
265676;08230503111500132030;08;1;11;000;2023;05;15;4;3;6;2;0;0;1;0;1;0;0;0;513832,975196082785260;5403466,061320323497057;9,188310811000065;48,784039792000044;2
265677;08230503212010020670;08;2;12;000;2023;05;07;4;3;4;6;0;0;1;0;0;0;0;0;456471,180830623372458;5429178,530945943668485;8,404708832000040;49,013961630000040;2
265678;08230503215102021820;08;2;15;102;2023;05;18;4;3;0;1;0;0;1;0;0;0;0;0;456023,583032786380500;5437648,551189471967518;8,397668192000026;49,090118044000064;2