OID_;UIDENTSTLAE;ULAND;UREGBEZ;UKREIS;UGEMEINDE;UJAHR;UMONAT;USTUNDE;UWOCHENTAG;UKATEGORIE;UART;UTYP1;ULICHTVERH;IstStrassenzustand;IstRad;IstPKW;IstFuss;IstKrad;IstGkfz;IstSonstige;LINREFX;LINREFY;XGCSWGS84;YGCSWGS84;PLST
265679;08230503311400042690;08;3;15;074;2023;05;12;4;3;0;1;0;0;1;0;0;0;0;0;399318,600047598360106;5297581,280570119619370;7,654866584000047;47,823698581000031;2
265680;08230503311500050040;08;3;15;031;2023;05;22;4;3;3;6;2;0;1;1;0;0;0;0;445607,718999999575317;5310660,220000000670552;8,271581545000060;47,946945670000048;2
265681;08230503415400083010;08;4;15;061;2023;05;07;4;3;3;2;0;0;1;1;0;0;0;0;516205,356550944561604;5370455,191540896892548;9,219315248000044;48,487012693000054;2
265682;08230504118300044940;08;1;18;046;2023;05;07;5;2;6;6;0;0;1;0;1;0;0;0;511535,560202890832443;5412782,274600445292890;9,157297894000067;48,867893954000067;2
265683;08230504222014045840;08;2;22;000;2023;05;08;5;3;0;2;0;0;1;0;0;0;0;0;463309,690537682443392;5481711,327223286032677;8,493414691000055;49,486932152000065;2
265684;08230504231000046220;08;2;37;040;2023;05;10;5;3;0;1;0;0;1;0;0;0;0;0;476710,457999999634922;5365449,830000000074506;8,685090875000071;48,441760255000077;2
265685;08230504235200035070;08;2;35;046;2023;05;12;5;3;3;6;0;0;1;0;0;0;0;0;479086,980840225180145;5379721,963707167655230;8,716509360000032;48,570239833000073;2
265686;08230504316200034050;08;3;16;009;2023;05;15;5;3;0;7;0;0;1;0;0;0;0;0;416844,317999999970198;5324337,657999999821186;7,883794224000042;48,066892074000066;2
265687;08230504435100032420;08;4;35;016;2023;05;14;5;2;0;1;0;1;1;0;0;0;0;0;537371,422089889645576;5278311,500882565975189;9,497699240000031;47,657118644000036;2
265688;08230505221011024420;08;2;21;000;2023;05;17;6;3;9;1;0;0;1;0;0;0;0;0;476532,691465891432017;5474970,603457022458315;8,676380997000024;49,426956409000070;2
265689;08230505222014113210;08;2;22;000;2023;05;06;6;2;4;6;0;0;1;0;0;0;0;0;465585,113963235518895;5484323,010630242526531;8,524602922000042;49,510556316000077;2
265690;08230505437100025470;08;4;37;100;2023;05;15;6;3;5;3;0;0;1;0;0;0;0;0;538542,873613830190152;5316352,735980784520507;9,516685486000029;47,999310476000062;2
265691;08230506116200050490;08;1;16;077;2023;05;12;7;2;5;3;0;0;1;1;0;0;0;0;518312,606683416874148;5389675,104348862543702;9,248679960000061;48,659861026000044;2
265692;08230506121500056470;08;1;25;096;2023;05;14;7;3;0;7;0;0;1;0;0;0;0;0;515759,341154673427809;5450581,739837488159537;9,216362428000025;49,207825847000038;2
265693;08230506212302035150;08;2;12;000;2023;05;21;7;2;0;7;2;0;1;0;0;0;0;0;456486,115776022430509;5429622,288280573673546;8,404865483000037;49,017954328000030;2
265694;08230506212402037190;08;2;12;000;2023;05;10;7;3;5;3;0;0;1;0;0;0;0;1;454750,143133680103347;5426824,096746159717441;8,381436041000029;48,992659470000035;2
265695;08230506415400025380;08;4;15;061;2023;05;13;7;3;7;7;0;0;1;0;0;0;0;0;516594,650000000372529;5379036,436000000685453;9,224925298000073;48,564201912000044;2
265696;08230507116200038690;08;1;16;077;2023;05;18;1;3;0;1;0;1;1;0;0;0;0;0;516283,529941283049993;5387985,997768697328866;9,221059468000021;48,644721852000032;2
265697;08230507119200026610;08;1;19;093;2023;05;12;1;3;0;1;0;0;1;0;0;0;0;0;524835,077939323615283;5402814,467183313332498;9,338042954000059;48,777836176000051;2
265698;08230507121600028910;08;1;25;102;2023;05;16;1;2;0;1;0;1;1;0;0;0;0;0;521890,478748793713748;5441792,416485021822155;9,300058567000065;49,128575522000062;2
265699;08230507136300058440;08;1;36;044;2023;05;12;1;3;0;1;0;0;1;0;0;0;0;0;556508,004023574641906;5409311,259518457576632;9,770024376000038;48,834204929000066;2
265700;08230507317100038210;08;3;17;001;2023;05;10;1;3;0;7;0;0;1;0;0;0;0;0;424097,731812381767668;5385616,457982802763581;7,970094307000068;48,619012101000067;2
265701;08230507335300057660;08;3;35;100;2023;05;18;1;3;0;1;0;1;1;0;0;0;0;0;487950,989298206171952;5286712,067048644647002;8,839300713000057;47,733671095000034;2
265702;08230508116500043110;08;1;16;071;2023;05;17;2;2;0;1;0;1;1;0;0;0;0;0;528020,454152650316246;5389936,901897189207375;9,380524971000057;48,661856123000064;2
265703;08230508118200054620;08;1;18;019;2023;05;09;2;3;8;1;0;1;1;0;0;0;0;0;505037,365781304833945;5406242,807098756544292;9,068608802000028;48,809152629000039;2
265704;08230508121400027940;08;1;25;066;2023;05;04;2;3;0;7;1;1;1;0;0;0;0;0;512979,586283200187609;5431428,361777584999800;9,177582722000068;49,035599069000057;2
265705;08230508127202061610;08;1;27;103;2023;05;19;2;3;2;6;0;0;1;0;0;0;0;0;569650,709831967484206;5440864,343422591686249;9,954497812000056;49,116671212000028;2
265706;08230508212102029420;08;2;12;000;2023;05;20;2;3;0;6;1;1;1;0;0;0;0;0;458604,396024920220952;5430021,981393198482692;8,433794663000072;49,021695405000060;2
265707;08230508215202031480;08;2;15;084;2023;05;07;2;3;4;6;1;1;1;0;0;0;1;0;472300,027134485542774;5446284,279863879084587;8,620001927000033;49,168746258000056;2
265708;08230509118000068590;08;1;18;011;2023;05;12;3;2;0;1;0;0;1;0;0;0;0;0;497995,232477424084209;5409739,935312730260193;8,972678010000038;48,840629593000074;2
265709;08230509317500032240;08;3;17;057;2023;05;20;3;3;0;1;1;1;1;0;0;0;0;0;415755,733000000007451;5371096,474999999627471;7,859863793000045;48,487343955000028;2
265710;08230510127100034910;08;1;27;056;2023;05;08;4;3;0;1;0;0;1;0;0;0;0;0;555979,948439680505544;5436529,463898528367281;9,766571844000055;49,079077309000070;2
265711;08230510211000108290;08;2;16;015;2023;05;16;4;2;0;1;0;0;1;0;0;0;0;0;450609,129325252957642;5406582,123548198491335;8,327280665000046;48,810262563000038;2
265712;08230510336300049210;08;3;36;080;2023;05;20;4;3;0;1;1;1;1;0;0;0;0;0;416406,630744460679125;5294012,939195049926639;7,883806447000040;47,794046476000062;2
265713;08230510416200050260;08;4;16;041;2023;05;13;4;2;4;6;0;1;1;0;0;0;0;0;501299,764477624092251;5376267,702387834899127;9,017608544000041;48,539511841000035;2
265714;08230511119300042310;08;1;19;067;2023;05;18;5;3;0;7;0;0;1;0;0;0;0;0;539819,885383629240096;5409163,476320521906018;9,542616931000055;48,834170129000029;2
265715;08230511337010038810;08;3;37;076;2023;05;08;5;2;0;6;0;0;1;0;0;0;0;0;425588,297954141744412;5267356,128371046856046;8,010928533000026;47,555359090000081;2
265716;08230512121200040310;08;1;21;000;2023;05;07;6;3;4;7;0;1;1;0;0;0;0;0;515825,521716429910157;5441023,391599515452981;9,216895172000022;49,121843992000038;2
265717;08230512212010046300;08;2;12;000;2023;05;11;6;3;2;2;0;0;1;0;0;0;0;0;455844,929406650888268;5424721,446628632955253;8,396629231000077;48,973825093000073;2
265718;08230512216300074900;08;2;16;013;2023;05;14;6;3;9;1;0;1;1;0;0;0;0;0;453117,836491852533072;5389339,206621025688946;8,363409053000055;48,655348623000066;2
265719;08230512335100039870;08;3;35;043;2023;05;21;6;3;9;1;2;0;1;0;0;0;0;0;513133,871451716811862;5279630,313740708865225;9,174954835000051;47,669931034000058;2
265720;08230512335100065950;08;3;35;043;2023;05;09;6;3;0;1;0;0;1;0;0;0;0;0;513081,572757431014907;5279487,316679973155260;9,174253890000045;47,668645455000046;2
265721;08230513317200090420;08;3;17;057;2023;05;18;7;3;4;6;0;0;1;0;0;0;0;0;414153,708890639594756;5379597,114334028214216;7,836436730000059;48,563586229000066;2
265722;08230514118600046950;08;1;18;073;2023;05;18;1;3;0;6;0;0;1;0;0;0;0;0;495823,132884627906606;5420440,103007283061743;8,942966175000038;48,936875202000067;2
265723;08230514121200079020;08;1;21;000;2023;05;19;1;2;7;7;0;0;1;0;0;0;0;0;514815,403612462920137;5441552,945232492871583;9,203070640000021;49,126632697000048;2
265724;08230515216100052270;08;2;16;043;2023;05;07;2;3;9;7;0;0;1;0;0;0;0;0;441749,380767467897385;5411515,299935412593186;8,205918275000045;48,853869222000071;2
265725;08230515231102082900;08;2;36;040;2023;05;16;2;3;4;6;0;0;1;0;0;0;0;0;488439,797324156970717;5421358,120330814272165;8,842123245000039;48,945039479000059;2
265726;08230516119100087080;08;1;19;003;2023;05;17;3;2;0;1;0;0;1;0;0;0;0;0;535040,700069723883644;5417402,412650832906365;9,478200333000075;48,908571639000058;2
265727;08230516317500056490;08;3;17;021;2023;05;16;3;3;0;1;0;0;1;0;0;0;0;0;425089,099240998155437;5373793,516097223386168;7,985672895000050;48,512785618000066;2
265728;08230517221300054010;08;2;21;000;2023;05;09;4;3;0;7;0;0;1;0;0;0;0;0;480074,575199234706815;5474102,893970366567373;8,725267237000025;49,419277860000079;2
265729;08230517226600074990;08;2;26;107;2023;05;16;4;3;5;3;0;0;1;0;1;0;0;0;475241,541665354510769;5484422,831688765436411;8,657984713000076;49,511925373000054;2
265730;08230517311010057270;08;3;11;000;2023;05;14;4;3;5;3;0;0;1;0;0;0;0;0;415278,064700848073699;5315585,024211997166276;7,864505459000043;47,987952736000068;2
265731;08230517311010070660;08;3;11;000;2023;05;06;4;3;0;1;0;0;1;0;0;0;0;0;412538,567996700876392;5320321,963090678676963;7,826830801000028;48,030194079000069;2
265732;08230518116200093970;08;1;16;077;2023;05;18;5;2;0;1;0;0;1;0;0;0;0;0;519334,840995523030870;5390673,479143426753581;9,262608119000049;48,668811651000055;2
265733;08230518118100091040;08;1;18;047;2023;05;19;5;3;3;6;0;0;1;0;0;0;0;0;507046,179032272426412;5427530,268012948334217;9,096336137000037;49,000629838000066;2
265734;08230518118300075280;08;1;18;048;2023;05;16;5;2;2;6;0;0;1;0;0;0;0;0;515696,025477702089120;5417482,685290082357824;9,214209821000054;48,910086222000075;2
265735;08230518119100075300;08;1;19;006;2023;05;16;5;2;9;7;0;0;1;0;1;0;0;0;537671,694377911160700;5422149,084268430247903;9,514542610000035;48,951115215000073;2
265736;08230518119200090170;08;1;19;020;2023;05;19;5;3;1;5;0;0;1;1;0;0;0;0;519923,010059184394777;5409942,359502927400172;9,271529171000054;48,842134069000053;2
265737;08230518126100077350;08;1;26;046;2023;05;14;5;3;8;7;0;0;1;0;0;0;0;0;552333,293865352985449;5458326,560999736189842;9,719476209000049;49,275454981000053;2
265738;08230518212010091170;08;2;12;000;2023;05;19;5;2;0;1;0;0;1;0;0;0;0;0;463632,498180562572088;5426098,581488961353898;8,502917082000067;48,986720313000035;2
265739;08230518222301061690;08;2;22;000;2023;05;07;5;2;0;7;0;0;1;0;0;0;0;0;462986,497575643938035;5482949,352288692258298;8,488836587000037;49,498047926000027;2
265740;08230518317010063360;08;3;17;096;2023;05;14;5;2;4;1;0;0;1;0;0;0;0;0;423253,954260150727350;5372340,754831208847463;7,961095564000061;48,499496546000046;2
265741;08230519117010075890;08;1;17;026;2023;05;20;6;3;9;1;0;0;1;0;0;0;0;0;552513,090329621918499;5398993,096763350069523;9,714272434000065;48,741741236000053;2
265742;08230519118000100990;08;1;15;013;2023;05;09;6;2;0;2;0;0;1;1;0;0;0;0;495176,409921906539239;5389679,438825873658061;8,934496676000037;48,660149821000061;2
265743;08230519119100129470;08;1;19;008;2023;05;16;6;3;0;7;0;0;1;1;0;0;0;0;531638,688821988762356;5421709,652539376169443;9,432108750000054;48,947500456000057;2
265744;08230519121500096180;08;1;25;005;2023;05;13;6;3;0;1;0;0;1;0;0;0;0;0;514069,665782818803564;5453316,118162540718913;9,193260644000077;49,232463307000046;2
265745;08230520121600067050;08;1;25;057;2023;05;17;7;3;2;2;0;0;1;1;0;0;0;0;524165,852870456932578;5442703,075422864407301;9,331301783000072;49,136681867000050;2
265746;08230521119400066200;08;1;19;079;2023;05;13;1;3;0;7;0;0;1;0;0;0;0;0;521505,718572900863364;5408961,568827262148261;9,293048029000033;48,833258299000079;2
265747;08230521119400070960;08;1;19;079;2023;05;18;1;3;4;6;0;0;1;0;0;0;0;0;525095,611820660065860;5407315,590437656268477;9,341864191000070;48,818316803000073;2
265748;08230521136300355120;08;1;36;015;2023;05;13;1;3;0;7;0;0;1;0;0;0;0;0;558318,010102779837325;5412309,183073883876204;9,795113413000024;48,861003849000042;2
265749;08230521421300066900;08;4;25;141;2023;05;10;1;2;9;7;0;0;1;0;0;0;0;0;568641,570125908358023;5362322,377121736295521;9,927567608000061;48,410316181000042;2
265750;08230521425000084450;08;4;25;108;2023;05;15;1;3;9;1;0;0;1;0;0;0;0;0;555669,486756752012298;5358627,704197343438864;9,751800892000063;48,378359203000059;2
265751;08230522212010104220;08;2;12;000;2023;05;17;2;2;5;3;0;0;1;1;0;0;0;0;453973,643346241849940;5432909,983844120986760;8,370131551000043;49,047344884000040;2
265752;08230522221011075520;08;2;26;091;2023;05;16;2;3;8;7;0;0;1;0;0;0;0;0;493649,629618361184839;5460756,202666328288615;8,912653178000028;49,299517001000027;2
265753;08230522311010070110;08;3;36;050;2023;05;18;2;2;3;6;0;0;1;0;0;0;0;1;402062,573971360048745;5277098,333788312040269;7,696124949000023;47,639872639000032;2
265754;08230522311010074660;08;3;15;073;2023;05;12;2;3;0;1;0;0;1;0;0;0;0;0;412982,685718155233189;5312551,470125479623675;7,834362304000024;47,960356619000038;2
265755;08230522317300071990;08;3;17;127;2023;05;16;2;2;0;1;0;1;1;0;0;0;0;0;417478,017548279196490;5349203,662014476954937;7,887469206000048;48,290649438000059;2
265756;08230522326400125380;08;3;26;074;2023;05;06;2;3;4;6;0;0;1;1;0;0;0;0;462238,990770641132258;5324812,283003799617290;8,493049252000048;48,075465791000056;2
265757;08230522416200099960;08;4;16;041;2023;05;09;2;3;0;1;0;0;1;0;0;0;0;0;503159,390132185828406;5373525,956044698134065;9,042781014000070;48,514839505000054;2
265758;08230523119400107700;08;1;19;079;2023;05;18;3;3;5;3;0;0;1;0;0;0;1;0;524258,727893484872766;5406929,677946291863918;9,330441150000070;48,814878474000068;2
265759;08230523222301103210;08;2;22;000;2023;05;07;3;3;5;3;0;0;1;0;0;0;0;0;467700,610553122416604;5482237,384205691516399;8,553995339000039;49,491913410000052;2
265760;08230523416000084030;08;4;16;041;2023;05;16;3;3;5;7;0;0;1;1;0;0;0;0;503458,350596607429907;5373378,498232301324606;9,046827987000029;48,513511343000062;2
265761;08230524116100081840;08;1;16;014;2023;05;17;4;3;4;6;0;0;1;0;0;0;0;0;526556,036764608812518;5395749,262144235894084;9,361011797000060;48,714207668000029;2
265762;08230524116200111700;08;1;16;080;2023;05;15;4;3;0;7;0;0;1;0;0;0;0;0;517042,896999999880791;5396739,610999999567866;9,231729270000073;48,723449448000054;2
265763;08230524136300093990;08;1;36;009;2023;05;19;4;3;0;7;0;0;1;0;0;0;0;0;567415,941866289475001;5407002,912755455821753;9,918267102000073;48,812353419000033;2
265764;08230524415300127740;08;4;15;092;2023;05;16;4;3;2;6;0;0;1;0;0;0;0;0;519254,328009955061134;5362617,493034021928906;9,260217573000034;48,416415731000029;2
265765;08230525116400086290;08;1;16;033;2023;05;19;5;3;0;7;0;0;1;0;0;0;0;0;533292,557464200654067;5389060,217833632603288;9,452048827000056;48,653710833000048;2
265766;08230525212502085480;08;2;12;000;2023;05;15;5;2;6;3;0;0;1;0;1;0;0;0;453901,328046055627055;5431664,867689073085785;8,369283630000041;49,036139653000077;2
265767;08230525226300099790;08;2;26;006;2023;05;22;5;3;0;7;2;0;1;0;0;0;0;0;483845,063864680589177;5466629,498860536143184;8,777558146000047;49,352166910000051;2
265768;08230525317600085670;08;3;17;146;2023;05;16;5;3;0;1;0;0;1;0;0;0;0;0;430831,606445590325166;5358011,711773860268295;8,066024232000075;48,371482526000079;2
265769;08230525335400099730;08;3;35;098;2023;05;19;5;3;0;1;1;0;1;0;0;0;0;0;504352,456493692181539;5292123,864947918802500;9,058103592000066;47,782461919000070;2
265770;08230525336400100170;08;3;36;091;2023;05;15;5;3;0;7;0;0;1;0;0;0;0;0;392567,141564281075262;5276175,159440372139215;7,569974403000060;47,630062573000032;2
265771;08230525416200081730;08;4;16;015;2023;05;19;5;2;0;1;0;0;1;0;0;0;0;0;508494,050059493340086;5367444,619009240530431;9,114893407000068;48,460079840000049;2
265772;08230525426300085650;08;4;26;014;2023;05;21;5;2;0;7;1;0;1;0;0;0;0;0;545585,365236338111572;5318916,730358884669840;9,611360878000028;48,021914450000054;2
265773;08230525435200109030;08;4;35;052;2023;05;20;5;3;4;1;0;0;1;0;0;1;0;0;523302,724646492628381;5289339,051628259941936;9,310930592000034;47,756998964000047;2
265774;08230526116010096840;08;1;16;070;2023;05;10;6;2;7;1;0;0;1;0;0;0;0;0;540233,352654713438824;5385487,194418478757143;9,545940433000055;48,621160330000066;2
265775;08230526116400113660;08;1;16;033;2023;05;17;6;3;0;7;0;0;1;1;0;0;0;0;530990,631471496541053;5389479,104519252665341;9,420825378000075;48,657597518000046;2
265776;08230526121500113300;08;1;25;005;2023;05;19;6;3;0;7;0;0;1;0;0;0;0;0;517836,549567095586099;5452450,082291883416474;9,244963523000024;49,224575013000049;2
265777;08230526135100087420;08;1;35;021;2023;05;15;6;3;0;1;0;0;1;0;0;0;0;0;592091,625243572285399;5384161,795318076387048;10,249203976000047;48,603755132000060;2
265778;08230526226700083760;08;2;26;098;2023;05;07;6;3;0;7;0;0;1;0;0;0;0;0;478571,109948147030082;5460625,666131952777505;8,705262999000070;49,297999955000080;2
265779;08230526311010115820;08;3;11;000;2023;05;15;6;2;5;3;0;0;1;1;0;0;0;0;413815,139977301936597;5320561,417456759139895;7,843902355000068;48,032521607000035;2
265780;08230526426010105360;08;4;21;000;2023;05;07;6;3;5;3;0;0;1;0;0;0;0;1;574889,812311521382071;5364076,141954323276877;10,012301430000036;48,425379952000071;2
265781;08230527127100089520;08;1;27;076;2023;05;23;7;3;0;1;2;0;1;0;0;0;0;0;554036,297862475388683;5438797,164838830940425;9,740261670000052;49,099648338000065;2
265782;08230527415200113900;08;4;15;058;2023;05;19;7;3;0;7;0;0;1;0;0;0;0;0;526918,598101118928753;5347938,243504468351603;9,362857671000029;48,284073663000072;2
265783;08230528116200119790;08;1;16;078;2023;05;15;1;3;0;7;0;0;1;0;0;0;0;0;509483,070508092292584;5392602,136743287555873;9,128844972000024;48,686389364000036;2
265784;08230528119200108570;08;1;19;079;2023;05;15;1;3;4;6;0;0;1;1;0;0;0;0;522602,878893153101671;5406960,104452049359679;9,307887971000071;48,815214631000060;2
265785;08230528127100091480;08;1;27;076;2023;05;23;1;3;7;7;2;0;1;0;0;0;0;0;553201,457827214151621;5442707,862576087936759;9,729341474000023;49,134896674000061;2
265786;08230528135200108210;08;1;35;019;2023;05;15;1;3;0;1;0;0;1;0;0;0;0;0;583116,859574714675546;5392326,865174320526421;10,129127263000044;48,678451410000037;2
265787;08230528136100094300;08;1;36;050;2023;05;14;1;2;0;7;0;0;1;0;0;0;0;0;581381,490841137710959;5405505,665674379095435;10,108159937000039;48,797214742000051;2
265788;08230528212010128150;08;2;15;017;2023;05;14;1;3;0;7;0;0;1;0;0;0;0;0;454095,431471863354091;5424218,045068180188537;8,372780947000024;48,969169431000068;2
265789;08230528231000106650;08;2;31;000;2023;05;14;1;2;0;7;0;0;1;0;0;0;0;0;477828,554202573373914;5413948,965035030618310;8,697610457000053;48,878100091000078;2
265790;08230528317200090350;08;3;17;057;2023;05;10;1;3;0;1;0;0;1;0;0;0;0;0;411869,400113439653069;5380286,882673796266317;7,805335924000076;48,569473228000049;2
265791;08230528317500093480;08;3;17;047;2023;05;15;1;2;9;1;0;0;1;0;0;0;0;0;423242,290188465151004;5358325,830324570648372;7,963505475000034;48,373430548000044;2
265792;08230528327100119980;08;3;27;050;2023;05;15;1;3;0;7;0;0;1;0;1;0;0;0;485951,836323554161936;5314576,076010894961655;8,811732422000034;47,984333210000045;2
265793;08230528335100091960;08;3;35;043;2023;05;11;1;3;8;7;0;0;1;0;0;0;0;0;511825,868789336644113;5284019,433634445071220;9,157650115000024;47,709448008000038;2
265794;08230528337200091450;08;3;37;022;2023;05;21;1;2;8;1;1;0;1;0;0;0;0;0;445902,387211662135087;5295679,433708164840937;8,277404070000046;47,812193610000065;2
265795;08230528426010124580;08;4;21;000;2023;05;17;1;2;0;1;0;0;1;0;0;0;0;0;572467,091828707954846;5361398,473151554353535;9,979095474000076;48,401577142000065;2
265796;08230529111500125170;08;1;11;000;2023;05;19;2;3;4;6;0;0;1;0;0;0;0;0;512083,473486598115414;5410869,848100678995252;9,164712703000021;48,850679713000034;2
265797;08230529116100119560;08;1;16;019;2023;05;17;2;2;8;1;0;0;1;0;0;0;0;0;523888,956109380291309;5399823,101558135822415;9,324991349000072;48,750963378000051;2
265798;08230529119300120640;08;1;19;001;2023;05;15;2;3;0;1;0;0;1;0;0;0;0;0;551031,211667944677174;5409610,720180211588740;9,695436457000028;48,837372943000048;2
265799;08230529121400128590;08;1;25;056;2023;05;08;2;2;0;1;0;1;1;0;0;0;0;0;511932,070006036316045;5435514,712491718120873;9,163371399000027;49,072378981000043;2
265800;08230529127100109750;08;1;27;009;2023;05;12;2;3;4;6;0;0;1;0;0;0;0;0;556360,964865157613531;5451242,833952851593494;9,773847053000054;49,211382977000028;2
265801;08230529216100093430;08;2;16;009;2023;05;15;2;3;0;7;0;0;1;0;0;0;0;0;446130,425114408950321;5421000,628140569664538;8,264385099000037;48,939585941000075;2
265802;08230529226200119190;08;2;26;068;2023;05;21;2;3;0;7;1;0;1;0;0;0;0;0;468585,289279141346924;5459507,544541701674461;8,568007484000077;49,287510650000058;2
265803;08230529226600124710;08;2;26;096;2023;05;18;2;2;0;7;0;0;1;0;0;0;0;0;476720,463554442743771;5484742,041212344542146;8,678395482000042;49,514855146000059;2
265804;08230529317300106020;08;3;17;026;2023;05;11;2;3;9;7;0;0;1;0;0;0;0;0;411363,681239654717501;5346834,491374715231359;7,805552922000061;48,268512383000029;2
265805;08230529335300668450;08;3;35;075;2023;05;17;2;3;0;1;0;0;1;0;0;0;0;0;491762,039823777507991;5287963,441065073944628;8,890105399000049;47,744990352000059;2
265806;08230530221201113350;08;2;21;000;2023;05;18;3;3;0;7;0;0;1;0;0;0;0;0;477719,618843958014622;5473297,352464774623513;8,692842663000022;49,411950445000059;2
265807;08230530317600112850;08;3;17;146;2023;05;13;3;3;3;6;0;0;1;0;0;0;0;0;432249,931333119107876;5355733,270775636658072;8,085540159000061;48,351140750000070;2
265808;08230530415300122740;08;4;15;059;2023;05;18;3;3;3;6;0;0;1;0;0;0;0;0;517303,883738489181269;5366464,803023114800453;9,234016924000059;48,451084377000029;2
265809;08230530416200099540;08;4;16;041;2023;05;17;3;3;0;1;0;0;1;0;0;0;0;0;504448,276216697413474;5376201,619072582572699;9,060262247000026;48,538902908000068;2
265810;08230530426100122680;08;4;26;021;2023;05;18;3;3;5;3;0;0;1;0;0;0;0;0;557909,647055483656004;5327002,579167814925313;9,777726792000067;48,093658502000039;2
265811;08230531119300101080;08;1;19;086;2023;05;19;4;3;9;1;1;0;1;0;0;0;0;0;534402,069424917222932;5406018,482475293800235;9,468528552000066;48,806202866000035;2
265812;08230531121600128360;08;1;25;024;2023;05;17;4;2;0;3;0;0;1;0;0;0;0;1;523759,240341280470602;5444273,867541619576514;9,325820045000057;49,150827388000039;2
265813;08230531231000113060;08;2;37;004;2023;05;14;4;2;8;1;0;0;1;0;0;0;0;0;454651,889645585848484;5382473,848471728153527;8,384988823000072;48,593703247000064;2
265814;08230531231202125660;08;2;36;070;2023;05;22;4;2;0;7;2;0;1;0;0;0;0;0;469535,627836951462086;5415635,892826618626714;8,584382731000062;48,892922888000044;2
265815;08230531415100128790;08;4;15;062;2023;05;19;4;3;5;3;0;0;1;0;0;0;0;1;519794,151485600857995;5378755,285644002258778;9,268277782000041;48,561579747000053;2
265816;08230601116200194330;08;1;16;077;2023;06;13;5;2;5;3;0;0;1;0;0;0;0;0;515723,767313867341727;5390973,720138967968524;9,213573896000071;48,671614005000038;2
265817;08230601117400142430;08;1;17;038;2023;06;13;5;2;0;1;0;0;1;0;0;0;0;0;548340,233810432837345;5398206,955397988669574;9,657425927000077;48,735007369000073;2
265818;08230601119100191300;08;1;19;008;2023;06;16;5;3;8;1;0;0;1;0;0;0;0;0;531067,878977388609201;5418453,286046881228685;9,424064910000027;48,918236833000037;2
265819;08230601121300133320;08;1;21;000;2023;06;14;5;3;0;7;0;0;1;0;0;0;0;0;514475,614930941548664;5442214,624853735789657;9,198437032000072;49,132592842000065;2
265820;08230601128100133400;08;1;28;007;2023;06;11;5;3;0;1;0;0;1;0;0;0;0;0;557937,700142639456317;5479936,725790591910481;9,799664797000048;49,469314841000028;2
265821;08230601327100134160;08;3;27;036;2023;06;17;5;3;0;7;0;0;1;1;0;0;0;0;491610,399861316196620;5320008,268828142434359;8,887459628000045;48,033306753000033;2
265822;08230601336400134020;08;3;36;045;2023;06;15;5;2;0;1;0;0;1;0;0;0;0;0;396770,605745797627605;5284310,744341107085347;7,623986857000034;47,703926826000043;2
265823;08230602121300135000;08;1;21;000;2023;06;15;6;3;0;7;0;0;1;0;0;0;0;0;512870,645336110726930;5443464,612681075930595;9,176475553000046;49,143872645000044;2
265824;08230602136300143080;08;1;36;065;2023;06;13;6;3;0;7;0;0;1;0;0;0;0;0;563751,723243018612266;5400681,475655714049935;9,867382737000071;48,755879340000035;2
265825;08230602216100134990;08;2;16;009;2023;06;18;6;3;4;6;0;0;1;0;0;0;0;0;447413,796800568350591;5421654,077642109245062;8,281824361000076;48,945574147000059;2
265826;08230602221400151390;08;2;21;000;2023;06;15;6;3;0;1;0;0;1;0;0;0;0;0;480094,916340379219037;5469143,790806605480611;8,725796144000071;49,374671929000044;2
265827;08230602235100168150;08;2;35;047;2023;06;15;6;2;0;7;0;0;1;0;0;0;0;0;477744,076317805622239;5389144,536238072440028;8,697800162000021;48,654959974000064;2
265828;08230602435100136130;08;4;35;016;2023;06;18;6;3;0;7;0;0;1;0;0;0;0;0;531167,352408393751830;5279653,127684179693460;9,415173821000053;47,669518558000050;2
265829;08230603216200135180;08;2;16;041;2023;06;08;7;3;9;7;0;0;1;0;0;0;0;0;431009,984288769948762;5393940,458304433152080;8,062484374000064;48,694686550000029;2
265830;08230603222400157480;08;2;26;028;2023;06;17;7;3;0;7;0;0;1;0;0;0;0;0;471803,284718489740044;5485467,874554055742919;8,610414787000025;49,521174966000046;2
265831;08230603311010135910;08;3;15;064;2023;06;09;7;3;5;3;0;0;1;1;0;0;0;0;421916,821307835518382;5312952,374575073830783;7,953944591000038;47,965115179000065;2
265832;08230603421200136670;08;4;21;000;2023;06;12;7;3;6;6;0;0;1;0;1;0;0;0;574377,214631408918649;5361227,670678782276809;10,004868607000049;48,399818260000075;2
265833;08230603426100135430;08;4;26;021;2023;06;12;7;3;0;7;0;0;1;0;0;0;0;0;559051,886101588024758;5324146,513473029248416;9,792670716000032;48,067859932000033;2
265834;08230603435100136900;08;4;35;045;2023;06;16;7;3;4;6;0;0;1;0;0;0;0;0;535103,940521777840331;5285818,165917623788118;9,468106814000066;47,724785929000063;2
265835;08230604111330170530;08;1;11;000;2023;06;10;1;3;4;6;0;0;1;0;0;0;0;0;516685,739762404642534;5409475,111270856112242;9,227390035000042;48,838026266000043;2
265836;08230604115400136700;08;1;15;054;2023;06;11;1;3;0;7;0;0;1;0;0;0;0;0;490269,066519208077807;5395024,685592470690608;8,867730280000046;48,708178961000044;2