OID_;UIDENTSTLAE;ULAND;UREGBEZ;UKREIS;UGEMEINDE;UJAHR;UMONAT;USTUNDE;UWOCHENTAG;UKATEGORIE;UART;UTYP1;ULICHTVERH;IstStrassenzustand;IstRad;IstPKW;IstFuss;IstKrad;IstGkfz;IstSonstige;LINREFX;LINREFY;XGCSWGS84;YGCSWGS84;PLST
265837;08230604119300161470;08;1;19;067;2023;06;17;1;2;8;7;0;0;1;0;0;0;0;0;539848,839226866839454;5399570,406212593428791;9,542081032000056;48,747873422000055;2
265838;08230604121200159470;08;1;21;000;2023;06;10;1;3;0;1;0;0;1;0;0;0;0;0;515270,561823104857467;5442410,402440892532468;9,209341797000036;49,134334685000056;2
265839;08230604121400154910;08;1;25;086;2023;06;21;1;2;9;1;2;0;1;0;0;0;0;0;503633,033814580354374;5443457,532724907621741;9,049814308000066;49,143933071000049;2
265840;08230604121500137370;08;1;25;005;2023;06;12;1;3;0;7;0;0;1;0;0;0;0;0;516185,357691374316346;5458047,740675071254373;9,222512756000071;49,274972695000031;2
265841;08230604127100161830;08;1;27;025;2023;06;13;1;3;0;7;0;0;1;0;0;0;0;0;558506,304650092264637;5425858,065189525485039;9,799623687000064;48,982856469000069;2
265842;08230604135200144420;08;1;35;019;2023;06;11;1;2;0;7;0;0;1;0;0;0;0;0;579989,467169544426724;5391905,403338637202978;10,086568803000034;48,675069110000038;2
265843;08230604212010163920;08;2;12;000;2023;06;17;1;3;9;6;0;0;1;0;0;0;0;0;454790,975391848245636;5426828,180466155521572;8,381993729000044;48,992699196000046;2
265844;08230604212302171600;08;2;12;000;2023;06;01;1;3;0;7;2;0;1;0;0;0;0;0;456337,156104199995752;5429065,019117792136967;8,402888254000061;49,012931109000078;2
265845;08230604216300163380;08;2;16;024;2023;06;14;1;2;0;1;0;0;1;0;0;0;0;0;444809,153909547487274;5407387,948980592191219;8,248181512000031;48,817023012000050;2
265846;08230604221200150440;08;2;21;000;2023;06;20;1;3;0;7;1;0;1;0;0;0;0;0;476059,788282844412606;5471545,137735627591610;8,670066246000033;49,396126517000027;2
265847;08230604335100160590;08;3;35;002;2023;06;22;1;2;8;1;2;0;1;0;0;0;0;0;505570,204197680053767;5287279,743225215002894;9,074297952000052;47,738867280000079;2
265848;08230604336300145910;08;3;36;081;2023;06;12;1;3;0;7;0;0;1;0;0;0;0;1;414524,780129658407532;5281102,697282225824893;7,861219245000029;47,677661195000042;2
265849;08230604337100137280;08;3;37;096;2023;06;16;1;3;0;1;0;0;1;0;0;0;0;0;420818,198473858530633;5266427,359364069066942;7,947702919000051;47,546439297000063;2
265850;08230604337100138270;08;3;37;013;2023;06;15;1;3;7;1;0;0;1;0;0;0;0;0;427765,374300415220205;5294958,544314374215901;8,035294410000063;47,803927908000048;2
265851;08230604337100160760;08;3;37;049;2023;06;08;1;2;0;7;0;0;1;0;0;0;0;0;426820,756563055794686;5278271,841609926894307;8,025485394000043;47,653702493000026;2
265852;08230604337200138380;08;3;37;126;2023;06;15;1;2;4;6;0;0;1;0;0;0;0;0;444106,151110362552572;5274395,077993372455239;8,256143940000072;47,620547460000068;2
265853;08230604416200161550;08;4;16;041;2023;06;12;1;3;3;6;0;0;1;0;0;0;0;0;499731,311906023416668;5374361,564236751757562;8,996361180000065;48,522364839000033;2
265854;08230604426300201590;08;4;26;020;2023;06;23;1;3;0;7;2;0;1;0;0;0;0;1;541879,215644115116447;5329792,996368447318673;9,562724831000025;48,120018064000078;2
265855;08230604436400136530;08;4;36;011;2023;06;14;1;3;0;7;0;0;1;0;0;0;0;0;547228,178397067007609;5297434,622477479279041;9,631036612000059;47,828525798000044;2
265856;08230605111120176740;08;1;11;000;2023;06;09;2;3;8;7;0;1;1;0;0;0;0;0;512722,724169699824415;5405574,487067848443985;9,173262137000052;48,803030679000074;2
265857;08230605116100138760;08;1;16;019;2023;06;12;2;3;0;1;0;0;1;0;0;0;0;0;525313,835883574560285;5397531,085447577759624;9,344234590000042;48,730288425000026;2
265858;08230605116100194880;08;1;16;019;2023;06;11;2;3;6;7;0;0;1;0;1;0;0;0;522153,949122999096289;5398372,562548591755331;9,301310218000026;48,737978630000043;2
265859;08230605116400183790;08;1;16;033;2023;06;15;2;3;0;1;0;0;1;0;0;0;0;0;535155,948547241743654;5387889,445214169099927;9,477249799000049;48,643076664000034;2
265860;08230605127200137840;08;1;27;008;2023;06;15;2;2;0;1;0;0;1;0;0;0;0;0;569011,142419168958440;5462368,720143275335431;9,949431624000056;49,310154789000080;2
265861;08230605212102164080;08;2;12;000;2023;06;17;2;3;5;3;0;0;1;0;0;0;0;0;460716,417638662387617;5426017,172619540244341;8,463068770000064;48,985809415000062;2
265862;08230605317200158220;08;3;17;057;2023;06;22;2;3;6;6;2;0;1;0;1;0;0;0;416209,726523927296512;5385573,615488911978900;7,863092823000045;48,617620007000028;2
265863;08230605415100137710;08;4;15;078;2023;06;12;2;3;0;1;0;0;1;0;0;0;0;0;528162,841559717198834;5371121,188132698647678;9,381183878000058;48,492582056000060;2
265864;08230606111210139690;08;1;11;000;2023;06;15;3;2;8;1;0;0;1;0;0;0;0;0;510440,811888113210443;5395961,946739358827472;9,141942574000041;48,716599118000033;2
265865;08230606119100178410;08;1;19;008;2023;06;05;3;3;4;6;1;0;1;0;0;0;0;0;532123,198204771964811;5420139,823503408581018;9,438602034000041;48,933354167000061;2
265866;08230606335100153880;08;3;35;043;2023;06;14;3;2;9;1;0;0;1;0;0;0;0;0;510117,540849070355762;5281448,035917706787586;9,134816888000046;47,686340528000073;2
265867;08230607115200170140;08;1;15;053;2023;06;16;4;3;5;3;0;0;1;1;0;0;0;0;482811,886776443512645;5378445,585333152674139;8,767055328000026;48,558870489000071;2
265868;08230607121500150490;08;1;25;005;2023;06;23;4;3;2;6;2;0;1;0;1;0;0;0;515980,461873298918363;5453203,785651378333569;9,219502634000037;49,231405964000032;2
265869;08230607335100171910;08;3;35;043;2023;06;17;4;3;4;6;0;0;1;0;0;0;0;0;513093,264242844656110;5279518,754742605611682;9,174410568000042;47,668928087000040;2
265870;08230607435200142590;08;4;35;059;2023;06;21;4;3;0;1;2;0;1;0;0;0;0;0;512904,345335301826708;5289748,729885037988424;9,172197044000029;47,760977064000031;2
265871;08230608111500174680;08;1;11;000;2023;06;14;5;2;0;1;0;0;1;0;0;0;0;0;515285,352068467822392;5409067,673607603646815;9,208290764000026;48,834397093000064;2
265872;08230608116500145710;08;1;16;071;2023;06;18;5;2;2;6;0;0;1;0;0;0;0;0;527077,818205311778001;5391094,513897700235248;9,367799788000070;48,672311521000040;2
265873;08230608121100155020;08;1;25;006;2023;06;12;5;2;0;1;0;0;1;0;0;0;0;0;511434,874725026253145;5455051,196763050742447;9,157118870000033;49,248125574000028;2
265874;08230608231302173130;08;2;36;075;2023;06;19;5;3;0;1;0;1;1;0;0;0;0;0;482702,310025884653442;5424405,909099720418453;8,763637917000040;48,972322327000029;2
265875;08230608231302185220;08;2;31;000;2023;06;21;5;2;0;1;2;1;1;0;0;0;0;0;479140,648250157712027;5415730,120696088299155;8,715414562000035;48,894168343000047;2
265876;08230608317100145090;08;3;17;118;2023;06;13;5;3;0;1;0;1;1;0;0;0;0;0;440431,012085031485185;5385444,663052762858570;8,191716488000054;48,619235300000071;2
265877;08230608317600144920;08;3;17;051;2023;06;14;5;3;9;1;0;0;1;0;0;0;0;0;446852,701545940944925;5343421,091053014621139;8,284173604000046;48,241778123000074;2
265878;08230608335300143620;08;3;35;035;2023;06;10;5;3;0;1;0;0;1;0;0;0;0;0;480696,012927445757668;5290905,059554157778621;8,742354781000074;47,771221211000068;2
265879;08230608337010145320;08;3;37;002;2023;06;18;5;2;9;1;0;0;1;0;0;0;0;0;434928,039728085976094;5278958,300038892775774;8,133332866000046;47,660744531000034;2
265880;08230609119500147750;08;1;19;089;2023;06;15;6;2;0;1;0;0;1;0;0;0;0;0;532241,486759257037193;5410701,914832156151533;9,439472350000074;48,848449097000071;2
265881;08230609126100158040;08;1;26;020;2023;06;11;6;3;4;1;0;0;1;0;0;0;0;0;551346,181231244234368;5471622,658182238228619;9,707618906000050;49,395129182000062;2
265882;08230609126200173670;08;1;26;011;2023;06;15;6;3;7;7;0;0;1;0;0;0;0;0;531663,887094778125174;5449381,832776172086596;9,434618857000032;49,196417236000059;2
265883;08230609135200146230;08;1;35;032;2023;06;19;6;3;0;7;0;0;1;0;0;0;0;0;578162,728308614226989;5394634,748936360701919;10,062275340000042;48,699849727000071;2
265884;08230609215202146670;08;2;15;009;2023;06;16;6;2;0;7;0;0;1;0;0;0;0;0;476213,936719136312604;5440081,892864005640149;8,674059426000042;49,113118431000032;2
265885;08230609222500179470;08;2;22;000;2023;06;18;6;3;5;3;0;0;1;0;0;0;0;0;462137,578840061323717;5477700,005770318210125;8,477615762000028;49,450780289000079;2
265886;08230609235200146440;08;2;35;046;2023;06;19;6;2;0;7;0;0;1;0;0;0;0;0;480006,383000000379980;5377643,554999999701977;8,729072225000039;48,551572053000029;2
265887;08230609235200147890;08;2;35;020;2023;06;18;6;2;0;7;0;0;1;0;0;0;0;0;475777,574606237350963;5385487,960468279197812;8,671312434000072;48,621992144000046;2
265888;08230609237100146600;08;2;37;004;2023;06;16;6;3;0;7;0;0;1;0;0;0;0;0;455154,675183520303108;5383858,042080950923264;8,391657692000024;48,606191301000081;2
265889;08230609311010163250;08;3;11;000;2023;06;13;6;3;5;3;0;0;1;0;0;0;0;0;411660,530548461654689;5316374,123302943073213;7,815869186000043;47,994561443000066;2
265890;08230609317500145340;08;3;17;034;2023;06;12;6;3;0;1;0;0;1;0;0;0;0;0;431495,546980544168036;5364928,772973397746682;8,073859173000073;48,433776538000075;2
265891;08230610118200173370;08;1;18;011;2023;06;16;7;3;0;6;0;0;1;0;0;0;0;0;503318,102340625075158;5407217,897769961506128;9,045200368000053;48,817936012000075;2
265892;08230610119300182490;08;1;19;084;2023;06;17;7;3;5;2;0;0;1;1;0;0;0;0;545830,835168060148135;5414716,115533709526062;9,625143790000038;48,883703196000056;2
265893;08230610136200160170;08;1;36;075;2023;06;01;7;2;6;6;2;0;1;0;1;0;0;0;599442,774577709729783;5422514,751564844511449;10,358167328000036;48,947556078000048;2
265894;08230610215302147210;08;2;15;089;2023;06;11;7;2;0;3;0;0;1;0;0;0;0;1;471056,070893041905947;5431334,900096764788032;8,604008663000059;49,034215558000028;2
265895;08230610221050241760;08;2;26;076;2023;06;22;7;3;7;7;2;0;1;0;0;0;0;1;475573,083547008864116;5463538,875660812482238;8,663850027000024;49,324091676000080;2
265896;08230610311010147220;08;3;11;000;2023;06;12;7;3;3;2;0;0;1;1;0;0;0;0;414633,195024936576374;5318592,373747899197042;7,855265884000062;48,014919257000031;2
265897;08230610335200225070;08;3;35;063;2023;06;16;7;3;0;1;0;0;1;0;0;0;0;0;497548,127856787119526;5286943,474394981749356;8,967297683000027;47,735861057000079;2
265898;08230610435100147240;08;4;35;030;2023;06;14;7;3;3;6;0;0;1;0;0;0;0;0;541719,428679126664065;5274770,843094421550632;9,555264110000053;47,624996391000082;2
265899;08230610435100164790;08;4;35;016;2023;06;19;7;3;4;1;0;0;1;0;1;0;0;0;535731,806785717373714;5277832,869197875261307;9,475825100000066;47,652904834000026;2
265900;08230611116400197150;08;1;16;072;2023;06;20;1;3;0;7;0;0;1;0;0;0;0;0;530990,293167741270736;5394442,798194111324847;9,421192910000059;48,702250305000064;2
265901;08230611118010183580;08;1;18;007;2023;06;10;1;2;0;1;0;0;1;0;0;0;0;0;509628,964775214204565;5427213,308768284507096;9,131640671000071;48,997743716000059;2
265902;08230611136300164110;08;1;36;028;2023;06;11;1;3;0;1;0;0;1;0;0;0;0;0;569355,380026121041737;5404738,006977852433920;9,944297781000046;48,791767817000050;2
265903;08230611136300177810;08;1;36;065;2023;06;19;1;3;0;1;0;0;1;0;0;0;0;0;556036,054608671693131;5403323,815577532164752;9,762776467000037;48,780389929000080;2
265904;08230611317600152500;08;3;17;088;2023;06;13;1;3;0;1;0;0;1;0;0;0;0;0;439703,155984176439233;5357936,171928262338042;8,185813448000033;48,371713091000061;2
265905;08230611336400150650;08;3;36;014;2023;06;13;1;3;0;1;0;0;1;0;0;0;0;0;389307,722306641866453;5279926,542336799204350;7,525653820000059;47,663256444000069;2
265906;08230611417200164840;08;4;17;022;2023;06;16;1;2;0;1;0;0;1;0;0;0;0;0;482305,924252859549597;5348571,444916402921081;8,761459228000035;48,290095463000057;2
265907;08230612111500186830;08;1;11;000;2023;06;08;2;3;0;7;0;0;1;0;0;0;0;0;517041,930180059105624;5407013,151638635434210;9,232141765000051;48,815869259000067;2
265908;08230612118600187810;08;1;18;073;2023;06;16;2;3;6;6;0;0;1;0;1;0;0;0;496991,057468733459245;5420259,629924857988954;8,958915150000053;48,935258500000032;2
265909;08230612221011227950;08;2;21;000;2023;06;08;2;2;6;7;0;0;1;0;1;0;0;0;476238,610924843174871;5468260,527252906002104;8,672726925000063;49,366588871000033;2
265910;08230612221400184750;08;2;21;000;2023;06;17;2;3;0;7;0;0;1;0;0;0;0;0;475499,175795720366295;5470546,253648919053376;8,662401843000055;49,387119403000042;2
265911;08230612311010151470;08;3;36;081;2023;06;07;2;2;4;3;0;0;1;0;0;0;1;0;413511,675150612252764;5277352,487995428033173;7,848466713000050;47,643789942000069;2
265912;08230612311010183900;08;3;11;000;2023;06;19;2;3;5;3;0;0;1;0;0;0;0;0;411075,193373802350834;5316797,372138042934239;7,807937185000071;47,998287530000027;2
265913;08230612311010188160;08;3;11;000;2023;06;16;2;3;4;6;0;0;1;0;0;1;0;0;411069,689655959664378;5314582,170434117317200;7,808322288000056;47,978360457000065;2
265914;08230612317100168470;08;3;17;068;2023;06;18;2;3;0;1;0;0;1;0;0;0;0;0;436559,227276423072908;5386934,238613109104335;8,138958840000043;48,632253650000052;2
265915;08230612335200171740;08;3;35;063;2023;06;15;2;3;0;1;0;0;1;0;0;0;0;0;499083,023293576727156;5286426,621091750450432;8,987770734000037;47,731214622000039;2
265916;08230612335400186170;08;3;35;099;2023;06;09;2;3;5;3;0;0;1;1;0;0;0;0;494505,023895446443930;5297246,635502021759748;8,926579305000075;47,828545243000065;2
265917;08230612415400154310;08;4;15;061;2023;06;15;2;3;0;1;0;0;1;0;0;0;0;0;513545,329008767264895;5370179,160288126207888;9,183307017000061;48,484592375000034;2
265918;08230612415400201460;08;4;15;061;2023;06;11;2;3;0;1;0;0;1;0;0;0;0;0;513679,714335719821975;5371071,896670399233699;9,185154860000068;48,492620853000062;2
265919;08230613115300189920;08;1;15;042;2023;06;07;3;3;4;6;0;0;1;0;0;0;0;1;495999,393080712296069;5405685,515194931998849;8,945517253000048;48,804146818000049;2
265920;08230613116500240340;08;1;16;049;2023;06;15;3;3;0;1;0;0;1;0;0;0;0;0;524585,130709648015909;5385888,046125279739499;9,333632952000073;48,625577185000054;2
265921;08230613117300156680;08;1;17;020;2023;06;20;3;2;0;1;1;0;1;0;0;0;0;0;549529,753305172780529;5388338,451929723843932;9,672419100000070;48,646142011000052;2
265922;08230613118300155990;08;1;18;081;2023;06;11;3;3;0;1;0;0;1;0;0;0;0;0;520066,950112487305887;5413395,091694095171988;9,273660154000027;48,873189303000061;2
265923;08230613136100175330;08;1;36;038;2023;06;17;3;2;0;1;0;0;1;0;0;0;0;0;595811,666288165259175;5415070,067388735711575;10,306840399000066;48,881176216000028;2
265924;08230613222500190210;08;2;22;000;2023;06;22;3;3;0;7;2;0;1;0;0;0;0;0;460319,541507474146783;5477369,330601755529642;8,452566771000022;49,447690022000074;2
265925;08230613317000197380;08;3;17;145;2023;06;08;3;2;6;6;0;0;1;0;1;0;0;0;442099,854655704926699;5349676,192789154127240;8,219308068000032;48,297632248000070;2
265926;08230613317100170580;08;3;17;056;2023;06;18;3;3;9;1;0;0;1;0;0;0;0;0;434576,158999999985099;5384406,912000000476837;8,112445925000031;48,609315677000041;2
265927;08230613335100181260;08;3;35;043;2023;06;15;3;3;0;7;0;0;1;0;0;0;0;0;511072,907834575860761;5281000,357932577840984;9,147535815000026;47,682296813000050;2
265928;08230613416200159560;08;4;16;041;2023;06;16;3;3;0;7;0;0;1;0;0;0;0;0;505967,948656655615196;5374650,614000617526472;9,080827516000056;48,524936919000027;2
265929;08230613421300157890;08;4;21;000;2023;06;18;3;2;0;1;0;0;1;0;0;0;0;0;569320,291152224643156;5360660,772725270129740;9,936463604000039;48,395295172000033;2
265930;08230613426010179970;08;4;21;000;2023;06;16;3;2;4;2;0;0;1;0;0;0;0;0;569631,297273018280976;5364091,683110646903515;9,941233910000051;48,426123061000055;2
265931;08230613435100156610;08;4;35;016;2023;06;20;3;3;0;1;0;0;1;0;0;0;0;0;534966,671934471465647;5277855,743094269186258;9,465638308000052;47,653152443000067;2
265932;08230613437200155340;08;4;37;104;2023;06;12;3;3;0;7;0;0;1;0;0;0;0;0;509603,048385203350335;5325379,424489734694362;9,128938460000029;48,081614342000080;2
265933;08230614111120158420;08;1;11;000;2023;06;07;4;3;0;1;0;0;1;0;0;0;0;0;514111,684576308703981;5405714,933672797866166;9,192182167000055;48,804264136000029;2
265934;08230614118000184780;08;1;18;081;2023;06;06;4;2;8;1;0;0;1;0;0;0;0;0;518375,092911737447139;5411411,934975378215313;9,250498882000045;48,855401783000048;2
265935;08230614118100170840;08;1;18;079;2023;06;07;4;2;0;7;0;0;1;0;0;0;0;0;506583,375026769237593;5421604,847765944898129;9,089912729000048;48,947331964000057;2
265936;08230614118101172730;08;1;18;079;2023;06;07;4;2;0;6;0;0;1;0;0;0;0;0;509483,756909820134751;5422539,709388744086027;9,129546502000039;48,955703993000043;2
265937;08230614127202217060;08;1;27;014;2023;06;18;4;3;8;6;0;0;1;1;0;0;0;0;569759,321999999694526;5441985,767000000923872;9,956179931000065;49,126745175000053;2
265938;08230614128200232800;08;1;28;115;2023;06;14;4;3;6;7;0;0;1;0;1;0;0;0;547190,732400688109919;5498615,901155234314501;9,653582858000050;49,638248763000036;2
265939;08230614212010185280;08;2;12;000;2023;06;07;4;2;3;6;0;0;1;0;0;0;0;0;459758,033547482686117;5425366,228774559684098;8,450034557000038;48,979892323000058;2
265940;08230614215202212210;08;2;15;100;2023;06;06;4;3;7;7;0;0;1;0;0;0;0;0;472050,862993607646786;5450919,559931688942015;8,616261547000022;49,210429850000025;2
265941;08230614215302191700;08;2;15;007;2023;06;09;4;3;0;1;0;0;1;0;0;0;0;0;480532,409707741986495;5427518,907889539375901;8,733838807000041;49,000260878000063;2
265942;08230614231202188870;08;2;36;004;2023;06;09;4;3;0;7;0;0;1;0;0;0;0;0;473558,822773707041051;5414529,185194583609700;8,639340484000058;48,883152125000038;2
265943;08230614311500189400;08;3;15;068;2023;06;11;4;3;7;7;0;0;1;0;0;0;0;1;444231,050584807759151;5302099,839549206197262;8,254254107000065;47,869813229000044;2
265944;08230614326100188980;08;3;26;012;2023;06;19;4;2;2;6;0;0;1;0;0;0;0;0;463508,128836581134237;5309511,055742790922523;8,511389058000077;47,937876876000075;2
265945;08230614337100172830;08;3;37;116;2023;06;22;4;3;0;6;2;0;1;0;0;0;0;0;417831,406883079325780;5275033,902170925401151;7,906405227000050;47,623494475000030;2
265946;08230615119200180290;08;1;19;020;2023;06;14;5;2;0;1;0;0;1;0;0;0;0;0;517757,669000858906657;5410185,183262673206627;9,242028722000043;48,844384184000035;2
265947;08230615316100165880;08;3;16;043;2023;06;17;5;3;0;7;0;0;1;0;0;0;0;0;410001,565068107680418;5329989,767974525690079;7,790772206000042;48,116804148000028;2
265948;08230615416000187910;08;4;16;015;2023;06;07;5;3;6;7;0;0;1;0;1;0;0;0;508121,422291537979618;5368115,093738530762494;9,109866144000023;48,466116648000082;2
265949;08230616115400204220;08;1;15;054;2023;06;15;6;3;4;6;0;0;1;0;0;0;0;0;493440,064674790832214;5395157,133757583796978;8,910830554000029;48,709411892000048;2
265950;08230616117400170230;08;1;17;044;2023;06;09;6;2;0;1;0;0;1;0;0;0;0;0;537259,067999999970198;5391517,876000000163913;9,506125660000066;48,675595472000055;2
265951;08230616119400180930;08;1;19;079;2023;06;18;6;2;0;1;0;0;1;0;0;0;0;0;521576,517043391766492;5409418,699804542586207;9,294036817000062;48,837368082000069;2
265952;08230616121600186540;08;1;25;008;2023;06;16;6;2;0;1;0;0;1;0;0;0;0;0;523298,834121760679409;5432505,276027677580714;9,318827640000052;49,044982744000038;2
265953;08230616126200200330;08;1;26;011;2023;06;11;6;3;0;6;0;0;1;0;0;0;0;1;532032,408862992888317;5447621,402611545287073;9,439536739000062;49,180562922000036;2
265954;08230616215102235130;08;2;15;102;2023;06;09;6;2;0;6;0;0;1;1;0;0;0;0;455261,946158894745167;5439328,165507271885872;8,387050889000022;49,105171185000074;2
265955;08230616216100166190;08;2;16;009;2023;06;19;6;3;6;6;0;0;1;0;1;0;0;0;446448,685281126934569;5421320,679107360541821;8,268688662000045;48,942492425000069;2
265956;08230616335300177270;08;3;35;028;2023;06;13;6;3;5;3;0;0;1;1;0;0;0;0;479780,685025524639059;5287551,543045239523053;8,730294249000053;47,741019968000046;2
265957;08230617111330234930;08;1;11;000;2023;06;15;7;3;2;6;0;0;1;0;0;0;0;0;514105,648036168597173;5410566,266820642165840;9,192266838000023;48,847906083000055;2
265958;08230617121400168360;08;1;25;066;2023;06;13;7;3;0;7;0;0;1;0;0;0;0;0;515395,093557530781254;5433782,417902425862849;9,210720196000068;49,056719355000041;2
265959;08230617326400188210;08;3;26;074;2023;06;18;7;3;8;1;0;0;1;0;0;0;0;0;456971,846079025825020;5320893,486826205626130;8,422734309000020;48,039876079000067;2
265960;08230617335100170190;08;3;35;043;2023;06;17;7;3;0;1;0;0;1;0;0;0;0;0;510017,050319627451245;5287415,394537461921573;9,133615029000055;47,740034086000037;2
265961;08230617415300190790;08;4;15;059;2023;06;17;7;3;0;1;0;0;1;0;0;0;0;0;516684,964529550692532;5365696,422233546152711;9,225616137000031;48,444188421000035;2
265962;08230618116400193490;08;1;16;016;2023;06;12;1;3;0;7;0;0;1;0;1;0;0;0;534813,319211660884321;5384580,459222772158682;9,472320812000021;48,613328556000056;2
265963;08230618119100193980;08;1;19;038;2023;06;13;1;3;0;7;0;0;1;0;0;0;0;0;524708,060416695894673;5420662,553496144711971;9,337391416000060;48,938396967000074;2
265964;08230618121100173190;08;1;25;006;2023;06;16;1;2;0;1;0;0;1;0;0;0;0;0;510428,880873603164218;5456321,552039290778339;9,143329319000031;49,259570633000067;2
265965;08230618231102175290;08;2;36;038;2023;06;13;1;3;0;7;0;0;1;0;0;0;0;0;489618,169002259382978;5429297,086239596828818;8,858013399000072;49,016476295000075;2
265966;08230618235200176220;08;2;35;046;2023;06;14;1;2;0;7;0;0;1;0;0;0;0;0;479255,653091441956349;5377474,458948422223330;8,718907851000040;48,550026441000057;2
265967;08230618326100359230;08;3;26;012;2023;06;15;1;3;0;7;0;0;1;0;0;0;0;0;463807,684001548215747;5310667,574688475579023;8,515302565000070;47,948299019000046;2
265968;08230618336100192190;08;3;36;050;2023;06;11;1;3;0;7;0;0;1;0;0;0;0;0;398724,981073787377682;5274381,162289905361831;7,652331430000061;47,614917376000051;2
265969;08230618415400171540;08;4;15;061;2023;06;21;1;3;0;7;1;0;1;0;0;0;0;0;515331,357894167420454;5370718,679394280537963;9,207496737000042;48,489405055000077;2
265970;08230618435200205330;08;4;35;053;2023;06;21;1;3;0;1;0;0;1;0;0;0;0;0;508050,955158930562902;5293931,938538014888763;9,107510580000053;47,798694452000063;2
265971;08230619121600207120;08;1;25;110;2023;06;11;2;3;5;3;0;0;1;0;0;0;0;1;529057,828175310743973;5441723,221329687163234;9,398296149000032;49,127655980000043;2
265972;08230619231202207730;08;2;36;043;2023;06;05;2;2;0;7;1;0;1;0;0;0;0;0;471035,180421362631023;5409979,814140154048800;8,605240635000030;48,842114924000043;2
265973;08230619237200185610;08;2;37;040;2023;06;14;2;2;0;7;0;0;1;0;0;0;0;0;471061,794478642172180;5366848,472693549469113;8,608617571000025;48,454108483000027;2
265974;08230619316200207000;08;3;16;009;2023;06;10;2;2;5;3;0;0;1;0;0;0;0;0;415352,186746373656206;5325635,508763084188104;7,863512193000076;48,078370338000070;2
265975;08230619327100240260;08;3;27;050;2023;06;11;2;2;0;1;0;0;1;0;0;0;0;0;485862,281670648197178;5314680,571834394708276;8,810528815000055;47,985271402000080;2
265976;08230619335050241510;08;3;35;043;2023;06;07;2;3;0;6;0;0;1;0;0;0;0;1;515070,710909734247252;5279992,309389261528850;9,200767595000059;47,673145904000080;2
265977;08230619335200240190;08;3;35;063;2023;06;07;2;3;0;1;1;1;1;0;0;0;0;0;496942,174253544711974;5287168,328075881116092;8,959214081000027;47,737881613000070;2
265978;08230619335300240320;08;3;35;075;2023;06;10;2;3;0;1;0;0;1;0;0;0;0;0;487810,438055240025278;5288992,986121121793985;8,837362257000052;47,754191148000075;2
265979;08230619415400180070;08;4;15;061;2023;06;18;2;3;9;1;0;0;1;0;0;0;0;0;509426,218000000342727;5369057,788000000640750;9,127538556000047;48,474579324000047;2
265980;08230620111240179640;08;1;11;000;2023;06;07;3;3;5;2;0;0;1;0;0;0;0;0;515060,926498621760402;5404763,758093817159534;9,205074596000031;48,795685205000041;2
265981;08230620118010210540;08;1;18;063;2023;06;01;3;2;4;6;2;0;1;1;0;0;0;0;516598,704215391946491;5423255,618720671162009;9,226764035000031;48,961993950000078;2
265982;08230620118600178870;08;1;18;068;2023;06;11;3;3;5;3;0;0;1;0;0;0;0;0;500684,642494803119916;5423451,380287971347570;9,009353646000022;48,963977453000041;2
265983;08230620121200231530;08;1;21;000;2023;06;17;3;3;6;7;0;0;1;0;1;0;0;0;515893,195143110293429;5443659,875849239528179;9,217926592000026;49,145558323000046;2
265984;08230620121500183000;08;1;25;065;2023;06;06;3;3;0;1;0;1;1;0;0;0;0;0;519406,209664788795635;5449214,822888864204288;9,266364288000034;49,195425514000078;2
265985;08230620126100196050;08;1;26;046;2023;06;08;3;2;9;7;0;0;1;0;0;0;0;0;551145,008086647954769;5457286,158139158971608;9,703008015000023;49,266197626000064;2
265986;08230620135010178820;08;4;25;072;2023;06;22;3;3;7;7;2;1;1;0;0;0;0;0;581281,235150196705945;5371340,193197669461370;10,100090695000063;48,489926335000064;2
265987;08230620135100195470;08;1;35;016;2023;06;17;3;3;0;1;0;0;1;0;0;0;0;0;589553,537044829921797;5385475,720487405546010;10,215067058000045;48,615941117000034;2
265988;08230620212010179570;08;2;12;000;2023;06;08;3;3;5;3;0;1;1;0;0;0;0;0;457396,935621699085459;5429471,525206679478288;8,417337811000039;49,016661769000052;2
265989;08230620212402192700;08;2;12;000;2023;06;06;3;3;0;1;0;1;1;0;0;0;0;0;456083,334621081361547;5425264,824495846405625;8,399828128000024;48,978729856000029;2
265990;08230620335100180350;08;3;35;066;2023;06;15;3;2;0;1;0;0;1;0;0;0;0;0;501940,712570299627259;5286237,652060309424996;9,025881483000035;47,729512086000057;2
265991;08230620415400213760;08;4;15;061;2023;06;07;3;3;5;2;0;0;1;0;0;0;0;1;515161,116572011378594;5371170,699402208440006;9,205209091000029;48,493475718000070;2
265992;08230620436200182880;08;4;36;064;2023;06;18;3;3;0;1;0;0;1;0;0;0;0;0;545731,314155175001360;5292602,266963632777333;9,610527814000022;47,785157386000037;2
265993;08230621118010225700;08;1;15;041;2023;06;18;4;2;4;6;0;0;1;0;0;1;0;0;494113,151173525257036;5401846,047571146860719;8,919884264000075;48,769592186000068;2
265994;08230621212502195180;08;2;12;000;2023;06;21;4;3;6;6;1;0;1;0;1;0;0;0;454913,036546772520524;5426778,874638840556145;8,383667671000069;48,992264609000074;2
265995;08230621212702218030;08;2;15;108;2023;06;08;4;2;0;7;0;1;1;0;0;0;0;1;453360,027311032114085;5421296,797917239367962;8,363068008000027;48,942837370000063;2