OID_;UIDENTSTLAE;ULAND;UREGBEZ;UKREIS;UGEMEINDE;UJAHR;UMONAT;USTUNDE;UWOCHENTAG;UKATEGORIE;UART;UTYP1;ULICHTVERH;IstStrassenzustand;IstRad;IstPKW;IstFuss;IstKrad;IstGkfz;IstSonstige;LINREFX;LINREFY;XGCSWGS84;YGCSWGS84;PLST
265996;08230621316200199560;08;3;16;009;2023;06;17;4;3;4;6;0;0;1;1;0;0;0;0;416652,460770578589290;5323507,778767956420779;7,881381187000045;48,059401959000070;2
265997;08230621416100180520;08;4;16;036;2023;06;07;4;3;5;3;0;0;1;0;0;0;0;0;495929,501390479737893;5370583,443398196250200;8,944910447000041;48,488362255000027;2
265998;08230621426200201890;08;4;26;070;2023;06;17;4;3;4;6;0;0;1;1;0;0;0;0;563598,011164416209795;5344376,960736609064043;9,856712786000060;48,249414556000033;2
265999;08230621435100216780;08;4;35;030;2023;06;19;4;3;4;6;0;0;1;0;0;0;0;0;542505,091448884806596;5273912,490492673590779;9,565637044000027;47,617222410000068;2
266000;08230621436200200320;08;4;36;095;2023;06;07;4;3;5;3;0;0;1;1;0;0;0;0;537289,793596164439805;5294894,857080268673599;9,498032754000064;47,806328294000082;2
266001;08230622111500220920;08;1;11;000;2023;06;15;5;3;0;6;0;0;1;0;1;0;0;0;514030,749982281122357;5404052,547408815473318;9,191023164000057;48,789311333000057;2
266002;08230622212010189790;08;2;12;000;2023;06;13;5;3;5;3;0;0;1;0;0;0;0;0;455812,014883220370393;5429240,950148025527596;8,395687939000027;49,014476240000079;2
266003;08230623117300222810;08;1;17;026;2023;06;19;6;3;0;1;0;0;1;0;0;0;0;0;550086,714751988765784;5394953,282622556202114;9,680781197000044;48,705601266000031;2
266004;08230623118100223640;08;1;18;018;2023;06;13;6;3;0;1;0;0;1;0;0;0;0;0;511258,162905767676421;5431690,267490563914180;9,154038105000041;49,037988887000040;2
266005;08230623215402202920;08;2;15;009;2023;06;23;6;3;4;6;2;0;1;0;0;0;0;0;468852,929282278520986;5439826,417620776221156;8,573213797000051;49,110491549000074;2
266006;08230623311010188660;08;3;11;000;2023;06;08;6;3;5;3;0;0;1;0;0;0;0;0;411805,901063213008456;5319363,426030555739999;7,817202603000055;48,021471055000063;2
266007;08230623311400193080;08;3;15;006;2023;06;13;6;2;5;3;0;0;1;1;0;0;0;0;401433,518428794981446;5306916,254245286807418;7,680985735000036;47,907994375000044;2
266008;08230623336100226030;08;3;36;084;2023;06;21;6;2;0;7;1;0;1;0;0;0;0;0;404948,490649005514570;5279329,130202982574701;7,734051419000025;47,660370038000053;2
266009;08230624118048243210;08;1;18;079;2023;06;21;7;3;0;1;0;0;1;0;0;0;0;0;507229,304743849672377;5423681,917455072514713;9,098771412000076;48,966009386000053;2
266010;08230624121500227520;08;1;25;078;2023;06;21;7;2;0;7;0;0;1;0;1;0;0;0;519305,080725620267913;5452346,311141266487539;9,265126816000077;49,223597044000030;2
266011;08230624136050243600;08;1;19;079;2023;06;15;7;2;0;7;0;0;1;0;0;0;0;0;525757,357736756443046;5411236,771815079264343;9,351125066000066;48,853563509000026;2
266012;08230624136100217010;08;1;36;021;2023;06;15;7;2;0;1;0;0;1;0;0;0;0;0;577611,884966632816941;5407380,132455062121153;10,057193480000024;48,814556440000047;2
266013;08230624211100196780;08;2;16;049;2023;06;16;7;3;0;7;0;0;1;0;0;0;0;0;437213,976530073676258;5401944,201022322289646;8,145562034000022;48,767335676000073;2
266014;08230624221011240520;08;2;26;085;2023;06;18;7;3;0;7;0;0;1;0;0;0;0;0;488251,933974235143978;5451709,533475995063782;8,838675712000054;49,218060659000059;2
266015;08230624231000243180;08;2;36;065;2023;06;14;7;3;5;3;0;0;1;1;0;0;0;0;489977,340322277566884;5416412,367447433993220;8,863242808000052;48,900575739000033;2
266016;08230625111320198340;08;1;11;000;2023;06;14;1;3;2;6;0;0;1;0;0;0;0;0;515508,533219242934138;5405384,856674428097904;9,211192770000025;48,801261523000051;2
266017;08230625118010227770;08;1;18;073;2023;06;21;1;2;0;1;1;0;1;0;0;0;0;0;495827,050523247220553;5420436,135296080261469;8,943019709000055;48,936839536000036;2
266018;08230625118300195760;08;1;18;051;2023;06;11;1;3;0;7;0;0;1;0;0;0;0;0;508689,560231130919419;5414232,000792193226516;9,118520990000036;48,880981801000075;2
266019;08230625121500239070;08;1;25;111;2023;06;11;1;2;0;4;0;0;1;0;1;0;0;0;529215,860546141397208;5454270,107067773118615;9,401374026000042;49,240509077000070;2
266020;08230625135100201140;08;1;35;020;2023;06;17;1;3;0;1;0;0;1;0;0;0;0;0;587528,817621854366735;5386660,379696225747466;10,187851812000076;48,626882796000075;2
266021;08230625136300238570;08;1;36;065;2023;06;12;1;2;0;1;0;0;1;0;0;0;0;0;564151,741725318483077;5399816,749906959943473;9,872689859000047;48,748060076000058;2
266022;08230625212502199930;08;2;12;000;2023;06;14;1;3;2;6;0;0;1;0;0;0;0;0;452762,343657826248091;5428482,832163466140628;8,354071744000066;49,007430994000060;2
266023;08230625317300195330;08;3;17;065;2023;06;13;1;3;0;1;0;0;1;0;0;0;0;0;420226,542522576986812;5355294,016067996621132;7,923364670000069;48,345785223000064;2
266024;08230625337010231320;08;3;37;065;2023;06;14;1;3;0;1;0;0;1;0;0;0;0;0;449748,442675095517188;5274961,660304820165038;8,331163054000058;47,626107395000076;2
266025;08230625416100198200;08;4;16;036;2023;06;18;1;3;0;7;0;0;1;0;0;0;0;0;496119,733945487765595;5368736,574608836323023;8,947502173000032;48,471748235000064;2
266026;08230625435100200040;08;4;35;016;2023;06;17;1;3;5;3;0;0;1;1;0;0;0;0;532362,072392055531964;5279023,623305800370872;9,431041347000075;47,663795931000038;2
266027;08230625435200215970;08;4;35;059;2023;06;11;1;3;4;6;0;0;1;0;0;0;0;0;513306,982314487104304;5289548,005425647832453;9,177563706000058;47,759162855000056;2
266028;08230625436000223660;08;4;35;016;2023;06;18;1;2;4;1;0;0;1;0;0;0;0;0;539929,705769059015438;5282854,627258723601699;9,532183584000052;47,697841701000073;2
266029;08230626118048243970;08;1;15;022;2023;06;10;2;3;0;7;0;0;1;0;0;0;0;0;497226,275070557952859;5383461,177654480561614;8,962375015000021;48,604221618000054;2
266030;08230626215102233070;08;2;15;105;2023;06;19;2;3;3;6;0;0;1;0;0;0;0;0;458289,149891570385080;5441620,947235980071127;8,428286921000051;49,126007484000070;2
266031;08230626311010233320;08;3;11;000;2023;06;14;2;3;6;7;0;0;1;0;1;0;0;0;412626,263778323307633;5317728,225413748994470;7,828535600000066;48,006874702000061;2
266032;08230626317200222420;08;3;17;057;2023;06;19;2;3;0;1;0;0;1;0;0;0;0;0;411845,810742456349544;5380281,416739090345800;7,805017386000031;48,569420747000038;2
266033;08230626335200200030;08;3;35;063;2023;06;20;2;3;0;1;0;0;1;0;0;0;0;0;497677,602844050328713;5286808,694645247422159;8,969025298000076;47,734648841000080;2
266034;08230626426200221840;08;4;26;070;2023;06;18;2;3;4;7;0;0;1;0;0;0;0;0;565988,483315117191523;5342851,665454366244376;9,888672562000068;48,235449014000039;2
266035;08230626435100221310;08;4;35;035;2023;06;17;2;3;5;3;0;0;1;1;0;0;0;0;539251,143813611124642;5279986,342145112343132;9,522882121000066;47,672076441000058;2
266036;08230627111130247750;08;1;11;000;2023;06;19;3;3;0;7;1;0;1;0;0;0;0;1;508757,693054724484682;5395326,206637871451676;9,119047179000063;48,710905887000081;2
266037;08230627111500256240;08;1;11;000;2023;06;16;3;2;4;6;0;0;1;0;0;1;0;0;517738,958367765240837;5404098,259333655238152;9,241510522000056;48,789627826000071;2
266038;08230627115400237470;08;1;15;045;2023;06;17;3;3;0;7;0;0;1;0;0;0;0;0;501452,883803085773252;5395246,642223446629941;9,019749431000037;48,710249927000064;2
266039;08230627116200244420;08;1;16;078;2023;06;19;3;3;0;1;0;0;1;0;0;0;0;0;511287,498487826436758;5393088,886757211759686;9,153374661000043;48,690738176000082;2
266040;08230627226700208390;08;2;26;065;2023;06;18;3;3;0;7;0;0;1;0;0;0;0;0;476296,054731502546929;5455828,510968390852213;8,674256257000025;49,254765319000057;2
266041;08230627335100220980;08;3;35;043;2023;06;21;3;3;4;6;1;0;1;0;0;0;0;0;514796,975750584038906;5280451,530287259258330;9,197136560000047;47,677284133000057;2
266042;08230628121500210570;08;1;25;007;2023;06;16;4;3;7;7;0;0;1;0;0;0;0;0;511312,394532187725417;5454467,141889110207558;9,155419469000037;49,242874160000042;2
266043;08230628121600235390;08;1;25;102;2023;06;17;4;3;6;4;0;0;1;0;1;0;0;0;520892,192830417305231;5443945,298050686717033;9,286486576000073;49,147976062000055;2
266044;08230628221011211660;08;2;21;000;2023;06;17;4;3;9;7;0;0;1;0;0;0;0;0;476838,780076590250246;5470911,888180335052311;8,680838707000021;49,390460662000066;2
266045;08230628225100209350;08;2;25;033;2023;06;19;4;2;0;1;0;0;1;0;0;0;0;0;510562,125274522462860;5460241,328457610681653;9,145264070000053;49,294827338000061;2
266046;08230628415400244980;08;4;15;061;2023;06;21;4;2;0;1;0;0;1;0;0;0;0;0;514367,641392666730098;5371418,983542570844293;9,194477836000033;48,495728016000044;2
266047;08230629111230247910;08;1;11;000;2023;06;19;5;3;4;6;0;0;1;0;0;1;0;0;510832,042711176443845;5395893,948601056821644;9,147259543000075;48,715980730000069;2
266048;08230629115200237060;08;1;15;004;2023;06;08;5;3;5;7;0;0;1;0;0;0;0;0;488206,993862835690379;5374392,732090990990400;8,840287766000074;48,522534508000035;2
266049;08230629317500214150;08;3;17;096;2023;06;07;5;3;0;7;0;0;1;0;1;0;0;0;423660,029959397914354;5369254,746460756286979;7,967155491000028;48,471787504000076;2
266050;08230629426300212050;08;4;26;121;2023;06;06;5;3;0;7;0;0;1;0;0;0;0;0;540420,018377498374321;5336826,459022925235331;9,543786892000071;48,183389242000032;2
266051;08230629436400233630;08;4;36;009;2023;06;19;5;3;0;1;0;0;1;0;0;0;0;0;560662,236902198055759;5307720,272275114431977;9,811962893000043;47,919933560000061;2
266052;08230630121500236740;08;1;25;096;2023;06;10;6;3;8;1;0;0;1;0;0;0;0;0;515000,663150171982124;5451298,127562657929957;9,205973263000033;49,214288959000044;2
266053;08230630212302245860;08;2;12;000;2023;06;15;6;3;4;6;0;1;1;0;0;0;0;0;456829,047839925508015;5428587,538896065205336;8,409665531000030;49,008670729000073;2
266054;08230630222800236750;08;2;22;000;2023;06;18;6;3;0;6;0;0;1;1;0;0;0;0;460569,431796089629643;5489004,674903649836779;8,454852754000058;49,552359545000058;2
266055;08230630426100220150;08;4;26;021;2023;06;12;6;3;6;6;0;0;1;0;1;0;0;0;559187,515784779447131;5327511,991824142634869;9,794957524000040;48,098123841000074;2
266056;08230701116100248240;08;1;16;019;2023;07;11;7;3;0;1;0;0;1;0;0;0;0;0;521453,942523161240388;5399004,294250484555960;9,291822634000027;48,743686130000071;2
266057;08230701118048269650;08;1;15;003;2023;07;17;7;3;6;7;0;0;1;0;1;0;0;0;500720,232927014178131;5392409,053468614816666;9,009785366000074;48,684723998000038;2
266058;08230701135100264260;08;1;35;020;2023;07;17;7;3;6;1;0;0;1;0;1;0;0;0;586282,694218903430738;5385522,481713513843715;10,170707662000041;48,616821321000032;2
266059;08230701231202248690;08;2;36;074;2023;07;14;7;3;4;6;0;0;1;1;0;0;0;0;472206,774419513822068;5419225,933485357090831;8,620579151000072;48,925342897000064;2
266060;08230701317200254440;08;3;17;057;2023;07;01;7;3;0;7;2;0;1;0;0;0;0;0;414864,996877813944593;5385296,304478523321450;7,844907625000076;48,614944221000030;2
266061;08230701425000257080;08;4;25;134;2023;07;12;7;2;8;7;0;0;1;0;0;0;0;0;546159,251633278559893;5371131,569398622959852;9,624754177000057;48,491611127000056;2
266062;08230702121200248570;08;1;21;000;2023;07;12;1;3;0;7;0;0;1;0;0;0;0;0;515872,720117383054458;5441192,643002261407673;9,217548700000066;49,123365252000042;2
266063;08230702135200249190;08;1;35;032;2023;07;18;1;2;0;1;0;0;1;0;0;0;0;0;574140,895691331010312;5391425,025655514560640;10,007049588000029;48,671470133000071;2
266064;08230702226500251650;08;2;26;085;2023;07;17;1;3;0;7;0;0;1;0;0;0;0;0;486971,852081494580489;5457627,852899675257504;8,820905298000071;49,271271176000027;2
266065;08230702231000272680;08;2;31;000;2023;07;18;1;3;6;7;0;0;1;0;1;0;0;0;478147,406999999657273;5415230,014000000432134;8,701890644000059;48,889635315000078;2
266066;08230702231402267630;08;2;31;000;2023;07;18;1;3;6;7;0;0;1;0;1;0;0;0;477392,677342337789014;5415475,499959750100970;8,691581321000058;48,891816548000065;2
266067;08230702311400260980;08;3;15;008;2023;07;01;1;2;8;1;2;0;1;0;0;0;0;0;402508,840049999766052;5301469,246049999259412;7,696601686000065;47,859162700000070;2
266068;08230702415300266520;08;4;15;059;2023;07;19;1;2;0;1;0;0;1;0;0;0;0;0;515851,977168494020589;5365917,176652587950230;9,214360822000060;48,446195953000029;2
266069;08230702416100267610;08;4;16;036;2023;07;19;1;3;3;6;0;0;1;1;0;0;0;0;491696,629315211786889;5374878,945346629247069;8,887537967000071;48,526964514000042;2
266070;08230702416200248560;08;4;16;041;2023;07;18;1;3;1;1;0;0;1;0;0;0;0;1;504221,211247771047056;5372936,351811545901000;9,057153065000023;48,509528962000047;2
266071;08230703119200257500;08;1;19;020;2023;07;22;2;3;0;7;2;0;1;0;0;0;0;0;517897,004430281347595;5410325,174365026876330;9,243933896000044;48,845639511000059;2
266072;08230703211100257580;08;2;11;000;2023;07;10;2;3;0;7;0;0;1;0;0;0;0;0;444929,630651378538460;5400327,764149146154523;8,250768541000070;48,753526053000030;2
266073;08230703212010251000;08;2;12;000;2023;07;16;2;3;5;2;0;0;1;0;0;0;0;0;456135,263065821665805;5429172,176715161651373;8,400115840000069;49,013880682000035;2
266074;08230703212502250290;08;2;12;000;2023;07;13;2;3;5;3;0;0;1;0;0;0;0;1;454458,857537460280582;5429100,169421062804759;8,377199171000029;49,013111511000034;2
266075;08230703222500258630;08;2;22;000;2023;07;17;2;3;6;7;0;0;1;0;1;0;0;0;460715,436743765487336;5478551,580499738454819;8,457911040000056;49,458349496000039;2
266076;08230703311000286710;08;3;11;000;2023;07;18;2;3;3;2;0;0;1;0;0;1;0;0;410610,392817514832132;5316969,357045453041792;7,801671976000023;47,999769751000031;2
266077;08230704111240253540;08;1;11;000;2023;07;18;3;3;4;6;0;0;1;0;0;0;0;0;513992,410281442571431;5403961,264461176469922;9,190498079000065;48,788491025000042;2
266078;08230704116010264830;08;4;15;061;2023;07;19;3;1;8;1;0;0;1;0;0;0;0;0;509292,986093946150504;5363439,900889622047544;9,125611198000058;48,424040216000037;2
266079;08230704119400251240;08;1;19;079;2023;07;11;3;3;4;7;0;0;1;0;0;0;0;0;523404,275432582304347;5408595,140160762704909;9,318897422000020;48,829893340000069;2
266080;08230704121600257740;08;1;25;098;2023;07;08;3;3;0;1;0;0;1;0;0;0;0;0;519109,865183474903461;5436721,061840089038014;9,261704397000074;49,083049640000070;2
266081;08230704121600259080;08;1;25;021;2023;07;12;3;3;0;7;0;0;1;0;0;0;0;0;522482,626619095331989;5448770,192669487558305;9,308564863000072;49,191320884000049;2
266082;08230704221011266460;08;2;26;032;2023;07;11;3;2;0;7;0;0;1;0;0;0;0;0;469918,201609598239884;5464491,213919146917760;8,585960715000056;49,332405307000045;2
266083;08230704311000272630;08;3;36;069;2023;07;02;3;3;0;1;2;1;1;0;0;0;0;0;404497,327990911202505;5270265,557095354422927;7,730020400000058;47,578771584000037;2
266084;08230704335100253290;08;3;35;043;2023;07;15;3;3;3;6;0;0;1;0;0;0;0;0;510581,214436629379634;5281235,601558053866029;9,140990199000044;47,684421692000058;2
266085;08230704415061274050;08;4;15;061;2023;07;13;3;3;0;3;0;0;1;0;0;0;0;1;515007,839305347471964;5375525,020199149847031;9,203291110000066;48,532652278000057;2
266086;08230704437100251910;08;4;37;086;2023;07;18;3;2;0;1;0;0;1;0;0;0;0;0;527150,409599235747010;5305801,192089408636093;9,363301939000053;47,904962771000044;2
266087;08230705311000283160;08;3;11;000;2023;07;21;4;3;5;3;2;0;1;0;0;0;0;0;413593,809802130854223;5317310,472405839711428;7,841589378000037;48,003248415000030;2
266088;08230706231402279370;08;2;31;000;2023;07;18;5;2;4;6;0;0;1;0;0;0;0;0;475035,908481429214589;5413031,692424506880343;8,659579073000032;48,869742454000061;2
266089;08230706311000266540;08;3;11;000;2023;07;12;5;3;0;7;0;0;1;0;0;0;0;0;415162,009999999776483;5320259,236999999731779;7,862025620000054;48,029983754000057;2
266090;08230706311010255620;08;3;11;000;2023;07;14;5;3;0;7;0;0;1;0;0;0;0;0;412628,803977797098923;5316791,115886068902910;7,828760513000077;47,998445468000057;2
266091;08230706325102254500;08;3;25;045;2023;07;18;5;3;0;7;0;0;1;0;0;0;0;0;469189,955367815855425;5348829,612941628322005;8,584622673000069;48,291915399000061;2
266092;08230706415050276280;08;1;16;006;2023;07;05;5;3;7;7;0;0;1;0;0;0;0;0;516117,969757883984130;5382745,207727521657944;9,218608211000060;48,597579235000069;2
266093;08230706415050282720;08;4;16;041;2023;07;10;5;2;0;7;0;0;1;0;0;0;0;1;502910,492496669641696;5372516,571710218675435;9,039403674000027;48,505759900000044;2
266094;08230706416200292090;08;4;16;041;2023;07;17;5;3;4;6;0;0;1;0;0;0;0;0;502223,783428695984185;5372708,082218951545656;9,030107692000058;48,507485610000060;2
266095;08230706421000268400;08;4;26;021;2023;07;15;5;3;5;3;0;0;1;0;0;0;0;0;559267,868999999947846;5327311,808000000193715;9,796008852000057;48,096315484000058;2
266096;08230707115300258240;08;1;15;041;2023;07;16;6;3;0;7;0;0;1;0;0;0;0;0;496600,723374485969543;5401134,440329075790942;8,953744179000068;48,763209142000051;2
266097;08230707119300256910;08;1;19;067;2023;07;23;6;3;7;7;2;0;1;0;0;0;0;0;539044,447447590180673;5405931,254170363768935;9,531743039000048;48,805143887000042;2
266098;08230707126100271450;08;1;26;039;2023;07;22;6;3;9;1;2;0;1;0;0;0;0;0;547406,064460596768185;5460988,701684334315360;9,652057394000053;49,299801750000029;2
266099;08230707231102257600;08;2;36;039;2023;07;15;6;2;0;1;0;0;1;0;0;0;0;0;488402,374842838093173;5410607,344537340104580;8,841917418000037;48,848327550000079;2
266100;08230707311010443000;08;3;15;098;2023;07;08;6;3;0;7;0;0;1;0;0;0;0;0;408369,472912241762970;5313299,380714876577258;7,772421058000020;47,966440509000051;2
266101;08230707317010286670;08;3;17;047;2023;07;07;6;2;5;3;0;0;1;0;0;1;0;0;419734,521153624285944;5364667,818728756159544;7,914934349000021;48,430039909000072;2
266102;08230707327100263470;08;3;27;018;2023;07;14;6;2;0;1;0;0;1;0;0;0;0;0;474023,366918047599029;5303620,649589194916189;8,652535438000029;47,885392639000031;2
266103;08230708221400303210;08;2;21;000;2023;07;19;7;3;0;1;0;0;1;0;0;0;0;0;477732,395947686163709;5468169,389097003266215;8,693306074000077;49,365825505000032;2
266104;08230708235100292390;08;2;35;073;2023;07;16;7;3;8;1;0;0;1;0;0;0;0;0;479166,251672843238339;5407012,673444032669067;8,716207474000043;48,815749374000063;2
266105;08230708235100343040;08;2;35;079;2023;07;12;7;3;0;1;0;0;1;0;0;0;0;0;465760,233879872947000;5400175,965158027596772;8,534168417000046;48,753654509000057;2
266106;08230708335000310480;08;3;35;055;2023;07;17;7;2;3;6;0;0;1;0;0;0;0;0;495721,301259055442642;5285510,690850770100951;8,942946121000034;47,722959902000071;2
266107;08230708417200273540;08;4;17;022;2023;07;16;7;2;8;1;0;0;1;0;0;0;0;0;481001,336683377681766;5350827,266647278331220;8,743770203000054;48,310352421000061;2
266108;08230708421000272290;08;4;21;000;2023;07;10;7;3;4;6;0;0;1;0;0;0;0;0;572472,707409949041903;5356511,096439855173230;9,978328493000049;48,357613193000077;2
266109;08230709111210324700;08;1;11;000;2023;07;21;1;3;0;7;0;0;1;0;0;0;0;0;515391,455550440179650;5399760,525579818524420;9,209387911000022;48,750668470000051;2
266110;08230709115300296630;08;1;15;028;2023;07;13;1;3;4;6;0;0;1;1;0;0;0;0;499620,411389375571162;5404951,879740091040730;8,994831204000036;48,797559844000034;2
266111;08230709116500262760;08;1;16;049;2023;07;19;1;3;4;6;0;0;1;1;0;0;0;0;521112,369817675789818;5383824,612539329566061;9,286401433000037;48,607141190000050;2
266112;08230709118010291130;08;1;15;054;2023;07;10;1;2;4;1;0;0;1;0;0;0;0;0;490239,369126477977261;5395008,459455776028335;8,867326997000021;48,708032526000068;2
266113;08230709118500295510;08;1;18;060;2023;07;13;1;3;0;7;0;0;1;0;0;0;0;0;525202,949199565453455;5430992,811050698161125;9,344789547000062;49,031302602000039;2
266114;08230709121500261950;08;1;25;069;2023;07;17;1;3;0;1;0;0;1;0;0;0;0;0;523012,221463377820328;5456999,652960699051619;9,316305427000032;49,265326235000032;2
266115;08230709127202305760;08;1;27;073;2023;07;20;1;3;9;7;0;0;1;0;0;0;0;0;579372,940999110112898;5447960,182476136833429;10,089106272000038;49,179311192000057;2
266116;08230709212000272110;08;2;15;017;2023;07;04;1;3;0;7;2;0;1;0;0;0;0;0;457748,663157422735821;5420287,611765965819359;8,423102058000040;48,934074840000051;2
266117;08230709311100287760;08;3;15;015;2023;07;03;1;3;3;1;2;0;1;0;0;0;0;0;401186,483995290356688;5316460,184240994043648;7,675488659000052;47,993802688000073;2
266118;08230709326400263320;08;3;26;074;2023;07;18;1;3;3;6;0;0;1;0;0;0;0;0;460102,170209759671707;5320480,548373002558947;8,464767244000029;48,036364309000078;2
266119;08230709416200336880;08;4;16;022;2023;07;15;1;3;4;6;0;0;1;0;0;0;0;0;510696,654683317407034;5376385,753311282023787;9,144915596000033;48,540484011000046;2
266120;08230709426010275500;08;4;26;013;2023;07;18;1;3;4;6;0;0;1;0;0;0;0;0;544692,539989597047679;5325473,232825805433095;9,600072504000025;48,080963857000029;2
266121;08230710118010357440;08;1;15;054;2023;07;17;2;2;5;3;0;0;1;1;0;0;0;0;494014,736429831013083;5395798,654053894802928;8,918632774000059;48,715188827000077;2
266122;08230710121200265620;08;1;21;000;2023;07;15;2;3;1;7;0;0;1;1;0;0;0;0;516023,880765529349446;5442145,096828395500779;9,219658310000057;49,131928985000059;2
266123;08230710127100265120;08;1;27;076;2023;07;17;2;2;0;1;0;0;1;0;0;0;0;0;553742,273000707849860;5440973,103831861168146;9,736523737000027;49,119246017000080;2
266124;08230710128100277440;08;1;28;058;2023;07;05;2;3;0;7;0;0;1;0;0;0;0;0;559678,002202015137300;5481574,165452498942614;9,823929164000049;49,483873332000030;2
266125;08230710212010297640;08;2;12;000;2023;07;13;2;3;4;6;0;0;1;0;0;0;0;0;462700,867006425920408;5428246,883292247541249;8,489986512000030;49,005989294000074;2
266126;08230710311010262530;08;3;11;000;2023;07;07;2;3;8;7;0;1;1;0;0;0;0;0;414341,422265102970414;5315865,447723679244518;7,851898654000024;47,990350489000036;2
266127;08230710416200262380;08;4;16;041;2023;07;23;2;3;6;6;2;0;1;0;1;0;0;0;505437,220866479270626;5374944,193009674549103;9,073643386000072;48,527582882000047;2
266128;08230711118010331260;08;1;18;028;2023;07;21;3;2;7;1;2;1;1;0;0;0;0;0;512901,075114391860552;5427160,376744575798512;9,176372868000044;48,997207851000042;2
266129;08230711128200268580;08;1;28;115;2023;07;13;3;3;4;2;0;0;1;0;0;0;0;0;547799,072766141383909;5497144,103823620826006;9,661828280000066;49,624963511000033;2
266130;08230711212000278820;08;2;15;017;2023;07;05;3;2;8;7;1;0;1;0;0;0;0;0;458652,745124590350315;5422731,163662158884108;8,435197712000047;48,956116315000031;2
266131;08230711225200298280;08;2;25;014;2023;07;16;3;2;4;2;0;0;1;0;0;1;0;0;524884,589276538114063;5488902,764600957743824;9,344040340000049;49,552215511000043;2
266132;08230711235200342840;08;2;35;046;2023;07;13;3;3;4;6;0;0;1;0;0;1;0;0;479788,616888193297200;5374998,325058289803565;8,726249719000066;48,527767959000073;2
266133;08230711415400301050;08;4;15;061;2023;07;12;3;3;0;1;0;0;1;0;0;0;0;0;515033,942963817913551;5372315,571933596394956;9,203529006000053;48,503778444000034;2
266134;08230711421000284740;08;4;25;020;2023;07;19;3;3;0;1;0;0;1;0;0;0;0;0;556898,050543169490993;5363955,492791339755058;9,769113011000059;48,426177015000064;2
266135;08230712118010298850;08;1;18;048;2023;07;16;4;2;5;3;0;0;1;1;0;0;0;0;521151,102639789343812;5417486,683819283731282;9,288656746000072;48,909959889000049;2
266136;08230712119400267230;08;1;19;079;2023;07;07;4;3;5;3;0;0;1;0;0;0;0;1;521865,037801469443366;5409162,334806678816676;9,297954939000022;48,835051791000069;2
266137;08230712212010308160;08;2;12;000;2023;07;17;4;3;1;5;0;0;1;1;0;0;0;0;460778,996912730508484;5426345,565716848708689;8,463892380000061;48,988767367000037;2
266138;08230712311100286360;08;3;15;015;2023;07;12;4;3;0;7;0;0;1;0;0;0;0;1;396755,925269231782295;5319703,476827069185674;7,615337569000076;48,022274607000043;2
266139;08230713111000273420;08;1;11;000;2023;07;17;5;3;6;6;0;0;1;0;1;0;0;0;508177,330855206819251;5397216,344329387880862;9,111195548000069;48,727917522000041;2
266140;08230713115200305420;08;1;15;010;2023;07;19;5;3;0;7;0;0;1;0;0;0;0;0;488397,729570274648722;5387908,916160192340612;8,842493521000051;48,644132848000027;2
266141;08230713121100274880;08;1;25;026;2023;07;19;5;3;0;1;0;0;1;0;0;0;0;0;493688,804382482136134;5437782,685573933646083;8,913552898000034;49,092863752000028;2
266142;08230713136050273140;08;1;36;028;2023;07;18;5;3;0;7;0;0;1;0;0;0;0;0;567660,448437786544673;5404628,589307197369635;9,921205830000076;48,790970366000067;2
266143;08230713212010294480;08;2;12;000;2023;07;16;5;2;5;3;0;0;1;0;0;0;0;0;456541,090432712691836;5430356,790754374116659;8,405538637000063;49,024565125000038;2
266144;08230713221050288080;08;2;21;000;2023;07;18;5;3;0;7;0;0;1;0;0;0;0;0;479519,923193804454058;5474885,590902586467564;8,717579360000059;49,426299676000042;2
266145;08230713221300301440;08;2;26;012;2023;07;21;5;2;0;7;1;0;1;0;0;0;0;0;474504,632224559900351;5476242,562384987249970;8,648332393000032;49,438315741000054;2
266146;08230713415400273320;08;4;16;022;2023;07;16;5;3;4;6;0;0;1;0;0;0;0;0;511504,767935656767804;5376909,123783431947231;9,155878127000051;48,545178109000062;2
266147;08230714115301316510;08;1;15;028;2023;07;17;6;3;5;3;0;0;1;1;0;0;0;0;501542,670855932985432;5403649,698263967409730;9,021001408000075;48,785843697000075;2
266148;08230714117010308700;08;1;17;049;2023;07;21;6;2;0;1;0;0;1;0;0;0;0;0;555470,129476983682252;5390336,568278526887298;9,753326899000058;48,663616827000055;2
266149;08230714136050275230;08;1;19;020;2023;07;23;6;3;0;1;2;0;1;0;0;0;0;0;521133,732911185827106;5405549,984783953987062;9,287803480000036;48,802581185000065;2
266150;08230714226500308070;08;2;26;085;2023;07;12;6;2;4;6;0;0;1;0;0;0;0;1;490061,893289543921128;5456099,065367162227631;8,863421137000046;49,257577495000078;2
266151;08230714311500312620;08;3;15;037;2023;07;14;6;3;0;1;0;0;1;0;0;0;0;1;426688,424857470847201;5303438,359177973121405;8,019477115000029;47,880091565000043;2
266152;08230714327100342690;08;3;27;025;2023;07;21;6;2;0;7;0;0;1;0;0;0;0;0;482949,510838401096407;5310674,906253407709301;8,771651585000029;47,949160738000046;2
266153;08230714335200295870;08;3;35;063;2023;07;16;6;3;5;3;0;0;1;0;0;0;0;0;498442,300677696592174;5288199,742618978023529;8,979219386000068;47,747167227000034;2