OID_;UIDENTSTLAE;ULAND;UREGBEZ;UKREIS;UGEMEINDE;UJAHR;UMONAT;USTUNDE;UWOCHENTAG;UKATEGORIE;UART;UTYP1;ULICHTVERH;IstStrassenzustand;IstRad;IstPKW;IstFuss;IstKrad;IstGkfz;IstSonstige;LINREFX;LINREFY;XGCSWGS84;YGCSWGS84;PLST
266154;08230714415050274670;08;1;16;049;2023;07;12;6;3;0;7;0;0;1;0;0;0;0;0;524727,936300616478547;5384583,192807383835316;9,335493064000048;48,613833018000037;2
266155;08230714415100310940;08;4;15;050;2023;07;15;6;3;0;1;0;0;1;0;0;0;0;0;523314,584888580429833;5375684,297527560964227;9,315818922000062;48,533831501000066;2
266156;08230714415100313000;08;4;15;088;2023;07;18;6;3;0;6;0;0;1;0;0;1;0;0;540959,586182211176492;5370287,274181772023439;9,554298844000073;48,484376303000033;2
266157;08230714435200306240;08;4;35;066;2023;07;13;6;3;0;7;0;0;1;0;0;0;0;0;516341,516625706164632;5287936,492043685168028;9,217994631000067;47,744593457000065;2
266158;08230715116500317790;08;1;16;020;2023;07;15;7;3;9;1;0;0;1;0;0;0;0;0;526970,699919673264958;5382744,138462943024933;9,365801347000058;48,597196133000068;2
266159;08230715117010295100;08;1;17;028;2023;07;10;7;3;4;6;0;0;1;1;0;0;0;0;547835,418991817627102;5382338,343324543908238;9,648726260000046;48,592299199000081;2
266160;08230715128200296150;08;1;28;045;2023;07;08;7;3;9;1;0;0;1;0;0;0;0;0;555783,075565422535874;5504341,294057875871658;9,773390520000021;49,689008687000069;2
266161;08230715136050277580;08;1;19;020;2023;07;07;7;3;5;3;0;0;1;0;0;0;0;0;518924,738985044590663;5405694,043921924196184;9,257727928000065;48,803948299000069;2
266162;08230715136050277650;08;1;19;079;2023;07;19;7;2;0;7;0;0;1;0;0;0;0;0;521330,434343338012695;5412041,156258285045624;9,290819926000040;48,860967515000027;2
266163;08230715221050284860;08;2;26;009;2023;07;22;7;3;7;7;2;1;1;0;0;0;0;1;466083,816043007420376;5470736,028706775978208;8,532654817000036;49,388374778000070;2
266164;08230715226400351020;08;2;26;032;2023;07;11;7;2;0;7;0;0;1;0;0;0;0;0;468893,975491320597939;5464904,382065728306770;8,571831664000058;49,336070332000077;2
266165;08230715311010306060;08;3;11;000;2023;07;05;7;3;0;7;2;0;1;0;0;0;0;0;413549,550445615313947;5316556,957919884473085;7,841147966000051;47,996464307000053;2
266166;08230715317050277080;08;3;17;113;2023;07;09;7;3;0;7;0;0;1;0;0;0;0;0;407549,261686558136716;5344674,205478725954890;7,754634946000067;48,248536025000078;2
266167;08230716121200354490;08;1;21;000;2023;07;16;1;3;0;7;0;0;1;0;0;0;0;1;518597,712621611775830;5442205,566890517249703;9,254943318000073;49,132400419000078;2
266168;08230716127100296930;08;1;27;076;2023;07;21;1;3;9;1;1;0;1;0;0;0;0;0;556481,645466916612349;5438230,124891025014222;9,773678909000068;49,094328349000079;2
266169;08230716215102317920;08;2;15;109;2023;07;19;1;3;4;6;0;0;1;0;0;0;0;0;460499,349021601025015;5432837,154069713316858;8,459438109000075;49,047142601000076;2
266170;08230716231102322440;08;2;36;040;2023;07;15;1;3;0;7;0;0;1;0;0;0;0;0;493183,281574913009536;5418621,351158756762743;8,906950270000038;48,920490771000061;2
266171;08230716235100356070;08;2;35;085;2023;07;16;1;3;4;6;0;0;1;0;0;0;0;0;477573,593951325630769;5397643,578672876581550;8,695023888000037;48,731411012000081;2
266172;08230717126100297360;08;1;26;046;2023;07;20;2;3;0;7;0;0;1;0;0;0;0;0;551837,055669201537967;5455107,745187224820256;9,712237712000046;49,246545582000067;2
266173;08230717136050284220;08;1;36;050;2023;07;19;2;2;0;1;0;0;1;0;0;0;0;0;583477,072502114810050;5404447,437716150656343;10,136474361000069;48,787419018000037;2
266174;08230717311200318510;08;3;11;000;2023;07;08;2;2;0;7;0;0;1;0;0;0;0;0;415592,617976857640315;5320365,918630799278617;7,867779386000052;48,031000457000061;2
266175;08230717311400315960;08;3;15;111;2023;07;07;2;3;0;1;0;0;1;0;0;0;0;0;402834,634857670054771;5300080,261212206445634;7,701268264000021;47,846717996000052;2
266176;08230717317050289710;08;2;16;039;2023;07;18;2;3;0;7;0;0;1;0;0;0;0;1;444522,346383692114614;5415360,724541378207505;8,243194713000037;48,888713081000049;2
266177;08230717317100325590;08;3;17;116;2023;07;14;2;3;4;6;0;0;1;0;0;0;0;0;432374,727901636797469;5389096,150210807099938;8,081819742000050;48,651261547000047;2
266178;08230717336300331330;08;3;36;081;2023;07;00;2;2;3;1;2;1;1;0;0;0;0;0;413354,200548000400886;5279713,394434002228081;7,845902547000037;47,665007369000080;2
266179;08230718116500341870;08;1;16;073;2023;07;13;3;2;0;7;0;1;1;0;0;0;0;1;520916,274684270785656;5389471,976114638149738;9,284026335000021;48,657951923000041;2
266180;08230718118400338550;08;1;18;048;2023;07;19;3;3;0;1;0;1;1;0;0;0;0;1;518064,653452370024752;5415380,270582488738000;9,246442125000044;48,891108983000038;2
266181;08230718121100287850;08;1;25;006;2023;07;20;3;3;0;1;0;0;1;0;0;0;0;0;508459,224368058727123;5455777,361935731954873;9,116247915000031;49,254705946000058;2
266182;08230718136050288540;08;1;19;008;2023;07;07;3;3;0;7;0;0;1;1;0;0;0;0;532963,383359341067262;5422868,456128414720297;9,450294138000061;48,957855182000060;2
266183;08230718136100290010;08;1;36;088;2023;07;17;3;3;0;1;0;0;1;0;0;0;0;0;579584,018141783424653;5411078,145302165299654;10,084769872000038;48,847567887000025;2
266184;08230718212000289240;08;2;12;000;2023;07;11;3;3;6;3;0;0;1;0;1;0;0;0;453544,306998424523044;5428716,124003678560257;8,364736928000070;49,009588825000037;2
266185;08230718215302338510;08;2;15;007;2023;07;09;3;3;5;3;0;0;1;1;0;0;0;0;478021,635648381314240;5431641,181682728230953;8,699288627000044;49,037258350000059;2
266186;08230718216300287370;08;2;16;013;2023;07;13;3;3;8;1;0;1;1;0;0;0;0;0;452308,363142627291381;5388242,446067646145821;8,352544647000059;48,645421350000049;2
266187;08230718221300303270;08;2;21;000;2023;07;08;3;3;0;7;0;0;1;0;0;0;0;0;476779,419656676356681;5476533,960675759240985;8,679691817000048;49,441027960000042;2
266188;08230718415050288250;08;4;16;036;2023;07;19;3;3;0;1;0;0;1;0;0;0;0;0;498847,046584609954152;5369535,608924437314272;8,984398979000048;48,478947614000049;2
266189;08230719118100331800;08;1;18;007;2023;07;17;4;3;3;6;0;0;1;0;0;0;0;0;511019,561073854914866;5425187,012964557856321;9,150596953000047;48,979492706000030;2
266190;08230719311400327890;08;3;15;008;2023;07;19;4;3;0;1;0;0;1;0;0;0;0;0;403925,704867177002598;5301788,175939304754138;7,715468481000073;47,862244975000067;2
266191;08230719317500326720;08;3;17;096;2023;07;20;4;3;5;3;0;0;1;1;0;0;0;0;421152,065224562073126;5368796,898588482290506;7,933316237000042;48,467359742000042;2
266192;08230719335100295380;08;3;35;043;2023;07;15;4;3;8;1;0;0;1;0;0;0;0;0;513092,747915010375436;5279517,366352146491408;9,174403649000055;47,668915606000041;2
266193;08230719415050289770;08;1;16;012;2023;07;07;4;3;0;7;0;0;1;0;0;0;0;0;535694,282162296585739;5383846,345664754509926;9,484209465000049;48,606674903000055;2
266194;08230720116010322810;08;1;16;080;2023;07;18;5;1;5;3;0;0;1;1;0;0;0;0;518347,705885220377240;5396661,265409337356687;9,249466871000038;48,722707610000043;2
266195;08230720118010338350;08;1;15;016;2023;07;14;5;2;5;3;0;0;1;0;0;0;0;0;489681,822725553240161;5376762,725451688282192;8,860202566000055;48,543881709000061;2
266196;08230720119200308100;08;1;19;020;2023;07;19;5;3;5;3;0;0;1;0;0;0;0;1;520212,360933114483487;5406261,481372929178178;9,275291234000065;48,809012323000047;2
266197;08230720119200331070;08;1;19;020;2023;07;18;5;2;5;3;0;0;1;1;0;0;0;0;519410,867010217043571;5405753,869061728008091;9,264351053000041;48,804471484000032;2
266198;08230720136200335310;08;1;36;089;2023;07;18;5;3;0;7;0;0;1;0;0;0;0;0;583868,252787994919345;5420250,133218618109822;10,145036535000031;48,929496544000074;2
266199;08230720212010307530;08;2;15;101;2023;07;13;5;3;4;6;0;0;1;0;0;0;0;0;466290,980000000447035;5427190,042999999597669;8,539162256000054;48,996689209000067;2
266200;08230720212102328060;08;2;15;090;2023;07;17;5;3;0;7;0;1;1;0;0;0;0;1;464994,398971656279173;5431976,526321246288717;8,521024312000065;49,039672778000067;2
266201;08230720235100311580;08;2;35;085;2023;07;16;5;2;0;7;0;0;1;0;0;0;0;0;483216,028061866527423;5395440,906519705429673;8,771844100000067;48,711773344000051;2
266202;08230720317100336290;08;3;17;126;2023;07;13;5;3;0;7;0;0;1;1;0;0;0;0;438529,287243515136652;5380835,996109593659639;8,166597303000060;48,577595013000064;2
266203;08230720416200349080;08;4;16;048;2023;07;13;5;3;9;1;0;0;1;0;0;0;0;0;498288,682000000029802;5381703,908399999141693;8,976793577000024;48,588416592000044;2
266204;08230720421200326660;08;4;21;000;2023;07;01;5;3;0;1;2;0;1;0;0;0;0;0;574398,973546844441444;5361235,670353043824434;10,005163950000053;48,399887651000029;2
266205;08230720435200333310;08;4;35;059;2023;07;18;5;3;6;3;0;0;1;0;1;0;0;0;512351,254122632904910;5290059,607677456922829;9,164825400000041;47,763785030000065;2
266206;08230720437100297130;08;4;37;044;2023;07;18;5;2;0;1;0;0;1;0;0;0;0;0;530905,470130654633977;5323597,611289286985993;9,414828407000073;48,064906768000071;2
266207;08230721111250297570;08;1;11;000;2023;07;07;6;3;0;1;0;0;1;0;0;0;0;0;513956,553443515847903;5404121,224504336714745;9,190015345000063;48,789930814000058;2
266208;08230721118010382620;08;1;15;029;2023;07;12;6;3;0;1;0;0;1;0;0;0;0;0;496002,415570005832706;5398486,704961255192757;8,945628386000067;48,739386554000077;2
266209;08230721119100317720;08;1;19;087;2023;07;20;6;3;9;1;0;0;1;0;0;0;0;0;529725,406999999657273;5425854,577999999746680;9,406281405000072;48,984880823000026;2
266210;08230721119300317930;08;1;19;067;2023;07;11;6;3;0;7;0;0;1;0;0;0;0;0;542402,214293451397680;5401446,230209856294096;9,577007139000045;48,764578858000050;2
266211;08230721119400300850;08;1;19;091;2023;07;15;6;3;0;1;0;0;1;0;0;0;0;0;527642,983203871175647;5406280,572384921833873;9,376495207000062;48,808897948000038;2
266212;08230721121100339270;08;1;25;026;2023;07;17;6;2;0;1;0;0;1;0;0;0;0;0;487302,320385249448009;5446143,952923059463501;8,825811559000044;49,167977797000049;2
266213;08230721311010343840;08;3;11;000;2023;07;19;6;3;5;3;0;0;1;0;0;0;0;1;411587,520767447596882;5318475,045444131828845;7,814457730000072;48,013449678000029;2
266214;08230721311500335910;08;3;15;084;2023;07;17;6;3;0;1;0;0;1;0;0;0;0;0;427098,815334483922925;5306426,025657740421593;8,024460419000036;47,907015498000078;2
266215;08230721316200300810;08;3;16;009;2023;07;15;6;3;5;3;0;1;1;0;0;1;0;0;415338,373422937584110;5325632,902097117155790;7,863327289000040;48,078345055000057;2
266216;08230722118200325670;08;1;18;011;2023;07;13;7;3;0;6;0;0;1;0;0;0;0;0;503630,445000000298023;5406576,848999999463558;9,049449538000033;48,812167452000040;2
266217;08230722119400303320;08;1;19;090;2023;07;15;7;2;0;7;0;0;1;0;0;0;0;0;530981,688735147006810;5408171,222949548624456;9,422109664000061;48,825748110000063;2
266218;08230722128100301880;08;1;28;007;2023;07;10;7;2;0;1;0;0;1;0;0;0;0;0;554967,012497284915298;5483487,231562082655728;9,759160422000036;49,501524508000045;2
266219;08230722136201343650;08;1;36;019;2023;07;20;7;2;3;6;0;0;1;0;0;0;0;0;592310,484090101672336;5421372,234903782606125;10,260522876000039;48,938386528000080;2
266220;08230722212010358080;08;2;12;000;2023;07;18;7;2;8;1;0;0;1;0;0;0;0;0;461618,619644970051013;5428415,782292233780026;8,475172966000059;49,007442222000066;2
266221;08230722235200346370;08;2;35;046;2023;07;09;7;3;0;2;0;0;1;1;0;0;0;0;479232,113182619912550;5377528,243360512889922;8,718586199000072;48,550509519000059;2
266222;08230722415100340030;08;4;15;078;2023;07;07;7;3;7;7;0;0;1;0;0;0;0;0;533044,745952763012610;5369554,607064864598215;9,447134579000021;48,478251082000043;2
266223;08230722416010336710;08;4;16;036;2023;07;14;7;3;1;6;0;0;1;1;0;0;0;0;494535,456093514978420;5369830,650104987435043;8,926053495000076;48,481579237000062;2
266224;08230722421200337750;08;4;21;000;2023;07;11;7;3;0;1;0;0;1;0;0;0;0;0;574655,273058206657879;5362251,733878150582314;10,008806862000029;48,408997000000056;2
266225;08230723116200359430;08;1;16;077;2023;07;18;1;3;9;1;0;0;1;0;0;0;0;0;515615,165784929355141;5387261,565961021929979;9,211958751000054;48,638221835000081;2
266226;08230723118100304040;08;1;18;079;2023;07;15;1;3;0;7;0;0;1;0;0;0;0;0;510178,231229639786761;5420838,640993885695934;9,138990367000076;48,940390697000055;2
266227;08230723118300304780;08;1;18;051;2023;07;20;1;3;5;3;0;0;1;1;0;0;0;0;509313,025934879435226;5414710,761465071700513;9,127035618000036;48,885279572000059;2
266228;08230723121300304570;08;1;21;000;2023;07;11;1;3;0;1;0;0;1;0;0;0;0;0;510940,149428291246295;5441919,700252544134855;9,149963776000050;49,130013006000070;2
266229;08230723121400323640;08;1;25;108;2023;07;22;1;2;0;7;2;0;1;0;0;0;0;0;494060,720292159123346;5433601,205872220918536;8,918708579000054;49,055252990000042;2
266230;08230723127100308540;08;1;27;076;2023;07;13;1;2;0;7;0;0;1;0;0;0;0;0;553703,271294393227436;5440399,222442679107189;9,735912904000031;49,114087540000071;2
266231;08230723231000304260;08;2;36;075;2023;07;12;1;2;4;6;0;0;1;1;0;0;0;0;481921,545786846196279;5426505,817094301804900;8,752875989000074;48,991189827000028;2
266232;08230723231102306110;08;2;36;040;2023;07;13;1;3;3;6;0;0;1;1;0;0;0;0;487712,108832785976119;5421464,903446964919567;8,832182084000067;48,945986034000043;2
266233;08230723311010327330;08;3;11;000;2023;07;12;1;3;2;6;0;0;1;0;0;0;0;0;412464,820540598942898;5316504,344139757566154;7,826621236000051;47,995843436000030;2
266234;08230723337010337030;08;3;37;045;2023;07;16;1;2;0;1;0;0;1;0;0;0;0;0;437548,656997923855670;5289738,930280853062868;8,166687198000034;47,757992881000064;2
266235;08230723415400304300;08;4;15;061;2023;07;13;1;2;0;1;0;0;1;0;0;0;0;0;515037,850667209480889;5377147,921786324121058;9,203756219000070;48,547251639000081;2
266236;08230723435100362550;08;4;35;057;2023;07;15;1;3;0;1;0;0;1;0;0;0;0;0;543534,659856905112974;5279486,015484052710235;9,579892027000028;47,667300659000034;2
266237;08230724116200312610;08;1;16;078;2023;07;15;2;3;1;7;0;0;1;1;0;0;0;0;510971,822233464103192;5394165,307084711268544;9,149113859000067;48,700427352000077;2
266238;08230724116500359860;08;1;16;081;2023;07;08;2;2;0;7;0;0;1;0;0;0;0;0;518552,364119825477246;5387023,913554529659450;9,251816986000051;48,636003623000079;2
266239;08230724117300308210;08;1;17;026;2023;07;12;2;3;6;7;0;1;1;0;1;0;0;0;547993,617839621845633;5394226,940946756862104;9,652249248000032;48,699232041000073;2
266240;08230724135010342030;08;4;25;014;2023;07;00;2;2;9;1;2;0;1;0;0;0;0;0;573950,357961337082088;5370719,311601387336850;10,000778497000056;48,485246922000044;2
266241;08230724421200340760;08;4;25;072;2023;07;11;2;3;5;3;0;0;1;0;0;1;0;0;580512,418280558311380;5370999,959536340087652;10,089621636000061;48,486964975000035;2
266242;08230725121200341390;08;1;21;000;2023;07;15;3;3;6;4;0;1;1;0;1;0;0;0;515551,610342251253314;5443953,750168393366039;9,213254179000046;49,148210563000077;2
266243;08230725311010347750;08;3;11;000;2023;07;16;3;3;5;3;0;0;1;0;0;0;0;0;416023,714281268534251;5315873,476023774594069;7,874440673000038;47,990645839000081;2
266244;08230725311010442840;08;3;11;000;2023;07;17;3;3;5;3;0;1;1;1;0;0;0;0;411666,464293828525115;5319202,655361387878656;7,815366126000072;48,020005620000063;2
266245;08230726116500335800;08;1;16;049;2023;07;10;4;3;0;1;0;0;1;0;0;0;0;0;522657,845876580569893;5384809,416052517481148;9,307420178000029;48,615946533000056;2
266246;08230726126100336190;08;1;26;028;2023;07;21;4;3;4;6;1;0;1;1;0;0;0;0;537096,728546026395634;5460086,887969628907740;9,510178307000047;49,292403222000075;2
266247;08230726212702317860;08;2;15;017;2023;07;19;4;2;0;7;0;0;1;0;0;0;0;0;458156,827672407787759;5420445,966403590515256;8,428658572000074;48,935527021000041;2
266248;08230726216300321650;08;2;16;024;2023;07;17;4;2;0;1;0;1;1;0;0;0;0;0;448440,150383959640749;5407104,274069392122328;8,297675151000021;48,814783249000072;2
266249;08230726311010317180;08;3;11;000;2023;07;08;4;3;1;5;0;1;1;1;0;0;0;0;415382,326000000350177;5315977,630999999120831;7,865825159000053;47,991498209000042;2
266250;08230726317500347690;08;3;17;096;2023;07;08;4;2;8;1;0;1;1;0;0;0;0;0;421279,107466639892664;5368667,778331166133285;7,935058905000062;48,466214233000073;2
266251;08230726326100339810;08;3;26;012;2023;07;13;4;3;7;7;0;0;1;0;1;0;0;0;465706,503139420878142;5313117,058714422397316;8,540535837000050;47,970441432000030;2
266252;08230726415400360790;08;4;15;061;2023;07;15;4;3;0;1;0;0;1;0;0;0;0;0;514210,556374156265520;5373964,612514887936413;9,192438261000063;48,518632930000081;2
266253;08230726426100317360;08;4;26;100;2023;07;06;4;3;8;1;1;1;1;0;0;0;0;0;574577,730594834545627;5316507,574389302171767;9,999718972000039;47,997515271000054;2
266254;08230727311500321230;08;3;15;102;2023;07;13;5;3;0;1;0;0;1;0;0;0;0;0;436034,148218011774588;5297447,153445900417864;8,145344424000029;47,827191515000038;2
266255;08230727435100322920;08;4;35;016;2023;07;17;5;3;9;1;0;0;1;0;0;0;0;0;537604,536486631259322;5278049,440850540995598;9,500781107000023;47,654747281000027;2
266256;08230729118010354900;08;1;15;003;2023;07;17;7;3;0;7;0;0;1;0;0;0;0;1;500795,556990170152858;5392632,798601207323372;9,010809180000024;48,686736742000051;2
266257;08230729128300331730;08;1;28;131;2023;07;16;7;2;0;1;0;1;1;0;0;0;0;0;538003,942742535844445;5511242,546122018247843;9,527581896000072;49,752462983000044;2
266258;08230730116500362280;08;1;16;073;2023;07;17;1;3;4;6;0;0;1;0;0;0;0;0;521083,854959705960937;5389933,483787484467030;9,286325426000076;48,662098030000038;2
266259;08230730119300355800;08;1;19;076;2023;07;19;1;3;8;7;0;0;1;0;0;0;0;0;542692,846708554541692;5405870,311301994137466;9,581421385000056;48,804355772000065;2
266260;08230730127202333630;08;1;27;014;2023;07;17;1;3;8;6;0;0;1;0;0;0;0;0;580152,735572220757604;5443484,249682171270251;10,098912993000056;49,138954560000059;2
266261;08230730128100356930;08;1;28;007;2023;07;12;1;2;2;6;0;0;1;0;0;0;0;0;555485,993534489884041;5483216,643528188578784;9,766289495000024;49,499043576000076;2
266262;08230730226600356780;08;2;26;082;2023;07;15;1;2;0;7;0;1;1;0;0;0;0;0;476465,136975346948020;5479603,298489207401872;8,675174230000039;49,468623828000034;2
266263;08230730416100355230;08;4;16;036;2023;07;16;1;3;0;1;0;0;1;0;0;0;0;0;490348,908476793672889;5373968,370111441239715;8,869305368000028;48,518753389000040;2
266264;08230731111120346420;08;1;11;000;2023;07;11;2;3;0;7;0;0;1;0;0;0;0;0;513624,312381193274632;5403301,581001242622733;9,185464810000042;48,782564748000027;2
266265;08230731116500339180;08;1;16;071;2023;07;11;2;3;5;3;0;0;1;0;0;0;0;1;527857,577374960994348;5392407,159559241496027;9,378479523000067;48,684085681000056;2
266266;08230731119400348670;08;1;19;091;2023;07;19;2;3;0;7;0;0;1;0;0;0;0;0;526653,066583793377504;5405975,976857756264508;9,362993133000032;48,806201133000059;2
266267;08230731311500355200;08;3;15;102;2023;07;13;2;3;3;6;0;0;1;0;0;0;0;0;432645,679408488445915;5299701,694910086691380;8,099725482000053;47,847128167000051;2
266268;08230731335400335880;08;3;35;079;2023;07;21;2;3;0;1;0;0;1;0;0;0;0;0;506628,577903551165946;5300515,626131100580096;9,088617290000059;47,857947049000074;2
266269;08230802335100365700;08;3;35;043;2023;08;13;4;3;8;1;0;0;1;0;0;0;0;0;513074,347018683154602;5279467,886879628524184;9,174157057000059;47,668470778000028;2
266270;08230803116500420300;08;1;16;036;2023;08;12;5;3;0;1;0;1;1;0;0;0;0;0;524844,612335016950965;5379765,781721632927656;9,336787876000074;48,570490481000036;2
266271;08230803135100373410;08;1;35;019;2023;08;19;5;2;0;7;0;0;1;0;0;0;0;0;588291,539205263485201;5391197,227489339187741;10,199167565000039;48,667580899000029;2
266272;08230803135200368050;08;1;35;019;2023;08;18;5;3;0;7;0;0;1;0;0;0;0;0;584018,550057004438713;5390499,821267174556851;10,141002909000065;48,661897644000078;2
266273;08230803216300384030;08;2;16;017;2023;08;10;5;3;4;6;0;1;1;1;0;0;0;0;451342,679974432394374;5402995,300517492927611;8,337696009000069;48,778055752000057;2
266274;08230803231102420320;08;2;36;040;2023;08;11;5;3;5;3;0;1;1;0;0;0;0;0;485660,746067352592945;5420342,915948402136564;8,804205901000046;48,935848859000032;2
266275;08230803311010385300;08;3;11;000;2023;08;20;5;3;2;6;0;0;1;0;0;1;0;0;415685,759373270615470;5320553,163594432175159;7,868991650000055;48,032697102000043;2
266276;08230803311500367970;08;3;15;039;2023;08;15;5;2;8;1;0;0;1;0;0;0;0;0;448097,066935432958417;5309407,620084098540246;8,305067212000040;47,935883096000055;2
266277;08230803317200366140;08;3;17;057;2023;08;14;5;3;0;1;0;1;1;0;0;0;0;0;411746,116748866159469;5380258,104874425567687;7,803671228000042;48,569197041000052;2
266278;08230803317300401870;08;3;17;065;2023;08;06;5;3;0;1;0;1;1;0;0;0;0;0;413773,766782829537988;5353347,914220334962010;7,836693303000061;48,327432460000068;2
266279;08230803415300381530;08;4;15;059;2023;08;08;5;3;5;3;0;0;1;1;0;0;0;0;515028,570173683052417;5367264,005771636031568;9,203274606000036;48,458332794000057;2
266280;08230804116100389400;08;1;16;056;2023;08;16;6;2;0;1;0;0;1;0;0;0;0;0;532068,197386463172734;5395358,099244172684848;9,435913514000049;48,710429699000031;2
266281;08230804117300387750;08;1;17;020;2023;08;15;6;2;9;1;0;1;1;0;0;0;0;0;549591,887167692766525;5389563,652658461593091;9,673409329000037;48,657158428000059;2
266282;08230804212302375720;08;2;12;000;2023;08;08;6;3;5;3;0;0;1;1;0;0;0;0;456759,513826150912791;5430275,079773487523198;8,408534929000041;49,023845479000045;2
266283;08230804335300384990;08;3;35;075;2023;08;10;6;3;0;7;0;0;1;0;0;0;0;1;487689,476182007230818;5293280,473915296606719;8,835626820000073;47,792765551000059;2
266284;08230805111130370080;08;1;11;000;2023;08;17;7;3;0;7;0;0;1;0;0;0;0;0;513302,282790675875731;5402899,300259157083929;9,181068097000036;48,778952835000041;2
266285;08230805119200392110;08;1;19;020;2023;08;16;7;2;0;7;0;0;1;0;0;0;0;0;520027,072804895637091;5405271,109689948149025;9,272719339000048;48,800109115000055;2
266286;08230805121200368660;08;1;25;094;2023;08;11;7;3;0;7;0;0;1;0;0;0;0;0;513266,412682956201024;5437342,712583148851991;9,181700824000075;49,088795351000044;2
266287;08230805127100369260;08;1;27;076;2023;08;18;7;3;7;7;0;0;1;0;0;0;0;0;548373,777883113129064;5436516,601677121594548;9,662421664000021;49,079606319000050;2
266288;08230805127202370130;08;1;27;014;2023;08;15;7;3;8;7;0;0;1;0;0;0;0;0;573925,524272304959595;5444374,301680246368051;10,013714341000025;49,147740620000036;2
266289;08230805211100369530;08;2;11;000;2023;08;12;7;2;8;1;0;0;1;0;0;0;0;0;441311,968652187031694;5407743,423583211377263;8,200496148000070;48,819899995000071;2
266290;08230805216100377250;08;2;16;043;2023;08;20;7;3;0;1;1;0;1;0;0;0;0;0;441752,241033737140242;5411519,330022993497550;8,205956688000072;48,853905741000062;2
266291;08230805311010368740;08;3;11;000;2023;08;19;7;3;0;7;0;0;1;0;0;0;0;0;412984,301175869535655;5318909,771265575662255;7,833095165000032;48,017551909000076;2
266292;08230805416010375980;08;4;15;061;2023;08;17;7;3;6;7;0;0;1;0;1;0;0;0;516311,076348449918441;5370379,748379733413458;9,220743050000067;48,486331245000031;2
266293;08230805426010397000;08;4;21;000;2023;08;18;7;3;5;3;0;0;1;1;0;0;0;0;572419,966931265895255;5353892,925733635202050;9,977166293000039;48,334067929000071;2
266294;08230805435200438670;08;4;35;005;2023;08;14;7;3;0;7;0;0;1;0;0;0;0;0;526152,740799049846828;5285280,712298886850476;9,348714045000065;47,720375013000080;2
266295;08230806335400389630;08;3;35;063;2023;08;11;1;2;0;1;0;1;1;0;0;0;0;0;502479,369889507419430;5291255,663030024617910;9,033093667000060;47,774660176000054;2
266296;08230807111330371320;08;1;11;000;2023;08;09;2;3;6;6;0;0;1;0;1;0;0;0;516995,345999999903142;5408583,424000000581145;9,231572279000034;48,829996424000058;2
266297;08230807215402380720;08;2;15;009;2023;08;22;2;2;6;7;2;0;1;0;1;0;0;0;465362,972831865132321;5438697,806550850160420;8,525491844000044;49,100152849000040;2
266298;08230808119400383380;08;1;19;079;2023;08;18;3;3;6;1;0;0;1;0;1;0;0;0;523074,495000000111759;5409400,656999999657273;9,314449382000021;48,837151903000063;2
266299;08230808121200374200;08;1;21;000;2023;08;14;3;2;0;7;0;0;1;0;0;0;0;0;514759,488512036507018;5441582,729147667065263;9,202305322000029;49,126901960000055;2
266300;08230808215402373250;08;2;15;009;2023;08;06;3;2;0;7;0;0;1;0;0;0;0;0;468645,783209273766261;5439275,614979182370007;8,570418280000069;49,105526445000066;2
266301;08230808221200385030;08;2;21;000;2023;08;15;3;3;6;6;0;0;1;0;1;0;0;0;477825,906870505830739;5472800,943462474271655;8,694335653000053;49,407489205000047;2
266302;08230808222014391530;08;2;26;059;2023;08;11;3;3;4;2;0;0;1;0;0;0;0;0;466587,520618991286028;5461292,379910974763334;8,540387253000063;49,303459037000039;2
266303;08230808316200372980;08;3;16;056;2023;08;19;3;3;4;6;0;0;1;0;0;0;0;0;422315,914943384937942;5327331,218304744921625;7,956682455000021;48,094510796000066;2
266304;08230808317050373350;08;3;17;096;2023;08;07;3;3;0;7;0;0;1;0;0;0;0;0;423005,306977140367962;5370490,360022930428386;7,958071317000076;48,482821958000045;2
266305;08230808317500381110;08;3;17;096;2023;08;06;3;3;9;1;1;0;1;0;0;0;0;0;422627,286534484825097;5365918,292560996487737;7,953802234000023;48,441649988000052;2
266306;08230808337010376870;08;3;37;127;2023;08;15;3;2;0;1;0;0;1;0;0;0;0;0;453551,375106246909127;5298041,690658602863550;8,379313585000034;47,834044324000047;2
266307;08230808415050373110;08;4;15;092;2023;08;19;3;2;9;1;0;0;1;0;0;0;0;0;519487,805672361282632;5362254,122909571044147;9,263356050000027;48,413139515000069;2
266308;08230809311010386020;08;3;11;000;2023;08;14;4;3;0;7;0;0;1;0;0;0;0;0;413984,540486769110430;5315860,163922081701458;7,847117345000072;47,990255055000034;2
266309;08230809311200389520;08;3;11;000;2023;08;12;4;3;5;3;0;0;1;0;0;0;0;1;411633,541603856254369;5319286,306122984737158;7,814907452000057;48,020753524000042;2
266310;08230809426300374440;08;4;26;097;2023;08;11;4;2;0;1;0;0;1;0;0;0;0;0;534368,250605071661994;5331072,418193169869483;9,461908075000053;48,131978466000078;2
266311;08230810215502379970;08;2;15;111;2023;08;13;5;2;0;7;0;1;1;0;0;0;0;0;458700,794399323582184;5445656,432644015178084;8,433515241000066;49,162334278000060;2