OID_;UIDENTSTLAE;ULAND;UREGBEZ;UKREIS;UGEMEINDE;UJAHR;UMONAT;USTUNDE;UWOCHENTAG;UKATEGORIE;UART;UTYP1;ULICHTVERH;IstStrassenzustand;IstRad;IstPKW;IstFuss;IstKrad;IstGkfz;IstSonstige;LINREFX;LINREFY;XGCSWGS84;YGCSWGS84;PLST
266470;08230909136100467350;08;1;36;088;2023;09;12;7;3;0;7;0;0;1;0;0;0;0;0;577808,884253431227989;5416263,087382403202355;10,061564534000070;48,894427773000075;2
266471;08230909136300465660;08;1;36;065;2023;09;00;7;3;0;7;2;0;1;0;0;0;0;0;561490,831804965506308;5405252,029929010197520;9,837308858000029;48,797218905000079;2
266472;08230909311010467260;08;3;11;000;2023;09;14;7;3;2;6;0;0;1;0;0;0;0;0;407228,142247359268367;5317170,568779027089477;7,756297976000042;48,001097782000045;2
266473;08230909311010469490;08;3;11;000;2023;09;13;7;3;0;1;0;0;1;0;0;0;0;0;415896,570745746023022;5315879,320407591760159;7,872735726000030;47,990681703000064;2
266474;08230909327100482890;08;3;27;016;2023;09;13;7;3;0;1;0;0;1;0;0;0;0;0;497347,662115017825272;5319365,036720507778227;8,964424771000040;48,027569116000052;2
266475;08230909415300469030;08;4;15;059;2023;09;13;7;3;9;7;0;0;1;0;0;0;0;0;517054,660699841333553;5363181,557952586561441;9,230512811000040;48,421553703000029;2
266476;08230909416100467880;08;4;16;036;2023;09;11;7;2;3;6;0;0;1;0;0;0;0;0;492470,179272395325825;5367660,559720922261477;8,898145178000050;48,462034820000042;2
266477;08230909435100469960;08;4;35;029;2023;09;12;7;3;5;3;0;0;1;0;0;0;0;0;545509,660129226045683;5270417,656165356747806;9,605255357000033;47,585574190000045;2
266478;08230910111130500050;08;1;11;000;2023;09;08;1;2;4;6;0;0;1;0;0;0;0;0;507504,401983174087945;5403743,774375732988119;9,102164066000057;48,786646638000036;2
266479;08230910118100510210;08;1;18;079;2023;09;12;1;3;2;6;0;0;1;0;0;0;0;0;507502,028461560897995;5421762,482502773404121;9,102462163000041;48,948739534000026;2
266480;08230910118500470180;08;1;18;006;2023;09;16;1;3;3;2;0;0;1;0;0;0;0;0;518371,689066931721754;5421029,578124506399035;9,250885100000062;48,941919212000073;2
266481;08230910119200503880;08;1;19;093;2023;09;15;1;3;5;2;0;0;1;1;0;0;0;0;524754,113604053272866;5405097,489855945110321;9,337078458000065;48,798377003000041;2
266482;08230910127100471850;08;1;27;052;2023;09;15;1;3;3;6;0;0;1;0;0;0;0;0;543882,607759856153280;5437109,464660255238414;9,600988478000033;49,085275667000076;2
266483;08230910128100501890;08;1;28;058;2023;09;14;1;3;0;6;0;0;1;0;1;0;0;0;559002,838102740701288;5481751,675381697714329;9,814635169000042;49,485535861000074;2
266484;08230910136300487250;08;1;36;065;2023;09;18;1;3;0;7;0;0;1;0;0;0;0;0;558815,944860496441834;5404534,300708893686533;9,800786476000042;48,791021704000059;2
266485;08230910215202472110;08;2;15;084;2023;09;11;1;2;0;7;0;0;1;0;0;0;0;0;478568,369681259675417;5448354,339162887074053;8,705881602000034;49,187617834000037;2
266486;08230910317500553490;08;3;17;096;2023;09;02;1;3;0;1;2;0;1;0;0;0;0;0;420939,200852935551666;5372336,958140923641622;7,929767281000068;48,499175348000051;2
266487;08230911115200472580;08;1;15;053;2023;09;17;2;3;0;7;0;0;1;0;0;0;0;1;482769,996556523139589;5378153,973012972623110;8,766499683000063;48,556245926000031;2
266488;08230911136100507460;08;1;36;088;2023;09;16;2;2;0;1;0;1;1;0;0;0;0;0;581028,058811204624362;5408926,097697940655053;10,104023582000025;48,828025089000050;2
266489;08230911215500473210;08;2;15;099;2023;09;19;2;3;0;7;0;0;1;0;0;0;0;1;462184,601895343745127;5445517,355748174712062;8,481312158000037;49,161307807000071;2
266490;08230911317100475910;08;3;17;118;2023;09;17;2;3;0;1;0;0;1;0;0;0;0;0;433954,612990065943450;5385759,352572562173009;8,103799655000046;48,621415752000075;2
266491;08230911325000530640;08;3;26;074;2023;09;12;2;2;0;7;0;0;1;0;0;0;0;0;460047,540509598562494;5320175,669251083396375;8,464062861000059;48,033617975000027;2
266492;08230911335200488080;08;3;35;063;2023;09;15;2;3;5;2;0;0;1;1;0;0;0;0;499839,893719982821494;5287909,285208358429372;8,997864196000023;47,744555672000047;2
266493;08230912118100476360;08;1;18;074;2023;09;13;3;3;0;1;0;0;1;0;0;0;0;0;511024,984990916622337;5428310,624454742297530;9,150755839000055;49,007591355000045;2
266494;08230912211000480550;08;2;16;017;2023;09;12;3;1;0;1;0;0;1;0;0;0;0;0;457669,788812336919364;5395806,869128026999533;8,424551988000076;48,713854487000049;2
266495;08230912226500478720;08;2;26;102;2023;09;15;3;3;0;7;0;0;1;0;0;0;0;0;485702,901767869945616;5453998,445203871466219;8,803591034000021;49,238595703000044;2
266496;08230912311010474630;08;3;11;000;2023;09;12;3;3;8;7;0;0;1;0;0;0;0;0;410812,376650293474086;5317749,171983226202428;7,804216962000055;48,006812570000079;2
266497;08230912311010489530;08;3;11;000;2023;09;23;3;2;0;1;2;0;1;0;0;0;0;0;413532,656995930126868;5316442,446173330768943;7,840944634000039;47,995431950000068;2
266498;08230912311400476750;08;3;15;006;2023;09;16;3;2;0;1;0;0;1;1;0;0;0;0;403521,901640408090316;5306290,176830198615789;7,709065070000065;47,902680344000032;2
266499;08230912335100514970;08;3;35;043;2023;09;09;3;2;6;6;0;0;1;0;1;0;0;0;511035,274000000208616;5281016,527000000700355;9,147034792000056;47,682442941000033;2
266500;08230912337010546750;08;3;37;039;2023;09;11;3;2;0;1;0;0;1;0;0;0;0;0;442610,945344510721043;5295602,127955778501928;8,233453608000048;47,811212969000053;2
266501;08230912415100489940;08;4;15;062;2023;09;08;3;3;2;6;0;0;1;1;0;0;0;0;519817,877701419289224;5378622,066266261041164;9,268593003000035;48,560380529000042;2
266502;08230913111240478620;08;1;11;000;2023;09;20;4;3;0;7;2;0;1;0;0;0;0;0;514317,426575192250311;5404389,272339273244143;9,194937864000053;48,792333939000059;2
266503;08230913119300482000;08;1;19;067;2023;09;14;4;3;0;1;0;0;1;0;0;0;0;0;537853,824657077551819;5407020,178861435502768;9,515629177000051;48,815013020000038;2
266504;08230913215302523190;08;2;15;082;2023;09;06;4;2;0;7;0;1;1;0;0;0;0;0;491673,057903899985831;5437724,915421679615974;8,885943610000027;49,092320104000066;2
266505;08230913335100480040;08;3;35;043;2023;09;08;4;3;0;1;0;0;1;0;0;0;0;0;514255,440764279162977;5280947,315520927309990;9,189938051000070;47,681757200000050;2
266506;08230914111120513800;08;1;11;000;2023;09;17;5;3;0;7;0;0;1;0;0;0;0;0;513631,246976699971128;5403293,657529923133552;9,185558946000072;48,782493317000046;2
266507;08230914116400682820;08;1;16;016;2023;09;20;5;3;7;7;0;0;1;0;1;0;0;0;535079,959006098331884;5384060,837622529827058;9,475894319000076;48,608639191000066;2
266508;08230914311010482680;08;3;11;000;2023;09;18;5;3;0;3;0;0;1;0;0;0;0;0;412175,307061948929913;5316838,051687534898520;7,822672957000066;47,998805530000027;2
266509;08230914426300511700;08;4;26;097;2023;09;14;5;3;8;1;0;0;1;0;0;0;0;0;537836,925357679952867;5339091,029623858630657;9,509238805000052;48,203921642000068;2
266510;08230914435100513460;08;4;35;016;2023;09;17;5;3;5;3;0;0;1;1;0;0;0;0;537289,872000000439584;5278507,562999999150634;9,496629956000049;47,658887396000068;2
266511;08230915215402484710;08;2;15;021;2023;09;10;6;3;0;7;0;0;1;0;0;0;0;0;470225,817910236655734;5443154,604605100117624;8,591779321000047;49,140497238000080;2
266512;08230915311010484680;08;3;15;064;2023;09;19;6;3;0;7;1;0;1;0;0;0;0;0;421223,430328852671664;5314423,997050752863288;7,944387287000040;47,978268491000051;2
266513;08230915435100512990;08;4;35;016;2023;09;17;6;3;4;6;0;0;1;0;0;0;0;1;535818,363023153971881;5277710,954124452546239;9,476967702000024;47,651803126000061;2
266514;08230916116100522400;08;1;16;019;2023;09;17;7;3;0;1;0;0;1;0;0;0;0;0;521182,712011326279026;5398811,191298266872764;9,288123399000028;48,741958277000037;2
266515;08230916121600489160;08;1;25;098;2023;09;15;7;3;0;7;0;0;1;0;0;0;0;0;521969,445456553949043;5439052,359246573410928;9,300991799000030;49,103925039000046;2
266516;08230916222400556950;08;2;26;038;2023;09;16;7;3;6;7;0;0;1;0;1;0;0;0;471413,698241109203082;5479434,244444107636809;8,605468586000029;49,466886448000025;2
266517;08230916326100507910;08;3;26;012;2023;09;16;7;3;0;3;0;0;1;1;0;0;0;0;466173,851919549982995;5309650,363650398328900;8,547069832000034;47,939276533000054;2
266518;08230916435100514350;08;4;35;024;2023;09;23;7;2;0;1;2;0;1;0;0;0;0;0;525073,331263050204143;5280601,242043775506318;9,334052669000073;47,678314275000048;2
266519;08230917116010551350;08;1;16;019;2023;09;18;1;3;9;1;0;0;1;0;0;0;0;0;525849,198289783438668;5399671,857696045190096;9,351648977000025;48,749524524000037;2
266520;08230917117100490860;08;1;17;049;2023;09;16;1;3;8;1;0;0;1;0;0;0;0;0;556659,660987595561892;5391785,578201781958342;9,769678644000066;48,676544364000051;2
266521;08230917118500560870;08;1;18;049;2023;09;18;1;3;8;1;0;0;1;0;0;0;0;0;523996,952605022175703;5423705,562939992174506;9,327860645000044;48,965798486000040;2
266522;08230917119400542220;08;1;19;041;2023;09;13;1;3;0;7;0;0;1;0;0;0;0;0;528130,477663294295780;5409996,662317940965295;9,383389608000073;48,842304858000034;2
266523;08230917136300502780;08;1;36;079;2023;09;12;1;3;0;1;0;0;1;0;0;0;0;0;559941,646180357085541;5400562,951273905113339;9,815532617000031;48,755191686000046;2
266524;08230917211100490560;08;2;11;000;2023;09;18;1;3;7;7;0;0;1;0;0;0;0;0;445998,408027781290002;5402728,891825212165713;8,264992846000041;48,775218398000050;2
266525;08230917226300513450;08;2;26;049;2023;09;13;1;2;4;6;0;0;1;0;0;0;0;0;486884,788735202280805;5463079,196297848597169;8,819529526000053;49,320304741000029;2
266526;08230917311010529340;08;3;15;068;2023;09;11;1;3;3;6;0;0;1;0;0;0;0;0;444938,213435149402358;5301676,219141868874431;8,263763499000049;47,866063089000079;2
266527;08230917417300490440;08;4;17;013;2023;09;12;1;3;0;1;0;0;1;0;0;0;0;0;507095,975845601875335;5350668,661282897926867;9,095699253000021;48,309171091000053;2
266528;08230917435200526660;08;4;35;067;2023;09;14;1;3;3;6;0;0;1;0;0;0;0;0;532642,481683848309331;5289933,151789931580424;9,435593337000057;47,761939009000059;2
266529;08230918117200513180;08;1;17;033;2023;09;15;2;3;4;6;0;1;1;0;0;0;0;0;558217,547856319462880;5388718,807476156391203;9,790407793000043;48,648814550000054;2
266530;08230918416010507430;08;4;15;061;2023;09;16;2;2;6;6;0;0;1;0;1;0;0;0;513550,819008854858112;5371114,264877924695611;9,183411647000071;48,493004806000044;2
266531;08230919127100535510;08;1;27;100;2023;09;11;3;3;4;6;0;0;1;0;0;0;0;0;552145,707259199465625;5437169,609964163973927;9,714153943000042;49,085172025000077;2
266532;08230919212010502330;08;2;12;000;2023;09;08;3;3;6;6;0;0;1;0;1;0;0;0;456486,167855936801061;5429622,815320471301675;8,404866139000035;49,017959072000053;2
266533;08230919212010514200;08;2;12;000;2023;09;13;3;2;2;6;0;0;1;0;0;0;0;0;455117,911949043918867;5426663,318041684105992;8,386480884000036;48,991240090000076;2
266534;08230919311010498490;08;3;11;000;2023;09;18;3;3;3;6;0;0;1;0;0;0;0;0;413450,530048045562580;5316514,927781092934310;7,839829375000022;47,996072835000064;2
266535;08230919311010530720;08;3;11;000;2023;09;08;3;3;6;6;0;0;1;0;1;0;0;0;413533,603177038254216;5314457,940233213827014;7,841356965000045;47,977580720000049;2
266536;08230920111500503090;08;1;11;000;2023;09;17;4;2;4;6;0;0;1;0;0;0;0;0;517363,824489237973467;5406866,977721033617854;9,236520320000068;48,814545390000035;2
266537;08230920115300538740;08;1;15;028;2023;09;16;4;3;0;7;0;0;1;0;0;0;0;0;504360,963792025344446;5399435,422389490529895;9,059324021000066;48,747918791000075;2
266538;08230920121100555090;08;1;25;026;2023;09;11;4;3;3;6;0;0;1;0;0;1;0;0;496516,336207260377705;5443067,947170181199908;8,952237144000037;49,140429463000032;2
266539;08230920215102500250;08;2;15;109;2023;09;20;4;3;0;7;1;0;1;0;0;0;0;0;461809,460770422592759;5435508,449657402932644;8,477114038000025;49,071253884000043;2
266540;08230920226100534450;08;2;26;013;2023;09;13;4;2;0;1;0;0;1;0;0;0;0;0;498621,029587330878712;5479741,634332951158285;8,980966949000049;49,470322665000026;2
266541;08230920311200517990;08;3;11;000;2023;09;16;4;3;5;3;0;0;1;1;0;0;0;0;413770,365967768244445;5316861,388673162087798;7,844046155000058;47,999232591000066;2
266542;08230920426010534550;08;4;21;000;2023;09;13;4;2;5;3;0;0;1;0;0;0;0;1;567574,743583851144649;5358641,042022741399705;9,912560867000025;48,377316312000062;2
266543;08230921111330530520;08;1;11;000;2023;09;05;5;2;0;7;2;0;1;0;0;0;0;0;510470,838424871268217;5410154,567143432796001;9,142712281000058;48,844274477000056;2
266544;08230921116010533720;08;1;16;015;2023;09;11;5;3;4;6;0;0;1;1;0;0;0;0;522289,737166793784127;5394521,540480756200850;9,302948890000039;48,703330267000069;2
266545;08230921136300525370;08;1;36;015;2023;09;16;5;3;0;7;0;0;1;0;0;0;0;0;557961,532681438722648;5411323,088683919981122;9,790114036000034;48,852167357000042;2
266546;08230921136300533970;08;1;36;050;2023;09;12;5;3;0;1;0;0;1;0;0;0;0;0;579741,763649982633069;5404421,288824724964797;10,085625770000036;48,787673982000058;2
266547;08230921311010562890;08;3;15;098;2023;09;16;5;3;0;7;0;0;1;0;0;0;0;1;402922,139691876131110;5311283,368624527938664;7,699916842000050;47,947503556000072;2
266548;08230921436200520160;08;4;36;064;2023;09;22;5;3;7;7;2;0;1;0;0;0;0;0;543567,143808362656273;5289987,310578281991184;9,581374713000059;47,761780449000071;2
266549;08230922121200537610;08;1;21;000;2023;09;19;6;3;0;7;2;0;1;0;0;0;0;0;515383,809726867883001;5442637,545884147286415;9,210902952000026;49,136375094000073;2
266550;08230922128300523940;08;1;28;131;2023;09;17;6;2;8;1;0;0;1;0;0;0;0;0;544887,473496782826260;5512037,552169148810208;9,623227213000064;49,759138658000040;2
266551;08230923121600528720;08;1;25;110;2023;09;20;7;3;0;7;2;0;1;0;0;0;0;0;528753,900791006279178;5443157,634465965442359;9,394232622000061;49,140573100000040;2
266552;08230924117400546040;08;1;17;051;2023;09;11;1;3;0;1;0;0;1;0;0;0;0;0;542874,481292627984658;5393079,485713155940175;9,582563350000044;48,689282797000033;2
266553;08230924121400513820;08;1;25;056;2023;09;15;1;3;0;1;0;0;1;0;0;0;0;0;510693,137128449045122;5434454,447166191413999;9,146380232000070;49,062864148000074;2
266554;08230924335100516090;08;3;35;043;2023;09;17;1;2;0;7;0;0;1;0;1;0;0;0;511476,195942613470834;5279810,679006766527891;9,152877950000061;47,671585447000041;2
266555;08230924336400538270;08;3;36;091;2023;09;18;1;2;6;6;0;0;1;0;1;0;0;0;396059,024979884619825;5274934,078444018028677;7,616734831000031;47,619468753000035;2
266556;08230925121500519880;08;1;25;078;2023;09;15;2;3;0;7;0;0;1;0;0;0;0;0;519233,697547289659269;5451079,886359668336809;9,264085784000031;49,212207572000068;2
266557;08230925215102563450;08;2;15;102;2023;09;16;2;3;4;6;0;0;1;0;0;0;0;0;456151,538219874142669;5436443,328665214590728;8,399551382000027;49,079286212000056;2
266558;08230925317000547930;08;3;17;096;2023;09;14;2;2;0;7;0;0;1;0;0;0;0;0;421421,231938373297453;5368194,033059353940189;7,937070220000066;48,461970712000038;2
266559;08230925335100536570;08;3;35;043;2023;09;14;2;3;8;1;0;0;1;0;0;0;0;0;513281,106336800847203;5283874,515777876600623;9,177045314000054;47,708115804000045;2
266560;08230925416200538200;08;4;16;041;2023;09;13;2;1;2;7;0;0;1;0;0;0;0;0;508721,413751213462092;5375773,724631941877306;9,118142781000074;48,535008576000052;2
266561;08230926119100541600;08;1;19;075;2023;09;15;3;2;0;7;0;0;1;0;0;0;0;0;537744,629002747475170;5428200,521206721663475;9,516100455000071;49,005545170000062;2
266562;08230926135200541490;08;1;35;019;2023;09;14;3;3;0;1;0;0;1;0;0;0;0;0;584533,414490923751146;5396955,094605248421431;10,149314309000033;48,719888790000027;2
266563;08230926416200522030;08;4;16;041;2023;09;12;3;3;0;1;0;0;1;0;0;0;0;0;504454,621710350271314;5379720,801557614468038;9,060385876000055;48,570562520000067;2
266564;08230927117100682980;08;1;17;019;2023;09;17;4;3;4;6;0;0;1;0;0;0;0;1;551954,167841839138418;5393921,876269757747650;9,706031959000029;48,696170586000051;2
266565;08230927118500528110;08;1;18;060;2023;09;12;4;3;5;3;0;0;1;1;0;0;0;0;525033,918576470692642;5431787,966394117102027;9,342526269000075;49,038462229000061;2
266566;08230927121200524750;08;1;21;000;2023;09;10;4;3;6;7;0;0;1;0;1;0;0;0;514909,748479088069871;5442228,344129485078156;9,204388763000054;49,132705869000063;2
266567;08230927121400528620;08;1;25;066;2023;09;14;4;3;9;7;0;0;1;0;0;0;0;0;517845,352528999093920;5430923,763089852407575;9,244131885000058;49,030938319000029;2
266568;08230927121400540760;08;1;25;074;2023;09;18;4;2;0;7;0;0;1;0;0;0;0;0;510884,143185556458775;5439728,123503271490335;9,149136943000030;49,110299896000072;2
266569;08230927127100540570;08;1;27;059;2023;09;17;4;3;9;1;0;0;1;0;0;0;0;0;548059,870476938085631;5441900,799714487977326;9,658764146000067;49,128061009000078;2
266570;08230927235100541040;08;2;35;057;2023;09;09;4;2;0;1;0;0;1;0;0;0;0;0;488264,666031206317712;5396532,265917238779366;8,840442272000075;48,721706699000038;2
266571;08230927317000526930;08;3;17;096;2023;09;15;4;3;0;1;0;0;1;0;0;0;0;0;421243,361856725532562;5368716,386434487067163;7,934566271000051;48,466646983000032;2
266572;08230927325202543100;08;3;25;069;2023;09;15;4;2;0;1;0;0;1;0;0;0;0;0;467491,134433727536816;5332236,191452193073928;8,562992373000043;48,142546311000046;2
266573;08230927325202552650;08;3;25;049;2023;09;07;4;2;0;1;0;1;1;0;0;0;0;0;475086,571129200689029;5337511,213390721939504;8,664784513000029;48,190347327000040;2
266574;08230927417100550510;08;4;17;044;2023;09;18;4;3;0;7;0;0;1;0;0;0;0;0;496565,550079043663573;5337049,091713696718216;8,953792081000074;48,186669111000072;2
266575;08230927426010547200;08;4;21;000;2023;09;17;4;3;4;6;0;0;1;0;0;0;0;1;570284,923511515138671;5358935,589039011858404;9,949204538000060;48,379669760000070;2
266576;08230927426100564430;08;4;26;021;2023;09;06;4;3;4;6;2;0;1;0;0;0;0;0;559267,562634016037919;5327849,621602783910930;9,796079433000045;48,101153771000043;2
266577;08230928116010542660;08;1;16;049;2023;09;17;5;3;6;7;0;0;1;0;1;0;0;0;524446,235657489858568;5386412,108915652148426;9,331779012000027;48,630297124000037;2
266578;08230928126200554270;08;1;26;066;2023;09;07;5;3;5;2;0;0;1;1;0;0;0;0;535997,824304566136561;5450169,786889243870974;9,494174958000031;49,203265694000038;2
266579;08230928215502528100;08;2;15;103;2023;09;21;5;3;0;6;2;0;1;1;0;0;0;0;466296,017670125700533;5443717,125063987448812;8,537854244000073;49,145354110000028;2
266580;08230928226300544410;08;2;26;049;2023;09;00;5;3;8;7;2;0;1;0;0;0;0;0;487200,010999999940395;5463213,551000000908971;8,823862777000045;49,321519963000071;2
266581;08230928335400538120;08;3;35;079;2023;09;18;5;3;7;7;0;0;1;0;0;0;0;1;500322,171192213194445;5298693,004681518301368;9,004305744000021;47,841582270000060;2
266582;08230928415100532120;08;4;15;078;2023;09;18;5;3;0;1;0;0;1;0;0;0;0;0;530797,501475637545809;5371289,857157377526164;9,416855480000038;48,493975820000060;2
266583;08230928416010550710;08;4;15;050;2023;09;15;5;3;5;3;0;0;1;1;0;0;0;0;523319,967703622940462;5375682,447443224489689;9,315891733000058;48,533814657000050;2
266584;08230929215402545520;08;2;15;009;2023;09;12;6;3;5;3;0;0;1;0;0;0;0;0;470682,552630594116636;5441822,983993293717504;8,598138085000073;49,128541034000079;2
266585;08230929311010565320;08;3;36;050;2023;09;18;6;3;5;3;0;0;1;0;0;0;0;0;399911,581583922146820;5275557,517465152777731;7,667848291000041;47,625683493000054;2
266586;08230929316100557360;08;3;16;043;2023;09;19;6;3;0;1;0;0;1;0;0;0;0;0;411120,858981379598845;5332308,780993320047855;7,805324000000041;48,137820975000068;2
266587;08230929417300565860;08;4;17;036;2023;09;19;6;2;0;1;2;0;1;0;0;0;0;0;503490,563774230773561;5353362,537781279534101;9,047097512000050;48,333437212000035;2
266588;08230930118010560230;08;1;18;081;2023;09;12;7;2;5;3;0;0;1;0;0;0;0;0;519603,492686513229273;5415229,815918190404773;9,267427872000042;48,889708766000069;2
266589;08230930119100557790;08;1;19;044;2023;09;15;7;3;4;1;0;0;1;0;0;1;0;0;546352,336425436194986;5424909,634893923066556;9,633415566000053;48,975356933000057;2
266590;08230930216100536960;08;2;16;043;2023;09;15;7;2;0;2;0;0;1;0;0;0;0;0;441755,512171061185654;5412173,342022509314120;8,205908227000066;48,859788871000035;2
266591;08230930325102549460;08;3;25;045;2023;09;13;7;3;0;1;0;0;1;0;0;0;0;0;467889,009911099099554;5348008,170115370303392;8,567146447000027;48,284460625000065;2
266592;08230930416010559200;08;4;15;050;2023;09;02;7;2;0;1;2;0;1;0;0;0;0;0;522165,150954308104701;5378502,778835976496339;9,300398967000035;48,559228793000045;2
266593;08230930436500555720;08;4;36;081;2023;09;11;7;2;7;7;0;0;1;0;0;0;0;0;565565,151001320453361;5286309,866773065179586;9,874339925000072;47,726833995000050;2
266594;08231001111330624270;08;1;11;000;2023;10;18;1;3;6;7;0;0;1;0;1;0;0;0;515282,193707309197634;5410150,241216197609901;9,208288100000061;48,844135742000049;2
266595;08231001115400885400;08;1;15;001;2023;10;12;1;3;0;6;0;0;1;1;0;0;0;0;494546,837978236377239;5391500,214829503558576;8,925923227000055;48,676524578000055;2
266596;08231001116200586780;08;1;16;047;2023;10;16;1;3;9;7;0;0;1;0;0;0;0;0;518985,409203265095130;5391943,726647654548287;9,257920468000066;48,680249564000064;2
266597;08231001121100595400;08;1;25;026;2023;10;11;1;3;0;1;0;0;1;0;0;0;0;0;494895,186639442923479;5440158,062411565333605;8,930047181000020;49,114242521000051;2
266598;08231001121300624230;08;1;21;000;2023;10;16;1;3;3;6;0;0;1;0;0;0;0;0;514627,203722715144977;5443257,730284422636032;9,200552907000031;49,141972346000045;2
266599;08231001121600567200;08;1;25;102;2023;10;13;1;3;0;1;0;0;1;0;0;0;0;0;526117,778146791621111;5445671,669692909345031;9,358253663000028;49,163305100000059;2
266600;08231001128300584360;08;1;28;131;2023;10;14;1;3;8;1;0;0;1;0;0;0;0;0;540208,125819917302579;5510336,296007314696908;9,558085998000024;49,744168779000063;2
266601;08231001216200567340;08;2;16;007;2023;10;10;1;3;0;7;0;0;1;0;0;0;0;0;437182,322696235671174;5391385,602394240908325;8,146739329000070;48,672357304000059;2
266602;08231001225100568120;08;2;25;033;2023;10;17;1;3;0;1;0;0;1;0;0;0;0;0;510662,247344142408110;5458106,858160067349672;9,146584147000056;49,275625738000031;2
266603;08231001335200567720;08;3;35;063;2023;10;17;1;3;4;6;0;0;1;0;0;0;0;0;498063,107025611388963;5286931,925861858762801;8,974166366000077;47,735758900000064;2
266604;08231001435100567180;08;4;35;013;2023;10;12;1;3;0;1;0;0;1;0;0;0;0;0;539487,820596732781269;5275142,470893809571862;9,525597401000027;47,628479984000080;2
266605;08231001437100584620;08;4;37;100;2023;10;01;1;3;8;1;2;0;1;0;0;0;0;0;537218,839227729127742;5320777,050503030419350;9,499321111000029;48,039193675000035;2
266606;08231002111500582740;08;1;11;000;2023;10;19;2;3;6;4;1;0;1;0;1;0;0;0;514518,209510601707734;5404508,827060499228537;9,197675817000061;48,793404785000064;2
266607;08231002136300575790;08;1;36;042;2023;10;14;2;2;0;1;0;0;1;0;0;0;0;0;548671,956726431963034;5405993,016315143555403;9,662858336000056;48,805020083000045;2
266608;08231002237100568730;08;2;37;073;2023;10;16;2;3;0;1;0;0;1;0;0;0;0;0;456461,624931436846964;5383602,184728145599365;8,409412757000041;48,603981955000052;2
266609;08231002316100569080;08;3;16;043;2023;10;15;2;3;5;2;0;0;1;1;0;0;0;0;411636,709112334821839;5331390,453590855002403;7,812446805000036;48,129632439000034;2
266610;08231002425000628810;08;4;25;124;2023;10;21;2;3;0;7;2;0;1;0;0;0;0;0;550642,372626720578410;5339599,171716691926122;9,681634082000073;48,207600466000031;2
266611;08231002437000579960;08;4;37;114;2023;10;09;2;2;5;7;0;0;1;1;0;0;0;0;515448,365044734266121;5335717,164730861783028;9,207796928000050;48,174507367000047;2
266612;08231003111120590590;08;1;11;000;2023;10;13;3;3;4;6;0;0;1;0;0;0;0;0;513419,615548868663609;5406255,291221063584089;9,182774833000053;48,809140452000065;2
266613;08231003121400569000;08;1;25;013;2023;10;13;3;3;0;1;0;0;1;0;0;0;0;0;504822,720383383741137;5434249,341431450098753;9,066016713000067;49,061093057000051;2
266614;08231003121500570300;08;1;25;084;2023;10;13;3;2;0;1;0;0;1;0;0;0;0;0;523945,947264598798938;5469963,242604157887399;9,329917500000022;49,381897369000058;2
266615;08231003136300569700;08;1;36;024;2023;10;16;3;3;0;1;0;0;1;0;0;0;0;0;563640,549295213306323;5412821,078513422049582;9,867752696000025;48,865085020000038;2
266616;08231003327100577040;08;3;27;050;2023;10;14;3;2;1;5;0;0;1;1;0;0;0;0;484375,762047159951180;5313607,678029173053801;8,790645905000076;47,975583819000065;2
266617;08231003416200588890;08;4;16;041;2023;10;13;3;3;8;1;0;0;1;0;0;0;0;0;507607,036657375050709;5375459,152492173947394;9,103041393000069;48,532193082000049;2
266618;08231003426300569300;08;4;26;109;2023;10;12;3;2;0;6;0;0;1;0;0;0;0;0;548105,244444849202409;5327662,249809053726494;9,646137548000070;48,100408879000042;2
266619;08231003435100569710;08;4;35;016;2023;10;12;3;3;0;1;0;0;1;0;0;0;0;0;532666,858831716817804;5280989,608700517565012;9,435247841000034;47,681469450000066;2
266620;08231003435200587870;08;4;35;052;2023;10;11;3;3;0;7;0;0;1;1;0;0;0;0;524775,597289162687957;5287791,994790205731988;9,330494815000066;47,743024504000061;2
266621;08231004135010585330;08;4;25;072;2023;10;18;4;2;5;3;0;0;1;1;0;0;0;0;581404,960642046877183;5373339,618566291406751;10,102154755000072;48,507894626000052;2
266622;08231004311100570890;08;3;15;015;2023;10;09;4;3;0;1;0;0;1;0;0;0;0;0;394719,522168939409312;5320079,418852922506630;7,587942401000021;48,025323608000065;2
266623;08231004426300594140;08;4;26;067;2023;10;18;4;2;5;3;0;0;1;1;0;0;0;0;529366,708384383236989;5333417,331196166574955;9,394851082000059;48,153325552000069;2
266624;08231004437000574790;08;4;35;052;2023;10;15;4;2;6;1;0;0;1;0;1;0;0;0;522349,883358934952412;5290048,878615053370595;9,298253419000048;47,763419330000033;2
266625;08231005111500592840;08;1;11;000;2023;10;23;5;2;0;1;2;0;1;0;0;0;0;0;515171,230680901790038;5405524,616350436583161;9,206604633000040;48,802527107000060;2
266626;08231007111230575730;08;1;11;000;2023;10;13;7;2;0;7;0;0;1;0;0;0;0;0;512595,933346688514575;5395977,879370918497443;9,171241757000075;48,716702632000079;2
266627;08231007116400579460;08;1;16;033;2023;10;14;7;3;4;6;0;0;1;0;0;0;0;0;532199,905885751475580;5390400,000894045457244;9,437317428000028;48,665820638000071;2
266628;08231007117400634020;08;1;17;012;2023;10;17;7;3;0;1;0;0;1;0;0;0;0;0;545899,537167828530073;5386681,609899293631315;9,622954659000072;48,631514793000065;2