OID_;UIDENTSTLAE;ULAND;UREGBEZ;UKREIS;UGEMEINDE;UJAHR;UMONAT;USTUNDE;UWOCHENTAG;UKATEGORIE;UART;UTYP1;ULICHTVERH;IstStrassenzustand;IstRad;IstPKW;IstFuss;IstKrad;IstGkfz;IstSonstige;LINREFX;LINREFY;XGCSWGS84;YGCSWGS84;PLST
266629;08231007119100589650;08;1;19;006;2023;10;16;7;3;0;7;0;0;1;0;0;0;0;0;539228,287949147168547;5420051,339087243191898;9,535600585000054;48,932148545000075;2
266630;08231007121300606400;08;1;21;000;2023;10;12;7;2;5;3;0;0;1;1;0;0;0;0;512870,478400141815655;5445631,405393945053220;9,176542514000062;49,163363671000070;2
266631;08231007211100587490;08;2;11;000;2023;10;18;7;3;0;7;0;0;1;0;0;0;0;0;442307,437355449888855;5398905,882248328998685;8,215296235000039;48,740498543000058;2
266632;08231007426100646700;08;4;26;128;2023;10;17;7;3;8;1;0;0;1;0;0;0;0;0;558662,155829679337330;5329887,600181115791202;9,788228772000025;48,119543797000063;2
266633;08231008115400607480;08;1;15;045;2023;10;12;1;3;0;1;0;0;1;0;0;0;0;0;506356,936087904381566;5394187,316400334239006;9,086395139000047;48,700689450000027;2
266634;08231008135200578080;08;1;35;010;2023;10;16;1;2;6;1;0;0;1;0;1;0;0;0;600933,138086763676256;5396995,487765004858375;10,372233110000025;48,717812659000060;2
266635;08231008216100577070;08;2;16;043;2023;10;14;1;3;7;7;0;0;1;0;0;0;0;0;441096,779495312250219;5410963,832357648760080;8,197102142000062;48,848847180000064;2
266636;08231008216100600610;08;2;16;043;2023;10;10;1;3;6;6;0;0;1;0;1;0;0;0;439593,458038101904094;5416101,128546755760908;8,175854187000027;48,894912064000039;2
266637;08231008225100609870;08;2;25;052;2023;10;13;1;3;0;1;0;0;1;0;0;0;0;0;512858,492119837901555;5477805,691133971326053;9,177414261000024;49,452774557000055;2
266638;08231008311010575520;08;3;11;000;2023;10;00;1;3;7;7;2;0;1;0;0;0;0;0;410447,979979151976295;5317526,963795556686819;7,799378817000047;48,004762808000066;2
266639;08231008311010677480;08;3;15;102;2023;10;13;1;1;0;7;0;0;1;0;0;0;0;0;433974,808996338106226;5296196,334716768935323;8,118023294000068;47,815730523000070;2
266640;08231008417100595580;08;4;17;079;2023;10;14;1;3;0;7;0;0;1;0;0;0;0;0;499500,301551219716202;5342395,338858366012573;8,993270637000023;48,234777616000031;2
266641;08231009116500581340;08;1;16;011;2023;10;12;2;3;0;1;0;0;1;0;0;0;0;0;529373,385488674975932;5378834,051686869002879;9,398111668000070;48,561912642000038;2
266642;08231009118300654280;08;1;18;081;2023;10;17;2;3;6;4;0;0;1;0;1;0;0;0;520280,292544786934741;5414137,318563202396035;9,276606355000069;48,879859216000057;2
266643;08231009121600579280;08;1;25;001;2023;10;15;2;3;0;7;0;0;1;0;0;0;0;0;522201,497170000220649;5435644,965189999900758;9,303983796000068;49,073266002000025;2
266644;08231009317500579350;08;3;17;096;2023;10;18;2;3;0;7;0;0;1;0;0;0;0;0;423264,230104249203578;5371434,780381523072720;7,961401122000041;48,491348626000047;2
266645;08231010118010612250;08;1;18;077;2023;10;15;3;2;3;6;0;0;1;0;0;0;0;0;513086,560676033433992;5422470,834206938743591;9,178757757000028;48,955018651000046;2
266646;08231010311010595020;08;3;11;000;2023;10;08;3;2;5;3;0;0;1;0;0;0;0;1;411314,272299033240415;5316174,429324373602867;7,811270126000068;47,992717211000070;2
266647;08231010311100582080;08;3;15;133;2023;10;13;3;3;3;6;0;0;1;0;0;0;0;1;395286,298723877873272;5327818,116037764586508;7,593646952000029;48,095021580000036;2
266648;08231010317100653550;08;3;17;001;2023;10;16;3;3;2;6;0;0;1;1;0;0;0;0;429428,039763433509506;5387772,591242146678269;8,042042401000060;48,639030409000043;2
266649;08231011115200601470;08;1;15;021;2023;10;15;4;3;0;7;0;0;1;0;0;0;0;0;490829,525302278343588;5382777,251983014866710;8,875619719000042;48,598007835000033;2
266650;08231011127100616680;08;1;27;076;2023;10;20;4;3;8;1;2;0;1;0;0;0;0;0;560316,346348717226647;5439825,721180922351778;9,826438926000037;49,108315996000044;2
266651;08231011211000630720;08;2;11;000;2023;10;14;4;2;6;6;0;0;1;0;1;0;0;0;443440,932795523898676;5401993,460265414789319;8,230287794000049;48,768375840000033;2
266652;08231011216300586970;08;2;16;013;2023;10;18;4;3;0;1;1;0;1;0;0;0;0;0;453357,130556537536904;5393246,544246967881918;8,366217396000025;48,690515296000058;2
266653;08231011226700634220;08;2;26;068;2023;10;16;4;2;5;3;0;0;1;0;0;0;0;0;471715,061296913132537;5459238,353843423537910;8,611063805000072;49,285242169000071;2
266654;08231011311010586000;08;3;11;000;2023;10;18;4;3;5;3;1;0;1;0;0;0;0;0;414756,567472432914656;5315879,125243248417974;7,857459074000076;47,990528998000059;2
266655;08231011317300591060;08;3;17;152;2023;10;19;4;3;8;1;0;0;1;0;0;0;0;0;406579,691523746587336;5349255,018277864903212;7,740565383000046;48,289596376000077;2
266656;08231011326100632770;08;3;26;005;2023;10;13;4;2;1;5;0;0;1;1;0;0;0;0;465118,994418153772131;5302454,246247231960297;8,533527947000039;47,874476242000071;2
266657;08231011327100586370;08;3;27;050;2023;10;17;4;2;9;1;0;0;1;0;0;0;0;0;489097,313074742211029;5316064,599600475281477;8,853848806000030;47,997787068000036;2
266658;08231012117400599630;08;1;17;029;2023;10;11;5;3;0;1;0;0;1;0;0;0;0;0;540330,798631868441589;5389558,151736941188574;9,547658949000038;48,657775454000046;2
266659;08231012421200618130;08;4;21;000;2023;10;13;5;3;6;6;0;0;1;0;1;0;0;0;572375,192257543560117;5361264,643278785981238;9,977830942000026;48,400383867000073;2
266660;08231013116400609690;08;1;16;016;2023;10;17;6;2;0;7;0;0;1;0;0;0;0;0;530812,090478208032437;5384145,261335620656610;9,418004451000058;48,609623356000043;2
266661;08231013127202626820;08;1;27;014;2023;10;18;6;2;7;1;0;0;1;0;0;0;0;0;575588,833969475701451;5444393,883193810470402;10,036522516000048;49,147714260000043;2
266662;08231013128100611220;08;1;28;007;2023;10;13;6;3;4;1;0;0;1;0;0;0;0;0;555171,558614028501324;5483269,493255674839020;9,761954777000028;49,499547590000077;2
266663;08231013216100595530;08;3;17;122;2023;10;10;6;3;0;1;0;0;1;0;0;0;0;0;417815,528351461165585;5369290,485278030857444;7,888090012000021;48,471372282000061;2
266664;08231013311010590310;08;3;11;000;2023;10;12;6;2;0;1;0;0;1;0;0;0;0;0;413281,325245195010211;5315949,577309306710958;7,837675945000058;47,990964385000041;2
266665;08231013311500590480;08;3;15;102;2023;10;14;6;3;0;1;0;0;1;0;0;0;0;0;438348,482278916577343;5295275,484772296622396;8,176572154000041;47,807880032000071;2
266666;08231013316200608280;08;3;16;056;2023;10;18;6;2;8;1;0;0;1;0;0;0;0;0;417624,802388751297258;5325802,491154780611396;7,893986326000061;48,080170110000040;2
266667;08231013426100623850;08;4;26;120;2023;10;11;6;3;0;1;0;0;1;0;0;0;0;0;562456,243222875404172;5323784,158793944865465;9,838310524000065;48,064275830000042;2
266668;08231013435200609740;08;4;35;067;2023;10;16;6;2;0;7;0;0;1;0;0;0;0;0;529009,262283327407204;5292266,905511487275362;9,387267396000027;47,783110342000043;2
266669;08231014111500592370;08;1;11;000;2023;10;22;7;2;0;1;2;0;1;0;0;0;0;0;509701,246986660757102;5396225,522212396375835;9,131894435000049;48,718982200000028;2
266670;08231014215202643230;08;2;15;084;2023;10;08;7;3;0;7;0;1;1;0;0;0;0;1;472512,840155818266794;5447134,234732355922461;8,622863232000043;49,176401300000066;2
266671;08231014222014596870;08;2;22;000;2023;10;12;7;2;7;7;0;0;1;0;0;0;0;0;460872,915625818888657;5481232,673202859237790;8,459818887000040;49,482474695000064;2
266672;08231015116200598030;08;1;16;080;2023;10;19;1;2;3;6;2;0;1;0;0;0;0;0;516336,598153536499012;5397530,023707089014351;9,222157245000062;48,730578895000065;2
266673;08231015425000630710;08;4;25;020;2023;10;16;1;2;0;7;0;0;1;0;0;0;0;0;560508,000638614059426;5364369,589258049614727;9,817964867000057;48,429565587000070;2
266674;08231016116200650880;08;1;16;077;2023;10;22;2;3;8;1;2;0;1;0;0;0;0;0;514004,137905626907013;5391439,042424609884620;9,190232293000065;48,675841016000049;2
266675;08231016221200630680;08;2;21;000;2023;10;19;2;3;4;6;2;0;1;0;0;0;0;1;474718,657493558886927;5473003,111174722202122;8,651490905000060;49,409186508000062;2
266676;08231016335010666190;08;3;35;035;2023;10;19;2;2;0;1;2;0;1;0;0;0;0;0;484944,559014054015279;5291906,316574572585523;8,799023881000039;47,780343282000047;2
266677;08231016335300667440;08;3;35;015;2023;10;14;2;3;0;1;0;0;1;0;0;0;0;0;478402,277231643383857;5282111,066060539335012;8,712177584000074;47,692024488000072;2
266678;08231017111230607490;08;1;11;000;2023;10;19;3;2;0;7;1;0;1;0;0;0;0;0;512307,237442995887250;5399669,068449302576482;9,167427173000021;48,749914321000063;2
266679;08231017118010632280;08;1;18;081;2023;10;17;3;2;0;7;0;0;1;0;0;0;0;0;519284,402728150831535;5412823,958988449536264;9,262961471000040;48,868076384000062;2
266680;08231017212010628640;08;2;12;000;2023;10;14;3;3;4;6;0;0;1;0;0;0;0;0;454320,931437819090206;5427241,755233811214566;8,375522137000075;48,996384742000032;2
266681;08231017311010601500;08;3;11;000;2023;10;08;3;3;7;1;0;0;1;0;0;0;0;0;412672,342060800816398;5317360,890685132704675;7,829228050000040;48,003576714000076;2
266682;08231017335300606140;08;3;35;100;2023;10;15;3;3;0;7;0;0;1;0;0;0;0;0;488031,877983929007314;5287618,840226159431040;8,840354594000075;47,741831352000077;2
266683;08231018215102646020;08;2;12;000;2023;10;16;4;3;5;3;0;1;1;0;0;0;0;0;459754,945938414894044;5431349,141005018725991;8,449399301000028;49,033709556000076;2
266684;08231018311010606280;08;3;11;000;2023;10;11;4;3;4;2;0;0;1;0;0;0;0;1;411665,273552592843771;5316383,678102212958038;7,815930784000045;47,994648047000055;2
266685;08231019111140646330;08;1;11;000;2023;10;05;5;3;0;1;2;1;1;0;0;0;0;0;509630,984189298294950;5401696,159690715372562;9,131067078000058;48,768197118000046;2
266686;08231019221400613790;08;2;21;000;2023;10;17;5;3;5;3;0;1;1;1;0;0;0;0;475452,535956099745817;5470676,766180152073503;8,661751143000060;49,388291466000055;2
266687;08231019221400699480;08;2;21;000;2023;10;21;5;3;0;7;0;0;1;0;0;0;0;0;475017,035836984985508;5471593,642726233229041;8,655692695000027;49,396520912000028;2
266688;08231019317200641390;08;3;17;057;2023;10;11;5;2;5;3;0;1;1;1;0;0;0;0;411963,509316492360085;5381151,216481251642108;7,806428348000054;48,577260560000070;2
266689;08231019335400609710;08;3;35;057;2023;10;15;5;3;8;1;0;0;1;1;0;0;0;0;501461,092870570661034;5307054,633448084816337;9,019555459000060;47,916813415000036;2
266690;08231022111210678070;08;1;11;000;2023;10;11;1;3;0;7;0;0;1;0;0;0;0;0;511097,484142702538520;5398452,750306149944663;9,150937030000023;48,738995075000048;2
266691;08231022231102678000;08;2;36;068;2023;10;12;1;3;1;7;0;0;1;1;0;0;0;0;485049,269230205100030;5413681,935102024115622;8,796100526000032;48,875914153000053;2
266692;08231022316200657160;08;3;16;056;2023;10;16;1;3;6;6;0;0;1;0;1;0;0;0;419863,108625381370075;5325279,186226282268763;7,924131618000047;48,075748040000065;2
266693;08231023311010623520;08;3;15;064;2023;10;07;2;3;3;6;1;0;1;0;0;0;0;0;420427,320038498495705;5314714,881112227216363;7,933667355000068;47,980786658000056;2
266694;08231023335300667710;08;3;35;075;2023;10;21;2;3;0;1;2;0;1;0;0;0;0;0;489897,012745701766107;5291813,274877453222871;8,865136456000073;47,779602853000029;2
266695;08231023435100625860;08;4;35;013;2023;10;16;2;2;8;1;0;0;1;0;0;0;0;0;539312,714681987534277;5274760,829502628184855;9,523232507000046;47,625056858000050;2
266696;08231025311010661210;08;3;36;050;2023;10;07;4;3;6;6;2;1;1;0;1;0;0;0;399380,396612978773192;5275470,425991117954254;7,660800352000024;47,624817773000075;2
266697;08231025435100633970;08;4;35;013;2023;10;13;4;3;5;3;0;0;1;0;0;0;0;0;539280,076912592398003;5275538,675752317532897;9,522867931000064;47,632057430000032;2
266698;08231026116010662040;08;1;16;033;2023;10;12;5;3;4;6;0;1;1;0;0;0;0;0;534359,520090171834454;5388055,781814957968891;9,466452284000070;48,644617296000035;2
266699;08231026116200664920;08;1;16;077;2023;10;16;5;3;5;3;0;1;1;1;0;0;0;0;516332,929146818758454;5392546,634340729564428;9,221910142000070;48,685748387000046;2
266700;08231026121600633010;08;1;25;046;2023;10;06;5;3;0;7;1;1;1;0;0;0;0;0;520286,390587955072988;5433714,281396239064634;9,277665638000030;49,055964789000029;2
266701;08231027117400667880;08;1;17;017;2023;10;13;6;3;6;6;0;0;1;0;1;0;0;0;547490,150756632210687;5387678,992993552237749;9,644655585000066;48,640368090000038;2
266702;08231027121200639320;08;1;21;000;2023;10;09;6;3;0;1;0;1;1;0;0;0;0;0;515211,442506992549170;5444086,420453454367816;9,208594611000024;49,149412496000082;2
266703;08231027316100639300;08;3;16;011;2023;10;10;6;2;0;1;0;1;1;0;0;0;0;0;415508,198816700722091;5329427,670696352608502;7,864855713000054;48,112502554000059;2
266704;08231029119100671730;08;1;19;008;2023;10;12;1;3;3;6;0;0;1;1;0;0;0;0;532172,663300000480376;5421040,153700000606477;9,439348470000027;48,941450472000042;2
266705;08231029311300645090;08;3;11;000;2023;10;20;1;3;0;7;2;0;1;0;0;0;0;0;414105,220547162927687;5315825,941199228167534;7,848741353000037;47,989963430000046;2
266706;08231029311400647410;08;3;15;006;2023;10;19;1;3;6;6;2;0;1;0;1;0;0;0;401371,960721418668982;5306854,450452941469848;7,680176334000066;47,907428990000028;2
266707;08231029337010646970;08;3;37;125;2023;10;15;1;2;0;1;0;0;1;0;0;0;0;0;452354,570502211921848;5271520,041716734878719;8,366222009000069;47,595339273000036;2
266708;08231030111120671770;08;1;11;000;2023;10;20;2;3;0;1;2;1;1;0;0;0;0;0;513274,911296388949268;5404076,227367377839983;9,180733536000048;48,789540950000060;2
266709;08231030111330664530;08;1;11;000;2023;10;18;2;3;8;1;1;1;1;0;0;0;0;0;510869,234593897301238;5410864,371391948312521;9,148161039000058;48,850652903000025;2
266710;08231030116100674830;08;1;16;019;2023;10;14;2;3;7;1;0;0;1;0;0;0;0;0;523855,997092881356366;5397195,546684990637004;9,324390841000024;48,727327470000034;2
266711;08231030116400670220;08;1;16;033;2023;10;18;2;2;0;7;2;1;1;0;0;0;0;1;534536,300279519404285;5387562,407210301607847;9,468810968000071;48,640169216000061;2
266712;08231031216100674780;08;2;16;052;2023;10;15;3;3;7;6;0;1;1;0;0;0;0;1;441584,329977499321103;5418544,194874418899417;8,202663938000057;48,917078088000039;2
266713;08231031311010652760;08;3;36;050;2023;10;12;3;3;4;6;0;0;1;0;0;0;0;0;399205,567655982507858;5272143,238413057290018;7,659239394000053;47,594861427000069;2
266714;08231031335200665330;08;3;35;063;2023;10;17;3;3;0;1;1;1;1;0;0;0;0;0;497629,563060241634957;5287236,280092248693109;8,968382245000043;47,738495910000040;2
266715;08231101115400684130;08;1;15;045;2023;11;18;4;3;0;7;2;0;1;0;0;0;0;0;498866,060407072654925;5395980,367161072790623;8,984584045000076;48,716851227000063;2
266716;08231101119400683220;08;1;19;079;2023;11;13;4;3;6;6;0;0;1;0;1;0;0;0;525896,344380550901406;5408381,471894567832351;9,352839235000033;48,827872315000036;2
266717;08231101226300693560;08;2;26;056;2023;11;15;4;3;6;6;0;1;1;0;1;0;0;0;487036,919348359282594;5471484,983368741348386;8,821349230000067;49,395918148000078;2
266718;08231102221011693420;08;2;21;000;2023;11;20;5;3;3;6;2;1;1;0;0;0;0;0;476693,071046920726076;5472087,126151263713837;8,678761935000068;49,401026198000068;2
266719;08231103136100685020;08;1;36;021;2023;11;06;6;3;0;7;2;1;1;0;0;0;0;0;572574,457309204502963;5403621,388975668698549;9,987922802000071;48,781356898000070;2
266720;08231104119200706600;08;1;19;091;2023;11;15;7;3;8;1;0;0;1;0;0;0;0;0;525716,208459465764463;5405760,910943071357906;9,350220668000077;48,804305924000062;2
266721;08231104128200687750;08;1;28;139;2023;11;19;7;3;8;1;2;1;1;0;0;0;0;0;553203,686013977741823;5490672,884772961959243;9,735778471000060;49,566309793000073;2
266722;08231104416200706430;08;4;16;022;2023;11;17;7;3;5;2;2;1;1;0;0;0;0;1;510681,677168062189594;5374587,047086272388697;9,144666580000035;48,524302527000032;2
266723;08231106435100689300;08;4;35;016;2023;11;17;2;2;6;7;2;1;1;0;1;0;0;0;536975,796396302757785;5278758,204761647619307;9,492468435000035;47,661160547000065;2
266724;08231108115100702170;08;1;15;024;2023;11;14;4;3;6;6;0;0;1;0;1;0;0;0;500801,711702110478655;5388799,135937403887510;9,010885372000075;48,652248588000077;2
266725;08231108121200721270;08;1;21;000;2023;11;12;4;2;0;7;0;0;1;0;0;0;0;0;515959,154000000096858;5442136,971999999135733;9,218770708000022;49,131857584000045;2
266726;08231108316200721310;08;3;16;009;2023;11;16;4;3;0;7;0;0;1;0;0;0;0;1;416472,474228312377818;5323481,132703396491706;7,878971245000059;48,059138726000072;2
266727;08231108316200727830;08;3;16;009;2023;11;07;4;3;0;7;0;0;1;0;0;0;0;0;415373,686339801992290;5324842,379551288671792;7,863957868000057;48,071238758000050;2
266728;08231109121200718640;08;1;21;000;2023;11;16;5;3;0;7;1;0;1;0;0;0;0;0;514959,423605768708512;5440849,927647007629275;9,205018598000038;49,120305308000070;2
266729;08231110226400744050;08;2;26;062;2023;11;11;6;2;4;6;0;0;1;0;0;0;0;0;469257,204122784547508;5468730,897533966228366;8,576535927000066;49,370507552000049;2
266730;08231113212010705180;08;2;15;101;2023;11;05;2;3;8;7;2;1;1;0;0;0;0;0;467237,110537525732070;5424327,643519003875554;8,552327131000027;48,970991811000033;2
266731;08231114116200720310;08;1;16;080;2023;11;00;3;3;0;1;2;1;1;0;0;0;0;0;522348,318538766761776;5395070,650672836229205;9,303774810000050;48,708267939000052;2
266732;08231114118100741750;08;1;18;079;2023;11;08;3;3;0;1;0;1;1;0;0;0;0;0;509638,986324651981704;5421793,104516139253974;9,131649231000040;48,948985382000046;2
266733;08231115111250709720;08;1;11;000;2023;11;14;4;3;0;1;0;1;1;0;0;0;0;0;518398,795404035714455;5404008,551903476938605;9,250489897000023;48,788801658000068;2
266734;08231115115200710770;08;1;15;021;2023;11;20;4;3;6;7;2;0;1;0;1;0;0;0;491055,343397116288543;5381161,151168857701123;8,878717309000024;48,583472274000030;2
266735;08231116116500712890;08;1;16;081;2023;11;10;5;3;0;1;0;1;1;0;0;0;0;0;517588,244473080441821;5385307,860424427315593;9,238658005000048;48,620593667000037;2
266736;08231116118010746870;08;1;15;041;2023;11;14;5;2;6;7;0;1;1;0;1;0;0;0;495073,549233606958296;5401667,233340795151889;8,932956714000056;48,767991922000078;2
266737;08231116415100723870;08;4;15;050;2023;11;05;5;3;7;7;2;1;1;0;0;0;0;0;518965,053561659529805;5374932,054790182039142;9,256866711000043;48,527210676000038;2
266738;08231117128200733720;08;1;28;139;2023;11;09;6;3;0;7;0;1;1;0;0;0;0;0;551329,330889503471553;5491958,083009165711701;9,710026939000045;49,578030790000071;2
266739;08231118128010754800;08;1;28;139;2023;11;18;7;1;9;7;2;1;1;0;0;0;0;0;549015,226404426037334;5490887,774861145764589;9,677885536000076;49,568596282000044;2
266740;08231119121400727020;08;1;25;013;2023;11;15;1;2;0;1;0;1;1;0;0;0;0;0;507688,468625759123825;5435481,895924713462591;9,105268406000050;49,072151394000059;2
266741;08231119231000748830;08;2;37;045;2023;11;15;1;2;0;1;0;1;1;0;0;0;0;0;461287,858407351886854;5357651,017932116985321;8,477281189000053;48,370841229000064;2
266742;08231120221300763900;08;2;26;082;2023;11;07;2;3;4;6;0;1;1;0;0;0;0;0;475684,439871834241785;5478216,426786340773106;8,664484505000075;49,456118520000075;2
266743;08231120436300766580;08;4;36;081;2023;11;17;2;2;0;1;2;0;1;0;0;0;0;0;563361,272003593272530;5281885,381800645031035;9,844310464000046;47,687248505000071;2
266744;08231121222800768580;08;2;22;000;2023;11;12;3;3;5;2;0;0;1;1;0;0;0;0;462446,241284288407769;5488165,613828337751329;8,480879409000067;49,544932025000037;2
266745;08231121311400788570;08;3;15;033;2023;11;16;3;3;3;6;0;1;1;1;0;0;0;0;396383,829329939791933;5305116,606216281652451;7,613863130000027;47,891011110000079;2
266746;08231122311300737840;08;3;11;000;2023;11;17;4;3;0;1;2;1;1;0;0;0;0;0;410216,582669826166239;5317099,622190352529287;7,796366629000033;48,000886325000067;2
266747;08231122436300751660;08;4;36;081;2023;11;20;4;3;0;1;2;1;1;0;0;0;0;0;561241,839049384929240;5280343,873169843107462;9,815855045000035;47,673584220000066;2
266748;08231123311010739480;08;3;15;047;2023;11;16;5;3;3;6;0;0;1;0;0;1;0;0;415340,798320227651857;5320911,412911788560450;7,864294389000065;48,035874042000046;2
266749;08231123316200771860;08;3;16;009;2023;11;16;5;2;5;3;0;0;1;0;0;0;0;0;415363,916120205598418;5325635,213232299312949;7,863669699000070;48,078369236000071;2
266750;08231125416200772030;08;4;16;041;2023;11;02;7;3;2;6;2;1;1;1;0;0;0;0;504751,815257778391242;5373039,547602249309421;9,064338347000046;48,510453559000041;2
266751;08231125421200772320;08;4;21;000;2023;11;07;7;3;0;1;0;2;1;0;0;0;0;0;572465,743301226524636;5361395,917082794941962;9,979076816000031;48,401554304000058;2
266752;08231127111310751910;08;1;11;000;2023;11;07;2;2;0;7;1;0;1;0;0;0;0;0;515911,582581930793822;5405100,117855586111546;9,216670360000023;48,798689865000028;2
266753;08231128212010757620;08;2;12;000;2023;11;07;3;3;0;7;1;1;1;0;0;0;0;1;452419,187485909555107;5427889,936375322751701;8,349449213000071;49,002071518000037;2
266754;08231128311010755750;08;3;11;000;2023;11;06;3;2;1;5;2;1;1;1;0;0;0;0;413594,721329456369858;5317314,210988930426538;7,841600843000037;48,003282168000055;2
266755;08231129115400759710;08;1;15;045;2023;11;05;4;3;0;7;2;2;1;0;0;0;0;0;499449,669844188843854;5394868,617963359691203;8,992519721000065;48,706850644000042;2
266756;08231129311010776250;08;3;11;000;2023;11;16;4;3;6;7;2;1;1;0;1;0;0;0;412298,731004448840395;5317247,992368225939572;7,824243346000060;48,002510009000048;2
266757;08231129436200775260;08;4;36;064;2023;11;15;4;2;0;1;0;0;1;0;0;0;0;0;543179,854457653826103;5288964,301110254600644;9,576105250000069;47,752602377000073;2
266758;08231130311010781480;08;3;11;000;2023;11;18;5;3;4;6;2;1;1;0;0;0;0;0;413594,532060261059087;5317316,478615469299257;7,841597850000028;48,003302540000050;2
266759;08231201416200794890;08;4;16;041;2023;12;18;6;3;6;6;2;1;1;0;1;0;0;0;505582,252878468250856;5374832,761555334553123;9,075606250000021;48,526579132000052;2
266760;08231203118200796170;08;1;18;080;2023;12;08;1;3;0;1;0;2;1;0;0;0;0;0;508168,449887596943881;5408965,153821136802435;9,111308240000028;48,833609263000028;2
266761;08231203226600861100;08;2;26;096;2023;12;13;1;2;6;7;0;0;1;0;1;0;0;0;474622,455452093854547;5486152,724747544154525;8,649321525000062;49,527459532000080;2
266762;08231205121200802550;08;1;21;000;2023;12;08;3;3;0;7;0;1;1;0;0;0;0;0;514791,704108309699222;5441565,654868281446397;9,202746266000077;49,126747597000076;2
266763;08231205311400811250;08;3;15;074;2023;12;15;3;2;0;7;0;1;1;0;0;0;0;0;396608,181106626754627;5294965,240516743622720;7,619289303000073;47,799737688000050;2
266764;08231207111000804100;08;1;11;000;2023;12;15;5;3;0;7;0;0;1;0;0;0;0;0;513333,424182491260581;5410394,687278240919113;9,181735524000032;48,846379658000046;2
266765;08231208115200821570;08;1;15;015;2023;12;12;6;3;4;6;0;1;1;0;0;0;0;0;493379,699402756872587;5387702,061462313868105;8,910129377000032;48,642344575000038;2
266766;08231208221300833700;08;2;21;000;2023;12;22;6;3;5;2;2;1;1;1;0;0;0;0;476007,392785730364267;5476091,182997237890959;8,669069346000072;49,437015288000055;2
266767;08231209316100821290;08;3;16;011;2023;12;12;7;3;0;6;0;1;1;0;1;0;0;0;415503,407060838653706;5329420,741351320408285;7,864792723000051;48,112439588000029;2
266768;08231211111340814630;08;1;11;000;2023;12;18;2;3;6;6;2;0;1;0;1;0;0;0;510411,089175741071813;5406362,549052920192480;9,141801650000048;48,810163019000072;2
266769;08231211221201845130;08;2;21;000;2023;12;10;2;3;0;7;0;1;1;0;0;0;0;0;477701,464993971516378;5473262,611584637314081;8,692594350000036;49,411637291000034;2
266770;08231211311010863660;08;3;11;000;2023;12;15;2;2;0;7;0;0;1;0;0;0;0;0;411419,360608656541444;5316073,961078742519021;7,812699134000070;47,991828039000040;2
266771;08231212111500846160;08;1;11;000;2023;12;14;3;3;0;1;0;1;1;0;0;0;0;0;509239,501973234233446;5399048,440197681076825;9,125680020000061;48,744384229000048;2
266772;08231212226600885490;08;2;26;096;2023;12;16;3;3;0;6;2;1;1;0;0;0;0;1;475182,384999999776483;5488563,410000000149012;8,656906971000069;49,549165903000073;2
266773;08231213417200839920;08;4;17;022;2023;12;16;4;3;0;1;1;1;1;0;0;0;0;0;486397,648943541396875;5348027,469055451452732;8,816638554000065;48,285302666000064;2
266774;08231215111000824920;08;1;11;000;2023;12;07;6;3;0;7;0;1;1;0;1;0;0;0;511561,648235241416842;5397945,825299896299839;9,157235885000034;48,734426338000048;2
266775;08231218119300858090;08;1;19;067;2023;12;13;2;3;9;1;0;2;1;0;0;0;0;0;537730,297856158111244;5407362,236876095645130;9,513978074000022;48,818097531000035;2
266776;08231218311010854490;08;3;11;000;2023;12;05;2;3;0;7;2;0;1;0;0;0;0;0;410844,433588164043613;5317868,753947027958930;7,804621809000025;48,007892708000043;2
266777;08231220115400862490;08;1;15;045;2023;12;15;4;3;0;7;0;0;1;0;0;0;0;0;498834,715588019345887;5396774,439801497384906;8,984155667000039;48,723994690000040;2
266778;08231220311010893720;08;3;11;000;2023;12;14;4;3;4;6;0;1;1;0;0;0;0;0;417821,250854933110531;5315514,833740750327706;7,898597589000076;47,987653188000081;2
266779;08231222235100894540;08;2;35;067;2023;12;02;6;2;0;1;2;1;1;0;0;0;0;0;487599,921267149038613;5399558,269507887773216;8,831313160000036;48,748915735000026;2
266780;08231222311010865500;08;3;36;050;2023;12;15;6;3;0;7;0;1;1;0;0;0;0;0;397757,287161460786592;5272870,843594437465072;7,639810374000035;47,601179677000061;2
266781;08231223111330867430;08;1;11;000;2023;12;05;7;3;0;7;2;1;1;0;0;0;0;0;510471,737261463073082;5408411,543143180198967;9,142679995000037;48,828594488000078;2
266782;08231227311010867840;08;3;36;050;2023;12;12;4;2;0;7;0;1;1;0;0;0;0;0;402241,206754425191320;5277125,989830271340907;7,698496336000062;47,640148418000081;2
266783;08231228311100881180;08;3;15;030;2023;12;18;5;3;0;7;2;1;1;0;0;0;0;0;406920,555970746208914;5327385,285874027758837;7,749953778000076;48,092934174000050;2
266784;08231228326400888900;08;3;26;074;2023;12;18;5;2;0;1;2;1;1;0;0;0;0;0;460185,996000000275671;5324130,742000000551343;8,465552006000053;48,069209284000067;2
266785;08231229119300885050;08;1;19;076;2023;12;16;6;3;0;1;1;1;1;0;0;0;0;0;543511,247360753128305;5407130,857732850126922;9,592699962000040;48,815638178000029;2
266786;08231230121200874670;08;1;21;000;2023;12;13;7;3;0;1;0;0;1;0;0;0;0;0;517764,530006396060344;5441256,794713309034705;9,243480106000050;49,123890550000056;2